run,prompt_id,seed,tier,endpoint,variant,path,decode_ok,DR_med,DR_mean,online_frac,M,R,S,tau_med,gap,gap_rel,PR,n_interior,T,realized_dino
R1,P01H,42,high,wireframe_7,full,misc/2026-09-08_collapse_probe/out/r1/base_cond_neutral/probe__P01H__wireframe_7__s42.mp4,True,0.21885959804058075,0.26770874857902527,0.17117117117117117,0.10810810810810811,0.9886847734451294,0.9954457704457703,0.9445700645446777,98.83306121826172,0.8601350784301758,1.599158763885498,111,121,0.9612834453582764
R1,P01H,43,high,wireframe_7,full,misc/2026-09-08_collapse_probe/out/r1/base_cond_neutral/probe__P01H__wireframe_7__s43.mp4,True,0.38990846276283264,0.3531295359134674,0.06306306306306306,0.2882882882882883,0.9327536225318909,0.9976570726570726,0.41647085547447205,96.6405258178711,0.8482698202133179,1.6936653852462769,111,121,0.9877305626869202
R1,P01H,44,high,wireframe_7,full,misc/2026-09-08_collapse_probe/out/r1/base_cond_neutral/probe__P01H__wireframe_7__s44.mp4,True,0.23040565848350525,0.26261892914772034,0.16216216216216217,0.1891891891891892,0.9656853675842285,0.997042822042822,0.7017636895179749,103.36781311035156,0.908689022064209,1.4558913707733154,111,121,0.9630113840103149
R1,P02H,42,high,super_fast_run_10,full,misc/2026-09-08_collapse_probe/out/r1/base_cond_neutral/probe__P02H__super_fast_run_10__s42.mp4,True,0.36657148599624634,0.313981831073761,0.11711711711711711,0.12612612612612611,0.9868987798690796,0.9998595998595998,0.8533636331558228,96.02363586425781,0.8847099542617798,2.0358688831329346,111,121,0.7415554523468018
R1,P02H,43,high,super_fast_run_10,full,misc/2026-09-08_collapse_probe/out/r1/base_cond_neutral/probe__P02H__super_fast_run_10__s43.mp4,True,0.37886887788772583,0.3710193336009979,0.13513513513513514,0.3063063063063063,0.9923883080482483,0.9915935415935415,0.8839741349220276,98.20957946777344,0.8538513779640198,2.966493606567383,111,121,1.0281020402908325
R1,P02H,44,high,super_fast_run_10,full,misc/2026-09-08_collapse_probe/out/r1/base_cond_neutral/probe__P02H__super_fast_run_10__s44.mp4,True,0.3111121952533722,0.36000797152519226,0.0990990990990991,0.17117117117117117,0.9942711591720581,0.99507722007722,0.8041476607322693,93.58843994140625,0.8090147972106934,2.089198589324951,111,121,1.041551947593689
R1,P03H,42,high,portal_1,full,misc/2026-09-08_collapse_probe/out/r1/base_cond_neutral/probe__P03H__portal_1__s42.mp4,True,0.49980247020721436,0.42760831117630005,0.0990990990990991,0.4774774774774775,0.9748038053512573,0.9765093015093015,0.5654839873313904,121.9654541015625,0.9511843919754028,4.241329193115234,111,121,0.7580409049987793
R1,P03H,43,high,portal_1,full,misc/2026-09-08_collapse_probe/out/r1/base_cond_neutral/probe__P03H__portal_1__s43.mp4,True,0.4170341491699219,0.38685768842697144,0.24324324324324326,0.35135135135135137,0.9922628402709961,0.9875482625482624,0.6677531003952026,117.17536926269531,0.9395124912261963,4.121683120727539,111,121,0.6916404366493225
R1,P03H,44,high,portal_1,full,misc/2026-09-08_collapse_probe/out/r1/base_cond_neutral/probe__P03H__portal_1__s44.mp4,True,0.4991952180862427,0.47174543142318726,0.16216216216216217,0.0990990990990991,0.9587287902832031,0.9286679536679535,0.7802734971046448,117.24003601074219,0.9427878856658936,4.2484002113342285,111,121,0.6890080571174622
R1,P04H,42,high,portal_10,full,misc/2026-09-08_collapse_probe/out/r1/base_cond_neutral/probe__P04H__portal_10__s42.mp4,True,0.5115640759468079,0.4715745151042938,0.018018018018018018,0.04504504504504504,0.8470012545585632,0.9504036504036504,0.86331707239151,94.52911376953125,0.9827415347099304,2.927584171295166,111,121,0.600055992603302
R1,P04H,43,high,portal_10,full,misc/2026-09-08_collapse_probe/out/r1/base_cond_neutral/probe__P04H__portal_10__s43.mp4,True,0.6933605670928955,0.6008912920951843,0.07207207207207207,0.5225225225225225,0.7803110480308533,0.9648824148824149,0.5641192197799683,82.34214782714844,0.8969583511352539,10.049972534179688,111,121,0.6436781287193298
R1,P04H,44,high,portal_10,full,misc/2026-09-08_collapse_probe/out/r1/base_cond_neutral/probe__P04H__portal_10__s44.mp4,True,0.8784747123718262,0.8147130012512207,0.018018018018018018,0.6486486486486487,0.7446675896644592,0.9588013338013338,0.6097457408905029,76.06475067138672,0.9546424150466919,9.935711860656738,111,121,0.6592342853546143
R1,P05H,42,high,explosion_1,full,misc/2026-09-08_collapse_probe/out/r1/base_cond_neutral/probe__P05H__explosion_1__s42.mp4,True,0.6018710732460022,0.5799014568328857,0.036036036036036036,0.45045045045045046,0.9560424089431763,0.874973674973675,0.4480419158935547,75.78556060791016,1.0170748233795166,5.8695068359375,111,121,0.9827249646186829
R1,P05H,43,high,explosion_1,full,misc/2026-09-08_collapse_probe/out/r1/base_cond_neutral/probe__P05H__explosion_1__s43.mp4,True,0.6850706934928894,0.5877649188041687,0.09009009009009009,0.5135135135135135,0.9484906792640686,0.8905054405054404,0.5950454473495483,72.61492156982422,1.0346503257751465,5.899432182312012,111,121,0.9647729992866516
R1,P05H,44,high,explosion_1,full,misc/2026-09-08_collapse_probe/out/r1/base_cond_neutral/probe__P05H__explosion_1__s44.mp4,True,0.5380000472068787,0.6567806005477905,0.0990990990990991,0.5855855855855856,0.9669023156166077,0.7044577044577044,0.5411189198493958,74.4946060180664,1.0428686141967773,4.130712032318115,111,121,0.9879730343818665
R1,P06H,42,high,explosion_0,full,misc/2026-09-08_collapse_probe/out/r1/base_cond_neutral/probe__P06H__explosion_0__s42.mp4,True,0.2014235407114029,0.21661417186260223,0.34234234234234234,0.27927927927927926,0.9265210032463074,0.9764829764829764,0.8875633478164673,101.1914291381836,0.8237616419792175,1.7438229322433472,111,121,0.9806668758392334
R1,P06H,43,high,explosion_0,full,misc/2026-09-08_collapse_probe/out/r1/base_cond_neutral/probe__P06H__explosion_0__s43.mp4,True,0.15633757412433624,0.2192387580871582,0.21621621621621623,0.11711711711711711,0.9562979936599731,0.42589505089505086,0.9987589716911316,111.88201141357422,0.8715757727622986,1.6202890872955322,111,121,1.005301594734192
R1,P06H,44,high,explosion_0,full,misc/2026-09-08_collapse_probe/out/r1/base_cond_neutral/probe__P06H__explosion_0__s44.mp4,True,0.2093205749988556,0.2522055208683014,0.22522522522522523,0.11711711711711711,0.9830268025398254,0.31437346437346436,0.9786443114280701,102.2090835571289,0.8350309133529663,2.3364853858947754,111,121,0.9983325600624084
R1,P07H,42,high,plasma_explosion_2,full,misc/2026-09-08_collapse_probe/out/r1/base_cond_neutral/probe__P07H__plasma_explosion_2__s42.mp4,True,0.3702477812767029,0.37701115012168884,0.036036036036036036,0.09009009009009009,0.8502506613731384,0.8345033345033345,0.9373100399971008,85.38742065429688,0.7576062679290771,2.3380911350250244,111,121,1.0277444124221802
R1,P07H,43,high,plasma_explosion_2,full,misc/2026-09-08_collapse_probe/out/r1/base_cond_neutral/probe__P07H__plasma_explosion_2__s43.mp4,True,0.23727011680603027,0.22055019438266754,0.17117117117117117,0.22522522522522523,0.9395283460617065,0.9999210249210249,0.8793834447860718,105.39353942871094,0.878053605556488,1.6396864652633667,111,121,1.0062681436538696
R1,P07H,44,high,plasma_explosion_2,full,misc/2026-09-08_collapse_probe/out/r1/base_cond_neutral/probe__P07H__plasma_explosion_2__s44.mp4,True,0.33733949065208435,0.5058766007423401,0.04504504504504504,0.06306306306306306,0.9697921872138977,-0.0004036504036504036,0.9552950263023376,78.24088287353516,0.7555160522460938,3.2417736053466797,111,121,0.9850413203239441
R1,P08H,42,high,point_cloud_1,full,misc/2026-09-08_collapse_probe/out/r1/base_cond_neutral/probe__P08H__point_cloud_1__s42.mp4,True,0.3675394356250763,0.39560383558273315,0.05405405405405406,0.23423423423423423,0.4041405916213989,0.8727448227448227,0.9190645217895508,98.2279281616211,0.9349933862686157,3.601069688796997,111,121,1.0139449834823608
R1,P08H,43,high,point_cloud_1,full,misc/2026-09-08_collapse_probe/out/r1/base_cond_neutral/probe__P08H__point_cloud_1__s43.mp4,True,0.36916616559028625,0.33644846081733704,0.22522522522522523,0.21621621621621623,0.6594828963279724,0.9933046683046682,0.8902720808982849,99.8282241821289,0.9453539848327637,2.1239445209503174,111,121,1.0075950622558594
R1,P08H,44,high,point_cloud_1,full,misc/2026-09-08_collapse_probe/out/r1/base_cond_neutral/probe__P08H__point_cloud_1__s44.mp4,True,0.3518728017807007,0.4834750294685364,0.4594594594594595,0.27927927927927926,0.785740852355957,0.9386363636363636,0.940243124961853,82.4264144897461,0.9281076788902283,1.8675291538238525,111,121,1.0002928972244263
R1,P09H,42,high,point_cloud_0,full,misc/2026-09-08_collapse_probe/out/r1/base_cond_neutral/probe__P09H__point_cloud_0__s42.mp4,True,0.604594349861145,0.5069306492805481,0.18018018018018017,0.7837837837837838,0.41001254320144653,0.5395489645489645,0.6552512645721436,93.81316375732422,0.7804602384567261,3.569753408432007,111,121,0.9430845379829407
R1,P09H,43,high,point_cloud_0,full,misc/2026-09-08_collapse_probe/out/r1/base_cond_neutral/probe__P09H__point_cloud_0__s43.mp4,True,0.9019961953163147,0.7338736653327942,0.10810810810810811,0.7657657657657657,0.4720107913017273,0.6618725868725869,0.6089107990264893,86.03746795654297,0.735227108001709,3.6518423557281494,111,121,0.8987104892730713
R1,P09H,44,high,point_cloud_0,full,misc/2026-09-08_collapse_probe/out/r1/base_cond_neutral/probe__P09H__point_cloud_0__s44.mp4,True,0.5909912586212158,0.4962783753871918,0.1891891891891892,0.6216216216216216,0.5289613604545593,0.6501404001404001,0.719528317451477,105.16346740722656,0.8642372488975525,6.525219440460205,111,121,0.9566075801849365
R1,P10H,42,high,monstrosity_0,full,misc/2026-09-08_collapse_probe/out/r1/base_cond_neutral/probe__P10H__monstrosity_0__s42.mp4,True,1.5282336473464966,1.2686338424682617,0.04504504504504504,0.5495495495495496,0.8785713911056519,0.9951474201474201,0.612402081489563,54.28056335449219,0.4563431143760681,1.6635257005691528,111,121,0.8633378744125366
R1,P10H,43,high,monstrosity_0,full,misc/2026-09-08_collapse_probe/out/r1/base_cond_neutral/probe__P10H__monstrosity_0__s43.mp4,True,0.8341830968856812,0.883320689201355,0.018018018018018018,0.42342342342342343,0.8847823739051819,0.9974025974025974,0.7420853972434998,62.31596374511719,0.5809285640716553,1.8149079084396362,111,121,0.9694121479988098
R1,P10H,44,high,monstrosity_0,full,misc/2026-09-08_collapse_probe/out/r1/base_cond_neutral/probe__P10H__monstrosity_0__s44.mp4,True,0.9346004128456116,0.84798663854599,0.05405405405405406,0.35135135135135137,0.9751608371734619,0.9863109863109862,0.6492148637771606,74.515625,0.7384344339370728,1.96932852268219,111,121,0.9673793315887451
R1,P11H,42,high,water_element_3,full,misc/2026-09-08_collapse_probe/out/r1/base_cond_neutral/probe__P11H__water_element_3__s42.mp4,True,0.23240923881530762,0.23841352760791779,0.3333333333333333,0.04504504504504504,1.0608958005905151,0.45497542997542995,0.004168754443526268,132.69525146484375,1.1397475004196167,1.4036786556243896,111,121,0.9947289228439331
R1,P11H,43,high,water_element_3,full,misc/2026-09-08_collapse_probe/out/r1/base_cond_neutral/probe__P11H__water_element_3__s43.mp4,True,0.22839289903640747,0.25046658515930176,0.3333333333333333,0.0990990990990991,1.0953521728515625,0.6167514917514917,-0.004763036035001278,129.47219848632812,1.0932202339172363,1.3007367849349976,111,121,0.9712607264518738
R1,P11H,44,high,water_element_3,full,misc/2026-09-08_collapse_probe/out/r1/base_cond_neutral/probe__P11H__water_element_3__s44.mp4,True,0.34253716468811035,0.3084326684474945,0.27927927927927926,0.04504504504504504,1.2009238004684448,0.5991751491751491,-0.005451302044093609,121.87328338623047,1.0119054317474365,1.2233299016952515,111,121,0.9626429677009583
R1,P12H,42,high,water_element_4,full,misc/2026-09-08_collapse_probe/out/r1/base_cond_neutral/probe__P12H__water_element_4__s42.mp4,True,0.43363478779792786,0.40514618158340454,0.13513513513513514,0.27927927927927926,0.9630492925643921,0.9826956826956826,0.4295386075973511,94.83955383300781,0.8642275333404541,3.087489128112793,111,121,0.9307236671447754
R1,P12H,43,high,water_element_4,full,misc/2026-09-08_collapse_probe/out/r1/base_cond_neutral/probe__P12H__water_element_4__s43.mp4,True,0.47136884927749634,0.39759746193885803,0.16216216216216217,0.36936936936936937,0.9810174703598022,0.9996489996489994,0.6441192626953125,92.02094268798828,0.8408675789833069,3.2847986221313477,111,121,0.9377961158752441
R1,P12H,44,high,water_element_4,full,misc/2026-09-08_collapse_probe/out/r1/base_cond_neutral/probe__P12H__water_element_4__s44.mp4,True,0.4102959632873535,0.3843596875667572,0.13513513513513514,0.2702702702702703,0.991765022277832,0.9989031239031239,0.5142220854759216,85.35688781738281,0.8042678236961365,2.734941005706787,111,121,0.9411872625350952
R1,P13H,42,high,northern_lights_0,full,misc/2026-09-08_collapse_probe/out/r1/base_cond_neutral/probe__P13H__northern_lights_0__s42.mp4,True,0.4872244894504547,0.4517028331756592,0.13513513513513514,0.34234234234234234,0.9439096450805664,0.9906897156897155,0.4822321832180023,83.61334991455078,0.9309003949165344,2.4202752113342285,111,121,0.973843514919281
R1,P13H,43,high,northern_lights_0,full,misc/2026-09-08_collapse_probe/out/r1/base_cond_neutral/probe__P13H__northern_lights_0__s43.mp4,True,0.39778488874435425,0.40764155983924866,0.07207207207207207,0.2702702702702703,0.9779576063156128,0.9873990873990873,0.5657256245613098,85.89627075195312,0.9220383763313293,2.4752588272094727,111,121,0.9722458720207214
R1,P13H,44,high,northern_lights_0,full,misc/2026-09-08_collapse_probe/out/r1/base_cond_neutral/probe__P13H__northern_lights_0__s44.mp4,True,0.2932494878768921,0.31231218576431274,0.2702702702702703,0.15315315315315314,0.9251944422721863,0.9616883116883117,0.9339998960494995,90.0400161743164,0.9789213538169861,2.159816026687622,111,121,0.9717490673065186
R1,P14H,42,high,fire_element_2,full,misc/2026-09-08_collapse_probe/out/r1/base_cond_neutral/probe__P14H__fire_element_2__s42.mp4,True,0.12067357450723648,0.20860569179058075,0.4954954954954955,0.2072072072072072,0.9902968406677246,0.9995173745173744,0.8230740427970886,117.74848937988281,0.9265331029891968,1.6659616231918335,111,121,0.9383891820907593
R1,P14H,43,high,fire_element_2,full,misc/2026-09-08_collapse_probe/out/r1/base_cond_neutral/probe__P14H__fire_element_2__s43.mp4,True,0.4688906967639923,0.4664248824119568,0.1981981981981982,0.2972972972972973,0.9968388080596924,0.9997806247806247,0.6615865230560303,93.57867431640625,0.808050811290741,3.299320697784424,111,121,0.9315540790557861
R1,P14H,44,high,fire_element_2,full,misc/2026-09-08_collapse_probe/out/r1/base_cond_neutral/probe__P14H__fire_element_2__s44.mp4,True,0.30530211329460144,0.2971820533275604,0.4144144144144144,0.2972972972972973,0.9520381689071655,0.9225342225342226,0.7700538039207458,122.18780517578125,0.9760979413986206,2.896003246307373,111,121,0.9576407670974731
R1,P15H,42,high,fire_element_3,full,misc/2026-09-08_collapse_probe/out/r1/base_cond_neutral/probe__P15H__fire_element_3__s42.mp4,True,0.2688423693180084,0.3179776966571808,0.24324324324324326,0.07207207207207207,0.9898229241371155,0.9901017901017901,0.07983529567718506,82.53776550292969,0.9683470129966736,1.7975354194641113,111,121,0.9510506987571716
R1,P15H,43,high,fire_element_3,full,misc/2026-09-08_collapse_probe/out/r1/base_cond_neutral/probe__P15H__fire_element_3__s43.mp4,True,0.33737361431121826,0.36718565225601196,0.12612612612612611,0.15315315315315314,0.9834427237510681,0.9918392418392419,0.09176825731992722,80.94170379638672,0.9461884498596191,2.2216732501983643,111,121,1.0357707738876343
R1,P15H,44,high,fire_element_3,full,misc/2026-09-08_collapse_probe/out/r1/base_cond_neutral/probe__P15H__fire_element_3__s44.mp4,True,0.42635464668273926,0.4182114005088806,0.18018018018018017,0.07207207207207207,0.9923416376113892,0.8923306423306423,0.06178424134850502,76.71947479248047,0.9001778364181519,2.34294056892395,111,121,1.0448477268218994
R1,P16H,42,high,color_rain_2,full,misc/2026-09-08_collapse_probe/out/r1/base_cond_neutral/probe__P16H__color_rain_2__s42.mp4,True,0.06953774392604828,0.17742183804512024,0.5585585585585585,0.18018018018018017,1.0000495910644531,0.8776061776061775,0.9715830087661743,124.79034423828125,1.165724515914917,1.623370885848999,111,121,0.9719672799110413
R1,P16H,43,high,color_rain_2,full,misc/2026-09-08_collapse_probe/out/r1/base_cond_neutral/probe__P16H__color_rain_2__s43.mp4,True,0.24075612425804138,0.23321902751922607,0.2882882882882883,0.15315315315315314,0.9969942569732666,0.9974201474201474,0.9696211814880371,121.5795669555664,1.0772335529327393,1.7482500076293945,111,121,0.9896607398986816
R1,P16H,44,high,color_rain_2,full,misc/2026-09-08_collapse_probe/out/r1/base_cond_neutral/probe__P16H__color_rain_2__s44.mp4,True,0.13209620118141174,0.19675573706626892,0.4864864864864865,0.22522522522522523,0.9935253262519836,0.9940878248703826,0.7229832410812378,123.0700912475586,1.2341386079788208,1.5667136907577515,111,121,0.951047420501709
R1,P17H,42,high,color_rain_0,full,misc/2026-09-08_collapse_probe/out/r1/base_cond_neutral/probe__P17H__color_rain_0__s42.mp4,True,0.2310139536857605,0.25416600704193115,0.2702702702702703,0.18018018018018017,0.9981127977371216,0.9989557739557737,0.8954437971115112,121.03392791748047,0.8720288872718811,1.8126174211502075,111,121,0.963796854019165
R1,P17H,43,high,color_rain_0,full,misc/2026-09-08_collapse_probe/out/r1/base_cond_neutral/probe__P17H__color_rain_0__s43.mp4,True,0.21294356882572174,0.2631877064704895,0.27927927927927926,0.15315315315315314,0.999952495098114,0.9954369954369953,0.963513970375061,116.36392974853516,0.8493955135345459,1.9917629957199097,111,121,0.9756292104721069
R1,P17H,44,high,color_rain_0,full,misc/2026-09-08_collapse_probe/out/r1/base_cond_neutral/probe__P17H__color_rain_0__s44.mp4,True,0.11122911423444748,0.2650248110294342,0.5045045045045045,0.2072072072072072,0.9949199557304382,0.946138996138996,0.9948090314865112,118.56442260742188,0.8616284728050232,2.370999336242676,111,121,0.9588172435760498
R1,P18H,42,high,earth_element_6,full,misc/2026-09-08_collapse_probe/out/r1/base_cond_neutral/probe__P18H__earth_element_6__s42.mp4,True,0.6306691765785217,0.5888136029243469,0.036036036036036036,0.4774774774774775,0.8915739059448242,0.9498420498420498,0.47490209341049194,106.51990509033203,0.9308846592903137,4.307684898376465,111,121,0.9581049084663391
R1,P18H,43,high,earth_element_6,full,misc/2026-09-08_collapse_probe/out/r1/base_cond_neutral/probe__P18H__earth_element_6__s43.mp4,True,0.49827879667282104,0.44170916080474854,0.06306306306306306,0.40540540540540543,0.9044826030731201,0.9954633204633203,0.7036099433898926,121.45560455322266,1.0467523336410522,3.2437052726745605,111,121,0.9384627342224121
R1,P18H,44,high,earth_element_6,full,misc/2026-09-08_collapse_probe/out/r1/base_cond_neutral/probe__P18H__earth_element_6__s44.mp4,True,0.634707510471344,0.5586456656455994,0.08108108108108109,0.4774774774774775,0.9005954265594482,0.9545279045279046,0.3449936807155609,103.9550552368164,1.022878885269165,3.617561101913452,111,121,0.9677277207374573
R1,P19H,42,high,earth_element_4,full,misc/2026-09-08_collapse_probe/out/r1/base_cond_neutral/probe__P19H__earth_element_4__s42.mp4,True,0.6490057110786438,0.6517344117164612,0.11711711711711711,0.42342342342342343,0.9498168230056763,0.9110126360126359,0.6670028567314148,76.66472625732422,0.6639397144317627,5.769388675689697,111,121,0.9637221693992615
R1,P19H,43,high,earth_element_4,full,misc/2026-09-08_collapse_probe/out/r1/base_cond_neutral/probe__P19H__earth_element_4__s43.mp4,True,0.7240613102912903,0.6661690473556519,0.12612612612612611,0.5765765765765766,0.9295881986618042,0.8805633555633555,0.5209575891494751,82.98597717285156,0.6697047352790833,5.306805610656738,111,121,0.979777455329895
R1,P19H,44,high,earth_element_4,full,misc/2026-09-08_collapse_probe/out/r1/base_cond_neutral/probe__P19H__earth_element_4__s44.mp4,True,0.7135919332504272,0.634514331817627,0.08108108108108109,0.26126126126126126,0.9631994962692261,0.740944190944191,0.7676113843917847,74.31720733642578,0.6934689879417419,6.502363204956055,111,121,0.9636756777763367
R1,P20H,42,high,train_rush_1,full,misc/2026-09-08_collapse_probe/out/r1/base_cond_neutral/probe__P20H__train_rush_1__s42.mp4,True,0.1973133385181427,0.36113470792770386,0.45045045045045046,0.0990990990990991,1.2584967613220215,0.7947876447876447,0.9717294573783875,140.42138671875,1.5726196765899658,1.9242383241653442,111,121,1.0140897035598755
R1,P20H,43,high,train_rush_1,full,misc/2026-09-08_collapse_probe/out/r1/base_cond_neutral/probe__P20H__train_rush_1__s43.mp4,True,0.4279608428478241,0.3562460243701935,0.11711711711711711,0.21621621621621623,1.0328923463821411,0.5543611793611793,0.9794303178787231,149.67344665527344,1.600998878479004,1.8726296424865723,111,121,1.029374599456787
R1,P20H,44,high,train_rush_1,full,misc/2026-09-08_collapse_probe/out/r1/base_cond_neutral/probe__P20H__train_rush_1__s44.mp4,True,0.16949281096458435,0.24762651324272156,0.3153153153153153,0.036036036036036036,1.1160610914230347,0.21694454194454194,0.9827561974525452,155.44056701660156,1.609132170677185,1.543509840965271,111,121,1.0341235399246216
R1,P21H,42,high,train_rush_0,full,misc/2026-09-08_collapse_probe/out/r1/base_cond_neutral/probe__P21H__train_rush_0__s42.mp4,True,0.07469363510608673,0.13629145920276642,0.6936936936936937,0.07207207207207207,0.9975529313087463,0.9409003159003159,0.9932327270507812,134.87008666992188,1.128870964050293,1.3960919380187988,111,121,1.0002923011779785
R1,P21H,43,high,train_rush_0,full,misc/2026-09-08_collapse_probe/out/r1/base_cond_neutral/probe__P21H__train_rush_0__s43.mp4,True,0.013502813875675201,0.1867387443780899,0.6126126126126126,0.25225225225225223,0.9264359474182129,0.9679624429624429,0.9993387460708618,126.6281509399414,1.099751353263855,2.2441887855529785,111,121,1.003332257270813
R1,P21H,44,high,train_rush_0,full,misc/2026-09-08_collapse_probe/out/r1/base_cond_neutral/probe__P21H__train_rush_0__s44.mp4,True,0.1429557055234909,0.3017311096191406,0.36036036036036034,0.35135135135135137,0.6695911288261414,0.9899175149175149,0.992846667766571,128.0435028076172,1.1353297233581543,4.476116180419922,111,121,1.0289900302886963
R1,P22H,42,high,money_rain_3,full,misc/2026-09-08_collapse_probe/out/r1/base_cond_neutral/probe__P22H__money_rain_3__s42.mp4,True,0.4245811104774475,0.4285605847835541,0.09009009009009009,0.2072072072072072,0.9737049341201782,0.992067392067392,0.8158330321311951,99.94517517089844,0.8820894360542297,2.7904183864593506,111,121,0.9482151865959167
R1,P22H,43,high,money_rain_3,full,misc/2026-09-08_collapse_probe/out/r1/base_cond_neutral/probe__P22H__money_rain_3__s43.mp4,True,0.3233966529369354,0.3427594304084778,0.13513513513513514,0.2072072072072072,0.9572474360466003,1.0,0.7889225482940674,109.06578063964844,0.9406329393386841,2.303128719329834,111,121,1.00128173828125
R1,P22H,44,high,money_rain_3,full,misc/2026-09-08_collapse_probe/out/r1/base_cond_neutral/probe__P22H__money_rain_3__s44.mp4,True,0.28015244007110596,0.32693564891815186,0.09009009009009009,0.22522522522522523,0.9748947620391846,0.9999210249210249,0.6781048774719238,110.4429702758789,1.0070964097976685,1.9751955270767212,111,121,1.0291283130645752
R1,P23H,42,high,glitch_1,full,misc/2026-09-08_collapse_probe/out/r1/base_cond_neutral/probe__P23H__glitch_1__s42.mp4,True,0.2616536021232605,0.2503467798233032,0.3063063063063063,0.27927927927927926,0.9900994896888733,0.9957704457704456,0.5417605638504028,119.9343032836914,0.9221493005752563,1.8788961172103882,111,121,1.0112640857696533
R1,P23H,43,high,glitch_1,full,misc/2026-09-08_collapse_probe/out/r1/base_cond_neutral/probe__P23H__glitch_1__s43.mp4,True,0.31587785482406616,0.2821590304374695,0.13513513513513514,0.1981981981981982,0.9890809059143066,0.9989469989469988,0.3374170660972595,129.659423828125,1.0732426643371582,1.8011802434921265,111,121,1.0253186225891113
R1,P23H,44,high,glitch_1,full,misc/2026-09-08_collapse_probe/out/r1/base_cond_neutral/probe__P23H__glitch_1__s44.mp4,True,0.35776451230049133,0.32206207513809204,0.22522522522522523,0.1891891891891892,0.9964757561683655,0.9957090207090208,0.2876380383968353,126.21250915527344,1.0884567499160767,2.30881404876709,111,121,1.007401466369629
R1,P24H,42,high,acid_0,full,misc/2026-09-08_collapse_probe/out/r1/base_cond_neutral/probe__P24H__acid_0__s42.mp4,True,0.5826928615570068,0.6135783195495605,0.10810810810810811,0.45045045045045046,0.9612224698066711,0.9966303966303965,0.5501225590705872,88.72540283203125,0.9130812883377075,2.5627758502960205,111,121,0.9673165082931519
R1,P24H,43,high,acid_0,full,misc/2026-09-08_collapse_probe/out/r1/base_cond_neutral/probe__P24H__acid_0__s43.mp4,True,0.3231741786003113,0.48959168791770935,0.12612612612612611,0.12612612612612611,0.993169903755188,0.9975342225342225,0.7857864499092102,98.09440612792969,0.9511955380439758,2.473132610321045,111,121,0.975692868232727
R1,P24H,44,high,acid_0,full,misc/2026-09-08_collapse_probe/out/r1/base_cond_neutral/probe__P24H__acid_0__s44.mp4,True,0.5693420767784119,0.618226170539856,0.1891891891891892,0.24324324324324326,0.9893465638160706,0.9908827658827658,0.7995718121528625,86.29857635498047,0.9178515672683716,2.3213796615600586,111,121,0.9585490226745605
R1,P25H,42,high,luminous_gaze_3,full,misc/2026-09-08_collapse_probe/out/r1/base_cond_neutral/probe__P25H__luminous_gaze_3__s42.mp4,True,0.4809509813785553,0.5954129099845886,0.15315315315315314,0.018018018018018018,1.2275328636169434,0.7805721305721305,0.09456459432840347,70.56389617919922,0.546478271484375,1.7664145231246948,111,121,0.9838753938674927
R1,P25H,43,high,luminous_gaze_3,full,misc/2026-09-08_collapse_probe/out/r1/base_cond_neutral/probe__P25H__luminous_gaze_3__s43.mp4,True,0.3610032796859741,0.6408279538154602,0.0990990990990991,0.05405405405405406,1.0051946640014648,0.983151983151983,0.2119394987821579,62.20246505737305,0.5086537599563599,1.9575552940368652,111,121,1.003044605255127
R1,P25H,44,high,luminous_gaze_3,full,misc/2026-09-08_collapse_probe/out/r1/base_cond_neutral/probe__P25H__luminous_gaze_3__s44.mp4,True,0.31832408905029297,0.5015713572502136,0.15315315315315314,0.1981981981981982,0.9971358180046082,0.9813180063180064,0.7881823182106018,70.03656005859375,0.5660536289215088,2.0560977458953857,111,121,1.010129690170288
R1,P26H,42,high,saint_glow_3,full,misc/2026-09-08_collapse_probe/out/r1/base_cond_neutral/probe__P26H__saint_glow_3__s42.mp4,True,0.37476152181625366,0.4507637023925781,0.3153153153153153,0.10810810810810811,1.0007742643356323,0.9865128115128114,0.8972375988960266,95.50054931640625,0.8600965738296509,2.3599517345428467,111,121,1.026954174041748
R1,P26H,43,high,saint_glow_3,full,misc/2026-09-08_collapse_probe/out/r1/base_cond_neutral/probe__P26H__saint_glow_3__s43.mp4,True,0.44604456424713135,0.4993036985397339,0.21621621621621623,0.09009009009009009,0.9932522773742676,0.9434977184977185,0.8929768800735474,88.6528549194336,0.8412483930587769,2.7452704906463623,111,121,0.9732735753059387
R1,P26H,44,high,saint_glow_3,full,misc/2026-09-08_collapse_probe/out/r1/base_cond_neutral/probe__P26H__saint_glow_3__s44.mp4,True,0.748400092124939,0.6241647005081177,0.22522522522522523,0.07207207207207207,1.0140668153762817,0.9299140049140049,0.9179019331932068,91.49678039550781,0.8803203701972961,2.5544724464416504,111,121,1.0168626308441162
R1,P27H,42,high,live_concert_4,full,misc/2026-09-08_collapse_probe/out/r1/base_cond_neutral/probe__P27H__live_concert_4__s42.mp4,True,0.41793400049209595,0.31384989619255066,0.24324324324324326,0.36936936936936937,0.9508838057518005,0.9723499473499473,0.6923194527626038,109.24668884277344,1.2640514373779297,1.8648293018341064,111,121,0.9842872023582458
R1,P27H,43,high,live_concert_4,full,misc/2026-09-08_collapse_probe/out/r1/base_cond_neutral/probe__P27H__live_concert_4__s43.mp4,True,0.3181856870651245,0.2644224464893341,0.2702702702702703,0.36036036036036034,0.8773303031921387,0.9997279747279748,0.7581429481506348,105.85971069335938,1.256152629852295,1.3857825994491577,111,121,0.9562029838562012
R1,P27H,44,high,live_concert_4,full,misc/2026-09-08_collapse_probe/out/r1/base_cond_neutral/probe__P27H__live_concert_4__s44.mp4,True,0.4429912269115448,0.5762621164321899,0.40540540540540543,0.04504504504504504,0.8966052532196045,0.8123376623376622,0.934140682220459,94.38155364990234,1.2220582962036133,2.337245225906372,111,121,0.9905967712402344
R1,P28H,42,high,animalization_0,full,misc/2026-09-08_collapse_probe/out/r1/base_cond_neutral/probe__P28H__animalization_0__s42.mp4,True,0.32404881715774536,0.33359259366989136,0.42342342342342343,0.25225225225225223,0.9400190711021423,0.9992804492804492,0.7696594595909119,117.25389862060547,0.9105252623558044,2.262012243270874,111,121,1.0035260915756226
R1,P28H,43,high,animalization_0,full,misc/2026-09-08_collapse_probe/out/r1/base_cond_neutral/probe__P28H__animalization_0__s43.mp4,True,0.23106318712234497,0.3159656822681427,0.23423423423423423,0.14414414414414414,0.9770785570144653,0.9960687960687958,0.9522073268890381,117.65900421142578,0.9330127239227295,2.0064921379089355,111,121,0.9866362810134888
R1,P28H,44,high,animalization_0,full,misc/2026-09-08_collapse_probe/out/r1/base_cond_neutral/probe__P28H__animalization_0__s44.mp4,True,0.21521282196044922,0.3527430295944214,0.24324324324324326,0.14414414414414414,0.9244439005851746,0.996305721305721,0.9757524132728577,113.14344787597656,0.9716753363609314,1.7258044481277466,111,121,1.020148515701294
R1,P29H,42,high,shadow_3,full,misc/2026-09-08_collapse_probe/out/r1/base_cond_neutral/probe__P29H__shadow_3__s42.mp4,True,0.5419955849647522,0.43280166387557983,0.2972972972972973,0.5045045045045045,0.9349652528762817,0.9992541242541242,0.5384673476219177,85.10588836669922,1.0820567607879639,2.455193042755127,111,121,1.0307660102844238
R1,P29H,43,high,shadow_3,full,misc/2026-09-08_collapse_probe/out/r1/base_cond_neutral/probe__P29H__shadow_3__s43.mp4,True,0.3929069936275482,0.4219699501991272,0.12612612612612611,0.38738738738738737,0.9878197312355042,0.9988241488241487,0.60286945104599,90.96082305908203,1.0454171895980835,2.3220012187957764,111,121,1.0134745836257935
R1,P29H,44,high,shadow_3,full,misc/2026-09-08_collapse_probe/out/r1/base_cond_neutral/probe__P29H__shadow_3__s44.mp4,True,0.28862202167510986,0.32996708154678345,0.17117117117117117,0.2702702702702703,0.9949314594268799,0.9966592093944707,0.3715663254261017,99.58293151855469,1.1552186012268066,1.911889910697937,111,121,1.0136805772781372
R1,P30H,42,high,gas_transformation_1,full,misc/2026-09-08_collapse_probe/out/r1/base_cond_neutral/probe__P30H__gas_transformation_1__s42.mp4,True,0.05236580967903137,0.049393121153116226,1.0,0.22522522522522523,0.998999297618866,0.984064584064584,0.5796627402305603,130.17884826660156,0.9463397264480591,1.0138463973999023,111,121,1.028456449508667
R1,P30H,43,high,gas_transformation_1,full,misc/2026-09-08_collapse_probe/out/r1/base_cond_neutral/probe__P30H__gas_transformation_1__s43.mp4,True,0.13715951144695282,0.1281583160161972,0.43243243243243246,0.27927927927927926,0.9968761205673218,0.9996665496665494,0.6342198252677917,121.22085571289062,0.9223232865333557,1.0907939672470093,111,121,1.0186641216278076
R1,P30H,44,high,gas_transformation_1,full,misc/2026-09-08_collapse_probe/out/r1/base_cond_neutral/probe__P30H__gas_transformation_1__s44.mp4,True,0.11635064333677292,0.11651349812746048,0.5045045045045045,0.24324324324324326,1.0041320323944092,0.9775096525096524,0.5924251079559326,125.03983306884766,0.9192401766777039,1.1426743268966675,111,121,0.9644806385040283
R1,P01L,42,low,wireframe_7,full,misc/2026-09-08_collapse_probe/out/r1/base_cond_neutral/probe__P01L__wireframe_7__s42.mp4,True,0.3995802104473114,0.3399658799171448,0.08108108108108109,0.24324324324324326,0.9796755313873291,0.9974376974376974,0.2986283004283905,82.92622375488281,0.7515038251876831,1.8081318140029907,111,121,0.3486518859863281
R1,P01L,43,low,wireframe_7,full,misc/2026-09-08_collapse_probe/out/r1/base_cond_neutral/probe__P01L__wireframe_7__s43.mp4,True,0.2863529622554779,0.2658866047859192,0.10810810810810811,0.2882882882882883,0.9539679288864136,0.9982800982800983,0.3037261664867401,72.93436431884766,0.6478882431983948,1.5879181623458862,111,121,0.10326999425888062
R1,P01L,44,low,wireframe_7,full,misc/2026-09-08_collapse_probe/out/r1/base_cond_neutral/probe__P01L__wireframe_7__s44.mp4,True,0.3687728941440582,0.39274150133132935,0.10810810810810811,0.08108108108108109,0.9732754230499268,0.9996928746928747,0.8908976316452026,69.5524673461914,0.7025593519210815,2.24002742767334,111,121,0.19440126419067383
R1,P06L,42,low,explosion_0,full,misc/2026-09-08_collapse_probe/out/r1/base_cond_neutral/probe__P06L__explosion_0__s42.mp4,True,0.3546831011772156,0.3235257565975189,0.06306306306306306,0.44144144144144143,0.8960897326469421,0.9993330993330993,0.5497492551803589,96.09603881835938,0.875876247882843,1.7680025100708008,111,121,0.9073150157928467
R1,P06L,43,low,explosion_0,full,misc/2026-09-08_collapse_probe/out/r1/base_cond_neutral/probe__P06L__explosion_0__s43.mp4,True,0.6850451231002808,0.656007707118988,0.009009009009009009,0.7297297297297297,0.751553475856781,0.9847139347139346,0.47813984751701355,85.47318267822266,1.0608062744140625,8.665250778198242,111,121,0.7185764312744141
R1,P06L,44,low,explosion_0,full,misc/2026-09-08_collapse_probe/out/r1/base_cond_neutral/probe__P06L__explosion_0__s44.mp4,True,0.2407466024160385,0.37121015787124634,0.09009009009009009,0.2072072072072072,0.8901318311691284,0.836038961038961,0.9733033180236816,82.51082611083984,0.8797972202301025,2.294027090072632,111,121,0.6390891671180725
R1,P09L,42,low,point_cloud_0,full,misc/2026-09-08_collapse_probe/out/r1/base_cond_neutral/probe__P09L__point_cloud_0__s42.mp4,True,0.43997541069984436,0.44378453493118286,0.06306306306306306,0.4774774774774775,0.6076158285140991,0.9403913653913655,0.7236872911453247,107.07565307617188,0.8862125277519226,2.161327838897705,111,121,0.7299018502235413
R1,P09L,43,low,point_cloud_0,full,misc/2026-09-08_collapse_probe/out/r1/base_cond_neutral/probe__P09L__point_cloud_0__s43.mp4,True,0.5956738591194153,0.5462988018989563,0.018018018018018018,0.14414414414414414,0.8890316486358643,0.6247367497367498,0.7990561723709106,97.48897552490234,0.887129008769989,5.486195087432861,111,121,0.4891654849052429
R1,P09L,44,low,point_cloud_0,full,misc/2026-09-08_collapse_probe/out/r1/base_cond_neutral/probe__P09L__point_cloud_0__s44.mp4,True,0.3949073553085327,0.38064074516296387,0.009009009009009009,0.0,0.8663815259933472,0.645998595998596,0.8912273645401001,93.0474853515625,0.8870481252670288,4.095495700836182,111,121,0.5432265996932983
R1,P10L,42,low,monstrosity_0,full,misc/2026-09-08_collapse_probe/out/r1/base_cond_neutral/probe__P10L__monstrosity_0__s42.mp4,True,0.3307035565376282,0.3064132630825043,0.05405405405405406,0.24324324324324326,0.9460163116455078,0.9469813969813969,0.7740972638130188,88.7691421508789,0.6563827991485596,1.7108997106552124,111,121,0.6583950519561768
R1,P10L,43,low,monstrosity_0,full,misc/2026-09-08_collapse_probe/out/r1/base_cond_neutral/probe__P10L__monstrosity_0__s43.mp4,True,0.263030469417572,0.24857130646705627,0.16216216216216217,0.27927927927927926,0.9459154009819031,0.9779835029835029,0.8460153937339783,88.03115844726562,0.6367188096046448,1.5169275999069214,111,121,0.6203498840332031
R1,P10L,44,low,monstrosity_0,full,misc/2026-09-08_collapse_probe/out/r1/base_cond_neutral/probe__P10L__monstrosity_0__s44.mp4,True,0.4435485601425171,0.44527024030685425,0.07207207207207207,0.23423423423423423,0.966123104095459,0.9998508248508248,0.7921128869056702,82.28498840332031,0.7069193720817566,2.135761260986328,111,121,0.5050454139709473
R1,P11L,42,low,water_element_3,full,misc/2026-09-08_collapse_probe/out/r1/base_cond_neutral/probe__P11L__water_element_3__s42.mp4,True,0.22574883699417114,0.2048858106136322,0.2882882882882883,0.3333333333333333,0.9898486733436584,0.9999385749385749,0.5321022868156433,63.94500732421875,0.4168073534965515,1.3276493549346924,111,121,0.47943979501724243
R1,P11L,43,low,water_element_3,full,misc/2026-09-08_collapse_probe/out/r1/base_cond_neutral/probe__P11L__water_element_3__s43.mp4,True,0.165017768740654,0.17054453492164612,0.2972972972972973,0.21621621621621623,0.9975758790969849,0.9952088452088451,0.7458866834640503,92.92568969726562,0.6614582538604736,1.2141180038452148,111,121,0.2394423484802246
R1,P11L,44,low,water_element_3,full,misc/2026-09-08_collapse_probe/out/r1/base_cond_neutral/probe__P11L__water_element_3__s44.mp4,True,0.2369699478149414,0.22504597902297974,0.34234234234234234,0.09009009009009009,0.9818230271339417,0.9970515970515971,0.8208362460136414,72.7064437866211,0.4907901883125305,1.3436181545257568,111,121,0.41026628017425537
R1,P14L,42,low,fire_element_2,full,misc/2026-09-08_collapse_probe/out/r1/base_cond_neutral/probe__P14L__fire_element_2__s42.mp4,True,0.135253444314003,0.1339556872844696,0.3963963963963964,0.24324324324324326,0.9830024242401123,0.9849684099684098,0.7196856737136841,114.01236724853516,0.8154494762420654,1.1752393245697021,111,121,0.6479144096374512
R1,P14L,43,low,fire_element_2,full,misc/2026-09-08_collapse_probe/out/r1/base_cond_neutral/probe__P14L__fire_element_2__s43.mp4,True,0.24413378536701202,0.21197094023227692,0.17117117117117117,0.12612612612612611,0.9517825245857239,0.9999385749385749,0.9202741384506226,85.2159423828125,0.6714080572128296,1.388877034187317,111,121,0.3720131516456604
R1,P14L,44,low,fire_element_2,full,misc/2026-09-08_collapse_probe/out/r1/base_cond_neutral/probe__P14L__fire_element_2__s44.mp4,True,0.2583184242248535,0.25918662548065186,0.1891891891891892,0.25225225225225223,0.9675825834274292,0.994963144963145,0.8250870704650879,92.42388153076172,0.756325900554657,1.596593976020813,111,121,0.3318883180618286
R1,P17L,42,low,color_rain_0,full,misc/2026-09-08_collapse_probe/out/r1/base_cond_neutral/probe__P17L__color_rain_0__s42.mp4,True,0.5627155900001526,0.596656858921051,0.09009009009009009,0.4864864864864865,0.9018957614898682,0.9815549315549315,0.42982232570648193,87.48980712890625,0.6326922178268433,4.365551948547363,111,121,0.43257272243499756
R1,P17L,43,low,color_rain_0,full,misc/2026-09-08_collapse_probe/out/r1/base_cond_neutral/probe__P17L__color_rain_0__s43.mp4,True,0.38367488980293274,0.3800908029079437,0.13513513513513514,0.3333333333333333,0.9611850380897522,0.9995261495261495,0.5129495859146118,88.21755981445312,0.6392237544059753,2.8423497676849365,111,121,0.29002583026885986
R1,P17L,44,low,color_rain_0,full,misc/2026-09-08_collapse_probe/out/r1/base_cond_neutral/probe__P17L__color_rain_0__s44.mp4,True,0.38907673954963684,0.39118266105651855,0.11711711711711711,0.0990990990990991,0.9911643266677856,0.987004212004212,0.8039523363113403,97.39531707763672,0.8071533441543579,2.3560547828674316,111,121,0.30692970752716064
R1,P19L,42,low,earth_element_4,full,misc/2026-09-08_collapse_probe/out/r1/base_cond_neutral/probe__P19L__earth_element_4__s42.mp4,True,0.26525092124938965,0.4074854850769043,0.1981981981981982,0.34234234234234234,0.9876043796539307,0.9848455598455598,0.4775698184967041,87.03658294677734,0.723297119140625,2.5652995109558105,111,121,0.8050398826599121
R1,P19L,43,low,earth_element_4,full,misc/2026-09-08_collapse_probe/out/r1/base_cond_neutral/probe__P19L__earth_element_4__s43.mp4,True,0.26992693543434143,0.2554553151130676,0.34234234234234234,0.18018018018018017,0.9950300455093384,0.9996840996840994,0.8213158249855042,85.98880004882812,0.7417054176330566,1.8299590349197388,111,121,0.6310333609580994
R1,P19L,44,low,earth_element_4,full,misc/2026-09-08_collapse_probe/out/r1/base_cond_neutral/probe__P19L__earth_element_4__s44.mp4,True,0.3043816387653351,0.294223815202713,0.12612612612612611,0.2072072072072072,0.9602634906768799,0.9997542997542999,0.8673542737960815,81.52649688720703,0.7508545517921448,2.1626923084259033,111,121,0.8303700685501099
R1,P23L,42,low,glitch_1,full,misc/2026-09-08_collapse_probe/out/r1/base_cond_neutral/probe__P23L__glitch_1__s42.mp4,True,0.20407041907310486,0.1886134147644043,0.0990990990990991,0.15315315315315314,0.9570415616035461,0.9938925938925937,0.9384211301803589,141.6231231689453,1.27767014503479,1.1649665832519531,111,121,0.22409522533416748
R1,P23L,43,low,glitch_1,full,misc/2026-09-08_collapse_probe/out/r1/base_cond_neutral/probe__P23L__glitch_1__s43.mp4,True,0.2038029432296753,0.19178375601768494,0.1891891891891892,0.17117117117117117,0.9638945460319519,0.9970340470340467,0.9665427207946777,137.888427734375,1.199399471282959,1.2872124910354614,111,121,0.12052440643310547
R1,P23L,44,low,glitch_1,full,misc/2026-09-08_collapse_probe/out/r1/base_cond_neutral/probe__P23L__glitch_1__s44.mp4,True,0.16746623814105988,0.15024375915527344,0.3063063063063063,0.17117117117117117,0.9875032305717468,0.9998946998946998,0.8240493535995483,132.9844970703125,1.1536269187927246,1.1052992343902588,111,121,0.14251798391342163
R1,P28L,42,low,animalization_0,full,misc/2026-09-08_collapse_probe/out/r1/base_cond_neutral/probe__P28L__animalization_0__s42.mp4,True,0.33656278252601624,0.3403455317020416,0.1981981981981982,0.3153153153153153,1.019869327545166,0.999113724113724,0.6864073276519775,115.10281372070312,1.0782239437103271,1.793385624885559,111,121,0.20943492650985718
R1,P28L,43,low,animalization_0,full,misc/2026-09-08_collapse_probe/out/r1/base_cond_neutral/probe__P28L__animalization_0__s43.mp4,True,0.1941225379705429,0.2642172873020172,0.2972972972972973,0.26126126126126126,0.8985806703567505,0.9993681993681992,0.8991567492485046,106.21279907226562,1.1675564050674438,1.6373988389968872,111,121,0.29058098793029785
R1,P28L,44,low,animalization_0,full,misc/2026-09-08_collapse_probe/out/r1/base_cond_neutral/probe__P28L__animalization_0__s44.mp4,True,0.13104841113090515,0.2801568806171417,0.46846846846846846,0.036036036036036036,1.0694278478622437,0.9774657774657775,0.9936461448669434,105.18832397460938,1.2756210565567017,1.5516117811203003,111,121,0.4684293270111084
R2,P01H,42,high,wireframe_7,full,misc/2026-09-08_collapse_probe/out/r2/base_cond_neutral/probe_r2__P01H__s42.mp4,True,0.21753516793251038,0.27011972665786743,0.16346153846153846,0.23076923076923078,0.9878055453300476,0.9831537394644192,0.6681606769561768,99.95467376708984,0.8657525181770325,1.6158627271652222,104,121,0.9612834453582764
R2,P02H,42,high,super_fast_run_10,full,misc/2026-09-08_collapse_probe/out/r2/base_cond_neutral/probe_r2__P02H__s42.mp4,True,0.43274593353271484,0.3172486126422882,0.2692307692307692,0.46153846153846156,0.9946520924568176,0.9952736583804547,0.6561192274093628,96.49707794189453,0.8823936581611633,2.1696972846984863,104,121,0.7415554523468018
R2,P03H,42,high,portal_1,full,misc/2026-09-08_collapse_probe/out/r2/base_cond_neutral/probe_r2__P03H__s42.mp4,True,0.3621748685836792,0.38332244753837585,0.16346153846153846,0.4326923076923077,0.9988264441490173,0.9935879654326257,0.4194585978984833,124.15943145751953,0.9606615304946899,3.216583013534546,104,121,0.7580409049987793
R2,P04H,42,high,portal_10,full,misc/2026-09-08_collapse_probe/out/r2/base_cond_neutral/probe_r2__P04H__s42.mp4,True,0.41104981303215027,0.3957241475582123,0.07692307692307693,0.0673076923076923,0.830870509147644,0.9215405953270032,0.8596192598342896,97.49694061279297,0.9944528341293335,2.3226373195648193,104,121,0.600055992603302
R2,P05H,42,high,explosion_1,full,misc/2026-09-08_collapse_probe/out/r2/base_cond_neutral/probe_r2__P05H__s42.mp4,True,0.6109315752983093,0.6201853156089783,0.2403846153846154,0.2980769230769231,0.994784951210022,0.8455777232476263,0.44988641142845154,76.40298461914062,1.0272834300994873,4.539697647094727,104,121,0.9827249646186829
R2,P06H,42,high,explosion_0,full,misc/2026-09-08_collapse_probe/out/r2/base_cond_neutral/probe_r2__P06H__s42.mp4,True,0.23666580021381378,0.24285420775413513,0.28846153846153844,0.3173076923076923,0.358215868473053,0.9523845086951884,0.8864058256149292,101.59815216064453,0.8244386315345764,1.66180419921875,104,121,0.9806668758392334
R2,P07H,42,high,plasma_explosion_2,full,misc/2026-09-08_collapse_probe/out/r2/base_cond_neutral/probe_r2__P07H__s42.mp4,True,0.362765371799469,0.3731803297996521,0.16346153846153846,0.07692307692307693,0.9493572115898132,0.955713218820015,0.9338738918304443,85.67857360839844,0.7555686235427856,2.5974652767181396,104,121,1.0277444124221802
R2,P08H,42,high,point_cloud_1,full,misc/2026-09-08_collapse_probe/out/r2/base_cond_neutral/probe_r2__P08H__s42.mp4,True,0.38134506344795227,0.37588179111480713,0.15384615384615385,0.25,0.6604781150817871,0.8370745759095275,0.9254014492034912,99.87132263183594,0.9657037258148193,1.703536033630371,104,121,1.0139449834823608
R2,P09H,42,high,point_cloud_0,full,misc/2026-09-08_collapse_probe/out/r2/base_cond_neutral/probe_r2__P09H__s42.mp4,True,0.5338831543922424,0.3457788825035095,0.4423076923076923,0.0,0.12316763401031494,0.8097194068067856,0.9566417932510376,94.68195343017578,0.7784888744354248,3.070420503616333,104,121,0.9430845379829407
R2,P10H,42,high,monstrosity_0,full,misc/2026-09-08_collapse_probe/out/r2/base_cond_neutral/probe_r2__P10H__s42.mp4,True,1.751131534576416,1.3312604427337646,0.057692307692307696,0.41346153846153844,0.9400832653045654,0.9937586685159502,0.700323760509491,54.22759246826172,0.4537784457206726,1.747441291809082,104,121,0.8633378744125366
R2,P11H,42,high,water_element_3,full,misc/2026-09-08_collapse_probe/out/r2/base_cond_neutral/probe_r2__P11H__s42.mp4,True,0.27903398871421814,0.2560047209262848,0.2980769230769231,0.11538461538461539,1.0816121101379395,0.8205057078843487,0.0399150475859642,132.4196319580078,1.1273846626281738,1.4919121265411377,104,121,0.9947289228439331
R2,P12H,42,high,water_element_4,full,misc/2026-09-08_collapse_probe/out/r2/base_cond_neutral/probe_r2__P12H__s42.mp4,True,0.20138894021511078,0.2708403468132019,0.33653846153846156,0.16346153846153846,0.9965569376945496,0.9869838898965114,0.3323167562484741,95.70218658447266,0.8762016892433167,1.9467768669128418,104,121,0.9307236671447754
R2,P13H,42,high,northern_lights_0,full,misc/2026-09-08_collapse_probe/out/r2/base_cond_neutral/probe_r2__P13H__s42.mp4,True,0.45097923278808594,0.43857458233833313,0.08653846153846154,0.28846153846153844,0.992304265499115,0.9663714925850849,0.4174953103065491,84.79912567138672,0.9386003017425537,2.0670039653778076,104,121,0.973843514919281
R2,P14H,42,high,fire_element_2,full,misc/2026-09-08_collapse_probe/out/r2/base_cond_neutral/probe_r2__P14H__s42.mp4,True,0.15906718373298645,0.22300712764263153,0.4519230769230769,0.22115384615384615,0.9901735186576843,0.9989224367865146,0.8637847900390625,118.60026550292969,0.9334225058555603,1.6988909244537354,104,121,0.9383891820907593
R2,P15H,42,high,fire_element_3,full,misc/2026-09-08_collapse_probe/out/r2/base_cond_neutral/probe_r2__P15H__s42.mp4,True,0.3223012685775757,0.35567331314086914,0.22115384615384615,0.1346153846153846,1.0000829696655273,0.9955510508908568,0.575759768486023,83.29676818847656,0.9753602147102356,2.0566561222076416,104,121,0.9510506987571716
R2,P16H,42,high,color_rain_2,full,misc/2026-09-08_collapse_probe/out/r2/base_cond_neutral/probe_r2__P16H__s42.mp4,True,0.00809891615062952,0.09191115945577621,0.7403846153846154,0.07692307692307693,0.9985320568084717,0.9333297770190976,0.9995265007019043,124.83409881591797,1.1687837839126587,1.2967363595962524,104,121,0.9719672799110413
R2,P17H,42,high,color_rain_0,full,misc/2026-09-08_collapse_probe/out/r2/base_cond_neutral/probe_r2__P17H__s42.mp4,True,0.2524178624153137,0.2887541353702545,0.2403846153846154,0.20192307692307693,0.9925476908683777,0.9978875493438601,0.9307618141174316,121.953857421875,0.8796626925468445,1.94971764087677,104,121,0.963796854019165
R2,P18H,42,high,earth_element_6,full,misc/2026-09-08_collapse_probe/out/r2/base_cond_neutral/probe_r2__P18H__s42.mp4,True,0.6588096618652344,0.5865861177444458,0.125,0.46153846153846156,0.9191796183586121,0.9150538781606744,0.38961148262023926,109.75881958007812,0.948424756526947,4.441880702972412,104,121,0.9581049084663391
R2,P19H,42,high,earth_element_4,full,misc/2026-09-08_collapse_probe/out/r2/base_cond_neutral/probe_r2__P19H__s42.mp4,True,0.8476563692092896,0.7088785767555237,0.23076923076923078,0.625,0.9857090711593628,0.9578470073615706,0.6422572731971741,77.5711898803711,0.6617476940155029,4.527839660644531,104,121,0.9637221693992615
R2,P20H,42,high,train_rush_1,full,misc/2026-09-08_collapse_probe/out/r2/base_cond_neutral/probe_r2__P20H__s42.mp4,True,0.12280919402837753,0.3149149715900421,0.49038461538461536,0.10576923076923077,1.1811352968215942,0.8815854048863758,0.6836228370666504,142.15744018554688,1.5773924589157104,1.8769426345825195,104,121,1.0140897035598755
R2,P21H,42,high,train_rush_0,full,misc/2026-09-08_collapse_probe/out/r2/base_cond_neutral/probe_r2__P21H__s42.mp4,True,0.0758451372385025,0.12316758930683136,0.7019230769230769,0.057692307692307696,0.9970256090164185,0.8705750560119494,0.9944029450416565,135.31320190429688,1.1309773921966553,1.31317937374115,104,121,1.0002923011779785
R2,P22H,42,high,money_rain_3,full,misc/2026-09-08_collapse_probe/out/r2/base_cond_neutral/probe_r2__P22H__s42.mp4,True,0.46871688961982727,0.4511801600456238,0.07692307692307693,0.38461538461538464,0.9743099212646484,0.9970020270991146,0.7148938179016113,101.12197875976562,0.8914180994033813,3.2693138122558594,104,121,0.9482151865959167
R2,P23H,42,high,glitch_1,full,misc/2026-09-08_collapse_probe/out/r2/base_cond_neutral/probe_r2__P23H__s42.mp4,True,0.2503550946712494,0.2392018586397171,0.3076923076923077,0.21153846153846154,0.990754246711731,0.9851381628080659,0.367063045501709,120.2636489868164,0.9249758124351501,1.7167150974273682,104,121,1.0112640857696533
R2,P24H,42,high,acid_0,full,misc/2026-09-08_collapse_probe/out/r2/base_cond_neutral/probe_r2__P24H__s42.mp4,True,0.5179364681243896,0.49446046352386475,0.09615384615384616,0.41346153846153844,0.9801623225212097,0.834268643977382,0.7367027997970581,89.44281005859375,0.9260420799255371,2.882995843887329,104,121,0.9673165082931519
R2,P25H,42,high,luminous_gaze_3,full,misc/2026-09-08_collapse_probe/out/r2/base_cond_neutral/probe_r2__P25H__s42.mp4,True,0.2825421094894409,0.5545223355293274,0.18269230769230768,0.07692307692307693,1.2124059200286865,0.7783953910167504,0.2087538093328476,71.47438049316406,0.5507246255874634,1.7161005735397339,104,121,0.9838753938674927
R2,P26H,42,high,saint_glow_3,full,misc/2026-09-08_collapse_probe/out/r2/base_cond_neutral/probe_r2__P26H__s42.mp4,True,0.24755819141864777,0.36496537923812866,0.3269230769230769,0.057692307692307696,1.005318522453308,0.9800704150218715,0.8778088092803955,96.79755401611328,0.8672032356262207,2.344630718231201,104,121,1.026954174041748
R2,P27H,42,high,live_concert_4,full,misc/2026-09-08_collapse_probe/out/r2/base_cond_neutral/probe_r2__P27H__s42.mp4,True,0.3229331374168396,0.3537413775920868,0.3269230769230769,0.3942307692307692,0.948472797870636,0.810892990504641,0.6421772837638855,110.0112533569336,1.2647476196289062,1.9959629774093628,104,121,0.9842872023582458
R2,P28H,42,high,animalization_0,full,misc/2026-09-08_collapse_probe/out/r2/base_cond_neutral/probe_r2__P28H__s42.mp4,True,0.30326178669929504,0.3479657471179962,0.46153846153846156,0.2692307692307692,0.8982627391815186,0.9916995625733491,0.9247182607650757,118.2420883178711,0.913114070892334,1.8901104927062988,104,121,1.0035260915756226
R2,P29H,42,high,shadow_3,full,misc/2026-09-08_collapse_probe/out/r2/base_cond_neutral/probe_r2__P29H__s42.mp4,True,0.48715639114379883,0.4088098704814911,0.36538461538461536,0.47115384615384615,0.8917410373687744,0.9809424327306314,0.623030960559845,84.88591766357422,1.0814144611358643,2.276747941970825,104,121,1.0307660102844238
R2,P30H,42,high,gas_transformation_1,full,misc/2026-09-08_collapse_probe/out/r2/base_cond_neutral/probe_r2__P30H__s42.mp4,True,0.06680037081241608,0.06165916472673416,1.0,0.21153846153846154,0.9984020590782166,0.9980582524271846,0.907034158706665,131.1344757080078,0.9502109289169312,1.0213541984558105,104,121,1.028456449508667
R2,P01L,42,low,wireframe_7,full,misc/2026-09-08_collapse_probe/out/r2/base_cond_neutral/probe_r2__P01L__s42.mp4,True,0.44978517293930054,0.383684366941452,0.11538461538461539,0.36538461538461536,0.9926920533180237,0.9978982182865679,0.44489189982414246,82.29988098144531,0.7477483749389648,2.0374066829681396,104,121,0.3486518859863281
R2,P06L,42,low,explosion_0,full,misc/2026-09-08_collapse_probe/out/r2/base_cond_neutral/probe_r2__P06L__s42.mp4,True,0.29411780834198,0.28486624360084534,0.1346153846153846,0.23076923076923078,0.9511339664459229,0.995689747146058,0.4740767180919647,97.2363510131836,0.8827403783798218,1.5036354064941406,104,121,0.9073150157928467
R2,P09L,42,low,point_cloud_0,full,misc/2026-09-08_collapse_probe/out/r2/base_cond_neutral/probe_r2__P09L__s42.mp4,True,0.29912078380584717,0.2922256588935852,0.18269230769230768,0.23076923076923078,0.6187118291854858,0.9950069348127601,0.8932087421417236,107.1175537109375,0.8653856515884399,2.01484751701355,104,121,0.7299018502235413
R2,P10L,42,low,monstrosity_0,full,misc/2026-09-08_collapse_probe/out/r2/base_cond_neutral/probe_r2__P10L__s42.mp4,True,0.2685820162296295,0.25989893078804016,0.1346153846153846,0.28846153846153844,0.9670289158821106,0.9624133148404994,0.5974424481391907,90.9214859008789,0.66757732629776,1.4805171489715576,104,121,0.6583950519561768
R2,P11L,42,low,water_element_3,full,misc/2026-09-08_collapse_probe/out/r2/base_cond_neutral/probe_r2__P11L__s42.mp4,True,0.25071221590042114,0.2199697494506836,0.25961538461538464,0.17307692307692307,1.0019769668579102,0.9997012696041824,0.7308858036994934,64.40489959716797,0.41781455278396606,1.2945332527160645,104,121,0.47943979501724243
R2,P14L,42,low,fire_element_2,full,misc/2026-09-08_collapse_probe/out/r2/base_cond_neutral/probe_r2__P14L__s42.mp4,True,0.13123565912246704,0.19630472362041473,0.46153846153846156,0.27884615384615385,0.9975218772888184,0.9823002240477969,0.6991817951202393,114.2330551147461,0.8170799612998962,1.5329598188400269,104,121,0.6479144096374512
R2,P17L,42,low,color_rain_0,full,misc/2026-09-08_collapse_probe/out/r2/base_cond_neutral/probe_r2__P17L__s42.mp4,True,0.4974645674228668,0.5529294610023499,0.21153846153846154,0.33653846153846156,0.9894505143165588,0.9876880401152246,0.3009514808654785,85.94732666015625,0.6201045513153076,4.05336332321167,104,121,0.43257272243499756
R2,P19L,42,low,earth_element_4,full,misc/2026-09-08_collapse_probe/out/r2/base_cond_neutral/probe_r2__P19L__s42.mp4,True,0.23975156247615814,0.4180561900138855,0.3173076923076923,0.34615384615384615,0.995249330997467,0.9736690493972049,0.3673136830329895,87.66183471679688,0.7283012270927429,3.415665626525879,104,121,0.8050398826599121
R2,P23L,42,low,glitch_1,full,misc/2026-09-08_collapse_probe/out/r2/base_cond_neutral/probe_r2__P23L__s42.mp4,True,0.15571048855781555,0.1330186426639557,0.375,0.19230769230769232,0.9880579710006714,0.9947722180731892,0.9816555380821228,140.9879608154297,1.2831982374191284,1.1480810642242432,104,121,0.22409522533416748
R2,P28L,42,low,animalization_0,full,misc/2026-09-08_collapse_probe/out/r2/base_cond_neutral/probe_r2__P28L__s42.mp4,True,0.283913791179657,0.3388782739639282,0.19230769230769232,0.4326923076923077,0.9598177671432495,0.9991678224687934,0.6128926277160645,115.69495391845703,1.0797258615493774,1.611847162246704,104,121,0.20943492650985718
R2,P01H,43,high,wireframe_7,full,misc/2026-09-08_collapse_probe/out/r2/base_cond_neutral/probe_r2__P01H__s43.mp4,True,0.3898744583129883,0.34118443727493286,0.07692307692307693,0.20192307692307693,0.9580881595611572,0.9996906006614745,0.7976308465003967,97.57218933105469,0.8505599498748779,1.714276671409607,104,121,0.9877305626869202
R2,P02H,43,high,super_fast_run_10,full,misc/2026-09-08_collapse_probe/out/r2/base_cond_neutral/probe_r2__P02H__s43.mp4,True,0.37643301486968994,0.35259249806404114,0.09615384615384616,0.125,1.0087138414382935,0.9976208257761656,0.9114803075790405,98.4267578125,0.8486960530281067,2.66658091545105,104,121,1.0281020402908325
R2,P03H,43,high,portal_1,full,misc/2026-09-08_collapse_probe/out/r2/base_cond_neutral/probe_r2__P03H__s43.mp4,True,0.3369484543800354,0.3829132318496704,0.2692307692307692,0.36538461538461536,0.9927552938461304,0.9882855009068602,0.5086984634399414,118.17933654785156,0.9438264966011047,4.556911468505859,104,121,0.6916404366493225
R2,P04H,43,high,portal_10,full,misc/2026-09-08_collapse_probe/out/r2/base_cond_neutral/probe_r2__P04H__s43.mp4,True,0.5590646266937256,0.510647714138031,0.057692307692307696,0.4326923076923077,0.7727704048156738,0.8856182652299158,0.2951805293560028,84.2235336303711,0.8952270746231079,4.358066558837891,104,121,0.6436781287193298
R2,P05H,43,high,explosion_1,full,misc/2026-09-08_collapse_probe/out/r2/base_cond_neutral/probe_r2__P05H__s43.mp4,True,0.5721197128295898,0.5607386827468872,0.125,0.47115384615384615,0.9688457250595093,0.921647284754081,0.617152988910675,73.0239028930664,1.0436670780181885,6.232461929321289,104,121,0.9647729992866516
R2,P06H,43,high,explosion_0,full,misc/2026-09-08_collapse_probe/out/r2/base_cond_neutral/probe_r2__P06H__s43.mp4,True,0.14805620908737183,0.20665214955806732,0.16346153846153846,0.057692307692307696,0.9612142443656921,0.7274085138162809,0.9852994084358215,114.38804626464844,0.8823204636573792,1.3836781978607178,104,121,1.005301594734192
R2,P07H,43,high,plasma_explosion_2,full,misc/2026-09-08_collapse_probe/out/r2/base_cond_neutral/probe_r2__P07H__s43.mp4,True,0.20791968703269958,0.20617961883544922,0.15384615384615385,0.11538461538461539,0.9458721876144409,0.9995839112343968,0.9386869668960571,105.18718719482422,0.8769319653511047,1.530322551727295,104,121,1.0062681436538696
R2,P08H,43,high,point_cloud_1,full,misc/2026-09-08_collapse_probe/out/r2/base_cond_neutral/probe_r2__P08H__s43.mp4,True,0.16976583003997803,0.32927054166793823,0.18269230769230768,0.25961538461538464,0.7035636305809021,0.8373306305345141,0.979616641998291,101.7738265991211,0.9585908651351929,1.848664402961731,104,121,1.0075950622558594
R2,P09H,43,high,point_cloud_0,full,misc/2026-09-08_collapse_probe/out/r2/base_cond_neutral/probe_r2__P09H__s43.mp4,True,0.894762396812439,0.6963793635368347,0.0673076923076923,0.6634615384615384,0.5473539233207703,0.695017603755468,0.5252295732498169,86.78141021728516,0.7371231913566589,2.722982883453369,104,121,0.8987104892730713
R2,P10H,43,high,monstrosity_0,full,misc/2026-09-08_collapse_probe/out/r2/base_cond_neutral/probe_r2__P10H__s43.mp4,True,0.5418251752853394,0.8052566051483154,0.028846153846153848,0.22115384615384615,0.9446267485618591,0.9040648671716633,0.9025293588638306,62.774105072021484,0.5843055844306946,1.961028814315796,104,121,0.9694121479988098
R2,P11H,43,high,water_element_3,full,misc/2026-09-08_collapse_probe/out/r2/base_cond_neutral/probe_r2__P11H__s43.mp4,True,0.37845849990844727,0.3137565851211548,0.22115384615384615,0.10576923076923077,1.1610244512557983,0.827355169102742,0.12243816256523132,129.8035888671875,1.0909264087677002,1.341772198677063,104,121,0.9712607264518738
R2,P12H,43,high,water_element_4,full,misc/2026-09-08_collapse_probe/out/r2/base_cond_neutral/probe_r2__P12H__s43.mp4,True,0.49542561173439026,0.4192126393318176,0.1346153846153846,0.3173076923076923,0.9830345511436462,0.9996265870052279,0.6901570558547974,92.71012115478516,0.8345061540603638,3.0469398498535156,104,121,0.9377961158752441
R2,P13H,43,high,northern_lights_0,full,misc/2026-09-08_collapse_probe/out/r2/base_cond_neutral/probe_r2__P13H__s43.mp4,True,0.42451056838035583,0.428576797246933,0.057692307692307696,0.3076923076923077,0.9877108931541443,0.9899178491411502,0.5290123224258423,87.35843658447266,0.9298161268234253,2.5753653049468994,104,121,0.9722458720207214
R2,P14H,43,high,fire_element_2,full,misc/2026-09-08_collapse_probe/out/r2/base_cond_neutral/probe_r2__P14H__s43.mp4,True,0.43774551153182983,0.4273234009742737,0.19230769230769232,0.2980769230769231,1.000105619430542,0.9988690920729756,0.5893933773040771,95.47228240966797,0.818688690662384,3.076462507247925,104,121,0.9315540790557861
R2,P15H,43,high,fire_element_3,full,misc/2026-09-08_collapse_probe/out/r2/base_cond_neutral/probe_r2__P15H__s43.mp4,True,0.37772536277770996,0.3493945002555847,0.15384615384615385,0.21153846153846154,1.006835699081421,0.9938973647711514,0.4157853126525879,82.93084716796875,0.9566967487335205,2.023791790008545,104,121,1.0357707738876343
R2,P16H,43,high,color_rain_2,full,misc/2026-09-08_collapse_probe/out/r2/base_cond_neutral/probe_r2__P16H__s43.mp4,True,0.2418423891067505,0.2543230354785919,0.19230769230769232,0.15384615384615385,0.991321325302124,0.9595006934812761,0.9722675085067749,122.32147216796875,1.079107642173767,1.929268717765808,104,121,0.9896607398986816
R2,P17H,43,high,color_rain_0,full,misc/2026-09-08_collapse_probe/out/r2/base_cond_neutral/probe_r2__P17H__s43.mp4,True,0.23245525360107422,0.23364995419979095,0.2403846153846154,0.07692307692307693,0.9975540637969971,0.9925744158753869,0.9666708707809448,117.55960083007812,0.8558024764060974,1.6094986200332642,104,121,0.9756292104721069
R2,P18H,43,high,earth_element_6,full,misc/2026-09-08_collapse_probe/out/r2/base_cond_neutral/probe_r2__P18H__s43.mp4,True,0.4496570825576782,0.419677197933197,0.09615384615384616,0.3557692307692308,0.928993284702301,0.9995625733489811,0.6987342238426208,122.39065551757812,1.0507293939590454,3.2149641513824463,104,121,0.9384627342224121
R2,P19H,43,high,earth_element_4,full,misc/2026-09-08_collapse_probe/out/r2/base_cond_neutral/probe_r2__P19H__s43.mp4,True,0.6176642179489136,0.5657541155815125,0.20192307692307693,0.46153846153846156,0.989246129989624,0.9511149045129629,0.4975728690624237,82.5658950805664,0.6666483283042908,4.922538757324219,104,121,0.979777455329895
R2,P20H,43,high,train_rush_1,full,misc/2026-09-08_collapse_probe/out/r2/base_cond_neutral/probe_r2__P20H__s43.mp4,True,0.3949477970600128,0.3556963801383972,0.08653846153846154,0.20192307692307693,1.100825309753418,0.573754400938867,0.9673147201538086,151.97567749023438,1.6018555164337158,1.8794745206832886,104,121,1.029374599456787
R2,P21H,43,high,train_rush_0,full,misc/2026-09-08_collapse_probe/out/r2/base_cond_neutral/probe_r2__P21H__s43.mp4,True,0.008945070207118988,0.18292221426963806,0.6826923076923077,0.21153846153846154,0.963650643825531,0.7991784914115013,0.9991585612297058,126.7292251586914,1.1018015146255493,2.7339980602264404,104,121,1.003332257270813
R2,P22H,43,high,money_rain_3,full,misc/2026-09-08_collapse_probe/out/r2/base_cond_neutral/probe_r2__P22H__s43.mp4,True,0.28701597452163696,0.3328607976436615,0.1346153846153846,0.19230769230769232,0.9839481115341187,0.9917955830577192,0.9570584297180176,110.60735321044922,0.9469396471977234,3.2425293922424316,104,121,1.00128173828125
R2,P23H,43,high,glitch_1,full,misc/2026-09-08_collapse_probe/out/r2/base_cond_neutral/probe_r2__P23H__s43.mp4,True,0.33190253376960754,0.32742393016815186,0.15384615384615385,0.23076923076923078,0.990465521812439,0.9994985596927345,0.3596402108669281,129.15652465820312,1.0627931356430054,2.2914676666259766,104,121,1.0253186225891113
R2,P24H,43,high,acid_0,full,misc/2026-09-08_collapse_probe/out/r2/base_cond_neutral/probe_r2__P24H__s43.mp4,True,0.31862789392471313,0.4884490370750427,0.10576923076923077,0.125,0.9833592176437378,0.9966286141043424,0.917281985282898,99.46051788330078,0.9537983536720276,2.5234055519104004,104,121,0.975692868232727
R2,P25H,43,high,luminous_gaze_3,full,misc/2026-09-08_collapse_probe/out/r2/base_cond_neutral/probe_r2__P25H__s43.mp4,True,0.37561047077178955,0.620851457118988,0.11538461538461539,0.057692307692307696,1.0050541162490845,0.9752693908033715,0.3560860753059387,63.59183120727539,0.5144131183624268,2.2394766807556152,104,121,1.003044605255127
R2,P26H,43,high,saint_glow_3,full,misc/2026-09-08_collapse_probe/out/r2/base_cond_neutral/probe_r2__P26H__s43.mp4,True,0.45730412006378174,0.5112899541854858,0.1346153846153846,0.2403846153846154,0.9825789332389832,0.9908567160994347,0.8919792175292969,91.13410186767578,0.8542760610580444,2.989455223083496,104,121,0.9732735753059387
R2,P27H,43,high,live_concert_4,full,misc/2026-09-08_collapse_probe/out/r2/base_cond_neutral/probe_r2__P27H__s43.mp4,True,0.2588679790496826,0.3451717793941498,0.17307692307692307,0.3942307692307692,0.7688705325126648,0.9992638429531635,0.844961404800415,106.82052612304688,1.2587960958480835,1.6736016273498535,104,121,0.9562029838562012
R2,P28H,43,high,animalization_0,full,misc/2026-09-08_collapse_probe/out/r2/base_cond_neutral/probe_r2__P28H__s43.mp4,True,0.3857302665710449,0.40644389390945435,0.15384615384615385,0.2980769230769231,0.9798166751861572,0.9986770511042355,0.765965461730957,118.56538391113281,0.9356479644775391,2.4748618602752686,104,121,0.9866362810134888
R2,P29H,43,high,shadow_3,full,misc/2026-09-08_collapse_probe/out/r2/base_cond_neutral/probe_r2__P29H__s43.mp4,True,0.3804650902748108,0.4083789587020874,0.125,0.2692307692307692,0.9998961687088013,0.9979622319428145,0.8221391439437866,91.71760559082031,1.0489296913146973,2.1864068508148193,104,121,1.0134745836257935
R2,P30H,43,high,gas_transformation_1,full,misc/2026-09-08_collapse_probe/out/r2/base_cond_neutral/probe_r2__P30H__s43.mp4,True,0.19002710282802582,0.16909892857074738,0.2980769230769231,0.25,0.96725994348526,0.99990397951563,0.8600211143493652,122.46851348876953,0.9265443086624146,1.1847974061965942,104,121,1.0186641216278076
R2,P01L,43,low,wireframe_7,full,misc/2026-09-08_collapse_probe/out/r2/base_cond_neutral/probe_r2__P01L__s43.mp4,True,0.4212251901626587,0.34426409006118774,0.11538461538461539,0.5769230769230769,0.8798598647117615,0.9999466552864612,0.509830117225647,73.96817016601562,0.6531010866165161,1.7143994569778442,104,121,0.10326999425888062
R2,P06L,43,low,explosion_0,full,misc/2026-09-08_collapse_probe/out/r2/base_cond_neutral/probe_r2__P06L__s43.mp4,True,0.6712397336959839,0.569022536277771,0.0,0.5576923076923077,0.8704832792282104,0.9940253920836447,0.5267767906188965,84.556396484375,1.0398271083831787,6.416956901550293,104,121,0.7185764312744141
R2,P09L,43,low,point_cloud_0,full,misc/2026-09-08_collapse_probe/out/r2/base_cond_neutral/probe_r2__P09L__s43.mp4,True,0.5366238355636597,0.47914057970046997,0.057692307692307696,0.057692307692307696,0.9407359957695007,0.8110103488744266,0.8257867097854614,100.94648742675781,0.9056844115257263,3.490774631500244,104,121,0.4891654849052429
R2,P10L,43,low,monstrosity_0,full,misc/2026-09-08_collapse_probe/out/r2/base_cond_neutral/probe_r2__P10L__s43.mp4,True,0.2894326150417328,0.2661965787410736,0.16346153846153846,0.41346153846153844,0.9701218605041504,0.9872932892350369,0.6608086824417114,90.41885375976562,0.6478967666625977,1.837629795074463,104,121,0.6203498840332031
R2,P11L,43,low,water_element_3,full,misc/2026-09-08_collapse_probe/out/r2/base_cond_neutral/probe_r2__P11L__s43.mp4,True,0.15609803795814514,0.15868565440177917,0.3076923076923077,0.09615384615384616,1.0057673454284668,0.9927557879014192,0.6280182600021362,93.2821273803711,0.660919189453125,1.1650234460830688,104,121,0.2394423484802246
R2,P14L,43,low,fire_element_2,full,misc/2026-09-08_collapse_probe/out/r2/base_cond_neutral/probe_r2__P14L__s43.mp4,True,0.21585983037948608,0.19207030534744263,0.2403846153846154,0.09615384615384616,0.9788344502449036,0.9999359863437535,0.956838071346283,84.54622650146484,0.6673747301101685,1.3535959720611572,104,121,0.3720131516456604
R2,P17L,43,low,color_rain_0,full,misc/2026-09-08_collapse_probe/out/r2/base_cond_neutral/probe_r2__P17L__s43.mp4,True,0.32225096225738525,0.32903143763542175,0.25961538461538464,0.3557692307692308,0.9865479469299316,0.996020484369999,0.4945511221885681,87.89128112792969,0.639860212802887,2.4276301860809326,104,121,0.29002583026885986
R2,P19L,43,low,earth_element_4,full,misc/2026-09-08_collapse_probe/out/r2/base_cond_neutral/probe_r2__P19L__s43.mp4,True,0.317904531955719,0.3109877407550812,0.2692307692307692,0.17307692307692307,0.9995508193969727,0.9995625733489811,0.7940661311149597,85.97936248779297,0.7385605573654175,2.1418042182922363,104,121,0.6310333609580994
R2,P23L,43,low,glitch_1,full,misc/2026-09-08_collapse_probe/out/r2/base_cond_neutral/probe_r2__P23L__s43.mp4,True,0.17690624296665192,0.18569692969322205,0.27884615384615385,0.2692307692307692,0.982308566570282,0.9999146484583379,0.9378265142440796,138.08335876464844,1.2023676633834839,1.3635690212249756,104,121,0.12052440643310547
R2,P28L,43,low,animalization_0,full,misc/2026-09-08_collapse_probe/out/r2/base_cond_neutral/probe_r2__P28L__s43.mp4,True,0.16239401698112488,0.2839648425579071,0.34615384615384615,0.1346153846153846,0.9095873236656189,0.9990718019844235,0.9868444204330444,106.69133758544922,1.1707768440246582,1.8165645599365234,104,121,0.29058098793029785
R2,P01H,44,high,wireframe_7,full,misc/2026-09-08_collapse_probe/out/r2/base_cond_neutral/probe_r2__P01H__s44.mp4,True,0.22291839122772217,0.23207932710647583,0.18269230769230768,0.07692307692307693,0.9732109308242798,0.9961698495679079,0.5638290643692017,104.79339599609375,0.9149703979492188,1.3289146423339844,104,121,0.9630113840103149
R2,P02H,44,high,super_fast_run_10,full,misc/2026-09-08_collapse_probe/out/r2/base_cond_neutral/probe_r2__P02H__s44.mp4,True,0.3872351348400116,0.372499942779541,0.09615384615384616,0.2980769230769231,0.9202275276184082,0.9997972900885524,0.8251385688781738,94.5396728515625,0.8094063401222229,2.156193971633911,104,121,1.041551947593689
R2,P03H,44,high,portal_1,full,misc/2026-09-08_collapse_probe/out/r2/base_cond_neutral/probe_r2__P03H__s44.mp4,True,0.4419896602630615,0.3772006332874298,0.36538461538461536,0.41346153846153844,0.9974400997161865,0.9746505921263204,0.5075758695602417,117.5746078491211,0.9468745589256287,4.070085525512695,104,121,0.6890080571174622
R2,P04H,44,high,portal_10,full,misc/2026-09-08_collapse_probe/out/r2/base_cond_neutral/probe_r2__P04H__s44.mp4,True,0.7034255266189575,0.7296647429466248,0.04807692307692308,0.6923076923076923,0.7673563957214355,0.9499199829296917,0.49868056178092957,78.65221405029297,0.95653235912323,9.648479461669922,104,121,0.6592342853546143
R2,P05H,44,high,explosion_1,full,misc/2026-09-08_collapse_probe/out/r2/base_cond_neutral/probe_r2__P05H__s44.mp4,True,0.4984174966812134,0.5554100871086121,0.3173076923076923,0.3557692307692308,0.9948115348815918,0.9273018243892032,0.7584402561187744,74.52273559570312,1.051755428314209,4.717373847961426,104,121,0.9879730343818665
R2,P06H,44,high,explosion_0,full,misc/2026-09-08_collapse_probe/out/r2/base_cond_neutral/probe_r2__P06H__s44.mp4,True,0.21533513069152832,0.2597484886646271,0.19230769230769232,0.0673076923076923,0.976913332939148,0.31528859490024547,0.9776389598846436,102.8276138305664,0.8371794819831848,2.4930167198181152,104,121,0.9983325600624084
R2,P07H,44,high,plasma_explosion_2,full,misc/2026-09-08_collapse_probe/out/r2/base_cond_neutral/probe_r2__P07H__s44.mp4,True,0.3477690517902374,0.44476592540740967,0.10576923076923077,0.0673076923076923,0.8915555477142334,0.15421956684092608,0.9504299163818359,78.65869140625,0.757085382938385,3.916555881500244,104,121,0.9850413203239441
R2,P08H,44,high,point_cloud_1,full,misc/2026-09-08_collapse_probe/out/r2/base_cond_neutral/probe_r2__P08H__s44.mp4,True,0.14893180131912231,0.4205166697502136,0.4423076923076923,0.2980769230769231,0.9749677181243896,0.9993385255521178,0.8042906522750854,84.50056457519531,0.9493047595024109,2.2340493202209473,104,121,1.0002928972244263
R2,P09H,44,high,point_cloud_0,full,misc/2026-09-08_collapse_probe/out/r2/base_cond_neutral/probe_r2__P09H__s44.mp4,True,0.5709542036056519,0.3683250844478607,0.41346153846153844,0.21153846153846154,0.29821741580963135,0.8284967459724742,0.8138006925582886,105.89340209960938,0.8817599415779114,3.251854658126831,104,121,0.9566075801849365
R2,P10H,44,high,monstrosity_0,full,misc/2026-09-08_collapse_probe/out/r2/base_cond_neutral/probe_r2__P10H__s44.mp4,True,1.0850168466567993,0.899225115776062,0.125,0.20192307692307693,1.0685852766036987,0.8558412461325084,0.9182923436164856,74.7899169921875,0.7407556176185608,2.2158117294311523,104,121,0.9673793315887451
R2,P11H,44,high,water_element_3,full,misc/2026-09-08_collapse_probe/out/r2/base_cond_neutral/probe_r2__P11H__s44.mp4,True,0.17491739988327026,0.2626042664051056,0.2692307692307692,0.0673076923076923,1.2190217971801758,0.762914755147765,0.00011120727140223607,121.82736206054688,1.0045827627182007,1.206415057182312,104,121,0.9626429677009583
R2,P12H,44,high,water_element_4,full,misc/2026-09-08_collapse_probe/out/r2/base_cond_neutral/probe_r2__P12H__s44.mp4,True,0.43340587615966797,0.39633750915527344,0.21153846153846154,0.2692307692307692,1.0024653673171997,0.9986023685052812,0.48967623710632324,86.70417022705078,0.820637047290802,3.0589208602905273,104,121,0.9411872625350952
R2,P13H,44,high,northern_lights_0,full,misc/2026-09-08_collapse_probe/out/r2/base_cond_neutral/probe_r2__P13H__s44.mp4,True,0.27775150537490845,0.3033859133720398,0.20192307692307693,0.038461538461538464,0.9671378135681152,0.9240691347487465,0.9854844808578491,90.85343933105469,0.983034610748291,1.6255098581314087,104,121,0.9717490673065186
R2,P14H,44,high,fire_element_2,full,misc/2026-09-08_collapse_probe/out/r2/base_cond_neutral/probe_r2__P14H__s44.mp4,True,0.19735708832740784,0.2712600827217102,0.4807692307692308,0.2403846153846154,0.9616972208023071,0.9729648991784914,0.8503226041793823,123.51805114746094,0.9839179515838623,2.5953474044799805,104,121,0.9576407670974731
R2,P15H,44,high,fire_element_3,full,misc/2026-09-08_collapse_probe/out/r2/base_cond_neutral/probe_r2__P15H__s44.mp4,True,0.3633696436882019,0.3769763708114624,0.17307692307692307,0.08653846153846154,0.9954105019569397,0.9829937053238025,0.06252839416265488,77.24125671386719,0.904292106628418,1.9958370923995972,104,121,1.0448477268218994
R2,P16H,44,high,color_rain_2,full,misc/2026-09-08_collapse_probe/out/r2/base_cond_neutral/probe_r2__P16H__s44.mp4,True,0.11293937265872955,0.19643084704875946,0.5096153846153846,0.20192307692307693,0.998805820941925,0.8804408418916465,0.8593845367431641,123.7090835571289,1.2286633253097534,1.5950931310653687,104,121,0.951047420501709
R2,P17H,44,high,color_rain_0,full,misc/2026-09-08_collapse_probe/out/r2/base_cond_neutral/probe_r2__P17H__s44.mp4,True,0.10412588715553284,0.26897352933883667,0.5192307692307693,0.20192307692307693,1.0181998014450073,0.7862263949642592,0.9979355335235596,119.19033813476562,0.8646422028541565,2.2237000465393066,104,121,0.9588172435760498
R2,P18H,44,high,earth_element_6,full,misc/2026-09-08_collapse_probe/out/r2/base_cond_neutral/probe_r2__P18H__s44.mp4,True,0.6539630889892578,0.5914965867996216,0.057692307692307696,0.46153846153846156,0.8968062996864319,0.9148191614211032,0.31114524602890015,104.86714935302734,1.0277563333511353,3.7335257530212402,104,121,0.9677277207374573
R2,P19H,44,high,earth_element_4,full,misc/2026-09-08_collapse_probe/out/r2/base_cond_neutral/probe_r2__P19H__s44.mp4,True,0.6996287107467651,0.6398941874504089,0.10576923076923077,0.09615384615384616,0.5201057195663452,0.6660407553611437,0.8359871506690979,75.47650146484375,0.7027627825737,6.093519687652588,104,121,0.9636756777763367
R2,P20H,44,high,train_rush_1,full,misc/2026-09-08_collapse_probe/out/r2/base_cond_neutral/probe_r2__P20H__s44.mp4,True,0.1779964566230774,0.24420669674873352,0.25,0.028846153846153848,1.0749958753585815,0.48512749386535803,0.9537206888198853,156.37991333007812,1.6110645532608032,1.6815863847732544,104,121,1.0341235399246216
R2,P21H,44,high,train_rush_0,full,misc/2026-09-08_collapse_probe/out/r2/base_cond_neutral/probe_r2__P21H__s44.mp4,True,0.14171245694160461,0.2795470356941223,0.34615384615384615,0.33653846153846156,0.7488335371017456,0.9908033713858958,0.995994508266449,128.81295776367188,1.1380456686019897,3.377453565597534,104,121,1.0289900302886963
R2,P22H,44,high,money_rain_3,full,misc/2026-09-08_collapse_probe/out/r2/base_cond_neutral/probe_r2__P22H__s44.mp4,True,0.2707723379135132,0.30589115619659424,0.10576923076923077,0.10576923076923077,0.9769220948219299,0.9994132081510723,0.8188701868057251,111.62901306152344,1.017281413078308,1.754818320274353,104,121,1.0291283130645752
R2,P23H,44,high,glitch_1,full,misc/2026-09-08_collapse_probe/out/r2/base_cond_neutral/probe_r2__P23H__s44.mp4,True,0.32257115840911865,0.2971515953540802,0.3269230769230769,0.10576923076923077,0.9952536225318909,0.9854582310892991,0.412431001663208,126.47203063964844,1.090340256690979,1.8016822338104248,104,121,1.007401466369629
R2,P24H,44,high,acid_0,full,misc/2026-09-08_collapse_probe/out/r2/base_cond_neutral/probe_r2__P24H__s44.mp4,True,0.27636027336120605,0.5344237089157104,0.17307692307692307,0.08653846153846154,0.9989628195762634,0.9300544116078098,0.8456428050994873,87.0283203125,0.9215891361236572,2.4137983322143555,104,121,0.9585490226745605
R2,P25H,44,high,luminous_gaze_3,full,misc/2026-09-08_collapse_probe/out/r2/base_cond_neutral/probe_r2__P25H__s44.mp4,True,0.3208518326282501,0.5191755294799805,0.18269230769230768,0.10576923076923077,0.998770534992218,0.9711085031473382,0.6543225646018982,70.49124908447266,0.5680081248283386,2.058763265609741,104,121,1.010129690170288
R2,P26H,44,high,saint_glow_3,full,misc/2026-09-08_collapse_probe/out/r2/base_cond_neutral/probe_r2__P26H__s44.mp4,True,0.2930651307106018,0.4869134724140167,0.25961538461538464,0.057692307692307696,1.0536186695098877,0.8371385895657741,0.9766380786895752,93.73190307617188,0.8919602036476135,2.5745439529418945,104,121,1.0168626308441162
R2,P27H,44,high,live_concert_4,full,misc/2026-09-08_collapse_probe/out/r2/base_cond_neutral/probe_r2__P27H__s44.mp4,True,0.4154629707336426,0.4738864302635193,0.375,0.038461538461538464,0.8988865613937378,0.8790248586365091,0.874992847442627,94.73714447021484,1.2289338111877441,2.4496028423309326,104,121,0.9905967712402344
R2,P28H,44,high,animalization_0,full,misc/2026-09-08_collapse_probe/out/r2/base_cond_neutral/probe_r2__P28H__s44.mp4,True,0.25101402401924133,0.37520864605903625,0.18269230769230768,0.125,0.9156649112701416,0.9996265870052279,0.9554705619812012,114.33355712890625,0.9774376749992371,1.8122708797454834,104,121,1.020148515701294
R2,P29H,44,high,shadow_3,full,misc/2026-09-08_collapse_probe/out/r2/base_cond_neutral/probe_r2__P29H__s44.mp4,True,0.23863238096237183,0.28899458050727844,0.21153846153846154,0.2692307692307692,1.0002849102020264,0.9997119385468901,0.44828301668167114,99.47594451904297,1.1560944318771362,1.7197506427764893,104,121,1.0136805772781372
R2,P30H,44,high,gas_transformation_1,full,misc/2026-09-08_collapse_probe/out/r2/base_cond_neutral/probe_r2__P30H__s44.mp4,True,0.16975484788417816,0.15049061179161072,0.38461538461538464,0.25961538461538464,0.9985347390174866,0.9965859383335113,0.7379626035690308,126.38981628417969,0.9247466921806335,1.222793459892273,104,121,0.9644806385040283
R2,P01L,44,low,wireframe_7,full,misc/2026-09-08_collapse_probe/out/r2/base_cond_neutral/probe_r2__P01L__s44.mp4,True,0.3751932382583618,0.3669089674949646,0.10576923076923077,0.0,1.0156142711639404,0.6772218073188948,0.9398777484893799,70.29696655273438,0.7100881338119507,1.9892163276672363,104,121,0.19440126419067383
R2,P06L,44,low,explosion_0,full,misc/2026-09-08_collapse_probe/out/r2/base_cond_neutral/probe_r2__P06L__s44.mp4,True,0.20516590774059296,0.34431517124176025,0.07692307692307693,0.10576923076923077,0.9112556576728821,0.6956043956043958,0.9756441712379456,85.13774871826172,0.8911142349243164,2.834221363067627,104,121,0.6390891671180725
R2,P09L,44,low,point_cloud_0,full,misc/2026-09-08_collapse_probe/out/r2/base_cond_neutral/probe_r2__P09L__s44.mp4,True,0.38665467500686646,0.3661622405052185,0.009615384615384616,0.0,0.9473519921302795,0.5715565987410649,0.8985252380371094,97.46039581298828,0.9012210369110107,3.046753406524658,104,121,0.5432265996932983
R2,P10L,44,low,monstrosity_0,full,misc/2026-09-08_collapse_probe/out/r2/base_cond_neutral/probe_r2__P10L__s44.mp4,True,0.371515154838562,0.33465486764907837,0.1346153846153846,0.34615384615384615,0.9718589186668396,0.9994132081510723,0.7271536588668823,84.01363372802734,0.7089585661888123,1.8524349927902222,104,121,0.5050454139709473
R2,P11L,44,low,water_element_3,full,misc/2026-09-08_collapse_probe/out/r2/base_cond_neutral/probe_r2__P11L__s44.mp4,True,0.2541508674621582,0.20596562325954437,0.3557692307692308,0.09615384615384616,1.0156522989273071,0.9822468793342581,0.907999575138092,73.14533233642578,0.49177828431129456,1.2513302564620972,104,121,0.41026628017425537
R2,P14L,44,low,fire_element_2,full,misc/2026-09-08_collapse_probe/out/r2/base_cond_neutral/probe_r2__P14L__s44.mp4,True,0.2932799458503723,0.2438977062702179,0.28846153846153844,0.22115384615384615,0.9898141622543335,0.9936519790888724,0.8947533369064331,91.95013427734375,0.7535483241081238,1.5875928401947021,104,121,0.3318883180618286
R2,P17L,44,low,color_rain_0,full,misc/2026-09-08_collapse_probe/out/r2/base_cond_neutral/probe_r2__P17L__s44.mp4,True,0.2940005660057068,0.3351131081581116,0.21153846153846154,0.1346153846153846,1.0021775960922241,0.9943667982502936,0.8845423460006714,98.0090103149414,0.8119772672653198,2.2216455936431885,104,121,0.30692970752716064
R2,P19L,44,low,earth_element_4,full,misc/2026-09-08_collapse_probe/out/r2/base_cond_neutral/probe_r2__P19L__s44.mp4,True,0.32326740026474,0.3236829936504364,0.1346153846153846,0.19230769230769232,0.9702444076538086,0.9948789075002668,0.891732931137085,81.4466552734375,0.7485066652297974,2.390031337738037,104,121,0.8303700685501099
R2,P23L,44,low,glitch_1,full,misc/2026-09-08_collapse_probe/out/r2/base_cond_neutral/probe_r2__P23L__s44.mp4,True,0.14352570474147797,0.13876134157180786,0.36538461538461536,0.125,0.9913141131401062,0.9972367438386857,0.8391947746276855,133.51797485351562,1.1635109186172485,1.1060881614685059,104,121,0.14251798391342163
R2,P28L,44,low,animalization_0,full,misc/2026-09-08_collapse_probe/out/r2/base_cond_neutral/probe_r2__P28L__s44.mp4,True,0.15632517635822296,0.34982532262802124,0.38461538461538464,0.0673076923076923,1.1663944721221924,0.9713005441160781,0.9862100481987,105.56069946289062,1.2824968099594116,1.3962920904159546,104,121,0.4684293270111084
R3,P01H,42,high,wireframe_7,neutral,misc/2026-09-08_collapse_probe/out/r3/base_cond_neutral/probe_r3__P01H__s42.mp4,True,0.18078923225402832,0.1929362565279007,0.20192307692307693,0.0673076923076923,0.9867005348205566,0.9959671396564602,0.973617672920227,99.86514282226562,0.8643697500228882,1.316344141960144,104,121,0.9612834453582764
R3,P02H,42,high,super_fast_run_10,neutral,misc/2026-09-08_collapse_probe/out/r3/base_cond_neutral/probe_r3__P02H__s42.mp4,True,0.2983597218990326,0.2628794312477112,0.18269230769230768,0.0,0.9923868179321289,0.9992318361250402,0.9118187427520752,96.54949188232422,0.883534848690033,1.5336178541183472,104,121,0.7415554523468018
R3,P03H,42,high,portal_1,neutral,misc/2026-09-08_collapse_probe/out/r3/base_cond_neutral/probe_r3__P03H__s42.mp4,True,0.290108859539032,0.24377775192260742,0.33653846153846156,0.019230769230769232,0.9992378354072571,0.7433159073935773,0.9390972852706909,124.24988555908203,0.9606642127037048,1.4497065544128418,104,121,0.7580409049987793
R3,P04H,42,high,portal_10,neutral,misc/2026-09-08_collapse_probe/out/r3/base_cond_neutral/probe_r3__P04H__s42.mp4,True,0.40141957998275757,0.3686389923095703,0.07692307692307693,0.038461538461538464,0.8825763463973999,0.9176784380667876,0.8552109003067017,97.48143005371094,0.9929393529891968,1.8157204389572144,104,121,0.600055992603302
R3,P05H,42,high,explosion_1,neutral,misc/2026-09-08_collapse_probe/out/r3/base_cond_neutral/probe_r3__P05H__s42.mp4,True,0.21356472373008728,0.20146608352661133,0.3173076923076923,0.19230769230769232,0.9859839081764221,0.9891390163234823,0.929578423500061,76.34323120117188,1.0266987085342407,1.3017418384552002,104,121,0.9827249646186829
R3,P06H,42,high,explosion_0,neutral,misc/2026-09-08_collapse_probe/out/r3/base_cond_neutral/probe_r3__P06H__s42.mp4,True,0.10845287889242172,0.10365709662437439,0.6442307692307693,0.0,0.9470866322517395,0.963053451402966,0.9899755716323853,102.49507141113281,0.8330869674682617,1.141657829284668,104,121,0.9806668758392334
R3,P07H,42,high,plasma_explosion_2,neutral,misc/2026-09-08_collapse_probe/out/r3/base_cond_neutral/probe_r3__P07H__s42.mp4,True,0.2786828279495239,0.24723908305168152,0.16346153846153846,0.038461538461538464,0.9556378126144409,0.9935879654326257,0.9236081838607788,85.77141571044922,0.7564296722412109,1.4261832237243652,104,121,1.0277444124221802
R3,P08H,42,high,point_cloud_1,neutral,misc/2026-09-08_collapse_probe/out/r3/base_cond_neutral/probe_r3__P08H__s42.mp4,True,0.30666810274124146,0.33142611384391785,0.14423076923076922,0.16346153846153846,0.6429082155227661,0.4413208151072229,0.9567338228225708,99.18167114257812,0.9529079794883728,1.6556692123413086,104,121,1.0139449834823608
R3,P09H,42,high,point_cloud_0,neutral,misc/2026-09-08_collapse_probe/out/r3/base_cond_neutral/probe_r3__P09H__s42.mp4,True,0.04951944202184677,0.07923322170972824,0.9423076923076923,0.057692307692307696,0.23950093984603882,0.9763149471887338,0.9964995384216309,94.90025329589844,0.7780449390411377,1.2006690502166748,104,121,0.9430845379829407
R3,P10H,42,high,monstrosity_0,neutral,misc/2026-09-08_collapse_probe/out/r3/base_cond_neutral/probe_r3__P10H__s42.mp4,True,0.2152271419763565,0.24732562899589539,0.0673076923076923,0.2403846153846154,0.9024915099143982,0.9994345460364878,0.8987960815429688,54.03923416137695,0.45242202281951904,1.3365484476089478,104,121,0.8633378744125366
R3,P11H,42,high,water_element_3,neutral,misc/2026-09-08_collapse_probe/out/r3/base_cond_neutral/probe_r3__P11H__s42.mp4,True,0.13139557838439941,0.11676386743783951,0.38461538461538464,0.0,0.9994076490402222,0.3679398271631282,0.9804555177688599,132.60543823242188,1.1306662559509277,1.0797228813171387,104,121,0.9947289228439331
R3,P12H,42,high,water_element_4,neutral,misc/2026-09-08_collapse_probe/out/r3/base_cond_neutral/probe_r3__P12H__s42.mp4,True,0.16846324503421783,0.19095611572265625,0.3557692307692308,0.1346153846153846,0.9943321943283081,0.9884241971620613,0.31853824853897095,95.7767105102539,0.877729594707489,1.2882694005966187,104,121,0.9307236671447754
R3,P13H,42,high,northern_lights_0,neutral,misc/2026-09-08_collapse_probe/out/r3/base_cond_neutral/probe_r3__P13H__s42.mp4,True,0.2760166525840759,0.3176097869873047,0.09615384615384616,0.20192307692307693,0.9566051959991455,0.9895657740317936,0.9250710010528564,84.4781723022461,0.9377205967903137,1.5438625812530518,104,121,0.973843514919281
R3,P14H,42,high,fire_element_2,neutral,misc/2026-09-08_collapse_probe/out/r3/base_cond_neutral/probe_r3__P14H__s42.mp4,True,0.09823837876319885,0.10942769050598145,0.5769230769230769,0.028846153846153848,1.0004295110702515,0.9942067641096769,0.9806141257286072,118.59501647949219,0.9337234497070312,1.1009385585784912,104,121,0.9383891820907593
R3,P15H,42,high,fire_element_3,neutral,misc/2026-09-08_collapse_probe/out/r3/base_cond_neutral/probe_r3__P15H__s42.mp4,True,0.2207326591014862,0.2052466720342636,0.22115384615384615,0.038461538461538464,0.9924246668815613,0.9915928731462713,0.9622316360473633,83.19691467285156,0.9735817909240723,1.208518385887146,104,121,0.9510506987571716
R3,P16H,42,high,color_rain_2,neutral,misc/2026-09-08_collapse_probe/out/r3/base_cond_neutral/probe_r3__P16H__s42.mp4,True,0.02301936224102974,0.07619159668684006,0.7307692307692307,0.0673076923076923,1.0023335218429565,0.7324122479462286,1.0014753341674805,124.95777893066406,1.1666666269302368,1.0716807842254639,104,121,0.9719672799110413
R3,P17H,42,high,color_rain_0,neutral,misc/2026-09-08_collapse_probe/out/r3/base_cond_neutral/probe_r3__P17H__s42.mp4,True,0.22117699682712555,0.1978720873594284,0.20192307692307693,0.0673076923076923,0.9924654960632324,0.983111063693588,0.9254477024078369,121.97004699707031,0.8803357481956482,1.1449235677719116,104,121,0.963796854019165
R3,P18H,42,high,earth_element_6,neutral,misc/2026-09-08_collapse_probe/out/r3/base_cond_neutral/probe_r3__P18H__s42.mp4,True,0.4049520492553711,0.43994683027267456,0.1346153846153846,0.34615384615384615,0.959774374961853,0.9975888189480424,0.5678218603134155,109.5901870727539,0.9473702907562256,2.340674877166748,104,121,0.9581049084663391
R3,P19H,42,high,earth_element_4,neutral,misc/2026-09-08_collapse_probe/out/r3/base_cond_neutral/probe_r3__P19H__s42.mp4,True,0.1341545283794403,0.1734178215265274,0.4807692307692308,0.17307692307692307,0.9912780523300171,0.9919769550837513,0.5857975482940674,77.43389892578125,0.6614232063293457,1.3264353275299072,104,121,0.9637221693992615
R3,P20H,42,high,train_rush_1,neutral,misc/2026-09-08_collapse_probe/out/r3/base_cond_neutral/probe_r3__P20H__s42.mp4,True,0.10191857069730759,0.11923841387033463,0.6538461538461539,0.038461538461538464,0.9908363819122314,0.9701056225328071,0.5273504853248596,141.8478240966797,1.576559066772461,1.15260648727417,104,121,1.0140897035598755
R3,P21H,42,high,train_rush_0,neutral,misc/2026-09-08_collapse_probe/out/r3/base_cond_neutral/probe_r3__P21H__s42.mp4,True,0.07608401775360107,0.08519628643989563,0.7884615384615384,0.019230769230769232,0.9984566569328308,0.9922010028806147,0.9889352321624756,135.3677978515625,1.1314127445220947,1.078163743019104,104,121,1.0002923011779785
R3,P22H,42,high,money_rain_3,neutral,misc/2026-09-08_collapse_probe/out/r3/base_cond_neutral/probe_r3__P22H__s42.mp4,True,0.457047700881958,0.3905629515647888,0.07692307692307693,0.0,0.9819716811180115,0.9994025392083645,0.8457204699516296,101.0448989868164,0.8907825946807861,2.7126286029815674,104,121,0.9482151865959167
R3,P23H,42,high,glitch_1,neutral,misc/2026-09-08_collapse_probe/out/r3/base_cond_neutral/probe_r3__P23H__s42.mp4,True,0.07124792784452438,0.12571395933628082,0.7307692307692307,0.057692307692307696,0.9992153644561768,0.9456097300757497,0.9963809847831726,120.25128936767578,0.9247433543205261,1.2889565229415894,104,121,1.0112640857696533
R3,P24H,42,high,acid_0,neutral,misc/2026-09-08_collapse_probe/out/r3/base_cond_neutral/probe_r3__P24H__s42.mp4,True,0.23452839255332947,0.21335488557815552,0.10576923076923077,0.019230769230769232,1.0099124908447266,0.9949855969273446,0.9469947218894958,89.36930084228516,0.9251785278320312,1.3440788984298706,104,121,0.9673165082931519
R3,P25H,42,high,luminous_gaze_3,neutral,misc/2026-09-08_collapse_probe/out/r3/base_cond_neutral/probe_r3__P25H__s42.mp4,True,0.25931984186172485,0.22566668689250946,0.27884615384615385,0.0,1.0151324272155762,0.9748106262669372,0.9865132570266724,71.33411407470703,0.5502440333366394,1.3523163795471191,104,121,0.9838753938674927
R3,P26H,42,high,saint_glow_3,neutral,misc/2026-09-08_collapse_probe/out/r3/base_cond_neutral/probe_r3__P26H__s42.mp4,True,0.16176393628120422,0.15563128888607025,0.40384615384615385,0.16346153846153846,1.0049651861190796,0.9925957537608024,0.8645927906036377,96.75215911865234,0.8664407730102539,1.0914909839630127,104,121,1.026954174041748
R3,P27H,42,high,live_concert_4,neutral,misc/2026-09-08_collapse_probe/out/r3/base_cond_neutral/probe_r3__P27H__s42.mp4,True,0.12077173590660095,0.19677506387233734,0.40384615384615385,0.14423076923076922,0.943189799785614,0.8479782353568762,0.9108712077140808,109.89952850341797,1.2667279243469238,1.2620501518249512,104,121,0.9842872023582458
R3,P28H,42,high,animalization_0,neutral,misc/2026-09-08_collapse_probe/out/r3/base_cond_neutral/probe_r3__P28H__s42.mp4,True,0.09401640295982361,0.20705969631671906,0.7019230769230769,0.057692307692307696,0.7943284511566162,0.993385255521178,0.9929466247558594,118.38741302490234,0.9141878485679626,1.611768126487732,104,121,1.0035260915756226
R3,P29H,42,high,shadow_3,neutral,misc/2026-09-08_collapse_probe/out/r3/base_cond_neutral/probe_r3__P29H__s42.mp4,True,0.019769687205553055,0.17485347390174866,0.6346153846153846,0.019230769230769232,0.9962098002433777,0.9596180518510615,1.0002620220184326,84.87779998779297,1.0815192461013794,1.2372186183929443,104,121,1.0307660102844238
R3,P30H,42,high,gas_transformation_1,neutral,misc/2026-09-08_collapse_probe/out/r3/base_cond_neutral/probe_r3__P30H__s42.mp4,True,0.05638941004872322,0.06117483228445053,0.8653846153846154,0.0,1.0040488243103027,0.9220527045769765,0.9922846555709839,131.17971801757812,0.9502676129341125,1.0146021842956543,104,121,1.028456449508667
R3,P01L,42,low,wireframe_7,neutral,misc/2026-09-08_collapse_probe/out/r3/base_cond_neutral/probe_r3__P01L__s42.mp4,True,0.47321826219558716,0.3814091384410858,0.1346153846153846,0.15384615384615385,0.9961176514625549,0.9964472420783101,0.23401853442192078,82.39554595947266,0.7487712502479553,1.7426210641860962,104,121,0.3486518859863281
R3,P06L,42,low,explosion_0,neutral,misc/2026-09-08_collapse_probe/out/r3/base_cond_neutral/probe_r3__P06L__s42.mp4,True,0.33432894945144653,0.3197731673717499,0.1346153846153846,0.1346153846153846,0.952360987663269,0.9939293715992746,0.2529449462890625,97.19760131835938,0.8829370141029358,1.5583292245864868,104,121,0.9073150157928467
R3,P09L,42,low,point_cloud_0,neutral,misc/2026-09-08_collapse_probe/out/r3/base_cond_neutral/probe_r3__P09L__s42.mp4,True,0.29604679346084595,0.29846256971359253,0.17307692307692307,0.19230769230769232,0.6014391183853149,0.9956684092606424,0.8938462734222412,107.4822769165039,0.8672255277633667,2.0722174644470215,104,121,0.7299018502235413
R3,P10L,42,low,monstrosity_0,neutral,misc/2026-09-08_collapse_probe/out/r3/base_cond_neutral/probe_r3__P10L__s42.mp4,True,0.3027566373348236,0.28202083706855774,0.14423076923076922,0.18269230769230768,0.9590274691581726,0.9432198869092074,0.2520519495010376,90.95745086669922,0.6680316925048828,1.4174859523773193,104,121,0.6583950519561768
R3,P11L,42,low,water_element_3,neutral,misc/2026-09-08_collapse_probe/out/r3/base_cond_neutral/probe_r3__P11L__s42.mp4,True,0.15644842386245728,0.1482381969690323,0.2403846153846154,0.18269230769230768,1.002138376235962,0.9952629894377468,0.7992425560951233,64.37115478515625,0.4177244007587433,1.1251300573349,104,121,0.47943979501724243
R3,P14L,42,low,fire_element_2,neutral,misc/2026-09-08_collapse_probe/out/r3/base_cond_neutral/probe_r3__P14L__s42.mp4,True,0.12806206941604614,0.2053278088569641,0.46153846153846156,0.27884615384615385,1.0010205507278442,0.9526192254347595,0.6759977340698242,114.25493621826172,0.8173085451126099,1.5603200197219849,104,121,0.6479144096374512
R3,P17L,42,low,color_rain_0,neutral,misc/2026-09-08_collapse_probe/out/r3/base_cond_neutral/probe_r3__P17L__s42.mp4,True,0.35671672224998474,0.37682196497917175,0.25,0.20192307692307693,0.9876381158828735,0.9983783207084179,0.23618601262569427,85.8742446899414,0.6204431056976318,3.243525981903076,104,121,0.43257272243499756
R3,P19L,42,low,earth_element_4,neutral,misc/2026-09-08_collapse_probe/out/r3/base_cond_neutral/probe_r3__P19L__s42.mp4,True,0.17907722294330597,0.29794982075691223,0.2980769230769231,0.25,0.9949740767478943,0.9950496105835912,0.49017345905303955,87.60953521728516,0.7282463908195496,2.341078758239746,104,121,0.8050398826599121
R3,P23L,42,low,glitch_1,neutral,misc/2026-09-08_collapse_probe/out/r3/base_cond_neutral/probe_r3__P23L__s42.mp4,True,0.15206362307071686,0.14508302509784698,0.38461538461538464,0.028846153846153848,0.9879371523857117,0.9952096447242079,0.9653836488723755,140.91529846191406,1.2834216356277466,1.1154392957687378,104,121,0.22409522533416748
R3,P28L,42,low,animalization_0,neutral,misc/2026-09-08_collapse_probe/out/r3/base_cond_neutral/probe_r3__P28L__s42.mp4,True,0.25670939683914185,0.29813864827156067,0.19230769230769232,0.2692307692307692,1.0177435874938965,0.9996159180625201,0.7991021871566772,115.60453033447266,1.0797282457351685,1.4634901285171509,104,121,0.20943492650985718
R3,P01H,43,high,wireframe_7,neutral,misc/2026-09-08_collapse_probe/out/r3/base_cond_neutral/probe_r3__P01H__s43.mp4,True,0.4187457859516144,0.3687836527824402,0.10576923076923077,0.0673076923076923,0.9133821129798889,0.9934065934065935,0.8593558073043823,97.52288055419922,0.8499504923820496,3.416281223297119,104,121,0.9877305626869202
R3,P02H,43,high,super_fast_run_10,neutral,misc/2026-09-08_collapse_probe/out/r3/base_cond_neutral/probe_r3__P02H__s43.mp4,True,0.35602766275405884,0.3219928443431854,0.17307692307692307,0.057692307692307696,0.9981696009635925,0.9981436039688467,0.9199361801147461,98.34227752685547,0.8480965495109558,2.601818323135376,104,121,1.0281020402908325
R3,P03H,43,high,portal_1,neutral,misc/2026-09-08_collapse_probe/out/r3/base_cond_neutral/probe_r3__P03H__s43.mp4,True,0.06307761371135712,0.1570630967617035,0.6442307692307693,0.057692307692307696,0.9918630719184875,0.9005761229062201,0.00256159296259284,118.08509826660156,0.9432389736175537,1.305004596710205,104,121,0.6916404366493225
R3,P04H,43,high,portal_10,neutral,misc/2026-09-08_collapse_probe/out/r3/base_cond_neutral/probe_r3__P04H__s43.mp4,True,0.5536974668502808,0.49255335330963135,0.057692307692307696,0.41346153846153844,0.6654995679855347,0.6946015149898646,0.758134126663208,83.9807357788086,0.9058797955513,9.379343032836914,104,121,0.6436781287193298
R3,P05H,43,high,explosion_1,neutral,misc/2026-09-08_collapse_probe/out/r3/base_cond_neutral/probe_r3__P05H__s43.mp4,True,0.051166921854019165,0.14787983894348145,0.5288461538461539,0.009615384615384616,0.9951160550117493,0.44761549130481176,1.0003488063812256,72.81365203857422,1.0442242622375488,1.395393967628479,104,121,0.9647729992866516
R3,P06H,43,high,explosion_0,neutral,misc/2026-09-08_collapse_probe/out/r3/base_cond_neutral/probe_r3__P06H__s43.mp4,True,0.13925206661224365,0.1928025186061859,0.19230769230769232,0.038461538461538464,0.9657925963401794,0.7039795156300012,0.9856395721435547,114.44342803955078,0.8834311366081238,1.2665939331054688,104,121,1.005301594734192
R3,P07H,43,high,plasma_explosion_2,neutral,misc/2026-09-08_collapse_probe/out/r3/base_cond_neutral/probe_r3__P07H__s43.mp4,True,0.20299918949604034,0.21533705294132233,0.17307692307692307,0.0673076923076923,0.973360538482666,0.9971087165261924,0.9377866983413696,105.23947143554688,0.8776676654815674,1.6570537090301514,104,121,1.0062681436538696
R3,P08H,43,high,point_cloud_1,neutral,misc/2026-09-08_collapse_probe/out/r3/base_cond_neutral/probe_r3__P08H__s43.mp4,True,0.1586434245109558,0.259245902299881,0.21153846153846154,0.25961538461538464,0.6923564672470093,0.9726875066680893,0.9796780347824097,101.88276672363281,0.961197555065155,1.4125562906265259,104,121,1.0075950622558594
R3,P09H,43,high,point_cloud_0,neutral,misc/2026-09-08_collapse_probe/out/r3/base_cond_neutral/probe_r3__P09H__s43.mp4,True,0.26136285066604614,0.2827360928058624,0.23076923076923078,0.009615384615384616,0.99593585729599,0.9834204630321136,0.8521868586540222,87.39385986328125,0.7421147227287292,1.699173092842102,104,121,0.8987104892730713
R3,P10H,43,high,monstrosity_0,neutral,misc/2026-09-08_collapse_probe/out/r3/base_cond_neutral/probe_r3__P10H__s43.mp4,True,0.37892693281173706,0.3616889715194702,0.028846153846153848,0.2403846153846154,0.9388882517814636,0.9999359863437535,0.7463037967681885,62.668392181396484,0.5832571387290955,1.7116343975067139,104,121,0.9694121479988098
R3,P11H,43,high,water_element_3,neutral,misc/2026-09-08_collapse_probe/out/r3/base_cond_neutral/probe_r3__P11H__s43.mp4,True,0.16836032271385193,0.18522962927818298,0.3269230769230769,0.14423076923076922,1.0024386644363403,0.9385468900032008,0.9910674691200256,129.9261474609375,1.0953075885772705,1.421877384185791,104,121,0.9712607264518738
R3,P12H,43,high,water_element_4,neutral,misc/2026-09-08_collapse_probe/out/r3/base_cond_neutral/probe_r3__P12H__s43.mp4,True,0.44628679752349854,0.37384799122810364,0.11538461538461539,0.009615384615384616,0.9859403967857361,0.9797290088552226,0.8189043402671814,92.77163696289062,0.8347966074943542,1.840531349182129,104,121,0.9377961158752441
R3,P13H,43,high,northern_lights_0,neutral,misc/2026-09-08_collapse_probe/out/r3/base_cond_neutral/probe_r3__P13H__s43.mp4,True,0.40024542808532715,0.3982428312301636,0.057692307692307696,0.057692307692307696,0.9937535524368286,0.9790995412354637,0.9169811606407166,87.23450469970703,0.9309099912643433,1.9191246032714844,104,121,0.9722458720207214
R3,P14H,43,high,fire_element_2,neutral,misc/2026-09-08_collapse_probe/out/r3/base_cond_neutral/probe_r3__P14H__s43.mp4,True,0.26174432039260864,0.24298438429832458,0.25961538461538464,0.028846153846153848,1.00028657913208,0.9877307158860558,0.9419864416122437,95.39472198486328,0.8184349536895752,1.4162677526474,104,121,0.9315540790557861
R3,P15H,43,high,fire_element_3,neutral,misc/2026-09-08_collapse_probe/out/r3/base_cond_neutral/probe_r3__P15H__s43.mp4,True,0.31180882453918457,0.2903483808040619,0.14423076923076922,0.07692307692307693,0.9920656681060791,0.9989224367865146,0.9029621481895447,82.1805648803711,0.9526162147521973,1.563289761543274,104,121,1.0357707738876343
R3,P16H,43,high,color_rain_2,neutral,misc/2026-09-08_collapse_probe/out/r3/base_cond_neutral/probe_r3__P16H__s43.mp4,True,0.25239041447639465,0.2174672782421112,0.23076923076923078,0.04807692307692308,0.9984270334243774,0.840840712685373,0.9591934680938721,122.41798400878906,1.0785634517669678,1.4902973175048828,104,121,0.9896607398986816
R3,P17H,43,high,color_rain_0,neutral,misc/2026-09-08_collapse_probe/out/r3/base_cond_neutral/probe_r3__P17H__s43.mp4,True,0.22398048639297485,0.19481079280376434,0.2403846153846154,0.038461538461538464,0.9979850053787231,0.9842313026779048,0.9661394357681274,117.5161361694336,0.8557096719741821,1.2507603168487549,104,121,0.9756292104721069
R3,P18H,43,high,earth_element_6,neutral,misc/2026-09-08_collapse_probe/out/r3/base_cond_neutral/probe_r3__P18H__s43.mp4,True,0.4655383229255676,0.4159601330757141,0.09615384615384616,0.2692307692307692,0.8994876742362976,0.998901098901099,0.7855419516563416,122.43067169189453,1.0506864786148071,4.158848285675049,104,121,0.9384627342224121
R3,P19H,43,high,earth_element_4,neutral,misc/2026-09-08_collapse_probe/out/r3/base_cond_neutral/probe_r3__P19H__s43.mp4,True,0.15301628410816193,0.24418900907039642,0.2980769230769231,0.10576923076923077,0.9898260235786438,0.8928198015576658,0.9397207498550415,82.44251251220703,0.6658166646957397,2.20172381401062,104,121,0.979777455329895
R3,P20H,43,high,train_rush_1,neutral,misc/2026-09-08_collapse_probe/out/r3/base_cond_neutral/probe_r3__P20H__s43.mp4,True,0.25923773646354675,0.2853245139122009,0.09615384615384616,0.22115384615384615,0.8639910221099854,0.9545716419502828,0.9442692399024963,151.75767517089844,1.6008572578430176,1.9473549127578735,104,121,1.029374599456787
R3,P21H,43,high,train_rush_0,neutral,misc/2026-09-08_collapse_probe/out/r3/base_cond_neutral/probe_r3__P21H__s43.mp4,True,0.009934443980455399,0.07633955776691437,0.7884615384615384,0.0673076923076923,0.9992141127586365,0.9413954977061775,0.9962965250015259,126.85091400146484,1.1034016609191895,1.213850498199463,104,121,1.003332257270813
R3,P22H,43,high,money_rain_3,neutral,misc/2026-09-08_collapse_probe/out/r3/base_cond_neutral/probe_r3__P22H__s43.mp4,True,0.2910194993019104,0.3038884699344635,0.1346153846153846,0.04807692307692308,0.9810822010040283,0.9838578896831325,0.9641951322555542,110.6368179321289,0.9471622109413147,2.2699496746063232,104,121,1.00128173828125
R3,P23H,43,high,glitch_1,neutral,misc/2026-09-08_collapse_probe/out/r3/base_cond_neutral/probe_r3__P23H__s43.mp4,True,0.07792379707098007,0.12194793671369553,0.6634615384615384,0.04807692307692308,0.9895298480987549,0.9730289128347381,0.012209838256239891,129.12159729003906,1.0633901357650757,1.0583508014678955,104,121,1.0253186225891113
R3,P24H,43,high,acid_0,neutral,misc/2026-09-08_collapse_probe/out/r3/base_cond_neutral/probe_r3__P24H__s43.mp4,True,0.2961076498031616,0.2728992998600006,0.125,0.0673076923076923,0.9992663860321045,0.9996906006614745,0.9465653896331787,99.31147003173828,0.9537668824195862,1.5309522151947021,104,121,0.975692868232727
R3,P25H,43,high,luminous_gaze_3,neutral,misc/2026-09-08_collapse_probe/out/r3/base_cond_neutral/probe_r3__P25H__s43.mp4,True,0.3325842618942261,0.3178173303604126,0.21153846153846154,0.16346153846153846,1.0032806396484375,0.9961911874533235,0.9570014476776123,63.615543365478516,0.5147795081138611,2.2569591999053955,104,121,1.003044605255127
R3,P26H,43,high,saint_glow_3,neutral,misc/2026-09-08_collapse_probe/out/r3/base_cond_neutral/probe_r3__P26H__s43.mp4,True,0.20918460190296173,0.21434058248996735,0.34615384615384615,0.125,1.0067068338394165,0.9944948255627869,0.8922882080078125,90.9610824584961,0.8539745807647705,1.4163838624954224,104,121,0.9732735753059387
R3,P27H,43,high,live_concert_4,neutral,misc/2026-09-08_collapse_probe/out/r3/base_cond_neutral/probe_r3__P27H__s43.mp4,True,0.1762053221464157,0.21671199798583984,0.25961538461538464,0.0,0.9338878393173218,0.9947508801877735,0.9755952954292297,106.67882537841797,1.2645801305770874,1.2218551635742188,104,121,0.9562029838562012
R3,P28H,43,high,animalization_0,neutral,misc/2026-09-08_collapse_probe/out/r3/base_cond_neutral/probe_r3__P28H__s43.mp4,True,0.20480181276798248,0.247816801071167,0.20192307692307693,0.04807692307692308,0.6395810842514038,0.9370639069668196,0.9850203990936279,118.52022552490234,0.9346669912338257,1.8906158208847046,104,121,0.9866362810134888
R3,P29H,43,high,shadow_3,neutral,misc/2026-09-08_collapse_probe/out/r3/base_cond_neutral/probe_r3__P29H__s43.mp4,True,0.34674426913261414,0.3332557678222656,0.14423076923076922,0.11538461538461539,0.9987574219703674,0.9997332764323057,0.9195277690887451,91.58006286621094,1.048943281173706,2.329141855239868,104,121,1.0134745836257935
R3,P30H,43,high,gas_transformation_1,neutral,misc/2026-09-08_collapse_probe/out/r3/base_cond_neutral/probe_r3__P30H__s43.mp4,True,0.2011239230632782,0.17628048360347748,0.3076923076923077,0.08653846153846154,0.9982420802116394,0.9966259378727914,0.9380918741226196,122.45694732666016,0.9266222715377808,1.1913777589797974,104,121,1.0186641216278076
R3,P01L,43,low,wireframe_7,neutral,misc/2026-09-08_collapse_probe/out/r3/base_cond_neutral/probe_r3__P01L__s43.mp4,True,0.4249728322029114,0.35205429792404175,0.11538461538461539,0.5192307692307693,0.9023745059967041,0.9998292969166757,0.5995038747787476,74.03976440429688,0.6538048386573792,1.8600658178329468,104,121,0.10326999425888062
R3,P06L,43,low,explosion_0,neutral,misc/2026-09-08_collapse_probe/out/r3/base_cond_neutral/probe_r3__P06L__s43.mp4,True,0.666637659072876,0.5675245523452759,0.0,0.5576923076923077,0.8632964491844177,0.9721220527045771,0.48955488204956055,84.64197540283203,1.0393754243850708,6.444343090057373,104,121,0.7185764312744141
R3,P09L,43,low,point_cloud_0,neutral,misc/2026-09-08_collapse_probe/out/r3/base_cond_neutral/probe_r3__P09L__s43.mp4,True,0.5278458595275879,0.48045873641967773,0.057692307692307696,0.14423076923076922,0.9364781379699707,0.8524058465806039,0.8230186700820923,100.9288330078125,0.9043744802474976,3.6873323917388916,104,121,0.4891654849052429
R3,P10L,43,low,monstrosity_0,neutral,misc/2026-09-08_collapse_probe/out/r3/base_cond_neutral/probe_r3__P10L__s43.mp4,True,0.2813378572463989,0.2652852237224579,0.16346153846153846,0.41346153846153844,0.966273844242096,0.9876773711725169,0.6568083763122559,90.35100555419922,0.6476515531539917,1.8261595964431763,104,121,0.6203498840332031
R3,P11L,43,low,water_element_3,neutral,misc/2026-09-08_collapse_probe/out/r3/base_cond_neutral/probe_r3__P11L__s43.mp4,True,0.1502523124217987,0.16607441008090973,0.3076923076923077,0.18269230769230768,1.005657434463501,0.9927984636722502,0.738220751285553,93.25270080566406,0.6606460213661194,1.2332552671432495,104,121,0.2394423484802246
R3,P14L,43,low,fire_element_2,neutral,misc/2026-09-08_collapse_probe/out/r3/base_cond_neutral/probe_r3__P14L__s43.mp4,True,0.2077069729566574,0.19447867572307587,0.28846153846153844,0.0673076923076923,0.9982156157493591,0.9982609623386325,0.9599564075469971,84.54386901855469,0.6672502756118774,1.4380323886871338,104,121,0.3720131516456604
R3,P17L,43,low,color_rain_0,neutral,misc/2026-09-08_collapse_probe/out/r3/base_cond_neutral/probe_r3__P17L__s43.mp4,True,0.3169535994529724,0.32623371481895447,0.25961538461538464,0.34615384615384615,0.9877114295959473,0.9949002453856824,0.49822354316711426,87.90870666503906,0.6403353214263916,2.4353528022766113,104,121,0.29002583026885986
R3,P19L,43,low,earth_element_4,neutral,misc/2026-09-08_collapse_probe/out/r3/base_cond_neutral/probe_r3__P19L__s43.mp4,True,0.2979235053062439,0.2868601679801941,0.27884615384615385,0.16346153846153846,0.9980300068855286,0.9997012696041824,0.8086082339286804,85.88256072998047,0.7380673885345459,1.9560672044754028,104,121,0.6310333609580994
R3,P23L,43,low,glitch_1,neutral,misc/2026-09-08_collapse_probe/out/r3/base_cond_neutral/probe_r3__P23L__s43.mp4,True,0.1705261766910553,0.1811986118555069,0.3269230769230769,0.27884615384615385,0.9837926030158997,0.9996585938333512,0.8596322536468506,138.02967834472656,1.2022327184677124,1.3185831308364868,104,121,0.12052440643310547
R3,P28L,43,low,animalization_0,neutral,misc/2026-09-08_collapse_probe/out/r3/base_cond_neutral/probe_r3__P28L__s43.mp4,True,0.15805649757385254,0.2523611783981323,0.36538461538461536,0.08653846153846154,0.9580647349357605,0.999050464099008,0.9891493320465088,106.61763000488281,1.1707024574279785,1.5826772451400757,104,121,0.29058098793029785
R3,P01H,44,high,wireframe_7,neutral,misc/2026-09-08_collapse_probe/out/r3/base_cond_neutral/probe_r3__P01H__s44.mp4,True,0.22633543610572815,0.2732895612716675,0.18269230769230768,0.057692307692307696,0.9760524034500122,0.9946015149898646,0.9908335208892822,104.81434631347656,0.9151155948638916,1.785348653793335,104,121,0.9630113840103149
R3,P02H,44,high,super_fast_run_10,neutral,misc/2026-09-08_collapse_probe/out/r3/base_cond_neutral/probe_r3__P02H__s44.mp4,True,0.32737594842910767,0.30723705887794495,0.16346153846153846,0.10576923076923077,0.997918426990509,0.9983996585938334,0.924727201461792,94.49755859375,0.8089801073074341,2.1501903533935547,104,121,1.041551947593689
R3,P03H,44,high,portal_1,neutral,misc/2026-09-08_collapse_probe/out/r3/base_cond_neutral/probe_r3__P03H__s44.mp4,True,0.11403410136699677,0.16634438931941986,0.5865384615384616,0.08653846153846154,0.9918386936187744,0.9468793342579751,0.6313239932060242,117.5726318359375,0.9465471506118774,1.4412859678268433,104,121,0.6890080571174622
R3,P04H,44,high,portal_10,neutral,misc/2026-09-08_collapse_probe/out/r3/base_cond_neutral/probe_r3__P04H__s44.mp4,True,0.7514806985855103,0.7189496755599976,0.04807692307692308,0.7692307692307693,0.667563796043396,0.895828443401259,0.5633759498596191,78.27251434326172,0.9513954520225525,6.5234479904174805,104,121,0.6592342853546143
R3,P05H,44,high,explosion_1,neutral,misc/2026-09-08_collapse_probe/out/r3/base_cond_neutral/probe_r3__P05H__s44.mp4,True,0.12472016364336014,0.2654649019241333,0.47115384615384615,0.019230769230769232,0.992545485496521,0.8741491518190548,0.9913613796234131,74.37202453613281,1.0497446060180664,2.4876840114593506,104,121,0.9879730343818665
R3,P06H,44,high,explosion_0,neutral,misc/2026-09-08_collapse_probe/out/r3/base_cond_neutral/probe_r3__P06H__s44.mp4,True,0.1476176679134369,0.18196558952331543,0.2403846153846154,0.0673076923076923,0.9429302215576172,0.9951776378960846,0.9687271118164062,102.84407806396484,0.8389516472816467,1.557084560394287,104,121,0.9983325600624084
R3,P07H,44,high,plasma_explosion_2,neutral,misc/2026-09-08_collapse_probe/out/r3/base_cond_neutral/probe_r3__P07H__s44.mp4,True,0.3347654938697815,0.35635173320770264,0.11538461538461539,0.04807692307692308,0.9618671536445618,0.6198122266083432,0.9391692876815796,78.78272247314453,0.758611261844635,2.2496981620788574,104,121,0.9850413203239441
R3,P08H,44,high,point_cloud_1,neutral,misc/2026-09-08_collapse_probe/out/r3/base_cond_neutral/probe_r3__P08H__s44.mp4,True,0.05786143243312836,0.20304594933986664,0.625,0.019230769230769232,0.9834906458854675,0.986087698709058,0.9894760847091675,85.08131408691406,0.9482846260070801,1.9298431873321533,104,121,1.0002928972244263
R3,P09H,44,high,point_cloud_0,neutral,misc/2026-09-08_collapse_probe/out/r3/base_cond_neutral/probe_r3__P09H__s44.mp4,True,0.06364387273788452,0.17975765466690063,0.6730769230769231,0.15384615384615385,0.9853655099868774,0.5044489491091434,0.9977977871894836,106.32778930664062,0.861601710319519,2.269559383392334,104,121,0.9566075801849365
R3,P10H,44,high,monstrosity_0,neutral,misc/2026-09-08_collapse_probe/out/r3/base_cond_neutral/probe_r3__P10H__s44.mp4,True,0.4172023832798004,0.36716100573539734,0.19230769230769232,0.08653846153846154,0.992098331451416,0.9858103061986558,0.8279693722724915,74.69463348388672,0.7413479685783386,1.8232600688934326,104,121,0.9673793315887451
R3,P11H,44,high,water_element_3,neutral,misc/2026-09-08_collapse_probe/out/r3/base_cond_neutral/probe_r3__P11H__s44.mp4,True,0.09204784780740738,0.11553673446178436,0.5961538461538461,0.028846153846153848,1.0058480501174927,0.8943027845940468,0.9915192127227783,122.14007568359375,1.0086910724639893,1.1320018768310547,104,121,0.9626429677009583
R3,P12H,44,high,water_element_4,neutral,misc/2026-09-08_collapse_probe/out/r3/base_cond_neutral/probe_r3__P12H__s44.mp4,True,0.18200922012329102,0.19932200014591217,0.23076923076923078,0.019230769230769232,1.0020502805709839,0.9966392830470502,0.9042423963546753,86.71142578125,0.8220895528793335,1.2769008874893188,104,121,0.9411872625350952
R3,P13H,44,high,northern_lights_0,neutral,misc/2026-09-08_collapse_probe/out/r3/base_cond_neutral/probe_r3__P13H__s44.mp4,True,0.2756332457065582,0.28286200761795044,0.20192307692307693,0.04807692307692308,0.9553319215774536,0.9273445001600342,0.9928408861160278,90.86454010009766,0.98465895652771,1.9303655624389648,104,121,0.9717490673065186
R3,P14H,44,high,fire_element_2,neutral,misc/2026-09-08_collapse_probe/out/r3/base_cond_neutral/probe_r3__P14H__s44.mp4,True,0.057756535708904266,0.17187470197677612,0.6057692307692307,0.019230769230769232,1.0289477109909058,0.6740744692201004,0.9963212013244629,123.50813293457031,0.9845015406608582,1.6441320180892944,104,121,0.9576407670974731
R3,P15H,44,high,fire_element_3,neutral,misc/2026-09-08_collapse_probe/out/r3/base_cond_neutral/probe_r3__P15H__s44.mp4,True,0.28027254343032837,0.24846592545509338,0.19230769230769232,0.019230769230769232,0.9917804002761841,0.9966072762189268,0.929130494594574,77.20027160644531,0.9043270349502563,1.27882719039917,104,121,1.0448477268218994
R3,P16H,44,high,color_rain_2,neutral,misc/2026-09-08_collapse_probe/out/r3/base_cond_neutral/probe_r3__P16H__s44.mp4,True,0.11068928986787796,0.16088078916072845,0.5096153846153846,0.10576923076923077,0.9997384548187256,0.934407340232583,0.7646430134773254,123.70760345458984,1.2288278341293335,1.2719107866287231,104,121,0.951047420501709
R3,P17H,44,high,color_rain_0,neutral,misc/2026-09-08_collapse_probe/out/r3/base_cond_neutral/probe_r3__P17H__s44.mp4,True,0.09530510008335114,0.16989675164222717,0.5576923076923077,0.07692307692307693,0.9983019232749939,0.993289235036808,0.986847996711731,119.12966918945312,0.8647288084030151,1.318052887916565,104,121,0.9588172435760498
R3,P18H,44,high,earth_element_6,neutral,misc/2026-09-08_collapse_probe/out/r3/base_cond_neutral/probe_r3__P18H__s44.mp4,True,0.10582543909549713,0.15969331562519073,0.5096153846153846,0.20192307692307693,0.9961124062538147,0.9954123546356557,0.8610586524009705,104.72501373291016,1.0280647277832031,1.2448806762695312,104,121,0.9677277207374573
R3,P19H,44,high,earth_element_4,neutral,misc/2026-09-08_collapse_probe/out/r3/base_cond_neutral/probe_r3__P19H__s44.mp4,True,0.5003798007965088,0.44829946756362915,0.21153846153846154,0.23076923076923078,0.9951348304748535,0.9121732636295744,0.7875918745994568,75.45855712890625,0.7019528150558472,5.520672798156738,104,121,0.9636756777763367
R3,P20H,44,high,train_rush_1,neutral,misc/2026-09-08_collapse_probe/out/r3/base_cond_neutral/probe_r3__P20H__s44.mp4,True,0.18428173661231995,0.19801059365272522,0.18269230769230768,0.125,0.9619733691215515,0.8518937373306307,0.9509953260421753,156.3964385986328,1.6135187149047852,1.6611948013305664,104,121,1.0341235399246216
R3,P21H,44,high,train_rush_0,neutral,misc/2026-09-08_collapse_probe/out/r3/base_cond_neutral/probe_r3__P21H__s44.mp4,True,0.1165403425693512,0.11332941055297852,0.5288461538461539,0.0,0.9971888065338135,0.9744585511575804,0.9926005005836487,128.82159423828125,1.138692855834961,1.0671722888946533,104,121,1.0289900302886963
R3,P22H,44,high,money_rain_3,neutral,misc/2026-09-08_collapse_probe/out/r3/base_cond_neutral/probe_r3__P22H__s44.mp4,True,0.2675623297691345,0.26690274477005005,0.11538461538461539,0.019230769230769232,0.9869688749313354,0.9810092819801559,0.9672536849975586,111.67495727539062,1.0177092552185059,1.326119065284729,104,121,1.0291283130645752
R3,P23H,44,high,glitch_1,neutral,misc/2026-09-08_collapse_probe/out/r3/base_cond_neutral/probe_r3__P23H__s44.mp4,True,0.07674111425876617,0.07952975481748581,0.8557692307692307,0.10576923076923077,0.9976266026496887,0.9932252213805614,0.6090304851531982,126.36942291259766,1.0887621641159058,1.0386881828308105,104,121,1.007401466369629
R3,P24H,44,high,acid_0,neutral,misc/2026-09-08_collapse_probe/out/r3/base_cond_neutral/probe_r3__P24H__s44.mp4,True,0.20775490999221802,0.30391713976860046,0.18269230769230768,0.028846153846153848,1.0468547344207764,0.7816920943134537,0.9733414053916931,86.88980865478516,0.9229518175125122,2.3416504859924316,104,121,0.9585490226745605
R3,P25H,44,high,luminous_gaze_3,neutral,misc/2026-09-08_collapse_probe/out/r3/base_cond_neutral/probe_r3__P25H__s44.mp4,True,0.2557911276817322,0.24941781163215637,0.28846153846153844,0.057692307692307696,0.9998032450675964,0.9971087165261924,0.9517388343811035,70.53910827636719,0.5685437321662903,1.7622014284133911,104,121,1.010129690170288
R3,P26H,44,high,saint_glow_3,neutral,misc/2026-09-08_collapse_probe/out/r3/base_cond_neutral/probe_r3__P26H__s44.mp4,True,0.06909513473510742,0.09503955394029617,0.7596153846153846,0.038461538461538464,1.0135871171951294,0.9725808172410115,0.9914847016334534,93.58009338378906,0.8911552429199219,1.1859456300735474,104,121,1.0168626308441162
R3,P27H,44,high,live_concert_4,neutral,misc/2026-09-08_collapse_probe/out/r3/base_cond_neutral/probe_r3__P27H__s44.mp4,True,0.2990035116672516,0.2952837347984314,0.4807692307692308,0.125,0.8920267224311829,0.8166542195668409,0.7707093954086304,94.75691986083984,1.2271840572357178,2.0947818756103516,104,121,0.9905967712402344
R3,P28H,44,high,animalization_0,neutral,misc/2026-09-08_collapse_probe/out/r3/base_cond_neutral/probe_r3__P28H__s44.mp4,True,0.23922628164291382,0.31214433908462524,0.18269230769230768,0.10576923076923077,0.925432562828064,0.9959137949429212,0.9683091640472412,114.76235961914062,0.9787381291389465,1.706886887550354,104,121,1.020148515701294
R3,P29H,44,high,shadow_3,neutral,misc/2026-09-08_collapse_probe/out/r3/base_cond_neutral/probe_r3__P29H__s44.mp4,True,0.18968987464904785,0.23379755020141602,0.23076923076923078,0.04807692307692308,0.9984421133995056,0.9941640883388457,0.8552756309509277,99.44292449951172,1.1566120386123657,1.426743745803833,104,121,1.0136805772781372
R3,P30H,44,high,gas_transformation_1,neutral,misc/2026-09-08_collapse_probe/out/r3/base_cond_neutral/probe_r3__P30H__s44.mp4,True,0.1686132252216339,0.16155046224594116,0.4326923076923077,0.07692307692307693,1.0015758275985718,0.9808065720687081,0.9461609125137329,126.38041687011719,0.9242243766784668,1.2676899433135986,104,121,0.9644806385040283
R3,P01L,44,low,wireframe_7,neutral,misc/2026-09-08_collapse_probe/out/r3/base_cond_neutral/probe_r3__P01L__s44.mp4,True,0.33919811248779297,0.3547915816307068,0.11538461538461539,0.019230769230769232,0.9951861500740051,0.7501653686119707,0.9426734447479248,70.27318572998047,0.7096536755561829,2.0284714698791504,104,121,0.19440126419067383
R3,P06L,44,low,explosion_0,neutral,misc/2026-09-08_collapse_probe/out/r3/base_cond_neutral/probe_r3__P06L__s44.mp4,True,0.22569355368614197,0.3431747853755951,0.0673076923076923,0.125,0.886768102645874,0.7581243998719727,0.9698187112808228,85.10115051269531,0.8900290727615356,2.4355952739715576,104,121,0.6390891671180725
R3,P09L,44,low,point_cloud_0,neutral,misc/2026-09-08_collapse_probe/out/r3/base_cond_neutral/probe_r3__P09L__s44.mp4,True,0.4033232033252716,0.3910231292247772,0.009615384615384616,0.019230769230769232,0.9098262190818787,0.5056652085778299,0.8816663026809692,97.35415649414062,0.9040369391441345,4.0954084396362305,104,121,0.5432265996932983
R3,P10L,44,low,monstrosity_0,neutral,misc/2026-09-08_collapse_probe/out/r3/base_cond_neutral/probe_r3__P10L__s44.mp4,True,0.3602093458175659,0.31500259041786194,0.1346153846153846,0.2980769230769231,0.9703613519668579,0.9995625733489811,0.36199885606765747,83.91529083251953,0.7082663178443909,1.6265335083007812,104,121,0.5050454139709473
R3,P11L,44,low,water_element_3,neutral,misc/2026-09-08_collapse_probe/out/r3/base_cond_neutral/probe_r3__P11L__s44.mp4,True,0.2532142996788025,0.24015620350837708,0.36538461538461536,0.04807692307692308,1.0476481914520264,0.9573669049397205,0.9120466113090515,73.18097686767578,0.49184930324554443,1.446028470993042,104,121,0.41026628017425537
R3,P14L,44,low,fire_element_2,neutral,misc/2026-09-08_collapse_probe/out/r3/base_cond_neutral/probe_r3__P14L__s44.mp4,True,0.21155118942260742,0.22146786749362946,0.3269230769230769,0.2403846153846154,0.9901508688926697,0.9902272484796758,0.8111931681632996,91.9881362915039,0.7539554834365845,1.4270298480987549,104,121,0.3318883180618286
R3,P17L,44,low,color_rain_0,neutral,misc/2026-09-08_collapse_probe/out/r3/base_cond_neutral/probe_r3__P17L__s44.mp4,True,0.29040953516960144,0.2992430329322815,0.22115384615384615,0.04807692307692308,1.001643180847168,0.9960311533127069,0.8862415552139282,97.96591186523438,0.8118918538093567,1.8824623823165894,104,121,0.30692970752716064
R3,P19L,44,low,earth_element_4,neutral,misc/2026-09-08_collapse_probe/out/r3/base_cond_neutral/probe_r3__P19L__s44.mp4,True,0.317879855632782,0.3176726996898651,0.15384615384615385,0.18269230769230768,0.9857543706893921,0.9937373306305347,0.8953229188919067,81.46405029296875,0.7486059665679932,2.3763558864593506,104,121,0.8303700685501099
R3,P23L,44,low,glitch_1,neutral,misc/2026-09-08_collapse_probe/out/r3/base_cond_neutral/probe_r3__P23L__s44.mp4,True,0.14350175857543945,0.14143112301826477,0.3557692307692308,0.18269230769230768,0.9917843341827393,0.997364771151179,0.6829613447189331,133.5798797607422,1.1641076803207397,1.1073333024978638,104,121,0.14251798391342163
R3,P28L,44,low,animalization_0,neutral,misc/2026-09-08_collapse_probe/out/r3/base_cond_neutral/probe_r3__P28L__s44.mp4,True,0.16440147161483765,0.21102721989154816,0.36538461538461536,0.038461538461538464,1.051833152770996,0.9708417795796438,0.9841864109039307,105.6938705444336,1.2830419540405273,1.3998239040374756,104,121,0.4684293270111084
