space,group,key,s0,d_frames,rmse_fit,rmse_lerp,rmse_cut,rho_mean,rho_at_cross,nu_mean
PIX,S-GRID:NULLGEN,null_v2__hero_flight_1__s42,0.67,8.0,0.0292081463650022,0.3133978890499535,0.0639831908326313,0.2210643481188263,0.5303035404312153,0.2288860473531197
PIX,S-GRID:NULLGEN,null_v2__hero_flight_1__s43,0.61,8.0,0.0531913208607083,0.2583190972937574,0.0777375919637095,0.2817447714835451,0.4930518344496231,0.2896386114895272
PIX,S-GRID:NULLGEN,null_v2__shadow_smoke_2__s42,0.315,12.0,0.0192125727047392,0.2673155536169264,0.0804858703633424,0.140860798506925,0.4930028224711945,0.151154879153849
PIX,S-GRID:NULLGEN,null_v2__shadow_smoke_2__s43,0.145,8.0,0.0239971803370308,0.3920802230688882,0.0711030503724456,0.152621589155345,0.4671132356790842,0.1586192641323301
PIX,S-GRID:NULLGEN,null_v2__hero_flight_5__s42,0.07,2.0,0.0320288974292327,0.4767077116802014,0.0358936000182317,0.1748556868609757,0.3309405592650606,0.1768226014769107
PIX,S-GRID:NULLGEN,null_v2__hero_flight_5__s43,0.09,16.0,0.0425413036046556,0.4079773797179288,0.1027260417651613,0.2371374468316011,0.6744769996631937,0.2442988436626879
PIX,S-GRID:NULLGEN,null_v2__shadow_smoke_0__s42,0.015,32.0,0.1349427086662058,0.3331784096040967,0.168035243135236,0.406820658451639,1.5586450436755068,0.4280880617900888
PIX,S-GRID:NULLGEN,null_v2__shadow_smoke_0__s43,0.075,32.0,0.1269842094888459,0.2558017458404933,0.1827849001757152,0.5091228301633318,1.2805689740479782,0.5332339960152422
PIX,S-GRID:NULLGEN,null_v2__hero_flight_6__s42,0.06,32.0,0.0855631374896689,0.3012449606534261,0.1501193356454497,0.4029069266137605,0.3959739023068634,0.4298492422832633
PIX,S-GRID:NULLGEN,null_v2__hero_flight_6__s43,0.0,16.0,0.1361457519039543,0.3806971742315683,0.15651805492377,0.544199586006069,1.2523479005657152,0.5645584179714126
PIX,S-GRID:NULLGEN,null_v2__shadow_smoke_7__s42,0.08,8.0,0.046863936273159,0.4215419160347347,0.0675255498916546,0.3391378805618752,0.6972356880500351,0.3456490430093854
PIX,S-GRID:NULLGEN,null_v2__shadow_smoke_7__s43,0.075,32.0,0.0934673363389417,0.3384211098747985,0.1889079539847713,0.2505468956374108,0.7488188613879729,0.2676148143892822
PIX,S-GRID:NULLGEN,null_v2__display_transition_1__s42,0.38,3.0,0.0689019032124017,0.2433446171624549,0.0724897118716489,0.2357582415578122,0.4874606392264446,0.2413876189184782
PIX,S-GRID:NULLGEN,null_v2__display_transition_1__s43,0.56,16.0,0.0268479316781997,0.2706372393665534,0.0938578946468967,0.2948782002401254,0.5693704516918364,0.3070975556012955
PIX,S-GRID:NULLGEN,null_v2__earth_wave_3__s42,0.145,32.0,0.0790987402315066,0.2622402579433213,0.1727235054717858,0.3666087381828987,0.8093509921711749,0.3840213257072299
PIX,S-GRID:NULLGEN,null_v2__earth_wave_3__s43,0.035,48.0,0.1095047802353895,0.2528808075493562,0.1932101723781684,0.4707783446170438,0.9911923600210768,0.4958848704392314
PIX,S-GRID:NULLGEN,null_v2__melt_transition_2__s42,0.415,12.0,0.0409492027555123,0.2494656735950071,0.0869193905261593,0.1162827585354011,0.5978718216632747,0.123616536683472
PIX,S-GRID:NULLGEN,null_v2__melt_transition_2__s43,0.37,16.0,0.0698301196819225,0.2245999455977144,0.1053663856629381,0.2697488381284625,0.7454472235370179,0.280924214218877
PIX,S-GRID:NULLGEN,null_v2__raven_transition_2__s42,0.355,3.0,0.0634361376040161,0.2792424666442328,0.0672239948716591,0.1960134453258846,0.273350700319752,0.2016535214967129
PIX,S-GRID:NULLGEN,null_v2__raven_transition_2__s43,0.17,3.0,0.1109924680346347,0.3243070484592997,0.1145102813249187,0.2825735473705847,0.4809618600996522,0.2968450408983166
PIX,S-GRID:NULLGEN,null_v2__air_bending_1__s42,0.45,12.0,0.0391500537106365,0.2553735636433856,0.0944536850108982,0.0976286645209291,0.6290826550700562,0.1049910417332916
PIX,S-GRID:NULLGEN,null_v2__air_bending_1__s43,0.32,8.0,0.0265739997852275,0.2879515024742019,0.04934141265362,0.1170496366025462,0.4325432027012749,0.1221512787231659
PIX,S-GRID:NULLGEN,null_v2__giant_grab_3__s42,0.0,80.0,0.0471196717196975,0.1389088174917827,0.2338136534776896,0.5133225985453973,0.7667217484421343,0.5567821304142133
PIX,S-GRID:NULLGEN,null_v2__giant_grab_3__s43,0.485,12.0,0.0823482008152985,0.2251678219754763,0.0933835772295163,0.3306367526007963,0.2268690462030421,0.3403069260379365
PIX,S-GRID:NULLGEN,null_v2__water_bending_3__s42,0.455,12.0,0.0622079261183342,0.2113151153340755,0.1037851347832844,0.246401157858364,0.5063370378357472,0.2598361042544037
PIX,S-GRID:NULLGEN,null_v2__water_bending_3__s43,0.3,3.0,0.0391478696743271,0.2955717134809931,0.0468839317914863,0.2567993291570006,1.171576872575692,0.2602054803116743
PIX,S-GRID:NULLGEN,null_v2__firelava_4__s42,0.35,12.0,0.0367418565954483,0.2456525099608971,0.0995206816953176,0.2494155164503646,0.5410604988113543,0.2604706717663297
PIX,S-GRID:NULLGEN,null_v2__firelava_4__s43,0.425,3.0,0.0774001348317107,0.2162915260484855,0.084515069191377,0.2686100388219881,0.5442318620414144,0.2773235417593921
PIX,S-GRID:NULLGEN,null_v2__flying_cam_transition_4__s42,0.35,12.0,0.0424472404039028,0.2469040627972357,0.1019704026062198,0.2049954449153755,0.2586348665277465,0.2203946199451217
PIX,S-GRID:NULLGEN,null_v2__flying_cam_transition_4__s43,0.39,24.0,0.0446400522247744,0.1868514714962653,0.1365904031486294,0.2585099332842835,0.3208872112067996,0.2843217429569553
PIX,S-GRID-F:NULLGEN,gridF_v2__davis_bear_elephant__s42,0.555,8.0,0.0994612725620585,0.2392167612681417,0.1195135472240144,0.3638067779669099,0.7332176856160331,0.3795353549373313
PIX,S-GRID-F:NULLGEN,gridF_v2__davis_bear_elephant__s43,0.17,32.0,0.1229427706678413,0.2181296116705046,0.1327090168293099,0.3927226888777843,0.6897999011181347,0.4116651967607666
PIX,S-GRID-F:NULLGEN,gridF_v2__davis_tennis_snowboard__s42,0.09,104.0,0.0887965744340794,0.1210450863469415,0.25122084537496,0.8008857278373511,1.2006420627897345,0.8366032307071809
PIX,S-GRID-F:NULLGEN,gridF_v2__davis_tennis_snowboard__s43,0.025,104.0,0.1112757095076519,0.1140610103183715,0.2793205505546091,0.7348233438704433,0.7462119674202063,0.7858698318237373
PIX,S-GRID-F:NULLGEN,gridF_v2__davis_blackswan_rhino__s42,0.025,104.0,0.1567862654995875,0.1587062357857293,0.2437012014744812,0.586532166447242,0.7715944576558725,0.6282428083633196
PIX,S-GRID-F:NULLGEN,gridF_v2__davis_blackswan_rhino__s43,0.025,104.0,0.0901529792539276,0.0932035567894617,0.2374128357553069,0.5761289278385163,0.7549669867725536,0.6178058470008388
PIX,S-GRID:NULLGEN,null_v3__hero_flight_1__s42,0.67,8.0,0.0292081463650022,0.3133978890499535,0.0639831908326313,0.2210643481188263,0.5303035404312153,0.2288860473531197
PIX,S-GRID:NULLGEN,null_v3__hero_flight_1__s43,0.61,8.0,0.0531913208607083,0.2583190972937574,0.0777375919637095,0.2817447714835451,0.4930518344496231,0.2896386114895272
PIX,S-GRID:NULLGEN,null_v3__shadow_smoke_2__s42,0.315,12.0,0.0192125727047392,0.2673155536169264,0.0804858703633424,0.140860798506925,0.4930028224711945,0.151154879153849
PIX,S-GRID:NULLGEN,null_v3__shadow_smoke_2__s43,0.145,8.0,0.0239971803370308,0.3920802230688882,0.0711030503724456,0.152621589155345,0.4671132356790842,0.1586192641323301
PIX,S-GRID:NULLGEN,null_v3__hero_flight_5__s42,0.07,2.0,0.0320288974292327,0.4767077116802014,0.0358936000182317,0.1748556868609757,0.3309405592650606,0.1768226014769107
PIX,S-GRID:NULLGEN,null_v3__hero_flight_5__s43,0.09,16.0,0.0425413036046556,0.4079773797179288,0.1027260417651613,0.2371374468316011,0.6744769996631937,0.2442988436626879
PIX,S-GRID:NULLGEN,null_v3__shadow_smoke_0__s42,0.015,32.0,0.1349427086662058,0.3331784096040967,0.168035243135236,0.406820658451639,1.5586450436755068,0.4280880617900888
PIX,S-GRID:NULLGEN,null_v3__shadow_smoke_0__s43,0.075,32.0,0.1269842094888459,0.2558017458404933,0.1827849001757152,0.5091228301633318,1.2805689740479782,0.5332339960152422
PIX,S-GRID:NULLGEN,null_v3__air_bending_1__s42,0.45,12.0,0.0391500537106365,0.2553735636433856,0.0944536850108982,0.0976286645209291,0.6290826550700562,0.1049910417332916
PIX,S-GRID:NULLGEN,null_v3__air_bending_1__s43,0.32,8.0,0.0265739997852275,0.2879515024742019,0.04934141265362,0.1170496366025462,0.4325432027012749,0.1221512787231659
PIX,S-GRID:NULLGEN,null_v3__display_transition_1__s42,0.38,3.0,0.0689019032124017,0.2433446171624549,0.0724897118716489,0.2357582415578122,0.4874606392264446,0.2413876189184782
PIX,S-GRID:NULLGEN,null_v3__display_transition_1__s43,0.56,16.0,0.0268479316781997,0.2706372393665534,0.0938578946468967,0.2948782002401254,0.5693704516918364,0.3070975556012955
PIX,S-GRID:NULLGEN,null_v3__earth_wave_3__s42,0.145,32.0,0.0790987402315066,0.2622402579433213,0.1727235054717858,0.3666087381828987,0.8093509921711749,0.3840213257072299
PIX,S-GRID:NULLGEN,null_v3__earth_wave_3__s43,0.035,48.0,0.1095047802353895,0.2528808075493562,0.1932101723781684,0.4707783446170438,0.9911923600210768,0.4958848704392314
PIX,S-GRID:NULLGEN,null_v3__earth_wave_5__s42,0.375,16.0,0.0299432331935793,0.2294284066172484,0.0940640724362865,0.2371123681033734,0.6722428542344513,0.2467139700449159
PIX,S-GRID:NULLGEN,null_v3__earth_wave_5__s43,0.3,32.0,0.0298615133373432,0.2056529128259508,0.1357218407244957,0.2517520488024053,0.6782282968581389,0.2680266064857468
PIX,S-GRID:NULLGEN,null_v3__firelava_4__s42,0.35,12.0,0.0367418565954483,0.2456525099608971,0.0995206816953176,0.2494155164503646,0.5410604988113543,0.2604706717663297
PIX,S-GRID:NULLGEN,null_v3__firelava_4__s43,0.425,3.0,0.0774001348317107,0.2162915260484855,0.084515069191377,0.2686100388219881,0.5442318620414144,0.2773235417593921
PIX,S-GRID:NULLGEN,null_v3__hero_flight_6__s42,0.06,32.0,0.0855631374896689,0.3012449606534261,0.1501193356454497,0.4029069266137605,0.3959739023068634,0.4298492422832633
PIX,S-GRID:NULLGEN,null_v3__hero_flight_6__s43,0.0,16.0,0.1361457519039543,0.3806971742315683,0.15651805492377,0.544199586006069,1.2523479005657152,0.5645584179714126
PIX,S-GRID:NULLGEN,null_v3__melt_transition_2__s42,0.415,12.0,0.0409492027555123,0.2494656735950071,0.0869193905261593,0.1162827585354011,0.5978718216632747,0.123616536683472
PIX,S-GRID:NULLGEN,null_v3__melt_transition_2__s43,0.37,16.0,0.0698301196819225,0.2245999455977144,0.1053663856629381,0.2697488381284625,0.7454472235370179,0.280924214218877
PIX,S-GRID:NULLGEN,null_v3__raven_transition_2__s42,0.355,3.0,0.0634361376040161,0.2792424666442328,0.0672239948716591,0.1960134453258846,0.273350700319752,0.2016535214967129
PIX,S-GRID:NULLGEN,null_v3__raven_transition_2__s43,0.17,3.0,0.1109924680346347,0.3243070484592997,0.1145102813249187,0.2825735473705847,0.4809618600996522,0.2968450408983166
PIX,S-GRID:NULLGEN,null_v3__water_bending_3__s42,0.455,12.0,0.0622079261183342,0.2113151153340755,0.1037851347832844,0.246401157858364,0.5063370378357472,0.2598361042544037
PIX,S-GRID:NULLGEN,null_v3__water_bending_3__s43,0.3,3.0,0.0391478696743271,0.2955717134809931,0.0468839317914863,0.2567993291570006,1.171576872575692,0.2602054803116743
PIX,S-GRID:NULLGEN,null_v3__flame_transition_2__s42,0.24,2.0,0.0621274138834277,0.3209627408062932,0.063899341029263,0.4846019451352145,1.0706905122987125,0.4868218116377397
PIX,S-GRID:NULLGEN,null_v3__flame_transition_2__s43,0.375,1.0,0.0729764273448597,0.2487928017647628,0.0754147047902419,0.2750553637664967,0.4809888174339711,0.2813331786967381
PIX,S-GRID:NULLGEN,null_v3__flame_transition_3__s42,0.21,5.0,0.0825924306006798,0.3052472686582643,0.0973976394065666,0.2315621549221054,0.4565976580390989,0.2398706596654159
PIX,S-GRID:NULLGEN,null_v3__flame_transition_3__s43,0.165,8.0,0.0365211769223987,0.3637250497098322,0.0630429283931017,0.2172807873091776,0.397502831094494,0.2245346069821662
PIX,S-GRID:NULLGEN,null_v3__giant_grab_5__s42,0.01,64.0,0.0593974452806689,0.1980731256551878,0.2324208748818627,0.4408130278024189,0.7389835757459747,0.4832376435769227
PIX,S-GRID:NULLGEN,null_v3__giant_grab_5__s43,0.075,80.0,0.0797181622725339,0.0916259942868319,0.2774019465112933,0.4381335353788331,0.6897483530860626,0.5021586526978039
PIX,S-GRID:NULLGEN,null_v3__shadow_smoke_7__s42,0.08,8.0,0.046863936273159,0.4215419160347347,0.0675255498916546,0.3391378805618752,0.6972356880500351,0.3456490430093854
PIX,S-GRID:NULLGEN,null_v3__shadow_smoke_7__s43,0.075,32.0,0.0934673363389417,0.3384211098747985,0.1889079539847713,0.2505468956374108,0.7488188613879729,0.2676148143892822
PIX,S-GRID:NULLGEN,null_v3__giant_grab_3__s42,0.0,80.0,0.0471196717196975,0.1389088174917827,0.2338136534776896,0.5133225985453973,0.7667217484421343,0.5567821304142133
PIX,S-GRID:NULLGEN,null_v3__giant_grab_3__s43,0.485,12.0,0.0823482008152985,0.2251678219754763,0.0933835772295163,0.3306367526007963,0.2268690462030421,0.3403069260379365
PIX,S-GRID:NULLGEN,null_v3__flying_cam_transition_4__s42,0.35,12.0,0.0424472404039028,0.2469040627972357,0.1019704026062198,0.2049954449153755,0.2586348665277465,0.2203946199451217
PIX,S-GRID:NULLGEN,null_v3__flying_cam_transition_4__s43,0.39,24.0,0.0446400522247744,0.1868514714962653,0.1365904031486294,0.2585099332842835,0.3208872112067996,0.2843217429569553
PIX,S-GRID-F:NULLGEN,gridF_v3__davis_bear_elephant__s42,0.555,8.0,0.0994612725620585,0.2392167612681417,0.1195135472240144,0.3638067779669099,0.7332176856160331,0.3795353549373313
PIX,S-GRID-F:NULLGEN,gridF_v3__davis_bear_elephant__s43,0.17,32.0,0.1229427706678413,0.2181296116705046,0.1327090168293099,0.3927226888777843,0.6897999011181347,0.4116651967607666
PIX,S-GRID-F:NULLGEN,gridF_v3__davis_tennis_snowboard__s42,0.09,104.0,0.0887965744340794,0.1210450863469415,0.25122084537496,0.8008857278373511,1.2006420627897345,0.8366032307071809
PIX,S-GRID-F:NULLGEN,gridF_v3__davis_tennis_snowboard__s43,0.025,104.0,0.1112757095076519,0.1140610103183715,0.2793205505546091,0.7348233438704433,0.7462119674202063,0.7858698318237373
PIX,S-GRID-F:NULLGEN,gridF_v3__hvpair.humanvid_10042758.humanvid_7537430__s42,0.365,0.5,0.0115469601681758,0.3017247605908151,0.0115469601681758,0.1253463372634857,0.2325251384785329,0.125706750215659
PIX,S-GRID-F:NULLGEN,gridF_v3__hvpair.humanvid_10042758.humanvid_7537430__s43,0.26,8.0,0.0216304937778476,0.3221545909661676,0.0658130349810167,0.1138498478021937,0.5452002769397815,0.1208294549131837
PIX,S-GRID-F:NULLGEN,gridF_v3__hvpair.humanvid_12405668.humanvid_7539020__s42,0.24,48.0,0.0549543800395047,0.148155900391804,0.177075087748769,0.3570869803951814,0.7662204533617665,0.3840838547343699
PIX,S-GRID-F:NULLGEN,gridF_v3__hvpair.humanvid_12405668.humanvid_7539020__s43,0.21,64.0,0.1275991679461774,0.1552421812621164,0.1736703747655183,0.4436968911108863,0.5116273926847938,0.4673969347204555
PIX,S-GRID-F:NULLGEN,gridF_v3__hvpair.humanvid_2402374.humanvid_7663067__s42,0.48,1.0,0.0303190667247351,0.2632353792274958,0.0306032233422998,0.1771903681374335,0.1768450510468539,0.1788894189451113
PIX,S-GRID-F:NULLGEN,gridF_v3__hvpair.humanvid_2402374.humanvid_7663067__s43,0.065,0.5,0.012055601305299,0.4973949084987084,0.012055601305299,0.0912101518493279,0.1320417792814785,0.0918579427732799
PIX,S-GRID-F:NULLGEN,gridF_v3__hvpair.humanvid_3795426.humanvid_7670221__s42,0.085,0.5,0.0134106985392691,0.4947084993081395,0.0134106985392691,0.039541281053546,0.0227945922062631,0.040711792838814
PIX,S-GRID-F:NULLGEN,gridF_v3__hvpair.humanvid_3795426.humanvid_7670221__s43,0.09,2.0,0.0112413295708242,0.4934399683677217,0.016306425002574,0.0824058909824664,0.2647227282140005,0.0832280181628545
PIX,S-GRID-F:NULLGEN,gridF_v3__hvpair.humanvid_4058810.humanvid_7682587__s42,0.44,5.0,0.0228457668168421,0.2605887157866383,0.0419362126861858,0.1001355551482413,0.4102640656484357,0.1061782054144128
PIX,S-GRID-F:NULLGEN,gridF_v3__hvpair.humanvid_4058810.humanvid_7682587__s43,0.265,5.0,0.0227183355658857,0.3296094020411171,0.0376398965146884,0.1080835709774634,0.3436217953528919,0.1113572485764488
PIX,S-GRID-F:NULLGEN,gridF_v3__hvpair.humanvid_4076737.humanvid_7707744__s42,0.085,2.0,0.0466009531313964,0.4550590170508461,0.0466021742781713,0.2670215990719645,0.3048961848619314,0.2703904493070165
PIX,S-GRID-F:NULLGEN,gridF_v3__hvpair.humanvid_4076737.humanvid_7707744__s43,0.085,8.0,0.0510490711313127,0.4203931043131868,0.0703583282622317,0.2999399606020665,0.5080443782074486,0.3074804043777357
PIX,S-GRID-F:NULLGEN,gridF_v3__hvpair.humanvid_4223661.humanvid_7772314__s42,0.24,2.0,0.0230947109904039,0.3663743856231388,0.0314672512337197,0.0677226140674268,0.5502272308092679,0.0688296031319788
PIX,S-GRID-F:NULLGEN,gridF_v3__hvpair.humanvid_4223661.humanvid_7772314__s43,0.2,16.0,0.013185962030364,0.3325176880176653,0.0877623509362835,0.1062585301894464,0.5798756130197862,0.1164040773393276
PIX,S-GRID-F:NULLGEN,gridF_v3__hvpair.humanvid_4325522.humanvid_7776745__s42,0.435,24.0,0.042053181657232,0.2255319028088318,0.1397706312535235,0.1260424477104523,0.4411304031888571,0.1457820551285849
PIX,S-GRID-F:NULLGEN,gridF_v3__hvpair.humanvid_4325522.humanvid_7776745__s43,0.215,32.0,0.0709343676616288,0.2353885483152076,0.1809828797822435,0.2108418493331789,0.6484738208370856,0.2380691629897892
PIX,S-GRID-F:NULLGEN,gridF_v3__davis_blackswan_rhino__s42,0.025,104.0,0.1567862654995875,0.1587062357857293,0.2437012014744812,0.586532166447242,0.7715944576558725,0.6282428083633196
PIX,S-GRID-F:NULLGEN,gridF_v3__davis_blackswan_rhino__s43,0.025,104.0,0.0901529792539276,0.0932035567894617,0.2374128357553069,0.5761289278385163,0.7549669867725536,0.6178058470008388
PIX,S-GRID-F:NULLGEN,gridF_v3__hvpair.humanvid_4457812.humanvid_7864986__s42,0.4,12.0,0.0368303590473336,0.2379694915634835,0.0700741172237219,0.1893353435900273,0.4696995570904283,0.1980038329504463
PIX,S-GRID-F:NULLGEN,gridF_v3__hvpair.humanvid_4457812.humanvid_7864986__s43,0.635,3.0,0.0781448118438725,0.2446927928684336,0.082712645354532,0.2568869591705461,0.2879226306254142,0.2645773614698246
PIX,S-GRID-F:NULLGEN,gridF_v3__hvpair.humanvid_4650062.humanvid_7884019__s42,0.44,8.0,0.0416137281923026,0.2510178538177023,0.0821179445565194,0.2263031012193163,0.8681837888130174,0.2320782306976851
PIX,S-GRID-F:NULLGEN,gridF_v3__hvpair.humanvid_4650062.humanvid_7884019__s43,0.035,80.0,0.1430243049821683,0.1779017975095169,0.1932631525859871,0.4391397602613747,0.8102879167807412,0.4659801934442709
PIX,S-GRID-F:NULLGEN,gridF_v3__hvpair.humanvid_4734626.humanvid_7957231__s42,0.0,48.0,0.1516000016011836,0.2557025229907653,0.2250058384301508,0.4654368044879969,0.6101256025679581,0.5068663251018858
PIX,S-GRID-F:NULLGEN,gridF_v3__hvpair.humanvid_4734626.humanvid_7957231__s43,0.075,104.0,0.1650019009583955,0.1777325253460962,0.2563050457138008,0.4766867404384411,0.4253713512858273,0.5332773617012806
PIX,S-GRID-F:NULLGEN,gridF_v3__hvpair.humanvid_4873451.humanvid_7969628__s42,0.595,5.0,0.0873131914784351,0.2195705060588494,0.0887435932213418,0.2595612919360724,0.3236564346709045,0.275118479938114
PIX,S-GRID-F:NULLGEN,gridF_v3__hvpair.humanvid_4873451.humanvid_7969628__s43,0.325,32.0,0.0882510725941082,0.1673422924119476,0.1349767025066189,0.3192131232742886,0.4634064990379372,0.341619260860028
PIX,S-GRID-F:NULLGEN,gridF_v3__hvpair.humanvid_5124224.humanvid_7970355__s42,0.635,2.0,0.0519188091136156,0.2700542491958988,0.0546120232079965,0.232396884384092,0.118572295253775,0.2366630267757599
PIX,S-GRID-F:NULLGEN,gridF_v3__hvpair.humanvid_5124224.humanvid_7970355__s43,0.5700000000000001,2.0,0.0811235693426084,0.2393162787637243,0.0880267137441998,0.2008536016915063,0.0934643503371893,0.2089916780397414
PIX,S-GRID:GT,GT__air_bending_1,0.16,80.0,0.0550434960743095,0.099840524190015,0.246267265342912,0.5767964398003265,1.051457072913789,0.6109960371717197
PIX,S-GRID:GT,GT__display_transition_1,0.035,104.0,0.0971256622315939,0.1027144681479613,0.2765726489448354,0.6686978842016376,0.833837532264883,0.7165115191143733
PIX,S-GRID:GT,GT__earth_wave_3,0.0,104.0,0.1433901515900583,0.1433901515900583,0.2886694689982682,0.7107398872005689,0.8339997172644077,0.7601179706456775
PIX,S-GRID:GT,GT__earth_wave_5,0.0,80.0,0.118889563658575,0.1816444786052279,0.2955942129300803,0.4803573828120221,0.6861412869502017,0.5461660919786787
PIX,S-GRID:GT,GT__firelava_4,0.245,64.0,0.0495355936125832,0.1102102049018606,0.2114455202979147,0.5369369969965573,0.705013939787905,0.5715662093765744
PIX,S-GRID:GT,GT__flame_transition_2,0.405,32.0,0.044978371065823,0.229696223450052,0.1431374260440275,0.7261208498650163,1.3119006235769286,0.733327988563254
PIX,S-GRID:GT,GT__flame_transition_3,0.4,32.0,0.0573550801122371,0.1661213947910003,0.1438715133106098,0.512754066034728,1.0959517295774477,0.5258003784456949
PIX,S-GRID:GT,GT__flying_cam_transition_4,0.475,32.0,0.1892480607620625,0.2098254381580513,0.2430152547281979,0.5273311270555924,0.6943257570207493,0.5634849549181373
PIX,S-GRID:GT,GT__giant_grab_3,0.11,48.0,0.135586458321983,0.1920479427655217,0.1917326249717636,0.6246249160676609,0.9375484808728884,0.6539693268220638
PIX,S-GRID:GT,GT__giant_grab_5,0.0,104.0,0.1418770037744762,0.1418770037744762,0.3368818215734666,0.5793438588713925,0.8052004924675418,0.6604058020568552
PIX,S-GRID:GT,GT__hero_flight_1,0.16,104.0,0.1325160175184532,0.1966696459587162,0.1939917921067466,0.6050512819927731,0.5486230398064511,0.633297492162702
PIX,S-GRID:GT,GT__hero_flight_5,0.08,104.0,0.1055778334516409,0.12940534045701,0.2437506676322234,0.5395532665764292,0.6557456498666366,0.5844335880812304
PIX,S-GRID:GT,GT__hero_flight_6,0.03,80.0,0.1147218819613829,0.1236231631116184,0.2400750951879895,0.5834605126803377,0.6491128926814715,0.6276533438026889
PIX,S-GRID:GT,GT__melt_transition_2,0.24,48.0,0.0219921759047216,0.1551500332952825,0.1702949550968814,0.3432048788477582,0.7962159641531549,0.3671674119977947
PIX,S-GRID:GT,GT__raven_transition_2,0.0,104.0,0.0590330633433126,0.0590330633433126,0.2784334018070364,0.4425600280003571,0.5434431995723659,0.5172028437808535
PIX,S-GRID:GT,GT__shadow_smoke_0,0.0,104.0,0.074180206373033,0.074180206373033,0.2817630600358419,0.846885088945901,1.1718316256402448,0.885198643373977
PIX,S-GRID:GT,GT__shadow_smoke_2,0.015,80.0,0.0589094129495969,0.1226433474088354,0.2300315011756972,0.4837286880993877,0.6517492505311689,0.5280842842048983
PIX,S-GRID:GT,GT__shadow_smoke_7,0.0,104.0,0.062043760352882,0.062043760352882,0.2667833981432864,0.6405899079401808,0.7882177820122441,0.6873386143253564
PIX,S-GRID:GT,GT__water_bending_3,0.0,80.0,0.0887718920161322,0.1330309467424692,0.271020835640433,0.66863874370158,1.1190226829826728,0.7107057552620979
PIX,S-SWEEP:A_empty,sweep__class1__blackswan__mallard-water__A_empty__s42,0.4,48.0,0.0616112472754436,0.1846284625482042,0.1627885079423717,0.4995175504253181,0.6993649041925042,0.5224737732370006
PIX,S-SWEEP:A_word,sweep__class1__blackswan__mallard-water__A_word__s42,0.415,48.0,0.0443142783608143,0.2051222706938637,0.1667941901382924,0.4620664390169497,0.6950415320117036,0.4855360966538978
PIX,S-SWEEP:A_empty,sweep__class2__mallard-fly__mallard-water__A_empty__s42,0.445,48.0,0.1272069417542003,0.2219757622132233,0.1965291760325259,0.5995292985582802,0.7035369604426993,0.630879346405945
PIX,S-SWEEP:A_word,sweep__class2__mallard-fly__mallard-water__A_word__s42,0.44,48.0,0.1303538022902016,0.2183884695538326,0.202877443412367,0.5907922533825797,0.7174133006162525,0.6234580667584922
PIX,S-SWEEP:A_empty,sweep__class2__motocross-bumps__motocross-jump__A_empty__s42,0.775,24.0,0.1802492801657317,0.3555099588899346,0.2038117362757722,0.636509810846794,0.3464247334368349,0.6681535543366457
PIX,S-SWEEP:A_word,sweep__class2__motocross-bumps__motocross-jump__A_word__s42,0.72,32.0,0.1959888514496554,0.341431324584273,0.2228879261046615,0.6503405657530202,0.7118499115689514,0.6872763570892179
PIX,S-SWEEP:A_empty,sweep__class2__paragliding-launch__paragliding__A_empty__s42,0.07,80.0,0.0699032609455777,0.0791237384307714,0.2483719961284211,0.3813647323271991,0.4400262610494458,0.4542044627650384
PIX,S-SWEEP:A_word,sweep__class2__paragliding-launch__paragliding__A_word__s42,0.1,80.0,0.0901473708577737,0.0914592450476253,0.2225545389944983,0.3766157666425993,0.4889039965692991,0.4378016430764203
PIX,S-SWEEP:A_empty,sweep__class5__breakdance-flare__breakdance__A_empty__s42,0.04,3.0,0.1258083654096194,0.4139130714878054,0.1270600120888944,0.452174273343153,0.433713477445208,0.4696760801729787
PIX,S-SWEEP:A_word,sweep__class5__breakdance-flare__breakdance__A_word__s42,0.04,3.0,0.1261673629131616,0.4095302231961061,0.1274561909360556,0.4683475393285317,0.4837544628509139,0.485438790171172
PIX,S-SWEEP:A_empty,sweep__class5__car-roundabout__bus__A_empty__s42,0.035,104.0,0.1372283587155768,0.1410413512192491,0.3006843387414676,0.6099425704558022,0.8347299495597956,0.6700277836672719
PIX,S-SWEEP:A_word,sweep__class5__car-roundabout__bus__A_word__s42,0.115,104.0,0.1665210149124177,0.1919330335049948,0.2341356206057969,0.6109039266424521,0.9006538267380697,0.649512832396163
PIX,S-SWEEP:A_empty,sweep__class5__car-turn__car-shadow__A_empty__s42,0.135,80.0,0.0740519755774872,0.0996233495508267,0.1987897786056641,0.6014136612580879,0.7360939888058963,0.6305946734288707
PIX,S-SWEEP:A_word,sweep__class5__car-turn__car-shadow__A_word__s42,0.225,64.0,0.077651099556576,0.1098770662673963,0.1867109073431301,0.5958128429008259,0.7371972691720531,0.6226388931086835
PIX,S-SWEEP:A_empty,sweep__class5__lucia__hike__A_empty__s42,0.19,80.0,0.1142469587517113,0.1437818695806308,0.1929820928239208,0.4846338038285981,0.4772681450326138,0.5177620883815282
PIX,S-SWEEP:A_word,sweep__class5__lucia__hike__A_word__s42,0.205,80.0,0.1203890010780964,0.149968089609129,0.2017096837556599,0.4797650783469193,0.717152304832866,0.5179944953626451
PIX,S-SWEEP:A_empty,sweep__class6__longboard__kite-surf__A_empty__s42,0.0,64.0,0.1410588271207215,0.2033579545796823,0.2688654574250884,0.5847675887341726,0.8369027315529648,0.6377943230898719
PIX,S-SWEEP:A_word,sweep__class6__longboard__kite-surf__A_word__s42,0.0,104.0,0.1804423502456426,0.1804423502456426,0.2848354776498074,0.6126447545806799,0.8191456280181658,0.6660971572071087
PIX,S-SWEEP:A_empty,sweep__class8__blackswan__boat__A_empty__s42,0.65,24.0,0.1058522219964519,0.2731448891838189,0.1558797129241567,0.4062958190189787,0.4235679633022702,0.429415673900329
PIX,S-SWEEP:A_word,sweep__class8__blackswan__boat__A_word__s42,0.64,24.0,0.0943882414920952,0.2687894020997231,0.1515779284924446,0.3932256280416296,0.5407826024694687,0.4165715904186804
DINO,S-GRID:NULLGEN,null_v2__hero_flight_1__s42,0.625,16.0,0.0637911161179066,0.2910452719726324,0.1227697509523297,0.3297746295042145,0.8400948999319277,0.3426741467102767
DINO,S-GRID:NULLGEN,null_v2__hero_flight_1__s43,0.59,12.0,0.0820245790938159,0.2427306117855961,0.1082157306700762,0.3787381470948988,0.7619326542558299,0.3939785637068716
DINO,S-GRID:NULLGEN,null_v2__shadow_smoke_2__s42,0.315,12.0,0.0169361903508012,0.2706058470266251,0.0724682404539964,0.168010675902456,0.5022779249747147,0.1760777865993318
DINO,S-GRID:NULLGEN,null_v2__shadow_smoke_2__s43,0.14,8.0,0.0262722647254003,0.3933270575029294,0.0737793924673497,0.1694671475619199,0.4860892450458375,0.1756981144421233
DINO,S-GRID:NULLGEN,null_v2__hero_flight_5__s42,0.065,0.5,0.020774518780244,0.4907485634464752,0.020774518780244,0.1937141401550744,0.2188973596877415,0.1943733365501586
DINO,S-GRID:NULLGEN,null_v2__hero_flight_5__s43,0.055,16.0,0.0534526811566211,0.4294570410905654,0.0838979680597386,0.2364039832165171,0.7602724904370148,0.2425030391146453
DINO,S-GRID:NULLGEN,null_v2__shadow_smoke_0__s42,0.07,12.0,0.0613359239830735,0.4001593872962047,0.1018857681679685,0.2857281948903481,0.5658156008076105,0.2968444260728688
DINO,S-GRID:NULLGEN,null_v2__shadow_smoke_0__s43,0.125,24.0,0.0662468827447844,0.2864538598258752,0.134395327782177,0.3640571988479761,0.686087271789343,0.3818790860013554
DINO,S-GRID:NULLGEN,null_v2__hero_flight_6__s42,0.015,32.0,0.06485933715503,0.3798867875315088,0.1274633816785707,0.5152042426031073,0.9021008211938304,0.5314107136994446
DINO,S-GRID:NULLGEN,null_v2__hero_flight_6__s43,0.005,16.0,0.1257174717895088,0.3799533288522571,0.1553242853364533,0.8143212456243233,1.1609706208992765,0.8268829477821269
DINO,S-GRID:NULLGEN,null_v2__shadow_smoke_7__s42,0.065,8.0,0.0413614484369397,0.4428652649988951,0.0679360259592522,0.2713375777936509,0.6582736223864338,0.2760826326667001
DINO,S-GRID:NULLGEN,null_v2__shadow_smoke_7__s43,0.05,32.0,0.0803073324914824,0.3544547421967294,0.1411338193752935,0.2631198918606933,0.7786182898720674,0.2783877659917719
DINO,S-GRID:NULLGEN,null_v2__display_transition_1__s42,0.38,2.0,0.0237143224284324,0.2808237624111722,0.0368612743014075,0.1522290006144652,0.3251604181939199,0.1531132561162346
DINO,S-GRID:NULLGEN,null_v2__display_transition_1__s43,0.6950000000000001,16.0,0.0409712441802012,0.3532084398257921,0.1224499926798311,0.1801762487997179,0.8395061560536443,0.1913518569559268
DINO,S-GRID:NULLGEN,null_v2__earth_wave_3__s42,0.1,48.0,0.0778661394029822,0.2329847660681447,0.2274264238942438,0.3628767303899227,0.9451761764978458,0.3931146125178327
DINO,S-GRID:NULLGEN,null_v2__earth_wave_3__s43,0.02,48.0,0.044027785891265,0.2871502842267451,0.1752829663595425,0.3581754193966409,0.8664094917572158,0.3806813076146961
DINO,S-GRID:NULLGEN,null_v2__melt_transition_2__s42,0.375,16.0,0.0348391163034784,0.2445417353933322,0.1116238543929947,0.1582478448925718,0.8739274048219206,0.1675911852434458
DINO,S-GRID:NULLGEN,null_v2__melt_transition_2__s43,0.195,32.0,0.0508260244211268,0.2491313918841795,0.1280938116961977,0.2526387234072413,0.7774957919464294,0.2669139705441483
DINO,S-GRID:NULLGEN,null_v2__raven_transition_2__s42,0.165,32.0,0.1103131729224818,0.2636025080194778,0.1320224727994324,0.3673377156050728,0.369200592975019,0.3822601976338376
DINO,S-GRID:NULLGEN,null_v2__raven_transition_2__s43,0.02,32.0,0.0982311160902095,0.3395523852674511,0.1279587037021393,0.3770298568956312,0.554191912223784,0.3931230475101852
DINO,S-GRID:NULLGEN,null_v2__air_bending_1__s42,0.44,16.0,0.0503719601668906,0.2322918711826914,0.1145913228208881,0.2561616293351911,0.9145329685207771,0.2665921995371146
DINO,S-GRID:NULLGEN,null_v2__air_bending_1__s43,0.305,12.0,0.058537651064736,0.2464706058430003,0.0750906707612424,0.2880940184390095,0.5637069489877484,0.2979716544457164
DINO,S-GRID:NULLGEN,null_v2__giant_grab_3__s42,0.0,80.0,0.1159615767377621,0.1546515063766484,0.3007882096700262,0.6889525085256782,0.8286177277211246,0.7466977242083898
DINO,S-GRID:NULLGEN,null_v2__giant_grab_3__s43,0.47,16.0,0.0809055136200402,0.2022274416799965,0.109259689644833,0.4671995599463753,0.4358907385619454,0.4814753108863173
DINO,S-GRID:NULLGEN,null_v2__water_bending_3__s42,0.45,12.0,0.0596434436532179,0.2048721151986723,0.0996979196189896,0.2835562824453209,0.4695258640275807,0.2945118118506518
DINO,S-GRID:NULLGEN,null_v2__water_bending_3__s43,0.25,24.0,0.0430990185945816,0.2320871210383238,0.1403597764045465,0.3144986782196902,0.7816379398235233,0.3321321169286461
DINO,S-GRID:NULLGEN,null_v2__firelava_4__s42,0.29,24.0,0.074748011062846,0.2111252644397418,0.1371430099979189,0.3497541437285011,0.7391705736761943,0.3657410587452294
DINO,S-GRID:NULLGEN,null_v2__firelava_4__s43,0.325,32.0,0.0851820537044062,0.1682321428919646,0.1354945401547704,0.3714158085771716,0.913814201890878,0.389758728491729
DINO,S-GRID:NULLGEN,null_v2__flying_cam_transition_4__s42,0.375,12.0,0.0520769065839994,0.2202361195113926,0.0931208677365107,0.2696092342634232,0.503483689632226,0.2804439647153108
DINO,S-GRID:NULLGEN,null_v2__flying_cam_transition_4__s43,0.48,16.0,0.0350717396376268,0.2195366552803367,0.0961243489307733,0.2504359152268252,0.5286870399278906,0.263762356254472
DINO,S-GRID-F:NULLGEN,gridF_v2__davis_bear_elephant__s42,0.5650000000000001,16.0,0.0800507069437429,0.2177151764811651,0.1257025574447157,0.3984643172229257,0.7617251616918712,0.4123230953962685
DINO,S-GRID-F:NULLGEN,gridF_v2__davis_bear_elephant__s43,0.215,16.0,0.0568131819006926,0.2832396325868744,0.1022787850000342,0.3867886256985638,0.6411697371030404,0.3981409542915916
DINO,S-GRID-F:NULLGEN,gridF_v2__davis_tennis_snowboard__s42,0.095,64.0,0.1009983153432644,0.1513321315516744,0.1692072230533828,0.4814623509762402,0.7519553820725089,0.5101653526495141
DINO,S-GRID-F:NULLGEN,gridF_v2__davis_tennis_snowboard__s43,0.01,64.0,0.1148641118744373,0.2052157671734377,0.170259730020167,0.4829941943158498,0.7305334475851916,0.5118667982821369
DINO,S-GRID-F:NULLGEN,gridF_v2__davis_blackswan_rhino__s42,0.635,12.0,0.0390394706272476,0.2917597066972857,0.0857240827874932,0.245156217043002,0.8620995535614089,0.2531035213842994
DINO,S-GRID-F:NULLGEN,gridF_v2__davis_blackswan_rhino__s43,0.595,5.0,0.0472938645537134,0.2616856316705022,0.0563222927759281,0.2270704017584429,0.5526776489533216,0.2317416323604693
DINO,S-GRID:NULLGEN,null_v3__hero_flight_1__s42,0.625,16.0,0.0637911161179066,0.2910452719726324,0.1227697509523297,0.3297746295042145,0.8400948999319277,0.3426741467102767
DINO,S-GRID:NULLGEN,null_v3__hero_flight_1__s43,0.59,12.0,0.0820245790938159,0.2427306117855961,0.1082157306700762,0.3787381470948988,0.7619326542558299,0.3939785637068716
DINO,S-GRID:NULLGEN,null_v3__shadow_smoke_2__s42,0.315,12.0,0.0169361903508012,0.2706058470266251,0.0724682404539964,0.168010675902456,0.5022779249747147,0.1760777865993318
DINO,S-GRID:NULLGEN,null_v3__shadow_smoke_2__s43,0.14,8.0,0.0262722647254003,0.3933270575029294,0.0737793924673497,0.1694671475619199,0.4860892450458375,0.1756981144421233
DINO,S-GRID:NULLGEN,null_v3__hero_flight_5__s42,0.065,0.5,0.020774518780244,0.4907485634464752,0.020774518780244,0.1937141401550744,0.2188973596877415,0.1943733365501586
DINO,S-GRID:NULLGEN,null_v3__hero_flight_5__s43,0.055,16.0,0.0534526811566211,0.4294570410905654,0.0838979680597386,0.2364039832165171,0.7602724904370148,0.2425030391146453
DINO,S-GRID:NULLGEN,null_v3__shadow_smoke_0__s42,0.07,12.0,0.0613359239830735,0.4001593872962047,0.1018857681679685,0.2857281948903481,0.5658156008076105,0.2968444260728688
DINO,S-GRID:NULLGEN,null_v3__shadow_smoke_0__s43,0.125,24.0,0.0662468827447844,0.2864538598258752,0.134395327782177,0.3640571988479761,0.686087271789343,0.3818790860013554
DINO,S-GRID:NULLGEN,null_v3__air_bending_1__s42,0.44,16.0,0.0503719601668906,0.2322918711826914,0.1145913228208881,0.2561616293351911,0.9145329685207771,0.2665921995371146
DINO,S-GRID:NULLGEN,null_v3__air_bending_1__s43,0.305,12.0,0.058537651064736,0.2464706058430003,0.0750906707612424,0.2880940184390095,0.5637069489877484,0.2979716544457164
DINO,S-GRID:NULLGEN,null_v3__display_transition_1__s42,0.38,2.0,0.0237143224284324,0.2808237624111722,0.0368612743014075,0.1522290006144652,0.3251604181939199,0.1531132561162346
DINO,S-GRID:NULLGEN,null_v3__display_transition_1__s43,0.6950000000000001,16.0,0.0409712441802012,0.3532084398257921,0.1224499926798311,0.1801762487997179,0.8395061560536443,0.1913518569559268
DINO,S-GRID:NULLGEN,null_v3__earth_wave_3__s42,0.1,48.0,0.0778661394029822,0.2329847660681447,0.2274264238942438,0.3628767303899227,0.9451761764978458,0.3931146125178327
DINO,S-GRID:NULLGEN,null_v3__earth_wave_3__s43,0.02,48.0,0.044027785891265,0.2871502842267451,0.1752829663595425,0.3581754193966409,0.8664094917572158,0.3806813076146961
DINO,S-GRID:NULLGEN,null_v3__earth_wave_5__s42,0.38,16.0,0.0238964874324573,0.2401924894017067,0.1044804181861411,0.25436581815225,0.8886377188978393,0.2633485676071009
DINO,S-GRID:NULLGEN,null_v3__earth_wave_5__s43,0.4,12.0,0.0492306243893276,0.2362552829233913,0.0679217850404664,0.261923577541991,0.7763226165715559,0.2682234193663186
DINO,S-GRID:NULLGEN,null_v3__firelava_4__s42,0.29,24.0,0.074748011062846,0.2111252644397418,0.1371430099979189,0.3497541437285011,0.7391705736761943,0.3657410587452294
DINO,S-GRID:NULLGEN,null_v3__firelava_4__s43,0.325,32.0,0.0851820537044062,0.1682321428919646,0.1354945401547704,0.3714158085771716,0.913814201890878,0.389758728491729
DINO,S-GRID:NULLGEN,null_v3__hero_flight_6__s42,0.015,32.0,0.06485933715503,0.3798867875315088,0.1274633816785707,0.5152042426031073,0.9021008211938304,0.5314107136994446
DINO,S-GRID:NULLGEN,null_v3__hero_flight_6__s43,0.005,16.0,0.1257174717895088,0.3799533288522571,0.1553242853364533,0.8143212456243233,1.1609706208992765,0.8268829477821269
DINO,S-GRID:NULLGEN,null_v3__melt_transition_2__s42,0.375,16.0,0.0348391163034784,0.2445417353933322,0.1116238543929947,0.1582478448925718,0.8739274048219206,0.1675911852434458
DINO,S-GRID:NULLGEN,null_v3__melt_transition_2__s43,0.195,32.0,0.0508260244211268,0.2491313918841795,0.1280938116961977,0.2526387234072413,0.7774957919464294,0.2669139705441483
DINO,S-GRID:NULLGEN,null_v3__raven_transition_2__s42,0.165,32.0,0.1103131729224818,0.2636025080194778,0.1320224727994324,0.3673377156050728,0.369200592975019,0.3822601976338376
DINO,S-GRID:NULLGEN,null_v3__raven_transition_2__s43,0.02,32.0,0.0982311160902095,0.3395523852674511,0.1279587037021393,0.3770298568956312,0.554191912223784,0.3931230475101852
DINO,S-GRID:NULLGEN,null_v3__water_bending_3__s42,0.45,12.0,0.0596434436532179,0.2048721151986723,0.0996979196189896,0.2835562824453209,0.4695258640275807,0.2945118118506518
DINO,S-GRID:NULLGEN,null_v3__water_bending_3__s43,0.25,24.0,0.0430990185945816,0.2320871210383238,0.1403597764045465,0.3144986782196902,0.7816379398235233,0.3321321169286461
DINO,S-GRID:NULLGEN,null_v3__flame_transition_2__s42,0.24,2.0,0.0918832064704596,0.2921958585269723,0.0978071390947318,0.4032609509741789,0.8940601917386053,0.4091902310097032
DINO,S-GRID:NULLGEN,null_v3__flame_transition_2__s43,0.365,0.5,0.0345225044663059,0.282777151967067,0.0345225044663059,0.1967195197634814,0.5006199243892083,0.1993785216985275
DINO,S-GRID:NULLGEN,null_v3__flame_transition_3__s42,0.21,5.0,0.0597157060664765,0.3279096232737462,0.0736012799131057,0.2617923294899449,0.3786592142366247,0.2659914265553788
DINO,S-GRID:NULLGEN,null_v3__flame_transition_3__s43,0.17,5.0,0.0533141550651312,0.3597923480628412,0.0618012609079348,0.2874927667982046,0.4666214331538872,0.2944945139750768
DINO,S-GRID:NULLGEN,null_v3__giant_grab_5__s42,0.03,64.0,0.0529027515170484,0.1870212922150576,0.2242108546185602,0.3740063222192084,0.6304275191474334,0.4180698365899607
DINO,S-GRID:NULLGEN,null_v3__giant_grab_5__s43,0.2,80.0,0.0886731119499443,0.1278358278064299,0.241841648095089,0.4176521845765304,0.7234492413441217,0.4667987484227721
DINO,S-GRID:NULLGEN,null_v3__shadow_smoke_7__s42,0.065,8.0,0.0413614484369397,0.4428652649988951,0.0679360259592522,0.2713375777936509,0.6582736223864338,0.2760826326667001
DINO,S-GRID:NULLGEN,null_v3__shadow_smoke_7__s43,0.05,32.0,0.0803073324914824,0.3544547421967294,0.1411338193752935,0.2631198918606933,0.7786182898720674,0.2783877659917719
DINO,S-GRID:NULLGEN,null_v3__giant_grab_3__s42,0.0,80.0,0.1159615767377621,0.1546515063766484,0.3007882096700262,0.6889525085256782,0.8286177277211246,0.7466977242083898
DINO,S-GRID:NULLGEN,null_v3__giant_grab_3__s43,0.47,16.0,0.0809055136200402,0.2022274416799965,0.109259689644833,0.4671995599463753,0.4358907385619454,0.4814753108863173
DINO,S-GRID:NULLGEN,null_v3__flying_cam_transition_4__s42,0.375,12.0,0.0520769065839994,0.2202361195113926,0.0931208677365107,0.2696092342634232,0.503483689632226,0.2804439647153108
DINO,S-GRID:NULLGEN,null_v3__flying_cam_transition_4__s43,0.48,16.0,0.0350717396376268,0.2195366552803367,0.0961243489307733,0.2504359152268252,0.5286870399278906,0.263762356254472
DINO,S-GRID-F:NULLGEN,gridF_v3__davis_bear_elephant__s42,0.5650000000000001,16.0,0.0800507069437429,0.2177151764811651,0.1257025574447157,0.3984643172229257,0.7617251616918712,0.4123230953962685
DINO,S-GRID-F:NULLGEN,gridF_v3__davis_bear_elephant__s43,0.215,16.0,0.0568131819006926,0.2832396325868744,0.1022787850000342,0.3867886256985638,0.6411697371030404,0.3981409542915916
DINO,S-GRID-F:NULLGEN,gridF_v3__davis_tennis_snowboard__s42,0.095,64.0,0.1009983153432644,0.1513321315516744,0.1692072230533828,0.4814623509762402,0.7519553820725089,0.5101653526495141
DINO,S-GRID-F:NULLGEN,gridF_v3__davis_tennis_snowboard__s43,0.01,64.0,0.1148641118744373,0.2052157671734377,0.170259730020167,0.4829941943158498,0.7305334475851916,0.5118667982821369
DINO,S-GRID-F:NULLGEN,gridF_v3__hvpair.humanvid_10042758.humanvid_7537430__s42,0.365,0.5,0.013451827572349,0.3021936250405895,0.013451827572349,0.1406934668689707,0.2262087599244958,0.1412176928798839
DINO,S-GRID-F:NULLGEN,gridF_v3__hvpair.humanvid_10042758.humanvid_7537430__s43,0.25,12.0,0.0217208858974186,0.3107806077306352,0.0772166390319577,0.1752021150388545,0.7854895017676026,0.1814143960322337
DINO,S-GRID-F:NULLGEN,gridF_v3__hvpair.humanvid_12405668.humanvid_7539020__s42,0.37,5.0,0.0782652448448658,0.2274570196859914,0.0834960595491268,0.3060761280881603,0.654534448778587,0.3137310133690003
DINO,S-GRID-F:NULLGEN,gridF_v3__hvpair.humanvid_12405668.humanvid_7539020__s43,0.135,80.0,0.1749788176399036,0.1800349946224024,0.2517200169428942,0.4535445051711764,0.7544744190220702,0.4932683833736279
DINO,S-GRID-F:NULLGEN,gridF_v3__hvpair.humanvid_2402374.humanvid_7663067__s42,0.48,1.0,0.0126844699696271,0.2745715673617466,0.0132409746853316,0.1430015838414306,0.1703295762107782,0.1435828206856387
DINO,S-GRID-F:NULLGEN,gridF_v3__hvpair.humanvid_2402374.humanvid_7663067__s43,0.065,0.5,0.0148478878647261,0.4944922366249717,0.0148478878647261,0.1543390566189671,0.2476319084194505,0.1549301379981564
DINO,S-GRID-F:NULLGEN,gridF_v3__hvpair.humanvid_3795426.humanvid_7670221__s42,0.09,2.0,0.0455824181352958,0.4544413299181866,0.0472217589408539,0.2913432390318025,0.3926815895276759,0.2949923590641902
DINO,S-GRID-F:NULLGEN,gridF_v3__hvpair.humanvid_3795426.humanvid_7670221__s43,0.0,32.0,0.0974879120519298,0.3903552083822122,0.127214797116634,0.3458832479271069,0.7251642317371543,0.3590462704111081
DINO,S-GRID-F:NULLGEN,gridF_v3__hvpair.humanvid_4058810.humanvid_7682587__s42,0.42,8.0,0.0335716116580751,0.252336919999416,0.0714868851615013,0.1948546109134438,0.2943181347608617,0.2004824994538836
DINO,S-GRID-F:NULLGEN,gridF_v3__hvpair.humanvid_4058810.humanvid_7682587__s43,0.23,12.0,0.0348391844552176,0.3114872933954101,0.0746952456896244,0.2005413098134505,0.7584313766266934,0.2080600388661992
DINO,S-GRID-F:NULLGEN,gridF_v3__hvpair.humanvid_4076737.humanvid_7707744__s42,0.09,2.0,0.0648578751038405,0.4262700457707209,0.0659967644111059,0.3199439794861838,0.4894122969601276,0.3255488897390975
DINO,S-GRID-F:NULLGEN,gridF_v3__hvpair.humanvid_4076737.humanvid_7707744__s43,0.04,12.0,0.0642570001635182,0.4237584605028127,0.1065511135592667,0.3284735346156666,0.7836929269155684,0.3378890460823738
DINO,S-GRID-F:NULLGEN,gridF_v3__hvpair.humanvid_4223661.humanvid_7772314__s42,0.235,0.5,0.0042537300669767,0.3793101510909052,0.0042537300669767,0.0725640420871798,0.225076951024818,0.072613959593292
DINO,S-GRID-F:NULLGEN,gridF_v3__hvpair.humanvid_4223661.humanvid_7772314__s43,0.23,12.0,0.0267551320337989,0.3258931735591914,0.0583100708703777,0.1520951402365683,0.6245639846091586,0.1565635290389803
DINO,S-GRID-F:NULLGEN,gridF_v3__hvpair.humanvid_4325522.humanvid_7776745__s42,0.375,32.0,0.0557462133054056,0.2079838606332857,0.1763708676940402,0.2291918565046412,0.8142864078720945,0.2519816976975859
DINO,S-GRID-F:NULLGEN,gridF_v3__hvpair.humanvid_4325522.humanvid_7776745__s43,0.26,32.0,0.0808898016207686,0.2133133557704309,0.1099451654158757,0.2864026163071559,0.4589946830987603,0.2973975995513095
DINO,S-GRID-F:NULLGEN,gridF_v3__davis_blackswan_rhino__s42,0.635,12.0,0.0390394706272476,0.2917597066972857,0.0857240827874932,0.245156217043002,0.8620995535614089,0.2531035213842994
DINO,S-GRID-F:NULLGEN,gridF_v3__davis_blackswan_rhino__s43,0.595,5.0,0.0472938645537134,0.2616856316705022,0.0563222927759281,0.2270704017584429,0.5526776489533216,0.2317416323604693
DINO,S-GRID-F:NULLGEN,gridF_v3__hvpair.humanvid_4457812.humanvid_7864986__s42,0.42,12.0,0.0435971095071946,0.2295511888346558,0.0847831674885592,0.2605101467860769,0.5224979842747455,0.2678469805870907
DINO,S-GRID-F:NULLGEN,gridF_v3__hvpair.humanvid_4457812.humanvid_7864986__s43,0.615,12.0,0.0605015667165278,0.2593151809349478,0.1081018624850668,0.3343380088530937,0.7990173520230414,0.3436604691298374
DINO,S-GRID-F:NULLGEN,gridF_v3__hvpair.humanvid_4650062.humanvid_7884019__s42,0.41,12.0,0.077477199860002,0.2137268099656048,0.0989298049963804,0.260749764537424,0.8341569207299392,0.2708809092796481
DINO,S-GRID-F:NULLGEN,gridF_v3__hvpair.humanvid_4650062.humanvid_7884019__s43,0.275,3.0,0.1150003105565814,0.2410817891025458,0.1179610124834724,0.3728553223277323,0.6647182106007521,0.3855845825400516
DINO,S-GRID-F:NULLGEN,gridF_v3__hvpair.humanvid_4734626.humanvid_7957231__s42,0.005,48.0,0.212489382310421,0.2461664269543541,0.2346641385674442,0.5615107981379551,0.6589903830476097,0.6025135970042281
DINO,S-GRID-F:NULLGEN,gridF_v3__hvpair.humanvid_4734626.humanvid_7957231__s43,0.76,8.0,0.100142750060815,0.3159198243543988,0.1058093987265634,0.3936329014854522,0.6360123058786813,0.4076911603427081
DINO,S-GRID-F:NULLGEN,gridF_v3__hvpair.humanvid_4873451.humanvid_7969628__s42,0.585,5.0,0.1175512976942314,0.1976188235658379,0.123140410855769,0.3658254787234595,0.2606296237157556,0.3791720517861239
DINO,S-GRID-F:NULLGEN,gridF_v3__hvpair.humanvid_4873451.humanvid_7969628__s43,0.42,3.0,0.1000865118648667,0.2037467786652943,0.1023281497265434,0.3930447772219714,0.4983875937826617,0.4044855981506572
DINO,S-GRID-F:NULLGEN,gridF_v3__hvpair.humanvid_5124224.humanvid_7970355__s42,0.655,0.5,0.0379710408515966,0.2919788092817376,0.0379710408515966,0.2264960006369676,0.2096746710875927,0.229899617763561
DINO,S-GRID-F:NULLGEN,gridF_v3__hvpair.humanvid_5124224.humanvid_7970355__s43,0.405,24.0,0.0703054672620368,0.2102916534852101,0.1657282080671863,0.2407630154413073,0.1238592165022233,0.2607495294668538
DINO,S-GRID:GT,GT__air_bending_1,0.22,64.0,0.0434326067058912,0.102287998540831,0.2145900116744422,0.455281091481967,0.8532636562807953,0.4899426616372527
DINO,S-GRID:GT,GT__display_transition_1,0.235,64.0,0.0416563489109636,0.1319876928426846,0.2004390787580159,0.3962282226808241,0.8063885354066046,0.4258394312485354
DINO,S-GRID:GT,GT__earth_wave_3,0.085,80.0,0.0631566691273636,0.0666566442013564,0.2828458247735513,0.6288541727791814,0.93159656638428,0.6753359561398248
DINO,S-GRID:GT,GT__earth_wave_5,0.0,104.0,0.0769850878033728,0.0769850878033728,0.2918985449947259,0.6752192146368883,0.9795236121554576,0.7237630367883289
DINO,S-GRID:GT,GT__firelava_4,0.0,104.0,0.0728771334622517,0.0728771334622517,0.3007521287308774,0.6504401372187479,1.0487327095374506,0.7031002278582524
DINO,S-GRID:GT,GT__flame_transition_2,0.06,80.0,0.0360682811908316,0.1043587944005462,0.2270459221396096,0.5362633944904837,1.1170149198910269,0.5672552355517685
DINO,S-GRID:GT,GT__flame_transition_3,0.155,64.0,0.0671170208362005,0.1283859576347364,0.1755244309819246,0.4750333105906019,0.8909608800217977,0.49687020796963
DINO,S-GRID:GT,GT__flying_cam_transition_4,0.045,80.0,0.0558442884318741,0.1120933378505631,0.2413645534074286,0.5098003513372159,0.8245642500067423,0.5506657705702783
DINO,S-GRID:GT,GT__giant_grab_3,0.0,64.0,0.0729127698239943,0.1964523391729111,0.2537393753465822,0.5114204422126883,0.6638224216102266,0.5612361407117081
DINO,S-GRID:GT,GT__giant_grab_5,0.245,48.0,0.0700035378744524,0.1351635628032004,0.1676320372735026,0.3888975493422797,0.5944893974277556,0.4157957463227703
DINO,S-GRID:GT,GT__hero_flight_1,0.0,104.0,0.1185353968094736,0.1185353968094736,0.3220749586074991,0.6086170966459907,0.721775017961922,0.682570571395993
DINO,S-GRID:GT,GT__hero_flight_5,0.055,64.0,0.0855783680767593,0.1747746411748301,0.1829471539675227,0.4498057758399154,0.674205264554054,0.4776445072465463
DINO,S-GRID:GT,GT__hero_flight_6,0.01,64.0,0.1420350615946098,0.2012893170176697,0.1849583851345274,0.6024843293211462,0.7386261740948826,0.6281172104935645
DINO,S-GRID:GT,GT__melt_transition_2,0.475,16.0,0.0391501578454672,0.2194774899557076,0.093439070910521,0.2460787390256039,0.6816891579087816,0.2563657640355171
DINO,S-GRID:GT,GT__raven_transition_2,0.055,80.0,0.1068971917446489,0.1121266803601913,0.2432860414572936,0.601918087535307,0.7129690292271873,0.6431422180660382
DINO,S-GRID:GT,GT__shadow_smoke_0,0.065,80.0,0.03841542772053,0.0888351249429697,0.2564590425634434,0.5062265158950567,0.8456243944890764,0.5515805003140033
DINO,S-GRID:GT,GT__shadow_smoke_2,0.0,64.0,0.0718254537359834,0.2245130344962725,0.2082108077375515,0.4419545631603588,0.7474173021315673,0.4763495697901475
DINO,S-GRID:GT,GT__shadow_smoke_7,0.0,80.0,0.0812145069308406,0.1445404415340984,0.2649810647664759,0.5679888200524309,0.9088054075929868,0.6114629335847279
DINO,S-GRID:GT,GT__water_bending_3,0.0,104.0,0.0785316890804019,0.0785316890804019,0.3324743143090107,0.6390822237404253,0.9122482656505326,0.7078284770634831
DINO,S-SWEEP:A_empty,sweep__class1__blackswan__mallard-water__A_empty__s42,0.5750000000000001,32.0,0.0827794079895938,0.2543694948271432,0.1504030600697272,0.445803562780081,0.7549718047204644,0.4657659121680915
DINO,S-SWEEP:A_word,sweep__class1__blackswan__mallard-water__A_word__s42,0.585,32.0,0.0655864855736852,0.2790924927851224,0.144176006090048,0.399871535237433,0.7449383806315926,0.4175182343704077
DINO,S-SWEEP:A_empty,sweep__class2__mallard-fly__mallard-water__A_empty__s42,0.005,48.0,0.1198137543034623,0.2274485261824541,0.2287717291964544,0.507588331516558,0.7058125871862194,0.5532335889319222
DINO,S-SWEEP:A_word,sweep__class2__mallard-fly__mallard-water__A_word__s42,0.0,64.0,0.094952389829763,0.2268484135371375,0.2201591939005204,0.5144939488114418,0.6213318602653182,0.5538585835292459
DINO,S-SWEEP:A_empty,sweep__class2__motocross-bumps__motocross-jump__A_empty__s42,0.285,104.0,0.2732796460316681,0.3291445071764023,0.3034667120966609,0.7884629224404516,0.6931620420256136,0.848452781874544
DINO,S-SWEEP:A_word,sweep__class2__motocross-bumps__motocross-jump__A_word__s42,0.225,104.0,0.2654706226548851,0.3044231781817678,0.3202267403042394,0.7758779334258223,0.5369315118491549,0.8427253063595209
DINO,S-SWEEP:A_empty,sweep__class2__paragliding-launch__paragliding__A_empty__s42,0.425,64.0,0.1557222605687443,0.2349251346321028,0.23898221851373,0.5372365971354433,0.689564881111538,0.5838027722675853
DINO,S-SWEEP:A_word,sweep__class2__paragliding-launch__paragliding__A_word__s42,0.055,104.0,0.1277174288087973,0.1376081873738947,0.2965446687048311,0.5326508278784814,0.6956680314739193,0.6028058097067734
DINO,S-SWEEP:A_empty,sweep__class5__breakdance-flare__breakdance__A_empty__s42,0.04,2.0,0.0881260672337774,0.4606439158245886,0.0910044243889694,0.4379180652322261,0.5467371457817136,0.447462134949806
DINO,S-SWEEP:A_word,sweep__class5__breakdance-flare__breakdance__A_word__s42,0.035,3.0,0.0528237618206713,0.4967317030154366,0.064727694828907,0.3875704112256302,0.4209208101782576,0.3924718753538961
DINO,S-SWEEP:A_empty,sweep__class5__car-roundabout__bus__A_empty__s42,0.135,80.0,0.0782672205154937,0.0862504366188942,0.2883713362369469,0.5188047317106256,0.8151379380631012,0.5740802026709855
DINO,S-SWEEP:A_word,sweep__class5__car-roundabout__bus__A_word__s42,0.185,80.0,0.0988844730195108,0.1205760083862791,0.2746956634196039,0.5290514356903351,0.755904877917083,0.5777243952076498
DINO,S-SWEEP:A_empty,sweep__class5__car-turn__car-shadow__A_empty__s42,0.0,104.0,0.1290529335910542,0.1290529335910542,0.3210610078910983,0.6493752856719034,0.8246308913119416,0.7184492814559422
DINO,S-SWEEP:A_word,sweep__class5__car-turn__car-shadow__A_word__s42,0.0,80.0,0.1246958022446119,0.1403295562768831,0.3097476104805808,0.6397295219172804,0.8321697434954614,0.7051710597646191
DINO,S-SWEEP:A_empty,sweep__class5__lucia__hike__A_empty__s42,0.64,5.0,0.0872772771653041,0.2401099302830893,0.104779822930761,0.3951987150706648,0.3993461580482279,0.4057941703336061
DINO,S-SWEEP:A_word,sweep__class5__lucia__hike__A_word__s42,0.6,16.0,0.1153134897202005,0.2158417277812519,0.1322593223893866,0.4385110294941439,0.6267021088052374,0.4564608318645105
DINO,S-SWEEP:A_empty,sweep__class6__longboard__kite-surf__A_empty__s42,0.36,12.0,0.097209522973083,0.2062109634683173,0.1089342011563997,0.4040850399162128,0.5874827112027833,0.4161076495549819
DINO,S-SWEEP:A_word,sweep__class6__longboard__kite-surf__A_word__s42,0.5750000000000001,3.0,0.073605101772258,0.229123554491832,0.0864756816172204,0.3579081256714246,0.4458751248920974,0.3652497708839299
DINO,S-SWEEP:A_empty,sweep__class8__blackswan__boat__A_empty__s42,0.64,24.0,0.0519494940980526,0.3244420768529938,0.1427438873660527,0.2562754969532125,0.8196610285874685,0.2720554902463464
DINO,S-SWEEP:A_word,sweep__class8__blackswan__boat__A_word__s42,0.64,24.0,0.0441577105673892,0.3296647092062178,0.1363959456100919,0.2469145458734767,0.8439856981822823,0.2618396705415997
PIX,S-PROBE:R1:high,probe__P01H__wireframe_7__s42,0.275,32.0,0.10132106919358913,0.2040336921301512,0.12166460386463573,0.2708892084465806,0.32928344749515115,0.2904212185023818
PIX,S-PROBE:R2:high,probe_r2__P01H__s42,0.185,48.0,0.10196353120182812,0.19787370166698734,0.16486395303078072,0.2727953926865755,0.5680036495212222,0.30366362969286476
PIX,S-PROBE:R3:high,probe_r3__P01H__s42,0.21,16.0,0.019309468065679982,0.30894820700048337,0.08884490441973394,0.19508385783850465,0.4878305746555965,0.20732617461390754
PIX,S-PROBE:R1:high,probe__P01H__wireframe_7__s43,0.155,64.0,0.08393698585850021,0.12072730033677315,0.18870686265650993,0.35739399472453415,0.38391150183680905,0.3994409395526279
PIX,S-PROBE:R2:high,probe_r2__P01H__s43,0.16,48.0,0.06521340712131608,0.15758474033649575,0.17402638927278688,0.345146108336443,0.4141384015995978,0.3814741492089018
PIX,S-PROBE:R3:high,probe_r3__P01H__s43,0.025,16.0,0.11681275420555626,0.3711805552675277,0.14536047865483182,0.3737272913561514,0.6230762780613605,0.3954535145188463
PIX,S-PROBE:R1:high,probe__P01H__wireframe_7__s44,0.185,48.0,0.06935201317245666,0.1873544431475591,0.15634880641822993,0.2657454057799429,0.4303500514945338,0.295797097312915
PIX,S-PROBE:R2:high,probe_r2__P01H__s44,0.355,24.0,0.0755100294639516,0.19973502386634892,0.12889007050985526,0.23470169412935296,0.4602260447965642,0.25530233831994203
PIX,S-PROBE:R3:high,probe_r3__P01H__s44,0.17500000000000002,16.0,0.04704728358754322,0.3304334627101472,0.10146650591516757,0.2766380868000046,0.7700815329333118,0.28443195967215446
PIX,S-PROBE:R1:high,probe__P02H__super_fast_run_10__s42,0.075,32.0,0.12367354281499025,0.28641110516190693,0.1406521047282751,0.3167243057859294,0.4350130243342604,0.3397437787068713
PIX,S-PROBE:R2:high,probe_r2__P02H__s42,0.0,80.0,0.11425034755574748,0.16641754399402212,0.26120725591265875,0.318756126782643,0.4691767569823831,0.3886575144448781
PIX,S-PROBE:R3:high,probe_r3__P02H__s42,0.17500000000000002,2.0,0.07441437739333247,0.34879882013002084,0.07707813764368832,0.2650811578413471,0.3849510230998779,0.2738542794235012
PIX,S-PROBE:R1:high,probe__P02H__super_fast_run_10__s43,0.0,64.0,0.0766062092995875,0.22857045200514292,0.23934270817539802,0.37529661173690043,0.6075959455921015,0.42335089536807047
PIX,S-PROBE:R2:high,probe_r2__P02H__s43,0.065,24.0,0.0762329116539103,0.32888389902589127,0.1495980398010844,0.3571793614811281,0.48461686236154433,0.3817400510768278
PIX,S-PROBE:R3:high,probe_r3__P02H__s43,0.07,12.0,0.06811360095466296,0.388622095633131,0.10063971127751002,0.327667844883368,0.6360582297913061,0.3404824525461351
PIX,S-PROBE:R1:high,probe__P02H__super_fast_run_10__s44,0.12,48.0,0.0442447425428829,0.2110868367955062,0.1636268657096927,0.36436203607066103,0.5073472800421048,0.3896058776900023
PIX,S-PROBE:R2:high,probe_r2__P02H__s44,0.005,64.0,0.03744421881601625,0.20640685660045435,0.2038244858421383,0.3766158404104751,0.5018918445124579,0.4169376343075704
PIX,S-PROBE:R3:high,probe_r3__P02H__s44,0.155,16.0,0.062046976872851434,0.315726248011282,0.1130267247937429,0.30982615614741604,0.6384543272451093,0.3250207378074201
PIX,S-PROBE:R1:high,probe__P03H__portal_1__s42,0.055,80.0,0.08076169712723323,0.10032915136781788,0.28461555023862367,0.43134333004380876,0.6333522895401413,0.5010815760801952
PIX,S-PROBE:R2:high,probe_r2__P03H__s42,0.135,80.0,0.0702510765503142,0.09204149425055802,0.26440145021149375,0.38751631633123645,0.6090399958871774,0.4495585916573312
PIX,S-PROBE:R3:high,probe_r3__P03H__s42,0.26,5.0,0.04384837380086723,0.31098295352827643,0.05261963130665831,0.24639427030950165,0.49647553311889314,0.2510410284190673
PIX,S-PROBE:R1:high,probe__P03H__portal_1__s43,0.055,80.0,0.09541595331046941,0.13400746403697555,0.21591176717242913,0.3927263731046686,0.6539391539452359,0.43090508186629567
PIX,S-PROBE:R2:high,probe_r2__P03H__s43,0.125,80.0,0.057336899616180194,0.10031887427865921,0.25457395836579766,0.3875928514488815,0.7709029959074373,0.43547891795566745
PIX,S-PROBE:R3:high,probe_r3__P03H__s43,0.56,12.0,0.04531690295974577,0.2642714698782092,0.08129418045715,0.15868791435709947,0.5134537323533213,0.16932861879287128
PIX,S-PROBE:R1:high,probe__P03H__portal_1__s44,0.11,32.0,0.1508186913126448,0.2277252848603527,0.1783327786305116,0.47723971338699916,0.7460935675553596,0.5038614253859407
PIX,S-PROBE:R2:high,probe_r2__P03H__s44,0.11,80.0,0.06907857689772891,0.10075493892592725,0.27493916651271866,0.3815914363498159,0.6466231051338346,0.439851014757977
PIX,S-PROBE:R3:high,probe_r3__P03H__s44,0.385,24.0,0.04714219594776315,0.21149998802060554,0.11285033812358691,0.16784494342531692,0.5816780839655297,0.18303096214542128
PIX,S-PROBE:R1:high,probe__P04H__portal_10__s42,0.115,32.0,0.11526618641490803,0.2614708605787673,0.14224295243549206,0.4742856682610555,0.596194015602588,0.4942846598470073
PIX,S-PROBE:R2:high,probe_r2__P04H__s42,0.01,48.0,0.1130111188199454,0.26383470254580366,0.1604899976655105,0.3982153495334932,0.4569405093955642,0.4265574161078841
PIX,S-PROBE:R3:high,probe_r3__P04H__s42,0.2,16.0,0.11106155971177505,0.2505144156206837,0.1305540227965781,0.3710005877938688,0.4750581971268265,0.3946330015876699
PIX,S-PROBE:R1:high,probe__P04H__portal_10__s43,0.0,80.0,0.10960840063765577,0.13192315050316367,0.2970377711199767,0.6065200012580911,0.8241700621818188,0.6673410357546855
PIX,S-PROBE:R2:high,probe_r2__P04H__s43,0.0,104.0,0.12564399135589388,0.12564399135589388,0.228256625568463,0.5163389429658575,0.5927893640011495,0.5622794865957472
PIX,S-PROBE:R3:high,probe_r3__P04H__s43,0.0,16.0,0.20561208331545625,0.3256779889734946,0.21797474522278146,0.4969589064093333,0.7370572058114693,0.5398518623141232
PIX,S-PROBE:R1:high,probe__P04H__portal_10__s44,0.0,104.0,0.1306320029680378,0.1306320029680378,0.32437499518851426,0.8228746054567017,1.2273204906270565,0.8765567744423018
PIX,S-PROBE:R2:high,probe_r2__P04H__s44,0.0,104.0,0.10584885112596681,0.10584885112596681,0.3524538003730969,0.7359695322191755,0.9922247561572259,0.8045977421572339
PIX,S-PROBE:R3:high,probe_r3__P04H__s44,0.0,104.0,0.14585986613888482,0.14585986613888482,0.3647838872590122,0.7245015574262272,0.9789974776709773,0.7998592972286352
PIX,S-PROBE:R1:high,probe__P05H__explosion_1__s42,0.0,104.0,0.1376287850316844,0.1376287850316844,0.28423236845546257,0.5871372652414971,0.7340158669212808,0.6392023312269205
PIX,S-PROBE:R2:high,probe_r2__P05H__s42,0.0,104.0,0.20127710257413103,0.20127710257413103,0.28017748234086015,0.6279716981058261,0.8243454747323529,0.6558659763901343
PIX,S-PROBE:R3:high,probe_r3__P05H__s42,0.11,48.0,0.037603270750156764,0.22592789368720134,0.16664794464995492,0.2037414019881016,0.29490841255270445,0.24582548652301284
PIX,S-PROBE:R1:high,probe__P05H__explosion_1__s43,0.0,80.0,0.14651804015245068,0.18370046829281855,0.3222825235662393,0.594789437783723,1.211831153548548,0.6516144561205296
PIX,S-PROBE:R2:high,probe_r2__P05H__s43,0.0,80.0,0.13413563769538103,0.18879220435619076,0.30371955975726384,0.5664804020581233,1.164621660082734,0.6195049105584957
PIX,S-PROBE:R3:high,probe_r3__P05H__s43,0.22,8.0,0.03393503654083899,0.36193912133587186,0.06700833081093546,0.1474384948001958,0.7333673417450902,0.1496216136420512
PIX,S-PROBE:R1:high,probe__P05H__explosion_1__s44,0.0,104.0,0.19928315119769954,0.19928315119769954,0.3566022773008957,0.6628862506440382,1.0551409588049618,0.7467771053145499
PIX,S-PROBE:R2:high,probe_r2__P05H__s44,0.0,64.0,0.1601779808212367,0.2328524726337815,0.26159430548668605,0.5627745456469659,1.0937396743410885,0.5996611652906457
PIX,S-PROBE:R3:high,probe_r3__P05H__s44,0.225,8.0,0.03465698692252367,0.3436243129697423,0.06690743269574172,0.26967829676756816,1.645799208488516,0.2720337868214624
PIX,S-PROBE:R1:high,probe__P06H__explosion_0__s42,0.01,48.0,0.05686397501907315,0.2726650095033287,0.20650571120618888,0.218602541471895,0.38523974604099287,0.27526760442695797
PIX,S-PROBE:R2:high,probe_r2__P06H__s42,0.0,24.0,0.1834481404243327,0.3753864013812408,0.1998650778060649,0.24547851814252308,0.4524034947128802,0.29201742426585203
PIX,S-PROBE:R3:high,probe_r3__P06H__s42,0.065,0.5,0.018431863576358346,0.4971653050717561,0.018431863576358346,0.10308852153062299,0.12887539723977817,0.10379706605158608
PIX,S-PROBE:R1:high,probe__P06H__explosion_0__s43,0.095,24.0,0.04261952453250667,0.36663582752173635,0.12810460885459582,0.2210038955714933,0.557588535226209,0.23674631810126612
PIX,S-PROBE:R2:high,probe_r2__P06H__s43,0.195,12.0,0.03729265851046362,0.34035642066816235,0.09355545562421234,0.208920255666275,0.432974077282561,0.2188243567827946
PIX,S-PROBE:R3:high,probe_r3__P06H__s43,0.225,8.0,0.030336731589349818,0.34107334296343794,0.0729751619747324,0.1942621363973895,0.2848751818821466,0.20188991822816146
PIX,S-PROBE:R1:high,probe__P06H__explosion_0__s44,0.015,24.0,0.048836656868879676,0.45245792692622805,0.12635398243898002,0.2543738235333821,0.5206829233345112,0.27481189522051397
PIX,S-PROBE:R2:high,probe_r2__P06H__s44,0.045,16.0,0.050889199396377094,0.4581665283547441,0.09682204266267229,0.2618316905257525,0.5196560121277007,0.27487643814857265
PIX,S-PROBE:R3:high,probe_r3__P06H__s44,0.055,16.0,0.03759122913232832,0.41438257625166447,0.07908449582908646,0.18290977628795038,0.4833481773479568,0.19378791922074523
PIX,S-PROBE:R1:high,probe__P07H__plasma_explosion_2__s42,0.14,24.0,0.071661371729446,0.2968980338245559,0.1356472850926763,0.3813708052381048,0.694513738006944,0.4004888813154557
PIX,S-PROBE:R2:high,probe_r2__P07H__s42,0.165,24.0,0.06652897073777087,0.27232503466281904,0.11665009060147036,0.37730195044067094,0.8292519318619427,0.39170969441067305
PIX,S-PROBE:R3:high,probe_r3__P07H__s42,0.27,12.0,0.06066784842344777,0.25910294052964716,0.10159981331822193,0.2498462336417133,0.43386268782683973,0.263331237162264
PIX,S-PROBE:R1:high,probe__P07H__plasma_explosion_2__s43,0.03,48.0,0.05460210336498986,0.2551784613726736,0.18492401208685127,0.2235471348235146,0.29344979255599146,0.2741548418629718
PIX,S-PROBE:R2:high,probe_r2__P07H__s43,0.045,32.0,0.04651555608000874,0.3303996458206696,0.13046045893698294,0.2084850905117749,0.3441359498309242,0.23732244116632656
PIX,S-PROBE:R3:high,probe_r3__P07H__s43,0.15,16.0,0.04411647565458479,0.324772672335975,0.1016486268313741,0.21760342294485752,0.5849135619973335,0.23114847674327035
PIX,S-PROBE:R1:high,probe__P07H__plasma_explosion_2__s44,0.03,12.0,0.07524900940073015,0.5054915490659165,0.12427317567401501,0.5113978416085938,0.8388166280059544,0.5223942472570421
PIX,S-PROBE:R2:high,probe_r2__P07H__s44,0.025,16.0,0.044805080932902606,0.4532512375394055,0.10329267143835338,0.4498316909646597,0.7740062926133153,0.46037611301406006
PIX,S-PROBE:R3:high,probe_r3__P07H__s44,0.20500000000000002,12.0,0.059738827726630424,0.32748756487216346,0.10310333558777511,0.36027002371074046,1.0872055448307396,0.3699817197280005
PIX,S-PROBE:R1:high,probe__P08H__point_cloud_1__s42,0.0,16.0,0.12347264617204289,0.40056081279520134,0.14938302071347398,0.40141134606965384,0.6385445239856787,0.42453062228970706
PIX,S-PROBE:R2:high,probe_r2__P08H__s42,0.0,48.0,0.09262136354597127,0.3130275514441146,0.18129726486383674,0.38173869213757783,0.5527996489135011,0.41262395032374505
PIX,S-PROBE:R3:high,probe_r3__P08H__s42,0.005,24.0,0.10060686358454983,0.41289823736288556,0.150482221435481,0.33848066268366084,0.30915233138634346,0.35819006607785925
PIX,S-PROBE:R1:high,probe__P08H__point_cloud_1__s43,0.0,32.0,0.07647590236782106,0.3390097032617871,0.18380116526838935,0.3407231563445233,0.3981117067582895,0.37511752628037875
PIX,S-PROBE:R2:high,probe_r2__P08H__s43,0.0,48.0,0.09083043531379692,0.3439807659737412,0.17441605930403156,0.3324388877055884,0.6532754763943714,0.357280963524774
PIX,S-PROBE:R3:high,probe_r3__P08H__s43,0.035,32.0,0.08339926742993639,0.3544843627377882,0.16311765143554124,0.26114721529992696,0.6903991206380402,0.28485235101407874
PIX,S-PROBE:R1:high,probe__P08H__point_cloud_1__s44,0.0,48.0,0.09745646174598564,0.32038287570434687,0.21272739941228166,0.48838065554429483,0.8968948399286185,0.5173802295211869
PIX,S-PROBE:R2:high,probe_r2__P08H__s44,0.0,64.0,0.06836437849194642,0.23483675975485888,0.20503301979947766,0.42531412288625897,1.0277765015122031,0.448873322913494
PIX,S-PROBE:R3:high,probe_r3__P08H__s44,0.31,5.0,0.038324741215623015,0.30298575874134154,0.06653438432641992,0.20668747634224846,0.5909724826104723,0.21032770880543578
PIX,S-PROBE:R1:high,probe__P09H__point_cloud_0__s42,0.0,80.0,0.276589696380882,0.29083183115935674,0.3177679427819305,0.5113679990217674,0.591584290178323,0.5908687993777094
PIX,S-PROBE:R2:high,probe_r2__P09H__s42,0.0,0.5,0.05844986714335891,0.5111114658867368,0.05844986714335891,0.34568194299189126,0.5951161302974097,0.348809345993891
PIX,S-PROBE:R3:high,probe_r3__P09H__s42,0.0,3.0,0.04265246172304547,0.5383270494689516,0.059234060908187475,0.075285313553818,0.6141755785328564,0.07853372471167505
PIX,S-PROBE:R1:high,probe__P09H__point_cloud_0__s43,0.0,80.0,0.2432285824027064,0.253618952359413,0.3512835018568806,0.7354456096409736,0.9076832592727405,0.8036014911945715
PIX,S-PROBE:R2:high,probe_r2__P09H__s43,0.0,80.0,0.20790007890764764,0.22037299812509534,0.3924130915107151,0.70584010740594,1.0044915720412038,0.7826821225594417
PIX,S-PROBE:R3:high,probe_r3__P09H__s43,0.275,8.0,0.09529267544869328,0.24501516294300246,0.10304121195326299,0.28722502455327786,0.6042245473269252,0.30011103501111025
PIX,S-PROBE:R1:high,probe__P09H__point_cloud_0__s44,0.0,32.0,0.24314337592576704,0.2978711583093801,0.26529888991170836,0.503268441665603,0.5888828528264156,0.5612235850707641
PIX,S-PROBE:R2:high,probe_r2__P09H__s44,0.0,12.0,0.16106381750005314,0.382627838879302,0.16745477358319116,0.37287977767914865,0.6372713315246732,0.39852623182429137
PIX,S-PROBE:R3:high,probe_r3__P09H__s44,0.0,32.0,0.07065656316128686,0.40828060828787993,0.11942943209534171,0.18255275460330986,0.5968042700351284,0.1970306759741671
PIX,S-PROBE:R1:high,probe__P10H__monstrosity_0__s42,0.0,104.0,0.08519645984434028,0.08519645984434028,0.2932473565090695,1.2839841591021695,1.9245714300913286,1.3117702697833038
PIX,S-PROBE:R2:high,probe_r2__P10H__s42,0.005,80.0,0.06037777916953928,0.12055864194798714,0.26727394316011616,1.3467808670169525,1.9090678950700268,1.367627907692647
PIX,S-PROBE:R3:high,probe_r3__P10H__s42,0.06,48.0,0.03312471854765016,0.2351502389222054,0.18863220111220522,0.24990141738012736,0.35608715086734494,0.30153377761997496
PIX,S-PROBE:R1:high,probe__P10H__monstrosity_0__s43,0.0,64.0,0.10633934130643867,0.2023032208050901,0.2199690821991431,0.894072233575929,1.3402036659583862,0.9186013578816753
PIX,S-PROBE:R2:high,probe_r2__P10H__s43,0.045,48.0,0.0603093814522472,0.2564236296008817,0.16925672485080015,0.8148510380183192,1.2996235083981298,0.8294810380947623
PIX,S-PROBE:R3:high,probe_r3__P10H__s43,0.07,64.0,0.042152759714121815,0.15347081780486205,0.19612531512929252,0.36580610512495637,0.40003608136280344,0.4130283789141181
PIX,S-PROBE:R1:high,probe__P10H__monstrosity_0__s44,0.085,64.0,0.043368731900315385,0.13663872628390203,0.2160964201096018,0.8581468438556652,1.40509725638015,0.8784312139044136
PIX,S-PROBE:R2:high,probe_r2__P10H__s44,0.105,48.0,0.07866303941290587,0.25200526343668306,0.15400650382486847,0.9095916989033097,1.5272221099197474,0.9197179757589212
PIX,S-PROBE:R3:high,probe_r3__P10H__s44,0.28500000000000003,24.0,0.06835746200373516,0.2018675667793288,0.1212013773847577,0.37118490941490107,0.46799538607372787,0.3897558400787582
PIX,S-PROBE:R1:high,probe__P11H__water_element_3__s42,0.665,12.0,0.03441983694068312,0.35967370629402357,0.07157821808818947,0.24128143535883675,0.3982247350082334,0.2520998090427023
PIX,S-PROBE:R2:high,probe_r2__P11H__s42,0.54,24.0,0.053278545235778414,0.28291717490971563,0.13647639893785898,0.2586998817340627,0.3927293223913947,0.28247914662966694
PIX,S-PROBE:R3:high,probe_r3__P11H__s42,0.17,2.0,0.015540992393635234,0.4147849828668381,0.01561508176211183,0.11750047487229162,0.1979664282823842,0.11845903362239937
PIX,S-PROBE:R1:high,probe__P11H__water_element_3__s43,0.5750000000000001,24.0,0.05689587536343941,0.3345886479465514,0.12599400905213823,0.25347910523065825,0.2610111124660769,0.27963428565632925
PIX,S-PROBE:R2:high,probe_r2__P11H__s43,0.48,24.0,0.08138538691988341,0.29804157250585045,0.14735491303830614,0.3174604464834707,0.44383204929758246,0.34292295309627213
PIX,S-PROBE:R3:high,probe_r3__P11H__s43,0.15,32.0,0.01998595245398028,0.2809759299993349,0.13820080090228332,0.1875716598596516,0.46029629335455763,0.211465374350012
PIX,S-PROBE:R1:high,probe__P11H__water_element_3__s44,0.665,8.0,0.12029043669434296,0.4344665694445243,0.12935426539051184,0.31218483548489906,0.30301718145189255,0.3354293133500688
PIX,S-PROBE:R2:high,probe_r2__P11H__s44,0.515,16.0,0.11251546285156547,0.34478478581714406,0.15332228759121322,0.2656187986243497,0.23559791249725753,0.296425455175836
PIX,S-PROBE:R3:high,probe_r3__P11H__s44,0.305,8.0,0.022942755906892095,0.299692062572564,0.06650186267573806,0.11698256772014308,0.3405003068268647,0.12395416899550407
PIX,S-PROBE:R1:high,probe__P12H__water_element_4__s42,0.265,48.0,0.05269559278138162,0.12203880093402648,0.18760599800096955,0.41002214783844004,0.7096617950574025,0.4403933626290238
PIX,S-PROBE:R2:high,probe_r2__P12H__s42,0.39,32.0,0.048271434884635894,0.1725678984107494,0.15807257475922198,0.2739615729809847,0.6216574490825458,0.2989878210030155
PIX,S-PROBE:R3:high,probe_r3__P12H__s42,0.39,32.0,0.029942246665517668,0.19175646827318565,0.14096358990695046,0.19303116390123182,0.4090331923446216,0.22158068216531182
PIX,S-PROBE:R1:high,probe__P12H__water_element_4__s43,0.045,80.0,0.050743046572355434,0.10640103695990437,0.23679841376422836,0.40174230126839844,0.5807940158455773,0.45246420982298124
PIX,S-PROBE:R2:high,probe_r2__P12H__s43,0.08,64.0,0.06386413858410014,0.1366082784741672,0.21871600493760282,0.42421471051016413,0.5717260556040202,0.4679511375831651
PIX,S-PROBE:R3:high,probe_r3__P12H__s43,0.295,3.0,0.11458705301380528,0.2289496487259786,0.11753163260953489,0.37980633425065824,0.5637531111861204,0.394016707141719
PIX,S-PROBE:R1:high,probe__P12H__water_element_4__s44,0.19,64.0,0.02751702962047626,0.11805103943917078,0.19691972540993122,0.3888840195293368,0.651729266002689,0.4223245194905787
PIX,S-PROBE:R2:high,probe_r2__P12H__s44,0.215,64.0,0.026736328005089318,0.11404632909780071,0.20199644839986614,0.40088163111688796,0.6542129175317368,0.4351139846330246
PIX,S-PROBE:R3:high,probe_r3__P12H__s44,0.435,5.0,0.034810651909488344,0.24990142826320066,0.05029679445443712,0.20230575940960782,0.5591370729252616,0.20611215569479588
PIX,S-PROBE:R1:high,probe__P13H__northern_lights_0__s42,0.025,80.0,0.06888215333764332,0.1356237079886266,0.24716999790700434,0.4568246208332523,0.6317059194787089,0.5016448671808363
PIX,S-PROBE:R2:high,probe_r2__P13H__s42,0.125,64.0,0.0871763048182472,0.16608287334764393,0.20555948391644843,0.4434159904170865,0.5072526519648355,0.478246149615999
PIX,S-PROBE:R3:high,probe_r3__P13H__s42,0.06,48.0,0.02723026274593924,0.2534287249679142,0.17283333034563333,0.3209303324933455,0.4187123093420066,0.3576189992167167
PIX,S-PROBE:R1:high,probe__P13H__northern_lights_0__s43,0.19,48.0,0.05247250261722535,0.142070095857757,0.21550214733811193,0.41224081930029827,0.6710309147094877,0.4523318320684066
PIX,S-PROBE:R2:high,probe_r2__P13H__s43,0.13,64.0,0.04783414141316773,0.13428352206724403,0.23548034899489625,0.43313298691261043,0.6502374929997267,0.47951978319309185
PIX,S-PROBE:R3:high,probe_r3__P13H__s43,0.275,16.0,0.057374710852090456,0.24314889252650027,0.10493732539481916,0.4019468952787228,0.5235344487656031,0.4149995796630673
PIX,S-PROBE:R1:high,probe__P13H__northern_lights_0__s44,0.05,48.0,0.04560479003717305,0.2713801950129719,0.14544806160910634,0.3158343725054243,0.6116763139088721,0.33747005519765727
PIX,S-PROBE:R2:high,probe_r2__P13H__s44,0.245,8.0,0.03842101034313599,0.33128358229013344,0.05834906943070863,0.30714062373168965,0.5115363973062763,0.31264801583065177
PIX,S-PROBE:R3:high,probe_r3__P13H__s44,0.14,12.0,0.032866656497752486,0.3878043327321482,0.07310455493681721,0.2862930045122926,0.5639014595775428,0.29269646305475305
PIX,S-PROBE:R1:high,probe__P14H__fire_element_2__s42,0.135,48.0,0.03181887391271248,0.21003486442324687,0.17593796023407235,0.21130663438324634,0.5096155517581256,0.24533876896729986
PIX,S-PROBE:R2:high,probe_r2__P14H__s42,0.11,48.0,0.022714551578408296,0.21435892351044472,0.18407624100530362,0.22564621155487358,0.49316160548684007,0.263820830819299
PIX,S-PROBE:R3:high,probe_r3__P14H__s42,0.25,5.0,0.029361827355527267,0.33566982344581314,0.04417274654059612,0.1106179300396644,0.1898992448482419,0.11892717415258686
PIX,S-PROBE:R1:high,probe__P14H__fire_element_2__s43,0.1,64.0,0.023638774404599192,0.13977309403121088,0.21632610387627157,0.47279814870258996,0.8187622303050331,0.5040596266090206
PIX,S-PROBE:R2:high,probe_r2__P14H__s43,0.14,64.0,0.02112259216269483,0.11248333019992367,0.21089295546521178,0.43289266809111565,0.7270696051692863,0.4679843048211939
PIX,S-PROBE:R3:high,probe_r3__P14H__s43,0.23500000000000001,8.0,0.04909120037287947,0.3124195065469773,0.06019116785844312,0.2456491931780545,0.3472287757917762,0.2528178398360058
PIX,S-PROBE:R1:high,probe__P14H__fire_element_2__s44,0.0,64.0,0.13510609470967125,0.257005012818922,0.18975361972245686,0.3006196225572998,0.5979099081168175,0.3421025022626471
PIX,S-PROBE:R2:high,probe_r2__P14H__s44,0.035,48.0,0.10535710193062607,0.2742142600362022,0.17563417534404238,0.27474940711393403,0.571140384933365,0.30500657398181047
PIX,S-PROBE:R3:high,probe_r3__P14H__s44,0.195,8.0,0.03521963007179867,0.37450415403186305,0.06384755282295451,0.1740601891853922,0.4353609749749075,0.1804061701523262
PIX,S-PROBE:R1:high,probe__P15H__fire_element_3__s42,0.51,16.0,0.03836884410148128,0.22214843296853107,0.1185624487624379,0.32165388173022885,0.6032814494645712,0.3337814512916447
PIX,S-PROBE:R2:high,probe_r2__P15H__s42,0.335,32.0,0.03262520768855484,0.18105524972724818,0.14066352685638536,0.3601065436999021,0.7457475334965313,0.37636261634546775
PIX,S-PROBE:R3:high,probe_r3__P15H__s42,0.23,8.0,0.03265074853878765,0.32483459221290467,0.056789492491347286,0.2075966271314865,0.3272370158931514,0.21661278020447963
PIX,S-PROBE:R1:high,probe__P15H__fire_element_3__s43,0.47500000000000003,32.0,0.03889041249288323,0.2132158624497703,0.144062305039396,0.37154597026349007,0.7070022740479089,0.39107191651892953
PIX,S-PROBE:R2:high,probe_r2__P15H__s43,0.29,48.0,0.045608591897799214,0.1654329737115552,0.16316945323339763,0.3529385606221517,0.6000695969903735,0.37926662547633333
PIX,S-PROBE:R3:high,probe_r3__P15H__s43,0.245,16.0,0.0682465088398572,0.2537782343555613,0.10388426078029753,0.2926701534570628,0.5073468897731866,0.30493345658977944
PIX,S-PROBE:R1:high,probe__P15H__fire_element_3__s44,0.635,16.0,0.04331819696859099,0.29006691775714405,0.09215646822664096,0.42149347361547324,0.6607191004582958,0.43088353173172633
PIX,S-PROBE:R2:high,probe_r2__P15H__s44,0.5700000000000001,16.0,0.03752815696626034,0.24882811621149828,0.10571358357259614,0.3807449147925832,0.5737215434172743,0.3914635652902961
PIX,S-PROBE:R3:high,probe_r3__P15H__s44,0.44,3.0,0.05684726193133843,0.22895831275470843,0.05933302949836656,0.24995201505900058,0.3370712777965264,0.25650666936578864
PIX,S-PROBE:R1:high,probe__P16H__color_rain_2__s42,0.16,32.0,0.02465441915943251,0.2601197571901592,0.15822825492613496,0.1797179744224579,0.4597751256348269,0.2089829896581636
PIX,S-PROBE:R2:high,probe_r2__P16H__s42,0.19,16.0,0.01221727156500377,0.33224831977952485,0.09913698184113003,0.09299804122620346,0.48362300964159244,0.10584509543820195
PIX,S-PROBE:R3:high,probe_r3__P16H__s42,0.29,12.0,0.017860308662222386,0.29095183510330597,0.09032043557264015,0.07703027629873588,0.17214454292638146,0.09491435077154256
PIX,S-PROBE:R1:high,probe__P16H__color_rain_2__s43,0.085,32.0,0.041291366263180376,0.3140439241818693,0.13255530267427149,0.2360636365210631,0.5304174077326903,0.25853741790648715
PIX,S-PROBE:R2:high,probe_r2__P16H__s43,0.05,32.0,0.031295553387215215,0.34154790179356154,0.13779601647895284,0.2573633448386,0.5346012938460996,0.2796510639136613
PIX,S-PROBE:R3:high,probe_r3__P16H__s43,0.145,8.0,0.03831071528929018,0.3813102434057658,0.08696592596428619,0.21976084746091526,0.5961741787802446,0.22930433010760878
PIX,S-PROBE:R1:high,probe__P16H__color_rain_2__s44,0.155,48.0,0.027124720706764246,0.19158467573501606,0.17753869474734393,0.19919025614690627,0.4741531155292506,0.2368410738414868
PIX,S-PROBE:R2:high,probe_r2__P16H__s44,0.105,48.0,0.018627430328620558,0.22831180041186339,0.1742145077289985,0.19870483812246753,0.4441489362355679,0.23454931604455176
PIX,S-PROBE:R3:high,probe_r3__P16H__s44,0.28,32.0,0.03401731633494743,0.21069530669161096,0.1292119842806775,0.1627559370576712,0.39309224904191364,0.18751238878242613
PIX,S-PROBE:R1:high,probe__P17H__color_rain_0__s42,0.17,32.0,0.05397091152984757,0.23522650310008641,0.16258528156403748,0.25749914373028937,0.5391345945265075,0.28570230090999976
PIX,S-PROBE:R2:high,probe_r2__P17H__s42,0.09,48.0,0.05985756201102842,0.23506770406253102,0.16479419863378367,0.29189704387546894,0.6088418410641465,0.3180420315435479
PIX,S-PROBE:R3:high,probe_r3__P17H__s42,0.35000000000000003,16.0,0.03528518110512348,0.22489181932211566,0.10304598643104108,0.20031952806041922,0.22181809196769864,0.22196289869940422
PIX,S-PROBE:R1:high,probe__P17H__color_rain_0__s43,0.145,32.0,0.056220750074667064,0.27862242112193436,0.1300262285309501,0.266681057232164,0.7034203441718359,0.2809463890709619
PIX,S-PROBE:R2:high,probe_r2__P17H__s43,0.16,24.0,0.03165141984684794,0.29798196160274587,0.10447894543542476,0.23641635051264204,0.5621164547914784,0.2500457097383248
PIX,S-PROBE:R3:high,probe_r3__P17H__s43,0.21,8.0,0.02486411279189871,0.3426774812751438,0.08259798692847332,0.19715302003965018,0.35778534308426213,0.20427946431417351
PIX,S-PROBE:R1:high,probe__P17H__color_rain_0__s44,0.075,32.0,0.05676640001686717,0.32200661072623754,0.15386516678093648,0.26832151095116946,0.7070181566312337,0.28789441710456726
PIX,S-PROBE:R2:high,probe_r2__P17H__s44,0.09,32.0,0.05085419369483374,0.3210944303903062,0.1546109642878645,0.272255606598115,0.7309215990984462,0.29171341811287993
PIX,S-PROBE:R3:high,probe_r3__P17H__s44,0.33,16.0,0.02762621709135707,0.24552059078695204,0.10824311108317322,0.17187732416651383,0.4742455122279584,0.185640330392346
PIX,S-PROBE:R1:high,probe__P18H__earth_element_6__s42,0.055,80.0,0.10632618715636354,0.116018009997089,0.2546398791322002,0.5955356037033955,0.874454888150127,0.6417111849722387
PIX,S-PROBE:R2:high,probe_r2__P18H__s42,0.0,104.0,0.11947894185995249,0.11947894185995249,0.2506923708059207,0.5930139997866668,0.8753177959573457,0.6377744516063685
PIX,S-PROBE:R3:high,probe_r3__P18H__s42,0.09,80.0,0.03212987843962221,0.08114149643116891,0.23462547908230735,0.44473108747589324,0.7327326686975747,0.49233884359438745
PIX,S-PROBE:R1:high,probe__P18H__earth_element_6__s43,0.015,80.0,0.06548632104900173,0.11530461969471718,0.22987335246594598,0.44647149336894854,0.6083849926718728,0.4936015014713955
PIX,S-PROBE:R2:high,probe_r2__P18H__s43,0.01,80.0,0.05070421951506999,0.12023819741867803,0.2287188055608719,0.4242874642264371,0.5880174797777842,0.47386617280224663
PIX,S-PROBE:R3:high,probe_r3__P18H__s43,0.0,48.0,0.13213365686928377,0.27805387657436903,0.2138972853773697,0.42053385911777535,0.5911938267783973,0.4631897835468876
PIX,S-PROBE:R1:high,probe__P18H__earth_element_6__s44,0.0,104.0,0.10821874539293898,0.10821874539293898,0.23365892108880312,0.5646892175279343,0.6605577485314228,0.6050581780807732
PIX,S-PROBE:R2:high,probe_r2__P18H__s44,0.0,104.0,0.11133396590300336,0.11133396590300336,0.232728243690118,0.5978409833870673,0.660576856357941,0.6368897590282296
PIX,S-PROBE:R3:high,probe_r3__P18H__s44,0.22,32.0,0.03631417704984756,0.21669024657719763,0.16994975097367476,0.16107474843332711,0.2700617589957582,0.20795838713601777
PIX,S-PROBE:R1:high,probe__P19H__earth_element_4__s42,0.0,104.0,0.12660547238278105,0.12660547238278105,0.23496976210345305,0.6596019373414801,0.9968644127779522,0.6954344892022679
PIX,S-PROBE:R2:high,probe_r2__P19H__s42,0.0,80.0,0.1366391694249251,0.16749562947117164,0.2806135659133606,0.7171159751319935,0.89179288812126,0.761255229061095
PIX,S-PROBE:R3:high,probe_r3__P19H__s42,0.31,32.0,0.03459128287554494,0.17379065059803953,0.15593518826772404,0.17520156373397466,0.39598445199896914,0.21188108597082972
PIX,S-PROBE:R1:high,probe__P19H__earth_element_4__s43,0.03,104.0,0.10415477275979945,0.10775695257764287,0.33570268852046475,0.672773348994182,0.989043076972262,0.737079142697828
PIX,S-PROBE:R2:high,probe_r2__P19H__s43,0.105,80.0,0.08551682468437573,0.09149714310165279,0.29663725803519453,0.572393118324127,1.0287379709174638,0.620668542261474
PIX,S-PROBE:R3:high,probe_r3__P19H__s43,0.23,24.0,0.05700788408214293,0.2588650494508892,0.13797774708930333,0.24946775225540654,0.8106252749319843,0.2635238815309454
PIX,S-PROBE:R1:high,probe__P19H__earth_element_4__s44,0.005,48.0,0.13940058323106888,0.2534469188927423,0.20967380372155267,0.6421285052476403,0.7520466814865933,0.6750277120244373
PIX,S-PROBE:R2:high,probe_r2__P19H__s44,0.02,8.0,0.15906651510355288,0.3793564692435733,0.16772261781656364,0.647159797724782,1.1273923015641396,0.6674909154130684
PIX,S-PROBE:R3:high,probe_r3__P19H__s44,0.0,64.0,0.16592855937008485,0.24645880517833607,0.24240405266043663,0.45259353796729856,0.746740514294624,0.48390324090101483
PIX,S-PROBE:R1:high,probe__P20H__train_rush_1__s42,0.3,24.0,0.10428780457362732,0.3150514648195389,0.1582946738672024,0.36539512744048686,0.9071492827522069,0.38312807777373964
PIX,S-PROBE:R2:high,probe_r2__P20H__s42,0.34500000000000003,24.0,0.062128507254896784,0.26301188219172195,0.13095737319469056,0.318749341402782,0.8710277621894547,0.33342750793722914
PIX,S-PROBE:R3:high,probe_r3__P20H__s42,0.46,8.0,0.028866094986709702,0.2450671870018291,0.08442517860340422,0.12000696137778154,0.447014128595017,0.12953348621473856
PIX,S-PROBE:R1:high,probe__P20H__train_rush_1__s43,0.07,32.0,0.10913730950721577,0.39853117783191166,0.18954207191170894,0.36035686052628896,0.5263800150415949,0.39760985687927275
PIX,S-PROBE:R2:high,probe_r2__P20H__s43,0.075,32.0,0.1102562771418759,0.3954028056559861,0.1934683896058733,0.35981191996395284,0.5340718569647758,0.3995591184301161
PIX,S-PROBE:R3:high,probe_r3__P20H__s43,0.015,48.0,0.0766827768653428,0.28540854788299314,0.1626294355008269,0.2885256552967093,0.48254751615242164,0.3201996830743006
PIX,S-PROBE:R1:high,probe__P20H__train_rush_1__s44,0.17,8.0,0.062113969280350456,0.43800188216478053,0.06713425025089784,0.25085841899334543,0.6116609674913404,0.2598947810513124
PIX,S-PROBE:R2:high,probe_r2__P20H__s44,0.215,8.0,0.05315364060132779,0.3706153030810466,0.09315473504336046,0.2466400158833091,0.7088774244277645,0.2572746698253585
PIX,S-PROBE:R3:high,probe_r3__P20H__s44,0.055,24.0,0.0378244663030143,0.3626218063839481,0.14161826174290995,0.20026118079188499,0.482877105738381,0.22591569364875339
PIX,S-PROBE:R1:high,probe__P21H__train_rush_0__s42,0.2,16.0,0.0226749632047682,0.3207665704668956,0.09490972313809423,0.13796862868908374,0.5169723747584734,0.15116160995615488
PIX,S-PROBE:R2:high,probe_r2__P21H__s42,0.21,12.0,0.0130564643277263,0.3369904707888295,0.07288369754551038,0.12453469075022991,0.48195103103577575,0.1323152071866494
PIX,S-PROBE:R3:high,probe_r3__P21H__s42,0.295,1.0,0.01549000589083104,0.32962016828230806,0.038514098764176045,0.08667000376123714,0.22602119265880302,0.08939075042991249
PIX,S-PROBE:R1:high,probe__P21H__train_rush_0__s43,0.025,48.0,0.08147981042031296,0.301470477335597,0.16985746416143524,0.18927600699898692,0.5515962331076313,0.21808164921158457
PIX,S-PROBE:R2:high,probe_r2__P21H__s43,0.0,48.0,0.06822572741085618,0.32397556040973585,0.16900048598712789,0.18503438846650982,0.7657030208304006,0.21008946173524964
PIX,S-PROBE:R3:high,probe_r3__P21H__s43,0.27,12.0,0.02561442685764899,0.30326038357787505,0.10222902365088848,0.07885811684021567,0.4601617945853941,0.08828859491267471
PIX,S-PROBE:R1:high,probe__P21H__train_rush_0__s44,0.0,48.0,0.09714675382100979,0.3085813053317234,0.25806076498265607,0.30392140415245783,0.6674199307757008,0.3559357783547586
PIX,S-PROBE:R2:high,probe_r2__P21H__s44,0.0,48.0,0.07136165857268828,0.31028409521439565,0.23009980638222555,0.28265961574900517,0.5595555753168264,0.3291281942595365
PIX,S-PROBE:R3:high,probe_r3__P21H__s44,0.215,3.0,0.014125950291156477,0.37632106924083814,0.038981172166351864,0.11462672932862031,0.18439186050682105,0.11480471313819714
PIX,S-PROBE:R1:high,probe__P22H__money_rain_3__s42,0.115,48.0,0.04421688167353519,0.19223396165730755,0.17395596596081048,0.43384535342233405,0.6690042693390227,0.4609432055602115
PIX,S-PROBE:R2:high,probe_r2__P22H__s42,0.03,64.0,0.05352722220636103,0.17088672076405792,0.22662944310520802,0.45627742101709623,0.7077248748657948,0.4994936812493679
PIX,S-PROBE:R3:high,probe_r3__P22H__s42,0.085,3.0,0.13235325852382449,0.3569307009755776,0.13551886887519551,0.396409221470355,0.5732397149815122,0.41471022007389813
PIX,S-PROBE:R1:high,probe__P22H__money_rain_3__s43,0.06,64.0,0.05180211014253693,0.17827090036135743,0.1844993186283411,0.34654075724880745,0.5614704231001025,0.3804484468637421
PIX,S-PROBE:R2:high,probe_r2__P22H__s43,0.1,32.0,0.05905473204095968,0.2871148413688613,0.1652616932603494,0.3367404790478342,0.7554322379513108,0.361236210004662
PIX,S-PROBE:R3:high,probe_r3__P22H__s43,0.11,12.0,0.061555551696722034,0.37176846902075283,0.10578651591342267,0.30755181409783006,0.6556853587315539,0.31666680282662757
PIX,S-PROBE:R1:high,probe__P22H__money_rain_3__s44,0.165,48.0,0.03723745900887382,0.17373783610147747,0.18928838232486797,0.3305632517978149,0.5119507754126108,0.3666041277421548
PIX,S-PROBE:R2:high,probe_r2__P22H__s44,0.27,32.0,0.052617333376258665,0.19691386306175263,0.13459188074904027,0.30941446103490255,0.44907960759250676,0.33102300518226485
PIX,S-PROBE:R3:high,probe_r3__P22H__s44,0.31,5.0,0.03580887049236935,0.29008236567161627,0.0681729022976259,0.2697404570093863,0.32077770928122207,0.2744803311899022
PIX,S-PROBE:R1:high,probe__P23H__glitch_1__s42,0.16,64.0,0.0253057074637087,0.11932327627888595,0.21081985768484415,0.2534132211544737,0.44625074467196335,0.30562781163141983
PIX,S-PROBE:R2:high,probe_r2__P23H__s42,0.3,48.0,0.04236552352397046,0.14837768338628535,0.17448378862717107,0.24201681631474428,0.4343414960137149,0.28021513493900363
PIX,S-PROBE:R3:high,probe_r3__P23H__s42,0.355,12.0,0.03733050087417805,0.267270998122562,0.07189558544886059,0.1264887743905836,0.5563163825256006,0.13309097553663876
PIX,S-PROBE:R1:high,probe__P23H__glitch_1__s43,0.32,48.0,0.04186822632338302,0.1339021758672588,0.18052288909632286,0.28557214875444775,0.39358099580883843,0.3283683620888151
PIX,S-PROBE:R2:high,probe_r2__P23H__s43,0.185,64.0,0.06644394148910536,0.13450643248351737,0.17274135043495334,0.33150772376408055,0.48059652501265715,0.3640829831017935
PIX,S-PROBE:R3:high,probe_r3__P23H__s43,0.52,12.0,0.038965911999268486,0.2526064241931937,0.07740364051326729,0.12327384106745157,0.237925341698194,0.13658118243514294
PIX,S-PROBE:R1:high,probe__P23H__glitch_1__s44,0.24,64.0,0.06830462126217451,0.12834416087966677,0.185294102405346,0.3253978593122297,0.4416972881318593,0.3669725083836667
PIX,S-PROBE:R2:high,probe_r2__P23H__s44,0.355,32.0,0.03589334833757875,0.18618105801103443,0.1340382416746571,0.30161315361626323,0.43980491055496523,0.32415752570578676
PIX,S-PROBE:R3:high,probe_r3__P23H__s44,0.355,24.0,0.016708537171994164,0.22186952993168388,0.11631917884623191,0.08040747501591207,0.18659851783727147,0.11339972462307198
PIX,S-PROBE:R1:high,probe__P24H__acid_0__s42,0.065,80.0,0.051227998953794304,0.0828771424013476,0.24056660266601093,0.6211974152293552,1.122533021763926,0.6545888959775279
PIX,S-PROBE:R2:high,probe_r2__P24H__s42,0.0,64.0,0.19347122368651737,0.2580832227268099,0.24295149056010146,0.49986966782664727,0.9024886234537642,0.5444697980788795
PIX,S-PROBE:R3:high,probe_r3__P24H__s42,0.145,5.0,0.044763039774839954,0.3838431880041426,0.08358858276174157,0.21560819539839798,0.28249775227761426,0.22672355406474914
PIX,S-PROBE:R1:high,probe__P24H__acid_0__s43,0.09,48.0,0.09104858155076825,0.22251207302496506,0.15669101320083628,0.49583529399534887,1.059445410011943,0.5126357931875659
PIX,S-PROBE:R2:high,probe_r2__P24H__s43,0.16,32.0,0.06404999182500119,0.2440088542346712,0.13484754896675782,0.49423114895331016,1.0748497025112624,0.5062756401156957
PIX,S-PROBE:R3:high,probe_r3__P24H__s43,0.225,16.0,0.03538368619208227,0.2811286645380727,0.1004066243138328,0.2764851106803934,0.5219546480714675,0.2897487112146472
PIX,S-PROBE:R1:high,probe__P24H__acid_0__s44,0.015,48.0,0.10782544473140974,0.25355709390698555,0.1915531541879566,0.6259440558553168,0.9385763428901734,0.648796773396546
PIX,S-PROBE:R2:high,probe_r2__P24H__s44,0.12,24.0,0.08868882277128248,0.2921113377834344,0.14366929561456324,0.5408066717587555,1.282050094208866,0.5523867957432425
PIX,S-PROBE:R3:high,probe_r3__P24H__s44,0.23500000000000001,5.0,0.032437988836413155,0.35607492780969624,0.07460102121138615,0.3070633950280761,1.3981852520086244,0.3100769578893724
PIX,S-PROBE:R1:high,probe__P25H__luminous_gaze_3__s42,0.515,5.0,0.1103276121438259,0.3340508841746901,0.11527963942685596,0.60185416061086,0.6329494496731894,0.6095254128412967
PIX,S-PROBE:R2:high,probe_r2__P25H__s42,0.47500000000000003,12.0,0.09381996238236631,0.320899526290013,0.12430757838282126,0.5615238149312859,0.744118528246844,0.5712811036916959
PIX,S-PROBE:R3:high,probe_r3__P25H__s42,0.17,2.0,0.02469115901796143,0.4049166997149746,0.024727205539734783,0.22684150444796883,0.3663917643775329,0.22783511319836672
PIX,S-PROBE:R1:high,probe__P25H__luminous_gaze_3__s43,0.455,16.0,0.05832080823914066,0.20127897163396635,0.09450965992054153,0.6494633948902445,0.9190188946444593,0.6565941332708439
PIX,S-PROBE:R2:high,probe_r2__P25H__s43,0.455,12.0,0.057775869775902426,0.20805526282484746,0.10102059313929514,0.6287180505300977,0.9034025051642622,0.63540742106832
PIX,S-PROBE:R3:high,probe_r3__P25H__s43,0.1,32.0,0.027954549021970473,0.2972873809516411,0.15675985499656894,0.3216942690641389,0.7595459537813235,0.3430694709616129
PIX,S-PROBE:R1:high,probe__P25H__luminous_gaze_3__s44,0.1,64.0,0.10528149668405766,0.17951058518201782,0.15722933945540077,0.5076992091572317,0.7677751204911617,0.5237829127275295
PIX,S-PROBE:R2:high,probe_r2__P25H__s44,0.4,16.0,0.10974015978049015,0.18720897613423343,0.1412245021020904,0.5252855801220191,0.809855145383828,0.5371118829803145
PIX,S-PROBE:R3:high,probe_r3__P25H__s44,0.165,12.0,0.04098427947832792,0.34123342052552175,0.08798932064176809,0.2533499534913996,0.5299490146381285,0.26316811703122567
PIX,S-PROBE:R1:high,probe__P26H__saint_glow_3__s42,0.225,24.0,0.042417524610348985,0.24090067669855617,0.1357601079578755,0.4564706957445443,0.8613032630351557,0.46916711582657633
PIX,S-PROBE:R2:high,probe_r2__P26H__s42,0.25,12.0,0.06291926188299585,0.27222650371970014,0.09728106973065098,0.3690948527303789,0.8680657428145432,0.377410503480616
PIX,S-PROBE:R3:high,probe_r3__P26H__s42,0.23500000000000001,32.0,0.015211274977192948,0.2219111039541243,0.14752327118415895,0.1574125567702174,0.19767952638248767,0.20396802383914817
PIX,S-PROBE:R1:high,probe__P26H__saint_glow_3__s43,0.23,24.0,0.05657275897238288,0.2250195610439508,0.12843535455016822,0.505413334096487,0.9352989995523184,0.5174661281537891
PIX,S-PROBE:R2:high,probe_r2__P26H__s43,0.055,48.0,0.03894412837024903,0.24298901477194365,0.19821562424173467,0.5171396099472633,0.8800293162744026,0.5468094016681038
PIX,S-PROBE:R3:high,probe_r3__P26H__s43,0.28,24.0,0.03490477717558718,0.21986307493207924,0.1231079999886228,0.21673485177844815,0.5137821935347038,0.23705131271567423
PIX,S-PROBE:R1:high,probe__P26H__saint_glow_3__s44,0.17,16.0,0.05291113451778592,0.3059063536622765,0.11908838159804803,0.6318828033313804,1.066965142009732,0.6397057888833192
PIX,S-PROBE:R2:high,probe_r2__P26H__s44,0.17500000000000002,16.0,0.03959517077160061,0.34162642204562504,0.10283231327329151,0.4935018566298479,1.0393542362639625,0.5002626365440124
PIX,S-PROBE:R3:high,probe_r3__P26H__s44,0.195,8.0,0.01912512841911453,0.3695359402970579,0.057018111112063376,0.09519192148305396,0.6499942650718757,0.1005764848810251
PIX,S-PROBE:R1:high,probe__P27H__live_concert_4__s42,0.075,64.0,0.04552638229753151,0.15749167170157688,0.2259815972258311,0.3170164394852548,0.43514446040658683,0.3740789710324169
PIX,S-PROBE:R2:high,probe_r2__P27H__s42,0.0,64.0,0.09832391534672286,0.24487742857850053,0.26516233009482004,0.35746939482262025,0.6480621862135784,0.41141793476532973
PIX,S-PROBE:R3:high,probe_r3__P27H__s42,0.215,32.0,0.04591023748901893,0.2346626326222197,0.1485776768901024,0.19868472816765467,0.2062893447428913,0.24116516668816207
PIX,S-PROBE:R1:high,probe__P27H__live_concert_4__s43,0.035,64.0,0.048138389814899006,0.18362629408714787,0.2113522591225278,0.26705710037538644,0.43021097600260716,0.32157214447882077
PIX,S-PROBE:R2:high,probe_r2__P27H__s43,0.0,64.0,0.09293282373766797,0.2554966090740219,0.26803047910175715,0.3483769005801535,0.6390746692318872,0.4098456239804068
PIX,S-PROBE:R3:high,probe_r3__P27H__s43,0.36,2.0,0.056567366941821816,0.2822347529639477,0.05919922713750855,0.2196478984200936,0.1974134723339105,0.22441697214763592
PIX,S-PROBE:R1:high,probe__P27H__live_concert_4__s44,0.16,16.0,0.0814810890673298,0.3139968479729007,0.11696100727145296,0.5811374972059089,1.3695927734207736,0.5883207301678841
PIX,S-PROBE:R2:high,probe_r2__P27H__s44,0.17,16.0,0.09117139745431863,0.29929791756982005,0.12212507833758428,0.47881938173561645,1.2605434529630013,0.48802038432638545
PIX,S-PROBE:R3:high,probe_r3__P27H__s44,0.26,32.0,0.08040235452900801,0.21096997982411167,0.15640180483965235,0.2970852735224264,0.5799294564665972,0.32099990269305545
PIX,S-PROBE:R1:high,probe__P28H__animalization_0__s42,0.03,64.0,0.038290892105627104,0.20474395205665152,0.19657357682991475,0.33744445504630016,0.5350091438680049,0.3725632176403634
PIX,S-PROBE:R2:high,probe_r2__P28H__s42,0.095,48.0,0.041061973849323724,0.23420132224792894,0.17958428898377118,0.3540853262731589,0.521865740977156,0.3822440440657736
PIX,S-PROBE:R3:high,probe_r3__P28H__s42,0.015,16.0,0.04192598448918854,0.4616413633153977,0.09639625799428243,0.21031997781390782,0.9756794367812421,0.21556232107600523
PIX,S-PROBE:R1:high,probe__P28H__animalization_0__s43,0.09,32.0,0.04157468034885623,0.30024451545829695,0.1596934825285514,0.31938973779957464,0.5995942510830168,0.34150345092995166
PIX,S-PROBE:R2:high,probe_r2__P28H__s43,0.05,64.0,0.031326587921535726,0.17006122575321184,0.20718301255699134,0.4109908834000014,0.5550287167685395,0.4507838080375572
PIX,S-PROBE:R3:high,probe_r3__P28H__s43,0.015,12.0,0.027934391814725235,0.48214502940897075,0.07409141124403225,0.2504040199098038,1.066355563267801,0.2546499300645712
PIX,S-PROBE:R1:high,probe__P28H__animalization_0__s44,0.14,32.0,0.04335126560655844,0.2732940203875842,0.14424698214250772,0.35706467828099436,0.7694938041791307,0.37470949606744225
PIX,S-PROBE:R2:high,probe_r2__P28H__s44,0.155,32.0,0.045948409000378186,0.26142954382922096,0.13761898007711432,0.37921869008966486,0.6103581763468092,0.39678716209451503
PIX,S-PROBE:R3:high,probe_r3__P28H__s44,0.03,24.0,0.032075025866796524,0.3999463541733548,0.11141434299163297,0.31550035795552867,0.8515066558644327,0.3248618274444707
PIX,S-PROBE:R1:high,probe__P29H__shadow_3__s42,0.0,80.0,0.07290964662706459,0.15052321594893195,0.3017041963789123,0.4383859110182716,0.7764372935294714,0.5044623521392891
PIX,S-PROBE:R2:high,probe_r2__P29H__s42,0.015,64.0,0.0958949154840609,0.19718095410134426,0.29083591211810517,0.4132303769815206,0.7777425413732727,0.4736985544292318
PIX,S-PROBE:R3:high,probe_r3__P29H__s42,0.37,5.0,0.04898928164760225,0.27676311315874774,0.05947886541619342,0.1763385507365491,0.4728729672056342,0.18069807901662963
PIX,S-PROBE:R1:high,probe__P29H__shadow_3__s43,0.045,80.0,0.02942902549676076,0.1028872662376485,0.23303331815497297,0.42707785174487606,0.6444027801233997,0.4731376074196285
PIX,S-PROBE:R2:high,probe_r2__P29H__s43,0.015,64.0,0.03214482741302244,0.2056252416037191,0.20825386883554037,0.413353107033567,0.6755646223004148,0.45006881067394405
PIX,S-PROBE:R3:high,probe_r3__P29H__s43,0.1,24.0,0.052133692540879066,0.31530920302968185,0.12722955744469788,0.3377416826956695,0.6892936940598392,0.3547992849999701
PIX,S-PROBE:R1:high,probe__P29H__shadow_3__s44,0.315,48.0,0.0490930468619096,0.14417383078167859,0.19506545759478863,0.3340292622952596,0.6209924663015387,0.3660611550010019
PIX,S-PROBE:R2:high,probe_r2__P29H__s44,0.265,48.0,0.035791720875913036,0.13947294126314444,0.19435582891295683,0.2921848332697459,0.5442830496709846,0.3303633633419033
PIX,S-PROBE:R3:high,probe_r3__P29H__s44,0.41500000000000004,8.0,0.04320892931167027,0.2353994995033074,0.06970830056812301,0.23578244991676112,0.6116119126307941,0.24341618381819866
PIX,S-PROBE:R1:high,probe__P30H__gas_transformation_1__s42,0.23500000000000001,48.0,0.007685020816243083,0.15620339049077198,0.1778827679081775,0.0499879764291668,0.08612491773569035,0.1384675779088324
PIX,S-PROBE:R2:high,probe_r2__P30H__s42,0.105,48.0,0.019382335846555136,0.22716204937366768,0.176125689373025,0.06236593597567301,0.09858993566833422,0.14291731124351462
PIX,S-PROBE:R3:high,probe_r3__P30H__s42,0.29,3.0,0.005181289666478915,0.33563414762184407,0.03855618804289983,0.06159233740955888,0.13856738133932542,0.06178302049176122
PIX,S-PROBE:R1:high,probe__P30H__gas_transformation_1__s43,0.105,64.0,0.02623717946146073,0.14519210877865033,0.20388611919966998,0.12970164726893915,0.1781840998255012,0.2181549219103909
PIX,S-PROBE:R2:high,probe_r2__P30H__s43,0.08,48.0,0.03781166735950162,0.21053729785647118,0.19268590746854597,0.17118541287024905,0.22591500521079652,0.244595386456983
PIX,S-PROBE:R3:high,probe_r3__P30H__s43,0.155,16.0,0.04450572514760648,0.31948593344439197,0.11765644389216785,0.17844183360501256,0.23564510258799656,0.20829114595014897
PIX,S-PROBE:R1:high,probe__P30H__gas_transformation_1__s44,0.21,48.0,0.01511115906578498,0.16528987185372848,0.1833224820529999,0.11792681653467686,0.22900450037799164,0.18083581386597655
PIX,S-PROBE:R2:high,probe_r2__P30H__s44,0.15,48.0,0.02411078313873567,0.17435683418989462,0.1950651382595178,0.15224561986683785,0.2566488599842117,0.219020384166556
PIX,S-PROBE:R3:high,probe_r3__P30H__s44,0.23500000000000001,16.0,0.03005059522989194,0.2800391207091471,0.10089514469009678,0.1634790697097149,0.31168962551310264,0.18157184470913296
PIX,S-PROBE:R1:inplace,probe__P01L__wireframe_7__s42,0.29,64.0,0.0373424263058203,0.14360278952024771,0.19590100457022336,0.3440280599662269,0.49746707217245156,0.3849705034945292
PIX,S-PROBE:R2:inplace,probe_r2__P01L__s42,0.13,80.0,0.034953407381127566,0.08299269090586153,0.2184717615334802,0.38798668488529703,0.5575927356705841,0.4351285460537477
PIX,S-PROBE:R3:inplace,probe_r3__P01L__s42,0.365,48.0,0.07088459946781243,0.15271210676853694,0.16916895617710115,0.38580619962370516,0.530668689982563,0.4163302485190249
PIX,S-PROBE:R1:inplace,probe__P01L__wireframe_7__s43,0.29,64.0,0.06225533780776151,0.12120953810533475,0.2166800131989461,0.26903149813333693,0.3853062929401132,0.33481500823076144
PIX,S-PROBE:R2:inplace,probe_r2__P01L__s43,0.0,104.0,0.07408660799633442,0.07408660799633442,0.27630849531594204,0.34813345553890507,0.4528811789372797,0.4329532327710405
PIX,S-PROBE:R3:inplace,probe_r3__P01L__s43,0.005,80.0,0.06640219018519217,0.11200316675803826,0.28010041447083084,0.3560828167742995,0.4724915346690456,0.43949808149060526
PIX,S-PROBE:R1:inplace,probe__P01L__wireframe_7__s44,0.17500000000000002,24.0,0.06702109714435361,0.2588397606086597,0.11644096731934955,0.3969365038291836,1.112750242492714,0.40918091914712146
PIX,S-PROBE:R2:inplace,probe_r2__P01L__s44,0.215,3.0,0.0480517236200729,0.35385185063732705,0.05963873307306068,0.371560368749334,0.9240737288533922,0.3742192740822605
PIX,S-PROBE:R3:inplace,probe_r3__P01L__s44,0.23,3.0,0.04251990253511226,0.344641871653917,0.05612444486736042,0.35885014768607976,0.9652861984172075,0.3625836818537679
PIX,S-PROBE:R1:inplace,probe__P06L__explosion_0__s42,0.025,80.0,0.047823658075370305,0.09615556825653777,0.2593314270787306,0.3266233687760832,0.3404307905713106,0.4121979883589364
PIX,S-PROBE:R2:inplace,probe_r2__P06L__s42,0.26,48.0,0.05542870487399375,0.13023759884026018,0.18996051870896138,0.2875893824402525,0.274430897466548,0.34092517434438496
PIX,S-PROBE:R3:inplace,probe_r3__P06L__s42,0.41000000000000003,32.0,0.07569681451461484,0.16098277388933083,0.1609661906767309,0.32291124364153617,0.29691459819530436,0.35870078898998153
PIX,S-PROBE:R1:inplace,probe__P06L__explosion_0__s43,0.01,104.0,0.08122909997094348,0.08169887353931833,0.33352413218736626,0.6631488139736831,0.744880509939806,0.7409113861075549
PIX,S-PROBE:R2:inplace,probe_r2__P06L__s43,0.05,80.0,0.06986755053385324,0.07459619977287811,0.29327459604235523,0.5743057322806306,0.8391980520616545,0.6351749682771981
PIX,S-PROBE:R3:inplace,probe_r3__P06L__s43,0.0,104.0,0.08252584950365836,0.08252584950365836,0.3124732088744478,0.572929050827813,0.8105088066160058,0.6400900691971456
PIX,S-PROBE:R1:inplace,probe__P06L__explosion_0__s44,0.075,48.0,0.061290784126548405,0.25236998394256865,0.19602382238244487,0.3744706609291616,0.6104568376179809,0.4037336391722555
PIX,S-PROBE:R2:inplace,probe_r2__P06L__s44,0.105,32.0,0.08213629775978652,0.3123776744615597,0.1481959471464645,0.3473276649779231,1.2063949786569115,0.3601131842388141
PIX,S-PROBE:R3:inplace,probe_r3__P06L__s44,0.125,32.0,0.06430744782243125,0.29196302298340754,0.15541645712999166,0.34660074886905873,1.0011095727890036,0.3635618550917995
PIX,S-PROBE:R1:inplace,probe__P09L__point_cloud_0__s42,0.0,48.0,0.17954785909927454,0.2694160218287856,0.2591088258242243,0.4492341591124172,0.7937455990954464,0.5079992213938457
PIX,S-PROBE:R2:inplace,probe_r2__P09L__s42,0.0,24.0,0.12469491773022534,0.3660395364192548,0.16524359489563023,0.2960695367572926,0.49471784231098315,0.32760943857407077
PIX,S-PROBE:R3:inplace,probe_r3__P09L__s42,0.0,24.0,0.12067868157579334,0.36953783451111444,0.16484980022803905,0.3025110630673538,0.5040555470419538,0.3338333043937079
PIX,S-PROBE:R1:inplace,probe__P09L__point_cloud_0__s43,0.03,16.0,0.17450249844438423,0.3310701546500708,0.18811466422363352,0.5499686521886289,0.793772104569157,0.5801563846625556
PIX,S-PROBE:R2:inplace,probe_r2__P09L__s43,0.045,16.0,0.15550169453993007,0.33753204388083136,0.16533786238295603,0.48415259301331187,0.6591227839609529,0.5091126851183106
PIX,S-PROBE:R3:inplace,probe_r3__P09L__s43,0.0,32.0,0.15722280906930705,0.31891054598627655,0.1831675493076759,0.48542582902877085,0.7259279321604739,0.5148829183577189
PIX,S-PROBE:R1:inplace,probe__P09L__point_cloud_0__s44,0.09,2.0,0.09632475022922456,0.4114694995684559,0.09794065698744923,0.3828465890076718,0.4171341505338246,0.39547048725221307
PIX,S-PROBE:R2:inplace,probe_r2__P09L__s44,0.1,3.0,0.09590840914873465,0.3922966545385179,0.09835120962145025,0.3666460020225798,0.5443004532943815,0.3788217370559567
PIX,S-PROBE:R3:inplace,probe_r3__P09L__s44,0.05,8.0,0.10334718792735187,0.41061892297727154,0.12139286406669245,0.3933357484939712,0.6542354061382115,0.40880634924110537
PIX,S-PROBE:R1:inplace,probe__P10L__monstrosity_0__s42,0.015,64.0,0.041127537032445885,0.20970309074079166,0.19103016425936506,0.309772646418505,0.4244371813156433,0.354949597483697
PIX,S-PROBE:R2:inplace,probe_r2__P10L__s42,0.115,64.0,0.0384013425173755,0.13560076705271432,0.22072720019567701,0.2624042561711518,0.3799183843852713,0.3256848835614802
PIX,S-PROBE:R3:inplace,probe_r3__P10L__s42,0.24,64.0,0.13546451940196919,0.16106626798267448,0.17810710938551066,0.2849243182582043,0.3166662198567495,0.3293211591447073
PIX,S-PROBE:R1:inplace,probe__P10L__monstrosity_0__s43,0.0,64.0,0.03862197989673156,0.22916964493621086,0.20312153603463676,0.25138495623340296,0.3441090601114164,0.31007399770507277
PIX,S-PROBE:R2:inplace,probe_r2__P10L__s43,0.0,80.0,0.04363509190412162,0.1560323540209731,0.25389633713413085,0.2691583653406769,0.40687971822556224,0.3466469103742085
PIX,S-PROBE:R3:inplace,probe_r3__P10L__s43,0.0,80.0,0.042158310708004465,0.15418253107046792,0.25407175403806315,0.26821303750202835,0.4104925626751094,0.3455173057025707
PIX,S-PROBE:R1:inplace,probe__P10L__monstrosity_0__s44,0.01,64.0,0.08401238939080138,0.20385188311530478,0.1984487498123877,0.45018713738823807,0.7204006603238216,0.4821964901064084
PIX,S-PROBE:R2:inplace,probe_r2__P10L__s44,0.015,80.0,0.04763112203538389,0.12490191640836337,0.22766573396888895,0.3383200350603777,0.4886193882600317,0.3946249586370796
PIX,S-PROBE:R3:inplace,probe_r3__P10L__s44,0.245,64.0,0.0658965695805175,0.10432179032473478,0.2141654628223892,0.31829748228138877,0.38173187398076286,0.37535853384483236
PIX,S-PROBE:R1:inplace,probe__P11L__water_element_3__s42,0.2,64.0,0.03883578663636016,0.09655570876410474,0.224069651334791,0.2073648970817599,0.30445174339563885,0.28673110093871185
PIX,S-PROBE:R2:inplace,probe_r2__P11L__s42,0.275,32.0,0.04379677030532299,0.17549961681302315,0.16645093086517204,0.22257972513527322,0.34356042395538977,0.2588955559416573
PIX,S-PROBE:R3:inplace,probe_r3__P11L__s42,0.16,48.0,0.030928866822859596,0.19291080591819185,0.16181897691183458,0.15010181807511755,0.19700487217584747,0.2032856304584669
PIX,S-PROBE:R1:inplace,probe__P11L__water_element_3__s43,0.16,48.0,0.01974309006289501,0.18657095889238895,0.1782270893854603,0.17255826983204045,0.28047755588740775,0.22348901517339848
PIX,S-PROBE:R2:inplace,probe_r2__P11L__s43,0.355,24.0,0.02589761837229962,0.21540748408170263,0.11173899895299265,0.1604648927038251,0.26451059140936367,0.1843383561856363
PIX,S-PROBE:R3:inplace,probe_r3__P11L__s43,0.18,48.0,0.03780381270037134,0.19097068019673052,0.1621794831388542,0.1679528286343033,0.28519936299224985,0.2097588027278198
PIX,S-PROBE:R1:inplace,probe__P11L__water_element_3__s44,0.25,32.0,0.06934146302704965,0.18603543065194833,0.13797336833198803,0.22776787273107274,0.36248941470145907,0.259386885772562
PIX,S-PROBE:R2:inplace,probe_r2__P11L__s44,0.28500000000000003,24.0,0.03410710636831325,0.22764281045786147,0.11952117462879341,0.2082287744985295,0.3480439751485471,0.22915802424342308
PIX,S-PROBE:R3:inplace,probe_r3__P11L__s44,0.295,12.0,0.04790188423262859,0.26756889952130886,0.09163931250425927,0.2427649262372376,0.4475286537418047,0.25314403079437076
PIX,S-PROBE:R1:inplace,probe__P14L__fire_element_2__s42,0.155,48.0,0.025308096818894184,0.17630433083423103,0.19801972710318966,0.13558159145701662,0.3104909288899195,0.20781125296073985
PIX,S-PROBE:R2:inplace,probe_r2__P14L__s42,0.15,48.0,0.0490195205834157,0.1805342154854937,0.20994911587020942,0.19808629772828734,0.31646679249426585,0.2511111103842184
PIX,S-PROBE:R3:inplace,probe_r3__P14L__s42,0.165,48.0,0.04212092494425051,0.1739862014511644,0.20942599655697652,0.2076130983096189,0.47936712172189083,0.2576632555133594
PIX,S-PROBE:R1:inplace,probe__P14L__fire_element_2__s43,0.09,32.0,0.05083728820305718,0.2868237382235925,0.14914634366311183,0.21435174307035068,0.2872330832211271,0.24944954279321288
PIX,S-PROBE:R2:inplace,probe_r2__P14L__s43,0.095,24.0,0.03346039954757809,0.3423978675326579,0.10929043738936582,0.1941123605137797,0.352242806888168,0.21678229453109785
PIX,S-PROBE:R3:inplace,probe_r3__P14L__s43,0.11,16.0,0.03643464897603761,0.36698292627418283,0.09604712794118304,0.19661528682558535,0.45489013998221345,0.21045117305974753
PIX,S-PROBE:R1:inplace,probe__P14L__fire_element_2__s44,0.01,64.0,0.06065216516911345,0.20155968251081216,0.19636686186813257,0.26234291606275373,0.25040279082728006,0.3322382056257618
PIX,S-PROBE:R2:inplace,probe_r2__P14L__s44,0.055,48.0,0.049518756117030736,0.2465705452463724,0.1850479154724553,0.24634825115401326,0.29943980241878393,0.29951172220932076
PIX,S-PROBE:R3:inplace,probe_r3__P14L__s44,0.115,48.0,0.03425913550977006,0.19427110787868881,0.1953808437056436,0.22365375929525894,0.23646650030276067,0.28833717720828084
PIX,S-PROBE:R1:inplace,probe__P17L__color_rain_0__s42,0.055,104.0,0.06265307473456128,0.08262296091165361,0.2602267670127224,0.6040589126353784,1.1984136032464885,0.6494352207616545
PIX,S-PROBE:R2:inplace,probe_r2__P17L__s42,0.245,64.0,0.07364682805160648,0.1236066233078206,0.20589139393193595,0.5588394326535286,1.260434879979286,0.583211658505477
PIX,S-PROBE:R3:inplace,probe_r3__P17L__s42,0.36,48.0,0.06192869216320759,0.14901521378637453,0.18793372836525035,0.38100636480809985,0.8155311886521058,0.4102767612717958
PIX,S-PROBE:R1:inplace,probe__P17L__color_rain_0__s43,0.125,80.0,0.03093211228553994,0.07171972779050292,0.22948376135744114,0.384717850232903,0.6180439412523018,0.4343003535219169
PIX,S-PROBE:R2:inplace,probe_r2__P17L__s43,0.185,64.0,0.040154225123310225,0.09863605289142545,0.23648663546614523,0.33281927422757696,0.6191463875649095,0.3832231489215885
PIX,S-PROBE:R3:inplace,probe_r3__P17L__s43,0.185,64.0,0.03863406307854739,0.10297213957159382,0.23568381057314142,0.329705623207781,0.61802150842387,0.3793902244218962
PIX,S-PROBE:R1:inplace,probe__P17L__color_rain_0__s44,0.125,48.0,0.09199950403338786,0.19247675479266935,0.16450624181962584,0.395914846049303,0.5810837617043231,0.42023391275569144
PIX,S-PROBE:R2:inplace,probe_r2__P17L__s44,0.165,32.0,0.061617817985101964,0.23511320923910825,0.15406493936885823,0.3390359583764865,0.43318944057727915,0.35700044435123685
PIX,S-PROBE:R3:inplace,probe_r3__P17L__s44,0.22,24.0,0.06409098210662278,0.23903924324167766,0.11549664179175456,0.3028459831716619,0.47791464727286015,0.3160670680986263
PIX,S-PROBE:R1:inplace,probe__P19L__earth_element_4__s42,0.165,64.0,0.08159415786513083,0.11872793881151698,0.25747546135004484,0.4124801432598875,0.9387728976051241,0.454712393265612
PIX,S-PROBE:R2:inplace,probe_r2__P19L__s42,0.225,64.0,0.09465179095524401,0.13975050414548665,0.2263956256672345,0.42279478273476234,0.7630703050449908,0.45317976631954865
PIX,S-PROBE:R3:inplace,probe_r3__P19L__s42,0.315,48.0,0.05697153648586796,0.15653645018488957,0.2132577030533001,0.301253082468525,0.7943455809893183,0.3337869962403045
PIX,S-PROBE:R1:inplace,probe__P19L__earth_element_4__s43,0.115,48.0,0.0607183211311807,0.20089735111703838,0.17314991603484675,0.258228127084642,0.49454637060503465,0.29197662741594693
PIX,S-PROBE:R2:inplace,probe_r2__P19L__s43,0.155,48.0,0.05205123420760778,0.1758388777761149,0.1616776940224408,0.31473548198429085,0.6235902441322257,0.3413298200952988
PIX,S-PROBE:R3:inplace,probe_r3__P19L__s43,0.15,48.0,0.059664191782225845,0.18282521227755769,0.1569869765792846,0.2903950781395982,0.5748420766866948,0.3177449258105592
PIX,S-PROBE:R1:inplace,probe__P19L__earth_element_4__s44,0.035,48.0,0.05642332738811963,0.24953929093565022,0.19413650335163873,0.29746526491390685,0.543382022636298,0.33896216982308214
PIX,S-PROBE:R2:inplace,probe_r2__P19L__s44,0.04,48.0,0.0503704372022864,0.25757214462269495,0.18252426399157096,0.3273522899191423,0.6672952071264459,0.35968028898577886
PIX,S-PROBE:R3:inplace,probe_r3__P19L__s44,0.045,48.0,0.05480966458763744,0.2593046765009075,0.17874235973618824,0.32121954272376646,0.6864753469210593,0.35168763271565534
PIX,S-PROBE:R1:inplace,probe__P23L__glitch_1__s42,0.085,32.0,0.05075489419544279,0.29937355285652933,0.14378833447511968,0.1902366973287453,0.2058708780820975,0.23320082947261017
PIX,S-PROBE:R2:inplace,probe_r2__P23L__s42,0.12,32.0,0.040054305135860814,0.289865891925445,0.16081022651646026,0.13464929284471797,0.21050546449885643,0.18068623931107367
PIX,S-PROBE:R3:inplace,probe_r3__P23L__s42,0.34500000000000003,8.0,0.049713977927328803,0.259713081447091,0.06278367795112222,0.14681631174395332,0.20721809031466476,0.1592251718988061
PIX,S-PROBE:R1:inplace,probe__P23L__glitch_1__s43,0.05,32.0,0.06248806221195346,0.32171469238947314,0.15547438007884762,0.19397680177375212,0.2761192962949802,0.23367283810555395
PIX,S-PROBE:R2:inplace,probe_r2__P23L__s43,0.045,48.0,0.05478387714499925,0.25783348983954313,0.19095654698364697,0.18772229986778957,0.3119653405105381,0.24378598167862087
PIX,S-PROBE:R3:inplace,probe_r3__P23L__s43,0.1,48.0,0.04579720903436342,0.21411644469731336,0.21546956493102568,0.18325740183587677,0.3384787968741341,0.24821352311764883
PIX,S-PROBE:R1:inplace,probe__P23L__glitch_1__s44,0.135,48.0,0.035095360210750326,0.20593388489799458,0.15726662448420708,0.15206630502587276,0.22641139172665284,0.20078816732123822
PIX,S-PROBE:R2:inplace,probe_r2__P23L__s44,0.23500000000000001,32.0,0.0452189423881912,0.2193937117993933,0.12657458176909667,0.14028574604265331,0.22059110811290975,0.17551295916377893
PIX,S-PROBE:R3:inplace,probe_r3__P23L__s44,0.28,32.0,0.031776860848605856,0.1852515854802602,0.16366581427494692,0.1429020130765927,0.2278864047902686,0.1899614352692261
PIX,S-PROBE:R1:inplace,probe__P28L__animalization_0__s42,0.085,64.0,0.041652076864746895,0.14461087785593532,0.2088687348225693,0.3436945901018821,0.44153658258485246,0.3963956270615555
PIX,S-PROBE:R2:inplace,probe_r2__P28L__s42,0.015,80.0,0.0246906175989969,0.1163511229568397,0.25256842309506566,0.34271599232485056,0.31060961224717953,0.4261573028723241
PIX,S-PROBE:R3:inplace,probe_r3__P28L__s42,0.02,64.0,0.03891058997501551,0.20677781305503692,0.20448006964985393,0.30158953472788175,0.2837735483258754,0.363610969530021
PIX,S-PROBE:R1:inplace,probe__P28L__animalization_0__s43,0.03,48.0,0.03361143613422997,0.2641151293224841,0.19606287576896192,0.26672635821462615,0.2763007556706084,0.3230688910688362
PIX,S-PROBE:R2:inplace,probe_r2__P28L__s43,0.08,32.0,0.03301826790397301,0.32060500407419984,0.1542213427831118,0.287508290152822,0.4240919657883726,0.31589716217978986
PIX,S-PROBE:R3:inplace,probe_r3__P28L__s43,0.07,16.0,0.02934265811499335,0.40511782441312094,0.11644060848778613,0.2550956111997686,0.32733622266691764,0.2682005445334615
PIX,S-PROBE:R1:inplace,probe__P28L__animalization_0__s44,0.295,8.0,0.03428887191850784,0.3183343771841203,0.07415431100224786,0.28179867908654777,0.28812813085944666,0.2874446849022889
PIX,S-PROBE:R2:inplace,probe_r2__P28L__s44,0.29,16.0,0.0701038859759555,0.29599801341707943,0.1083448202087897,0.3534659194525541,0.47823458951801434,0.36753645552389363
PIX,S-PROBE:R3:inplace,probe_r3__P28L__s44,0.31,8.0,0.0344085403252696,0.3011794667678579,0.07886145601437243,0.21299216186724862,0.3117729155165169,0.22146478676218984
DINO,S-PROBE:R1:high,probe__P01H__wireframe_7__s42,0.02,64.0,0.08790165151265021,0.2278429364983969,0.20453597383592378,0.40889161809637603,0.7799955690437373,0.4371848128519059
DINO,S-PROBE:R2:high,probe_r2__P01H__s42,0.005,64.0,0.07004076558373097,0.2236149011758325,0.24796583421873758,0.434539566435468,0.8591131718845061,0.47366328211079595
DINO,S-PROBE:R3:high,probe_r3__P01H__s42,0.2,16.0,0.033036624142512024,0.3130960551327744,0.09574667055314068,0.22088368218440255,0.5333829202115307,0.23165037223782292
DINO,S-PROBE:R1:high,probe__P01H__wireframe_7__s43,0.005,64.0,0.0964749705634573,0.2132469528498716,0.28611172015463493,0.4736668382262515,0.8378597742206102,0.5255100115319729
DINO,S-PROBE:R2:high,probe_r2__P01H__s43,0.0,64.0,0.08424753530418233,0.23851721501047554,0.25489633077804114,0.41474531476167026,0.8059189019226661,0.45898803040198816
DINO,S-PROBE:R3:high,probe_r3__P01H__s43,0.04,12.0,0.049290448663155066,0.4503106890288757,0.08698667871821948,0.25119873790330205,0.5562142862279208,0.2581764133885996
DINO,S-PROBE:R1:high,probe__P01H__wireframe_7__s44,0.03,64.0,0.08243375458385577,0.19937187916488058,0.22182327129016588,0.4123937929593237,0.3970031064496465,0.44876083971048214
DINO,S-PROBE:R2:high,probe_r2__P01H__s44,0.05,64.0,0.0835089158296902,0.19295886002002202,0.20387815252225444,0.3892922830079703,0.8251441609117887,0.4217281186737335
DINO,S-PROBE:R3:high,probe_r3__P01H__s44,0.155,24.0,0.05063445849680143,0.29339028509198006,0.110490653306015,0.2804007784641323,0.598221571129677,0.29589843332053123
DINO,S-PROBE:R1:high,probe__P02H__super_fast_run_10__s42,0.165,3.0,0.07025583977678122,0.35571330650098254,0.07181532687611776,0.29626608967530055,0.4902671977803659,0.30248706544645143
DINO,S-PROBE:R2:high,probe_r2__P02H__s42,0.17500000000000002,2.0,0.052719082978162995,0.3736863666329284,0.05318014092050976,0.23117841227764735,0.4430252594422747,0.2357453423348144
DINO,S-PROBE:R3:high,probe_r3__P02H__s42,0.17,1.0,0.030845262646793895,0.39783713331932075,0.030861742371807166,0.22435396876460267,0.3514027124038906,0.22639313157709742
DINO,S-PROBE:R1:high,probe__P02H__super_fast_run_10__s43,0.04,32.0,0.035001199151750775,0.3521690886907393,0.1426461954416665,0.32858457678076614,0.793001228729212,0.3451211033205497
DINO,S-PROBE:R2:high,probe_r2__P02H__s43,0.07,16.0,0.03319051298889842,0.4086205741806262,0.09656898605569574,0.2498841121025436,0.6975553848951275,0.2594289322326288
DINO,S-PROBE:R3:high,probe_r3__P02H__s43,0.095,8.0,0.034478961215640196,0.43046289926364223,0.07730473782992336,0.21518827966332338,0.7109134072366082,0.22246017967997284
DINO,S-PROBE:R1:high,probe__P02H__super_fast_run_10__s44,0.005,48.0,0.04626263843252066,0.29661887150578503,0.1678485220602602,0.318390037107817,0.6778820820317893,0.34480237212657167
DINO,S-PROBE:R2:high,probe_r2__P02H__s44,0.0,32.0,0.08321298476368037,0.3496878018386604,0.18826443523353395,0.3358500719096658,0.6629470767582144,0.3687419022222879
DINO,S-PROBE:R3:high,probe_r3__P02H__s44,0.13,24.0,0.06237110730611353,0.31138727662084364,0.15317626634128634,0.2758455780621615,0.8042094081683175,0.294892513731003
DINO,S-PROBE:R1:high,probe__P03H__portal_1__s42,0.045,80.0,0.08669040691352078,0.09629250919014042,0.3034782204460197,0.6221969139132075,0.8845456425411857,0.6789693826410815
DINO,S-PROBE:R2:high,probe_r2__P03H__s42,0.065,80.0,0.048890935529207445,0.06985012121887724,0.2742403429849144,0.5808393138355467,0.8918502879083153,0.6290904354876714
DINO,S-PROBE:R3:high,probe_r3__P03H__s42,0.26,8.0,0.059915438007573076,0.2796280999521719,0.07019748778546303,0.2833169409464839,0.5803502783519661,0.29227567806838506
DINO,S-PROBE:R1:high,probe__P03H__portal_1__s43,0.04,80.0,0.06720146213600513,0.11933791074094492,0.2681495724316576,0.6102026461457125,1.0400325573986313,0.648954871573258
DINO,S-PROBE:R2:high,probe_r2__P03H__s43,0.055,80.0,0.06025729456519244,0.10642694493635628,0.26374814204075125,0.6008747947757953,1.0343237047376788,0.6388831927366766
DINO,S-PROBE:R3:high,probe_r3__P03H__s43,0.5700000000000001,8.0,0.03169775724166687,0.26839080280368405,0.06817098688663853,0.21636418399784568,0.658839336832284,0.22169711013792667
DINO,S-PROBE:R1:high,probe__P03H__portal_1__s44,0.0,104.0,0.1153152547813031,0.1153152547813031,0.2933836842859008,0.651639533720774,0.9356211838877295,0.7005885192196873
DINO,S-PROBE:R2:high,probe_r2__P03H__s44,0.105,80.0,0.06288107011833492,0.08303787310430608,0.27426670880384585,0.5566033288330957,0.9642009631507332,0.6008876553452813
DINO,S-PROBE:R3:high,probe_r3__P03H__s44,0.425,12.0,0.05785305404523042,0.21428150878192184,0.09450758556539157,0.24591222239817026,0.799687225158471,0.25558685108775453
DINO,S-PROBE:R1:high,probe__P04H__portal_10__s42,0.0,48.0,0.14277750745764112,0.26720240415384333,0.21378221423784388,0.5453198918951117,0.590151403591181,0.5818574150319562
DINO,S-PROBE:R2:high,probe_r2__P04H__s42,0.0,32.0,0.10305127988950555,0.3572951356702705,0.2122484633650598,0.5339402351672689,0.806445181154784,0.5662521049313003
DINO,S-PROBE:R3:high,probe_r3__P04H__s42,0.0,32.0,0.13926911714934104,0.3412539640986818,0.24803694486464553,0.5701396771092953,0.8898833096087995,0.6102227896743632
DINO,S-PROBE:R1:high,probe__P04H__portal_10__s43,0.0,80.0,0.09503796096624857,0.1511776288050284,0.24859476220501472,0.5876719909146363,0.7702256554283322,0.6285928956826057
DINO,S-PROBE:R2:high,probe_r2__P04H__s43,0.0,80.0,0.17458663774228758,0.1902848026661245,0.31739765417841154,0.47932033524138384,0.60542323152982,0.555681865047731
DINO,S-PROBE:R3:high,probe_r3__P04H__s43,0.0,64.0,0.18970048130559866,0.2681999483309847,0.2445231636395821,0.4728041001506945,0.6513438696283372,0.5258123712041644
DINO,S-PROBE:R1:high,probe__P04H__portal_10__s44,0.0,80.0,0.13029829297295614,0.15911893387635798,0.28512247852316713,0.5480038256254534,0.6291574395741388,0.606905129664749
DINO,S-PROBE:R2:high,probe_r2__P04H__s44,0.0,80.0,0.14706828183818568,0.20158603057831048,0.2939220287799591,0.4888348647658561,0.6137789395866465,0.552123505754687
DINO,S-PROBE:R3:high,probe_r3__P04H__s44,0.0,80.0,0.2133014491653688,0.23583098700945435,0.2652360581547621,0.5254125973390813,0.7451372054404146,0.5688142414723564
DINO,S-PROBE:R1:high,probe__P05H__explosion_1__s42,0.03,80.0,0.10688223252532415,0.1430885987435857,0.290893279007624,0.5079951257026725,0.8045443369968844,0.5599214165201536
DINO,S-PROBE:R2:high,probe_r2__P05H__s42,0.0,80.0,0.0791692934807051,0.15459198399994378,0.2739974111079769,0.4696555312759628,0.7870202558580697,0.5182279330931838
DINO,S-PROBE:R3:high,probe_r3__P05H__s42,0.37,8.0,0.04784886100493176,0.24977330177740545,0.08895280830458972,0.23778917790484716,0.5020331140675401,0.24569373124321647
DINO,S-PROBE:R1:high,probe__P05H__explosion_1__s43,0.0,80.0,0.11125747518122654,0.1869914429506419,0.29988014554371234,0.5098119430587371,0.8690577890706512,0.5651472574141251
DINO,S-PROBE:R2:high,probe_r2__P05H__s43,0.0,80.0,0.11017242856133924,0.1930047027221212,0.30349156557063,0.4940069551120699,0.8585693937888875,0.5497866215152836
DINO,S-PROBE:R3:high,probe_r3__P05H__s43,0.23,8.0,0.02892533382980709,0.3419006205748845,0.0638110777608015,0.15507759537830337,0.21336702176507005,0.16073773639855607
DINO,S-PROBE:R1:high,probe__P05H__explosion_1__s44,0.005,80.0,0.12085229148684695,0.15479539778669613,0.315634671905347,0.5509154525813355,0.8758503371141865,0.6126190487094972
DINO,S-PROBE:R2:high,probe_r2__P05H__s44,0.015,64.0,0.09907769298387648,0.2220721874772019,0.2780422084564445,0.4152460217786674,0.861525565211067,0.46254800981572114
DINO,S-PROBE:R3:high,probe_r3__P05H__s44,0.22,12.0,0.03371735004196343,0.3309930476037126,0.0888796814341746,0.17645223923496367,0.8540179308094038,0.18412328689971283
DINO,S-PROBE:R1:high,probe__P06H__explosion_0__s42,0.015,32.0,0.13663646552137937,0.289928443767852,0.18798748628955342,0.4653297995404364,0.7232841418527983,0.49643095411813143
DINO,S-PROBE:R2:high,probe_r2__P06H__s42,0.0,3.0,0.17633321306568267,0.3859614489870656,0.17948313357371629,0.4956072814841206,0.6500422690299457,0.5214829344841964
DINO,S-PROBE:R3:high,probe_r3__P06H__s42,0.07,2.0,0.03913512720905625,0.47034122673428463,0.04051639122826022,0.23860119568743007,0.29930283875553,0.2412307568186038
DINO,S-PROBE:R1:high,probe__P06H__explosion_0__s43,0.115,24.0,0.04616391507599949,0.3267197037972051,0.12328308462533995,0.2940204029283094,0.4389470652913244,0.3083336753024933
DINO,S-PROBE:R2:high,probe_r2__P06H__s43,0.2,12.0,0.03590574153130681,0.3289769206413746,0.08261408779811713,0.2551616303100379,0.4914007640834246,0.26356162274017736
DINO,S-PROBE:R3:high,probe_r3__P06H__s43,0.23,8.0,0.033014969502994845,0.3275519087633262,0.059277611967297424,0.23432461813910946,0.3715695859012555,0.2416851714397547
DINO,S-PROBE:R1:high,probe__P06H__explosion_0__s44,0.045,32.0,0.06193786599706043,0.3190279088775076,0.16026102931308742,0.32994050354924814,0.6663877801152837,0.35390301706787364
DINO,S-PROBE:R2:high,probe_r2__P06H__s44,0.015,32.0,0.09420672707789762,0.3489252103394662,0.1262822658174756,0.3390138555764959,0.6249163739462125,0.35611900238764843
DINO,S-PROBE:R3:high,probe_r3__P06H__s44,0.095,12.0,0.03709835600009204,0.4011666067181936,0.0787714605665397,0.2431758582638466,0.6204409150927261,0.25251150816489853
DINO,S-PROBE:R1:high,probe__P07H__plasma_explosion_2__s42,0.21,32.0,0.03730770092406554,0.22191653074523332,0.16521303444124322,0.3401124930769608,0.8527597112895596,0.36067660125352474
DINO,S-PROBE:R2:high,probe_r2__P07H__s42,0.23,32.0,0.038348930379556175,0.21030394406225195,0.1588160977729106,0.31608303118118064,0.8375698745997876,0.33590178798979253
DINO,S-PROBE:R3:high,probe_r3__P07H__s42,0.3,8.0,0.019953571958536417,0.2933399250005943,0.0820775134557632,0.18707798351394722,0.5134649153200649,0.19381196348611987
DINO,S-PROBE:R1:high,probe__P07H__plasma_explosion_2__s43,0.12,32.0,0.07723841250402072,0.27478222457413115,0.1225110062108228,0.35643199318003665,0.7041254632222466,0.36971342440948557
DINO,S-PROBE:R2:high,probe_r2__P07H__s43,0.05,32.0,0.030283342898302437,0.34889379369432494,0.13886919154354785,0.2960327047540596,0.8428873945244716,0.3109292920073569
DINO,S-PROBE:R3:high,probe_r3__P07H__s43,0.16,16.0,0.024096581811322588,0.3502944692326496,0.09925505822035122,0.2161169574317808,0.7783259586559305,0.2246940992145323
DINO,S-PROBE:R1:high,probe__P07H__plasma_explosion_2__s44,0.005,48.0,0.06063080337388361,0.2857664223133722,0.20284141921186327,0.3937414641491266,0.851814436323545,0.42157582231660207
DINO,S-PROBE:R2:high,probe_r2__P07H__s44,0.0,48.0,0.06171247219805875,0.294518638104885,0.2027258412907191,0.389451545326245,0.8597770518250399,0.41794513960830887
DINO,S-PROBE:R3:high,probe_r3__P07H__s44,0.295,5.0,0.029635339954213274,0.3013875346705622,0.05304968325297455,0.1894552308006252,0.2794688774759595,0.19211778640591817
DINO,S-PROBE:R1:high,probe__P08H__point_cloud_1__s42,0.09,32.0,0.07806309427898799,0.3038239385562131,0.13309253813777888,0.35950370821616184,0.6090642149056158,0.37726310069894764
DINO,S-PROBE:R2:high,probe_r2__P08H__s42,0.245,12.0,0.08494226116749236,0.2929496358864631,0.09968701824659901,0.35562374189215534,0.5080808354363628,0.36730515259083096
DINO,S-PROBE:R3:high,probe_r3__P08H__s42,0.165,3.0,0.07817015076755482,0.3834214298145847,0.08093911260110734,0.33397409888219004,0.3696216311091655,0.3418747287620479
DINO,S-PROBE:R1:high,probe__P08H__point_cloud_1__s43,0.005,64.0,0.06784442113748909,0.21808452332695266,0.22049546318501065,0.4260408902402596,0.8217517694924255,0.4609158589710027
DINO,S-PROBE:R2:high,probe_r2__P08H__s43,0.01,64.0,0.09201597286738371,0.22103791908704917,0.20050565283993896,0.423532528388558,0.8327175811769164,0.45424421320436964
DINO,S-PROBE:R3:high,probe_r3__P08H__s43,0.22,12.0,0.10185693731417964,0.3125607620771417,0.1081297754271152,0.3326818557326813,0.47477637862103045,0.34617113102147196
DINO,S-PROBE:R1:high,probe__P08H__point_cloud_1__s44,0.01,64.0,0.05288463997209681,0.21826974024875861,0.2344845276452907,0.4104507715416577,0.8514143695497387,0.44625139973810696
DINO,S-PROBE:R2:high,probe_r2__P08H__s44,0.135,48.0,0.06701115071552538,0.19853558986427203,0.22884963639561745,0.36509487111873656,0.8363312832025597,0.4001864219324401
DINO,S-PROBE:R3:high,probe_r3__P08H__s44,0.28500000000000003,2.0,0.023484921496705183,0.3324824531208596,0.024281085923895388,0.15992446005247898,0.3993841183319879,0.16261458272580442
DINO,S-PROBE:R1:high,probe__P09H__point_cloud_0__s42,0.0,104.0,0.2036415602365813,0.2036415602365813,0.3400816640295284,0.6574204428652992,0.6974744580850304,0.7330639523592675
DINO,S-PROBE:R2:high,probe_r2__P09H__s42,0.0,64.0,0.20273201787887593,0.3070053671623138,0.28274575775430916,0.4479948390914234,0.7423784985727538,0.5043222486411413
DINO,S-PROBE:R3:high,probe_r3__P09H__s42,0.0,5.0,0.0424969637667507,0.5298285080342282,0.07023041703272866,0.17672554507775612,0.7122930264166918,0.18133024111699142
DINO,S-PROBE:R1:high,probe__P09H__point_cloud_0__s43,0.0,104.0,0.2041864307595154,0.2041864307595154,0.38910796269389825,0.5823858623162977,0.1916035357900726,0.6831359468318989
DINO,S-PROBE:R2:high,probe_r2__P09H__s43,0.0,104.0,0.17795675319086657,0.17795675319086657,0.3253477080717386,0.5177097950401339,0.6131242763963906,0.5955190876782419
DINO,S-PROBE:R3:high,probe_r3__P09H__s43,0.295,1.0,0.039186585612638075,0.3118918633529851,0.05799881713362655,0.1862042463899798,0.37685025853528337,0.1898900868368484
DINO,S-PROBE:R1:high,probe__P09H__point_cloud_0__s44,0.0,104.0,0.18907857776983783,0.18907857776983783,0.3875949342243013,0.6152984197048901,0.7703731596429507,0.7122589383016604
DINO,S-PROBE:R2:high,probe_r2__P09H__s44,0.0,64.0,0.17853094624477217,0.2721541682750044,0.29760907742906506,0.4328368101520715,0.6634461619944393,0.4966274926919677
DINO,S-PROBE:R3:high,probe_r3__P09H__s44,0.045,32.0,0.04438816996600591,0.3463101364790702,0.17883366550145646,0.27582311732897674,0.747493912824601,0.3003755621505476
DINO,S-PROBE:R1:high,probe__P10H__monstrosity_0__s42,0.0,104.0,0.10379239945237045,0.10379239945237045,0.30577438298094195,0.5539086771303158,0.922525750672867,0.6127210858290154
DINO,S-PROBE:R2:high,probe_r2__P10H__s42,0.0,104.0,0.10528009082289491,0.10528009082289491,0.3152750414238396,0.5448752600958896,0.9013198997394357,0.6085309692097092
DINO,S-PROBE:R3:high,probe_r3__P10H__s42,0.33,16.0,0.03254051112461877,0.24686077453541552,0.11009139715500113,0.21337643727754574,0.49316076414425697,0.2259206002153563
DINO,S-PROBE:R1:high,probe__P10H__monstrosity_0__s43,0.05,80.0,0.08861236916118923,0.13531539110870214,0.24161234860488873,0.44197954042016674,0.7109239254801084,0.4815956604788784
DINO,S-PROBE:R2:high,probe_r2__P10H__s43,0.065,64.0,0.06327596251450791,0.18266495518454157,0.2289833622822866,0.39118625389697753,0.7640513647711817,0.42687025086091523
DINO,S-PROBE:R3:high,probe_r3__P10H__s43,0.355,12.0,0.029484802195947752,0.24697902781166237,0.09639781966449508,0.2262000151631605,0.5918094342272849,0.23479838122921354
DINO,S-PROBE:R1:high,probe__P10H__monstrosity_0__s44,0.0,80.0,0.06839449415572808,0.14049403154254853,0.27688956667469183,0.48616178605724863,0.8024359020541335,0.5380487071153818
DINO,S-PROBE:R2:high,probe_r2__P10H__s44,0.0,80.0,0.07130482328188587,0.1630056441125104,0.2634987306105655,0.4506858263236596,0.8783018386955449,0.49902713330566917
DINO,S-PROBE:R3:high,probe_r3__P10H__s44,0.295,12.0,0.034407383826562436,0.2742430371554299,0.07578037863094544,0.22358460027223578,0.507958336670393,0.23144986147648944
DINO,S-PROBE:R1:high,probe__P11H__water_element_3__s42,0.15,80.0,0.08770408874898325,0.1219431650823063,0.26324246009656477,0.4515428814581281,0.8472007972216037,0.4956507549284323
DINO,S-PROBE:R2:high,probe_r2__P11H__s42,0.07,80.0,0.09599124913769659,0.12265278471323067,0.30027686580714946,0.47704231065786695,0.8745352612849905,0.5314015641069353
DINO,S-PROBE:R3:high,probe_r3__P11H__s42,0.17,1.0,0.011470958336760269,0.4146926520679464,0.011799065223781867,0.13939016690386308,0.17949120277396657,0.13984772299104697
DINO,S-PROBE:R1:high,probe__P11H__water_element_3__s43,0.17,64.0,0.05820607309970153,0.11285343843155443,0.25651874332481217,0.4214292973034148,0.8427775842394918,0.4646673850178593
DINO,S-PROBE:R2:high,probe_r2__P11H__s43,0.0,80.0,0.09194635522478904,0.16750591578549,0.3064796411420187,0.4856311689148953,0.8453273254782555,0.5439408322095229
DINO,S-PROBE:R3:high,probe_r3__P11H__s43,0.155,32.0,0.040126318744658857,0.27034504910561175,0.15610169701751783,0.25000576692570187,0.7217354339117079,0.26962875314982143
DINO,S-PROBE:R1:high,probe__P11H__water_element_3__s44,0.085,80.0,0.11318473225813658,0.11901919446880507,0.31008681531387067,0.5075305447487216,0.8646805707437812,0.5663488579922019
DINO,S-PROBE:R2:high,probe_r2__P11H__s44,0.08,64.0,0.07045472198381877,0.1724961797156351,0.25284788570637,0.40597514671567264,0.8822563096839822,0.44589410391680834
DINO,S-PROBE:R3:high,probe_r3__P11H__s44,0.305,12.0,0.020882851991474535,0.27767220537157344,0.06545594340397022,0.17439009687852666,0.5128024900052202,0.1806959037114221
DINO,S-PROBE:R1:high,probe__P12H__water_element_4__s42,0.13,64.0,0.0769728421315621,0.12897184259978114,0.24688311780684666,0.48161550139317094,0.6923609566473727,0.5202484030003829
DINO,S-PROBE:R2:high,probe_r2__P12H__s42,0.195,64.0,0.08545864466863903,0.14036853927241041,0.21234537697944342,0.417048106301617,0.8042757860365606,0.44840937360169425
DINO,S-PROBE:R3:high,probe_r3__P12H__s42,0.52,12.0,0.03599522862145811,0.24741171928334457,0.08121877495473002,0.23188867184821021,0.5263746458267219,0.23820197592216824
DINO,S-PROBE:R1:high,probe__P12H__water_element_4__s43,0.14,48.0,0.04388660674368326,0.19486124220971607,0.19701351946396786,0.354072783811478,0.7125397990619888,0.3822264410756655
DINO,S-PROBE:R2:high,probe_r2__P12H__s43,0.125,48.0,0.08864890992963684,0.21041986386336078,0.17235525645905378,0.3807798728642881,0.5619804011566054,0.4021982851297056
DINO,S-PROBE:R3:high,probe_r3__P12H__s43,0.28500000000000003,3.0,0.10638847546871821,0.3284515812640055,0.10783209632645753,0.2336861118878101,0.21207184053717906,0.2429046036544653
DINO,S-PROBE:R1:high,probe__P12H__water_element_4__s44,0.1,64.0,0.03759143850574637,0.13600100442212118,0.20900418969677478,0.42529495991747307,0.7268745193411201,0.45872264436182164
DINO,S-PROBE:R2:high,probe_r2__P12H__s44,0.16,64.0,0.04143711903883175,0.10721647449564722,0.21095788914364266,0.42241477028451097,0.7265700881437414,0.45907525067055366
DINO,S-PROBE:R3:high,probe_r3__P12H__s44,0.42,8.0,0.030079573354124946,0.24406314974289164,0.07066748568807425,0.21666979812965198,0.8453996415621542,0.2232721926822121
DINO,S-PROBE:R1:high,probe__P13H__northern_lights_0__s42,0.075,64.0,0.06014711298931903,0.1806905425612937,0.2087976965990533,0.36366870885450703,0.7558534469014697,0.39504211137248485
DINO,S-PROBE:R2:high,probe_r2__P13H__s42,0.395,24.0,0.09860930970126232,0.18728574949575846,0.11826658738568135,0.3150104024537929,0.5756320134481054,0.33133072889207243
DINO,S-PROBE:R3:high,probe_r3__P13H__s42,0.18,16.0,0.03804393515492867,0.31430013882583746,0.11784159498079698,0.23789959649969658,0.49763061538929365,0.2520387495160759
DINO,S-PROBE:R1:high,probe__P13H__northern_lights_0__s43,0.18,48.0,0.030974860658988555,0.17623314146503619,0.1891559231888708,0.35105137676384024,0.8418130432973221,0.3770948004330778
DINO,S-PROBE:R2:high,probe_r2__P13H__s43,0.18,48.0,0.042269021138614596,0.17961374783825287,0.1743514012830261,0.37203029992412334,0.8542920713558909,0.39578206223654033
DINO,S-PROBE:R3:high,probe_r3__P13H__s43,0.26,16.0,0.03684234255179332,0.2694905467136749,0.11947593003969363,0.2669457290627217,0.803144264425231,0.2787198677322661
DINO,S-PROBE:R1:high,probe__P13H__northern_lights_0__s44,0.14,24.0,0.03962653459785916,0.3080958854581297,0.12912243435971174,0.2610829864554502,0.7293357704994017,0.2744507121322373
DINO,S-PROBE:R2:high,probe_r2__P13H__s44,0.22,12.0,0.02637115182309821,0.32788932028738577,0.08746079246069882,0.20092354316650218,0.8179355942147355,0.2087479431703265
DINO,S-PROBE:R3:high,probe_r3__P13H__s44,0.14,12.0,0.01644535448261511,0.38634017723232106,0.07235396050986848,0.19020618200136638,0.7646717751338457,0.1966054962276456
DINO,S-PROBE:R1:high,probe__P14H__fire_element_2__s42,0.09,32.0,0.06014365687033252,0.30055977320763955,0.13342222114913221,0.3345568531157802,0.6825881231350044,0.3499029735332875
DINO,S-PROBE:R2:high,probe_r2__P14H__s42,0.07,32.0,0.06398360320622887,0.3183984533277655,0.11967776111959164,0.31256521537551385,0.607750136424585,0.32781756456450734
DINO,S-PROBE:R3:high,probe_r3__P14H__s42,0.15,12.0,0.028477752024504137,0.37030518896913833,0.07653610532146445,0.19450790506610002,0.512188841399066,0.20354245055406248
DINO,S-PROBE:R1:high,probe__P14H__fire_element_2__s43,0.0,80.0,0.052994258148013056,0.1636573022391734,0.23675591761369083,0.49474729012058677,0.808834838659042,0.5325566463330624
DINO,S-PROBE:R2:high,probe_r2__P14H__s43,0.02,64.0,0.04312966803003426,0.1898171108397554,0.21277158747316816,0.47711584342147123,0.8007767570632502,0.5102291906470066
DINO,S-PROBE:R3:high,probe_r3__P14H__s43,0.225,5.0,0.021162614923310417,0.35280037858322033,0.05657433708055265,0.19876478843566966,0.35326666003761165,0.20167152070658997
DINO,S-PROBE:R1:high,probe__P14H__fire_element_2__s44,0.005,64.0,0.05430432224934266,0.22137668571207636,0.24380754523597645,0.40559700404547205,0.826081113002305,0.4451151261038877
DINO,S-PROBE:R2:high,probe_r2__P14H__s44,0.005,64.0,0.05510990637195175,0.2213172803141494,0.24122841831959352,0.39837323322722146,0.8239071641575187,0.43604885315332537
DINO,S-PROBE:R3:high,probe_r3__P14H__s44,0.18,32.0,0.03756293420616797,0.2552479567389894,0.16391305341150936,0.2717152506467137,0.8292817989606389,0.2923300410687807
DINO,S-PROBE:R1:high,probe__P15H__fire_element_3__s42,0.24,48.0,0.06381204531368806,0.14960689455378184,0.1869112364321869,0.4119160311432444,0.8316678483356953,0.4375046237565875
DINO,S-PROBE:R2:high,probe_r2__P15H__s42,0.035,64.0,0.06528814774314053,0.19800104032531066,0.1872253856993565,0.430365571696326,0.73737894155832,0.4576982117664805
DINO,S-PROBE:R3:high,probe_r3__P15H__s42,0.245,3.0,0.02734407731273294,0.3521172204117969,0.04674390095263575,0.207263314571696,0.2824043839855174,0.21026909920010164
DINO,S-PROBE:R1:high,probe__P15H__fire_element_3__s43,0.1,80.0,0.09011901608135446,0.11140810963394024,0.20577189970395499,0.4737022544494349,0.8115633697300744,0.5077041089295883
DINO,S-PROBE:R2:high,probe_r2__P15H__s43,0.035,80.0,0.05586414652060061,0.1172886785923064,0.22549844036916383,0.4809047685650558,0.7942680287675162,0.5185028269728714
DINO,S-PROBE:R3:high,probe_r3__P15H__s43,0.25,16.0,0.05378031756388259,0.28562156840505126,0.12691333390221488,0.24260168062131124,0.8100692934655309,0.2554218448066724
DINO,S-PROBE:R1:high,probe__P15H__fire_element_3__s44,0.325,48.0,0.078499281403954,0.1251030249977811,0.21237527237164722,0.4382996067094456,0.800680644664321,0.47191317528347554
DINO,S-PROBE:R2:high,probe_r2__P15H__s44,0.295,48.0,0.1122303767668506,0.14114205046676417,0.19137851361097266,0.43122583015749677,0.7665486246099843,0.4601739511036849
DINO,S-PROBE:R3:high,probe_r3__P15H__s44,0.435,3.0,0.026351636696475646,0.26386874637847985,0.02721206421531561,0.1911909166096933,0.14690237186755348,0.1950215272117493
DINO,S-PROBE:R1:high,probe__P16H__color_rain_2__s42,0.375,8.0,0.030321317758482375,0.26187254563486,0.06944161195583308,0.16723065565599618,0.5448348070474368,0.17184407086746842
DINO,S-PROBE:R2:high,probe_r2__P16H__s42,0.23500000000000001,8.0,0.0288138245292015,0.3335580529733462,0.05578270149526848,0.1373275002854716,0.5747126497784716,0.14340280307056813
DINO,S-PROBE:R3:high,probe_r3__P16H__s42,0.25,12.0,0.03030011807442999,0.3074017529004044,0.06648329957506484,0.15481973163224239,0.5773879065289657,0.16180583865223533
DINO,S-PROBE:R1:high,probe__P16H__color_rain_2__s43,0.23,16.0,0.035280418792937876,0.28857347146082024,0.0911750113332961,0.26534789390881003,0.6140960912968166,0.2770697353698058
DINO,S-PROBE:R2:high,probe_r2__P16H__s43,0.16,16.0,0.04001978912139097,0.3303608708220748,0.0965040456001697,0.31073905212288244,0.5696825483928989,0.32145459565777323
DINO,S-PROBE:R3:high,probe_r3__P16H__s43,0.115,12.0,0.04450461404404558,0.3903241874064338,0.08226598802591699,0.27663796280566816,0.7233776037022863,0.28281636638437957
DINO,S-PROBE:R1:high,probe__P16H__color_rain_2__s44,0.42,16.0,0.04013168019865422,0.21783556397179948,0.1062221490088016,0.2432894913404687,0.571098732297828,0.25383770369617725
DINO,S-PROBE:R2:high,probe_r2__P16H__s44,0.41500000000000004,16.0,0.03496195886596652,0.22094050092240858,0.11959263423824618,0.22833728501496237,0.6025973380241529,0.24088230992767756
DINO,S-PROBE:R3:high,probe_r3__P16H__s44,0.41000000000000003,16.0,0.035734494542911235,0.22268295351572506,0.119926777144546,0.2201417845581981,0.585507422056341,0.23291786861799046
DINO,S-PROBE:R1:high,probe__P17H__color_rain_0__s42,0.1,48.0,0.0575958723908497,0.2371151399708476,0.18335248648669775,0.332016944710534,0.8312025711978711,0.35556295066476634
DINO,S-PROBE:R2:high,probe_r2__P17H__s42,0.095,48.0,0.05077359063507769,0.23127649842832698,0.210587950600849,0.3652640780695828,0.8894196790659493,0.3939114221637657
DINO,S-PROBE:R3:high,probe_r3__P17H__s42,0.395,8.0,0.02176175943239939,0.2596964036980449,0.05783479866808135,0.21259519971534147,0.6073879970286161,0.21698240877679953
DINO,S-PROBE:R1:high,probe__P17H__color_rain_0__s43,0.17,32.0,0.04717403986675536,0.24426902220394234,0.17943477189887533,0.3089908604292556,0.8862270180725486,0.33138347282506425
DINO,S-PROBE:R2:high,probe_r2__P17H__s43,0.125,32.0,0.05331391634154824,0.2790904385938692,0.1540698111158185,0.2929504088869687,0.7753230257704834,0.31085529626335634
DINO,S-PROBE:R3:high,probe_r3__P17H__s43,0.21,8.0,0.025878881032124462,0.3510287865274257,0.06097291547316793,0.16521472930569545,0.4939745544694867,0.1689598709161199
DINO,S-PROBE:R1:high,probe__P17H__color_rain_0__s44,0.0,64.0,0.05715497374258759,0.25009223696729227,0.2250348322193087,0.3932167434998696,0.8959363120141547,0.4269259653187116
DINO,S-PROBE:R2:high,probe_r2__P17H__s44,0.04,48.0,0.0358096604962504,0.2752439865014971,0.2045563338319979,0.33712318374429506,0.8995006167459184,0.36462099662732567
DINO,S-PROBE:R3:high,probe_r3__P17H__s44,0.365,12.0,0.023591990378555507,0.2557598238265776,0.0804087841918731,0.17278566507350335,0.5807238847236604,0.17911569963641769
DINO,S-PROBE:R1:high,probe__P18H__earth_element_6__s42,0.0,64.0,0.067244704733218,0.23181918142694816,0.20002866509893366,0.46228602172359307,0.7209280667921142,0.4931040387750686
DINO,S-PROBE:R2:high,probe_r2__P18H__s42,0.015,64.0,0.0685421055190313,0.1943464187868012,0.23031049616532254,0.4805992319819832,0.8102881870674761,0.5192176974997263
DINO,S-PROBE:R3:high,probe_r3__P18H__s42,0.31,16.0,0.05997041617839305,0.21962684539629923,0.09742211994565428,0.3114481157396836,0.503507117402666,0.3246258172505251
DINO,S-PROBE:R1:high,probe__P18H__earth_element_6__s43,0.05,48.0,0.03295924416335536,0.24962033153507807,0.18696409904174704,0.40154747379793887,0.7386933857887165,0.4290303572427187
DINO,S-PROBE:R2:high,probe_r2__P18H__s43,0.07,48.0,0.04221207860233851,0.22911566550752907,0.1753000098443052,0.3895200542159861,0.6729573376235907,0.4183312148954473
DINO,S-PROBE:R3:high,probe_r3__P18H__s43,0.01,24.0,0.0625205903859108,0.39137889042213675,0.11218991633786718,0.3596310184380193,0.660996045634967,0.3749083080390168
DINO,S-PROBE:R1:high,probe__P18H__earth_element_6__s44,0.02,64.0,0.06615722900868704,0.17289236778357714,0.24422740024457396,0.5226939565461707,0.8271553269231983,0.5663479441731802
DINO,S-PROBE:R2:high,probe_r2__P18H__s44,0.0,80.0,0.05640031670542055,0.13369365635379504,0.2582163234148314,0.557978942936906,0.8264731993042268,0.6059172717345561
DINO,S-PROBE:R3:high,probe_r3__P18H__s44,0.325,24.0,0.04982037894086646,0.21776236382043931,0.10120863558216726,0.2890448350273436,0.6046760241957806,0.3027151564497583
DINO,S-PROBE:R1:high,probe__P19H__earth_element_4__s42,0.28,48.0,0.030481141117316448,0.15011749991980877,0.16591123122358548,0.3491337900309447,0.746032293590381,0.3732255917540497
DINO,S-PROBE:R2:high,probe_r2__P19H__s42,0.115,80.0,0.05980739961576666,0.07770001369254005,0.2701539486116133,0.4737273911311125,0.7480230891851877,0.5266123003801269
DINO,S-PROBE:R3:high,probe_r3__P19H__s42,0.395,12.0,0.030524078424021328,0.24761884014601626,0.06450280166456915,0.1498239862898825,0.4291204835984084,0.15721394167448327
DINO,S-PROBE:R1:high,probe__P19H__earth_element_4__s43,0.20500000000000002,80.0,0.07528415249060222,0.1378815039315192,0.25357186687242295,0.4319504782640345,0.7344312017527819,0.4775795521968185
DINO,S-PROBE:R2:high,probe_r2__P19H__s43,0.27,64.0,0.06509958423643308,0.14304683996346795,0.23235024385615627,0.40794130647930454,0.8208612502167103,0.4453804104003169
DINO,S-PROBE:R3:high,probe_r3__P19H__s43,0.265,16.0,0.04136793156095539,0.2825906180834889,0.1080976006407212,0.18364204000123677,0.6535253274511689,0.19239960412572876
DINO,S-PROBE:R1:high,probe__P19H__earth_element_4__s44,0.03,80.0,0.05004854005006,0.10659827927298077,0.2655377945704336,0.5168143969548128,0.8062861871001574,0.5646754492793064
DINO,S-PROBE:R2:high,probe_r2__P19H__s44,0.0,80.0,0.18038225784057313,0.2333454412165872,0.27817309138250285,0.5634407793205619,0.8266901774704531,0.6192465657352788
DINO,S-PROBE:R3:high,probe_r3__P19H__s44,0.025,48.0,0.09795916546324764,0.27062845630826315,0.18107531628611404,0.37842833150555516,0.8353956999845706,0.4048962186319576
DINO,S-PROBE:R1:high,probe__P20H__train_rush_1__s42,0.335,48.0,0.05920169536709141,0.18222219853630256,0.19955739016647195,0.31101104963158255,0.8123326228464042,0.33817214964150644
DINO,S-PROBE:R2:high,probe_r2__P20H__s42,0.43,32.0,0.03622608528823186,0.21065612882807785,0.1643248876477132,0.27767683203765736,0.792961477866317,0.2982524908787251
DINO,S-PROBE:R3:high,probe_r3__P20H__s42,0.44,5.0,0.02874138738604762,0.25128381553551327,0.03877840723408182,0.21389935257127557,0.4079769343041127,0.21978567892140904
DINO,S-PROBE:R1:high,probe__P20H__train_rush_1__s43,0.005,80.0,0.0735160715504975,0.15048412915753043,0.2293016118468183,0.4627730071237232,0.8207145744139366,0.500181633348079
DINO,S-PROBE:R2:high,probe_r2__P20H__s43,0.075,64.0,0.08612103819723803,0.1635581879956378,0.20227286785101317,0.44255611557847907,0.7946524554113025,0.4748359177030416
DINO,S-PROBE:R3:high,probe_r3__P20H__s43,0.09,32.0,0.0849508750144666,0.3015448687473202,0.12867342722358716,0.3400462623982203,0.5218187305067625,0.35846824606223515
DINO,S-PROBE:R1:high,probe__P20H__train_rush_1__s44,0.125,48.0,0.07713823182326426,0.18630787216711672,0.2313513279312971,0.43442144555412676,0.8239579327855523,0.47049409287003013
DINO,S-PROBE:R2:high,probe_r2__P20H__s44,0.06,64.0,0.06957881184178927,0.1733884120142581,0.22271795829958133,0.47067730540783814,0.8311500330311238,0.5047257065937117
DINO,S-PROBE:R3:high,probe_r3__P20H__s44,0.03,24.0,0.06531039747117297,0.37094896761077784,0.15180638298152532,0.37312849699591555,0.6171664608716592,0.3966257032269789
DINO,S-PROBE:R1:high,probe__P21H__train_rush_0__s42,0.1,32.0,0.027997134997363435,0.29420203799469097,0.15573357837795235,0.3386445374723303,0.7969013553662347,0.3580251807664099
DINO,S-PROBE:R2:high,probe_r2__P21H__s42,0.15,24.0,0.030221465371214968,0.29997821253368834,0.1276829102711249,0.29482167416890215,0.7917765340064675,0.3088068193135311
DINO,S-PROBE:R3:high,probe_r3__P21H__s42,0.295,3.0,0.03357014904414604,0.3037511384597678,0.04164644171443243,0.2213378925546677,0.4065738441162864,0.22501297995102387
DINO,S-PROBE:R1:high,probe__P21H__train_rush_0__s43,0.03,48.0,0.08427607041038772,0.2689249193367743,0.247276415745159,0.36076622811404374,0.7553275225848947,0.40104650320222646
DINO,S-PROBE:R2:high,probe_r2__P21H__s43,0.01,48.0,0.07528160342622295,0.30941908357088654,0.22379467594937003,0.29147820618719644,0.6982830908267883,0.3231467330308347
DINO,S-PROBE:R3:high,probe_r3__P21H__s43,0.27,12.0,0.026472238692818697,0.30143749456850966,0.0932918031828039,0.13680194106711763,0.7504099799594323,0.14311951870566028
DINO,S-PROBE:R1:high,probe__P21H__train_rush_0__s44,0.0,48.0,0.10209431713996821,0.3120628772019233,0.25813200674562,0.39523222336053154,0.8425296180228584,0.4388598031276347
DINO,S-PROBE:R2:high,probe_r2__P21H__s44,0.0,48.0,0.08013437207376083,0.3204955842065584,0.23800990310600043,0.3850345593373465,0.8190445966975717,0.42389296737301585
DINO,S-PROBE:R3:high,probe_r3__P21H__s44,0.22,3.0,0.0157665948948929,0.37329436825157325,0.04032027999180615,0.14276931845717586,0.17283805918135225,0.14312761965420903
DINO,S-PROBE:R1:high,probe__P22H__money_rain_3__s42,0.26,32.0,0.047518253893711046,0.1798147386927252,0.15716844880566905,0.3315054489291161,0.562441291242634,0.3551429944795988
DINO,S-PROBE:R2:high,probe_r2__P22H__s42,0.015,64.0,0.04013215797051218,0.2013709617234501,0.2126589720518357,0.4002436584566339,0.5979763950353155,0.44089025673120613
DINO,S-PROBE:R3:high,probe_r3__P22H__s42,0.085,3.0,0.06790068893442988,0.42834943944861503,0.07429361920904955,0.28705137636011757,0.5511354837300239,0.29358030768660637
DINO,S-PROBE:R1:high,probe__P22H__money_rain_3__s43,0.29,32.0,0.030332752196901177,0.19363380899089921,0.1522535548880626,0.313073964532899,0.809450705375133,0.33090387273112254
DINO,S-PROBE:R2:high,probe_r2__P22H__s43,0.01,64.0,0.08183376637247937,0.21806661457279738,0.2529328806404429,0.4168428057796133,0.7829724521055231,0.4594325566666798
DINO,S-PROBE:R3:high,probe_r3__P22H__s43,0.105,24.0,0.06051952909775161,0.3410824287418251,0.14726483845013247,0.285672096632222,0.7915925072285477,0.3008128833203612
DINO,S-PROBE:R1:high,probe__P22H__money_rain_3__s44,0.24,32.0,0.04149104910171674,0.19856028109045099,0.17219584618729364,0.33224466019911053,0.8126954200337696,0.3555302012814384
DINO,S-PROBE:R2:high,probe_r2__P22H__s44,0.33,16.0,0.054585530658881755,0.2268248623144954,0.09488844195379131,0.28904644356396353,0.6156651374776013,0.29892929048178085
DINO,S-PROBE:R3:high,probe_r3__P22H__s44,0.315,3.0,0.02935320827375119,0.29943474315300556,0.036631137625967494,0.20573439712451927,0.3781328013245302,0.20826255461897927
DINO,S-PROBE:R1:high,probe__P23H__glitch_1__s42,0.015,80.0,0.092828461329825,0.1410009256294115,0.2829961298847295,0.5393826820222203,0.8790893290393247,0.5892558128600037
DINO,S-PROBE:R2:high,probe_r2__P23H__s42,0.01,80.0,0.04746470333554499,0.13922028721327087,0.23525294067491656,0.47511222043993323,0.848074361414892,0.5133211062025959
DINO,S-PROBE:R3:high,probe_r3__P23H__s42,0.34500000000000003,16.0,0.04169498953295791,0.251594816426,0.09905490012842125,0.21126997814544998,0.7780751146672837,0.21941246662721528
DINO,S-PROBE:R1:high,probe__P23H__glitch_1__s43,0.06,80.0,0.07787268966436435,0.09000487058545367,0.28667494716703956,0.5666725881626299,0.8256694099998864,0.6194729937418506
DINO,S-PROBE:R2:high,probe_r2__P23H__s43,0.01,80.0,0.08500819130702836,0.14313351811129812,0.2704296658078365,0.5085672897640314,0.8396953642968147,0.5566454348947321
DINO,S-PROBE:R3:high,probe_r3__P23H__s43,0.55,3.0,0.03166630024837136,0.2653760157318105,0.032302178807823136,0.21753640145377093,0.36761539726791087,0.21982658939359076
DINO,S-PROBE:R1:high,probe__P23H__glitch_1__s44,0.0,104.0,0.13417534746467136,0.13417534746467136,0.3431512205737164,0.6123046562840405,0.8672033438376656,0.6831715376155137
DINO,S-PROBE:R2:high,probe_r2__P23H__s44,0.0,64.0,0.058952856135535775,0.21968339132611106,0.257258218928745,0.4476870070536416,0.8403777998742457,0.4909582351924076
DINO,S-PROBE:R3:high,probe_r3__P23H__s44,0.42,12.0,0.018744905449315424,0.24289145369392312,0.0788561997300374,0.15868813738446688,0.6098361657602462,0.16665175539322555
DINO,S-PROBE:R1:high,probe__P24H__acid_0__s42,0.045,80.0,0.08333632362615331,0.12352740146867552,0.2738319940754219,0.49742205596595784,0.86517963560172,0.5451610212600271
DINO,S-PROBE:R2:high,probe_r2__P24H__s42,0.015,64.0,0.10866111828443772,0.20555440534054178,0.29514915757540267,0.4891599817847667,0.8733774617590528,0.5421838369922862
DINO,S-PROBE:R3:high,probe_r3__P24H__s42,0.16,3.0,0.012565644172696561,0.41853698256692323,0.05278561176584896,0.14328230719234503,0.18446384925173726,0.14641804163211053
DINO,S-PROBE:R1:high,probe__P24H__acid_0__s43,0.11,48.0,0.046945323620798084,0.2269350841430621,0.19585942993513492,0.3398439705956132,0.852948765146574,0.36533475046242125
DINO,S-PROBE:R2:high,probe_r2__P24H__s43,0.105,48.0,0.04680698193025913,0.23588810740296343,0.1838247372831785,0.32327517932682737,0.854866849471814,0.3473391296645212
DINO,S-PROBE:R3:high,probe_r3__P24H__s43,0.23,16.0,0.030092193612869314,0.3008979365668169,0.10902784581625743,0.21335318249127233,0.8173021826881326,0.2244751072033779
DINO,S-PROBE:R1:high,probe__P24H__acid_0__s44,0.015,64.0,0.057562535477984705,0.21235285224303027,0.24765450610662418,0.4268989781300285,0.8641612529116556,0.46652203620763083
DINO,S-PROBE:R2:high,probe_r2__P24H__s44,0.025,64.0,0.059284099550397304,0.2008768461890819,0.24940822976242216,0.4302709795717195,0.8711646602989321,0.46967168338557563
DINO,S-PROBE:R3:high,probe_r3__P24H__s44,0.22,12.0,0.01984183776474951,0.3272573959901986,0.08251328806711261,0.19811493532054622,0.8698570335880629,0.2054544954263516
DINO,S-PROBE:R1:high,probe__P25H__luminous_gaze_3__s42,0.0,64.0,0.08843782808342272,0.23301534073155591,0.26896901658798295,0.42421109351759606,0.7994762280449984,0.4698385692864708
DINO,S-PROBE:R2:high,probe_r2__P25H__s42,0.01,64.0,0.09442975626948687,0.2237521312083533,0.2582812509416135,0.4036298694986835,0.7409139331735202,0.446059859512808
DINO,S-PROBE:R3:high,probe_r3__P25H__s42,0.17,2.0,0.01628112959087382,0.4102361325109132,0.016290378462955925,0.14678967243758442,0.20944048715050143,0.1475119616043731
DINO,S-PROBE:R1:high,probe__P25H__luminous_gaze_3__s43,0.03,64.0,0.06997745794795006,0.20293269510995465,0.2582786018787338,0.4250874068455462,0.8361550480614603,0.46782513826188415
DINO,S-PROBE:R2:high,probe_r2__P25H__s43,0.025,64.0,0.07434514478030568,0.21730879347835239,0.2246443224851453,0.39553503597151396,0.6661771888768073,0.4297853776681908
DINO,S-PROBE:R3:high,probe_r3__P25H__s43,0.115,24.0,0.03707941607893914,0.3415051220072849,0.10709554327107547,0.21308270397365725,0.6342718555213737,0.2253135535888738
DINO,S-PROBE:R1:high,probe__P25H__luminous_gaze_3__s44,0.0,64.0,0.08188521551077786,0.22593706418785392,0.26994175771654927,0.3965380045992377,0.8268755166206683,0.4439828613652795
DINO,S-PROBE:R2:high,probe_r2__P25H__s44,0.005,64.0,0.08722693819111475,0.22892734939033826,0.26808036855624956,0.379777627041872,0.8063190789197037,0.42552348500372833
DINO,S-PROBE:R3:high,probe_r3__P25H__s44,0.155,12.0,0.029690089290996004,0.3745889010798493,0.08514755311223056,0.15432472679260492,0.820025929672949,0.16181030768177207
DINO,S-PROBE:R1:high,probe__P26H__saint_glow_3__s42,0.17500000000000002,64.0,0.054681532350098754,0.13215056851272663,0.2397589508219092,0.3802666355118269,0.8625091786007221,0.41794181683722753
DINO,S-PROBE:R2:high,probe_r2__P26H__s42,0.185,48.0,0.061364956786575144,0.17264578240713763,0.22702025791888,0.339311618626215,0.829064024786731,0.37225137946503467
DINO,S-PROBE:R3:high,probe_r3__P26H__s42,0.305,12.0,0.023806235687071006,0.27364200951900763,0.06989874239356594,0.15365614130055147,0.49695067678821986,0.16256035181408676
DINO,S-PROBE:R1:high,probe__P26H__saint_glow_3__s43,0.06,80.0,0.05925405281159276,0.09958168802881665,0.27087694748485197,0.49228753058767866,0.8060533526031702,0.5407002554027901
DINO,S-PROBE:R2:high,probe_r2__P26H__s43,0.0,80.0,0.07373841374634496,0.155069434920739,0.2848956710968239,0.5008988192796031,0.8476959037422458,0.5544203353719597
DINO,S-PROBE:R3:high,probe_r3__P26H__s43,0.22,32.0,0.030297484832299854,0.22522035668905613,0.15927589590095195,0.22506014667922597,0.5141918725605268,0.2530497239797628
DINO,S-PROBE:R1:high,probe__P26H__saint_glow_3__s44,0.025,80.0,0.08936015641855037,0.11921673529038258,0.28715104987708284,0.525384206704872,0.7849280058715495,0.5820433837867636
DINO,S-PROBE:R2:high,probe_r2__P26H__s44,0.05,64.0,0.06859219799420514,0.17817092788573258,0.23468245276028085,0.42173425823262073,0.7760685100878068,0.4611332477001127
DINO,S-PROBE:R3:high,probe_r3__P26H__s44,0.195,8.0,0.013368278335145775,0.36557429420864357,0.07385363290815311,0.15018907551997052,0.6225022353484785,0.15585138502166238
DINO,S-PROBE:R1:high,probe__P27H__live_concert_4__s42,0.1,80.0,0.059475074256679965,0.09592960786199597,0.25925777520677484,0.4837915338139213,0.8061699480552823,0.5289808727396579
DINO,S-PROBE:R2:high,probe_r2__P27H__s42,0.02,64.0,0.08152650533144461,0.20943980528037479,0.24376768431537915,0.44366452067192225,0.8664494490308129,0.48301550414178995
DINO,S-PROBE:R3:high,probe_r3__P27H__s42,0.29,24.0,0.04582338580485399,0.22203591497928027,0.14112551105411364,0.3128870577850293,0.7455816526480336,0.3286917833089465
DINO,S-PROBE:R1:high,probe__P27H__live_concert_4__s43,0.41000000000000003,24.0,0.08007191685796554,0.1833913733697904,0.12978733049918306,0.36949451553491164,0.650453035172048,0.38683520325056675
DINO,S-PROBE:R2:high,probe_r2__P27H__s43,0.07,64.0,0.11333607365911022,0.193217047397123,0.17929207527841515,0.4128907506484875,0.7068018555097846,0.43950544798681335
DINO,S-PROBE:R3:high,probe_r3__P27H__s43,0.36,2.0,0.03816415921097018,0.2860131536666338,0.03900816199532546,0.23473901481036819,0.19198896292904324,0.23718112305933162
DINO,S-PROBE:R1:high,probe__P27H__live_concert_4__s44,0.04,64.0,0.06395210987268764,0.19340808814800953,0.2599556036130922,0.42626096227687815,0.8881862726139916,0.4684911985240393
DINO,S-PROBE:R2:high,probe_r2__P27H__s44,0.05,64.0,0.06187796248684417,0.17850532506739492,0.25355793855716113,0.456024750612462,0.8847260212496282,0.4966482741064556
DINO,S-PROBE:R3:high,probe_r3__P27H__s44,0.35000000000000003,24.0,0.07358287253724001,0.21255943144103487,0.12843449256945674,0.2823283201496834,0.1501062522346689,0.2960207016323297
DINO,S-PROBE:R1:high,probe__P28H__animalization_0__s42,0.025,32.0,0.06443183663833833,0.33555648347377043,0.17983726743013353,0.3546323095065716,0.8165118626606244,0.37943854407765487
DINO,S-PROBE:R2:high,probe_r2__P28H__s42,0.0,32.0,0.11770927114978601,0.3639538906673748,0.22642818996707081,0.39298239768338783,0.7547709107139671,0.4282408076103209
DINO,S-PROBE:R3:high,probe_r3__P28H__s42,0.04,16.0,0.02139815592880504,0.43796177996215446,0.09878619334465974,0.21914506889300817,0.8230368906861325,0.22901651216060073
DINO,S-PROBE:R1:high,probe__P28H__animalization_0__s43,0.02,24.0,0.057203197183334824,0.38935273685636523,0.12717189693225256,0.2868298888472111,0.4990602659715231,0.3014652490192343
DINO,S-PROBE:R2:high,probe_r2__P28H__s43,0.035,24.0,0.08311713442190245,0.3448980637235346,0.14498473899058445,0.38626528649902053,0.7311124946302057,0.405897434463256
DINO,S-PROBE:R3:high,probe_r3__P28H__s43,0.04,8.0,0.019581201445248594,0.48678483249128834,0.08160005905180215,0.17010766497070945,0.345891861378371,0.17478515777741874
DINO,S-PROBE:R1:high,probe__P28H__animalization_0__s44,0.0,48.0,0.03952379216173827,0.3088221719301226,0.20254363892885732,0.363574482916781,0.8206097175033561,0.39396569876998
DINO,S-PROBE:R2:high,probe_r2__P28H__s44,0.0,48.0,0.0706985634015613,0.31741715473036763,0.19725351410577488,0.39696014498342846,0.7086079789370241,0.4272549658449483
DINO,S-PROBE:R3:high,probe_r3__P28H__s44,0.04,24.0,0.029242164569077075,0.39969334599563533,0.11070497499568224,0.27109532778367007,0.7769844761000969,0.28174292710005416
DINO,S-PROBE:R1:high,probe__P29H__shadow_3__s42,0.185,48.0,0.03317200992063239,0.1697670032754659,0.17936418521068354,0.34158933706870526,0.7500470961755181,0.3671260926723808
DINO,S-PROBE:R2:high,probe_r2__P29H__s42,0.03,64.0,0.05141876705181722,0.20015462971222284,0.24460035158367602,0.38841440322285753,0.8510672291224125,0.4286538251199637
DINO,S-PROBE:R3:high,probe_r3__P29H__s42,0.375,5.0,0.02064914226167054,0.28555577723153663,0.035308689602088925,0.10015931729012217,0.07346061949351954,0.10286210364101636
DINO,S-PROBE:R1:high,probe__P29H__shadow_3__s43,0.24,24.0,0.046943175314758584,0.2427360098575073,0.11308363056119383,0.3072952856732119,0.6646165466871384,0.3208513334988231
DINO,S-PROBE:R2:high,probe_r2__P29H__s43,0.155,16.0,0.04474908345987918,0.3323686290828697,0.09702205887259281,0.3014704883733778,0.628558484487372,0.31130369788876405
DINO,S-PROBE:R3:high,probe_r3__P29H__s43,0.15,12.0,0.028953894785771588,0.36658757918224166,0.06683407592141807,0.2452759354320347,0.5353796957584113,0.25281639785595095
DINO,S-PROBE:R1:high,probe__P29H__shadow_3__s44,0.34,32.0,0.05073012417480878,0.17139029523876126,0.18421159054508138,0.32252806762722114,0.8538382237193646,0.3471106845873573
DINO,S-PROBE:R2:high,probe_r2__P29H__s44,0.395,12.0,0.03211335859658667,0.2393535679377422,0.061425069995758294,0.20509767836623324,0.5162683159376653,0.2117570749378132
DINO,S-PROBE:R3:high,probe_r3__P29H__s44,0.395,16.0,0.039301930267142154,0.2273598052496133,0.10915607275096113,0.20605571799650302,0.7849613210826792,0.21776972867936067
DINO,S-PROBE:R1:high,probe__P30H__gas_transformation_1__s42,0.28500000000000003,32.0,0.015548348205691873,0.20678749323303094,0.14123093476346157,0.23705928914969862,0.7044409188700373,0.25443896606640815
DINO,S-PROBE:R2:high,probe_r2__P30H__s42,0.15,32.0,0.013915428953865239,0.27537343561838395,0.13363558330857683,0.22894262024855952,0.6679378335558548,0.2465032855705189
DINO,S-PROBE:R3:high,probe_r3__P30H__s42,0.29,3.0,0.006709396291489874,0.3335870440896594,0.04018057017193303,0.10594193890538882,0.14891408047199106,0.10612510921870431
DINO,S-PROBE:R1:high,probe__P30H__gas_transformation_1__s43,0.135,48.0,0.024737150108083677,0.20241532343903024,0.18164778270441886,0.2760734667187917,0.574556807667488,0.308025243814318
DINO,S-PROBE:R2:high,probe_r2__P30H__s43,0.08,32.0,0.021295155860128027,0.3160032142741186,0.15238217197481893,0.24668813649453242,0.5828072696291269,0.2707001055331522
DINO,S-PROBE:R3:high,probe_r3__P30H__s43,0.155,12.0,0.017869021391494138,0.368827850335967,0.07868565898241932,0.1743173726466006,0.6196248480502531,0.18392134857971784
DINO,S-PROBE:R1:high,probe__P30H__gas_transformation_1__s44,0.22,48.0,0.029063386469882838,0.1691151596451622,0.16652552125681946,0.29293786673569466,0.6855905987217037,0.3179877605551475
DINO,S-PROBE:R2:high,probe_r2__P30H__s44,0.155,48.0,0.037169239375474436,0.19057842687821816,0.15783005730483435,0.30217003197876036,0.6292271439839988,0.32785956288040663
DINO,S-PROBE:R3:high,probe_r3__P30H__s44,0.3,8.0,0.020883155599632566,0.29143426419040175,0.07882910270427476,0.20408263656097833,0.5614621559224006,0.20932682869423028
DINO,S-PROBE:R1:inplace,probe__P01L__wireframe_7__s42,0.035,80.0,0.0461434439716088,0.11434657222964621,0.23986852403124975,0.41738414454114386,0.5131121915590334,0.4726681915433311
DINO,S-PROBE:R2:inplace,probe_r2__P01L__s42,0.03,80.0,0.06719169313974002,0.11435194669843857,0.24841380405655725,0.3987062407973729,0.5523921860991411,0.45718738470496695
DINO,S-PROBE:R3:inplace,probe_r3__P01L__s42,0.05,80.0,0.0894646577253771,0.09941635638309183,0.24725296767044977,0.38664640709653697,0.5005425633626703,0.4501124311781629
DINO,S-PROBE:R1:inplace,probe__P01L__wireframe_7__s43,0.0,104.0,0.08154720977847564,0.08154720977847564,0.24617502616281245,0.5746082562682229,0.631697673025379,0.6271187645959017
DINO,S-PROBE:R2:inplace,probe_r2__P01L__s43,0.0,48.0,0.1265586170842951,0.26640375943758504,0.2519329504390175,0.579605929693113,0.7237294197600481,0.6287981339869302
DINO,S-PROBE:R3:inplace,probe_r3__P01L__s43,0.0,48.0,0.11766095665892237,0.26397434917708773,0.24131840484944245,0.6123779183688306,0.7813615592245706,0.6552811702940555
DINO,S-PROBE:R1:inplace,probe__P01L__wireframe_7__s44,0.165,24.0,0.08270505329334393,0.24689516281978408,0.1342119789645667,0.5250724787752279,1.3190620123283183,0.5400031539682618
DINO,S-PROBE:R2:inplace,probe_r2__P01L__s44,0.09,32.0,0.14662364968197372,0.24588219436730552,0.1591100438456592,0.51554598892947,0.9170443883964663,0.53707160511005
DINO,S-PROBE:R3:inplace,probe_r3__P01L__s44,0.2,8.0,0.13963810731381632,0.2530765531296695,0.1543218113998275,0.4853835244930127,0.9106929417476126,0.5063526522423415
DINO,S-PROBE:R1:inplace,probe__P06L__explosion_0__s42,0.48,32.0,0.10792006241363522,0.19112718797867115,0.14740430453002135,0.4211944432497299,0.6309946656728811,0.4415540226847274
DINO,S-PROBE:R2:inplace,probe_r2__P06L__s42,0.5650000000000001,16.0,0.06982483833208972,0.24384480416933024,0.0934540268645887,0.33305609580006357,0.48624627198797055,0.34266311812281963
DINO,S-PROBE:R3:inplace,probe_r3__P06L__s42,0.625,5.0,0.06727205634415254,0.25741038529641447,0.07616286958549097,0.3415107426930079,0.5378342877545245,0.34855144825916384
DINO,S-PROBE:R1:inplace,probe__P06L__explosion_0__s43,0.02,80.0,0.09729808415314589,0.11145822119998867,0.2598989950726474,0.49366486729298736,0.5712946117668015,0.5546698943142501
DINO,S-PROBE:R2:inplace,probe_r2__P06L__s43,0.02,80.0,0.07116254918163609,0.11876201396028062,0.2449956682445882,0.4906472429455177,0.6572844939210818,0.5424221974553401
DINO,S-PROBE:R3:inplace,probe_r3__P06L__s43,0.03,80.0,0.05664341251678498,0.10892421387433586,0.23764884674823117,0.49363526809611924,0.6408582882092257,0.5416261731451876
DINO,S-PROBE:R1:inplace,probe__P06L__explosion_0__s44,0.135,48.0,0.1044167957818219,0.1923067469806523,0.17141311523048686,0.41882838162945435,0.6116379664162054,0.4492784678948751
DINO,S-PROBE:R2:inplace,probe_r2__P06L__s44,0.145,32.0,0.10827768383314063,0.24760223838991505,0.13796897236553873,0.40301095876963616,0.9657618747934733,0.4252656253730001
DINO,S-PROBE:R3:inplace,probe_r3__P06L__s44,0.145,32.0,0.08783647063639347,0.24100690704520278,0.17029589189190664,0.44238243274390654,1.1612002337315894,0.4690129681733328
DINO,S-PROBE:R1:inplace,probe__P09L__point_cloud_0__s42,0.0,64.0,0.12607706073149683,0.22271606915719927,0.2728711598374826,0.4518850553852029,0.614506127442653,0.5173111289126134
DINO,S-PROBE:R2:inplace,probe_r2__P09L__s42,0.0,104.0,0.1330864377957309,0.1330864377957309,0.33119627414718544,0.5574997761774474,0.6194650242785683,0.6405222338248773
DINO,S-PROBE:R3:inplace,probe_r3__P09L__s42,0.0,104.0,0.1468246170495545,0.1468246170495545,0.34364822618735674,0.573762052370372,0.6156040362331935,0.661024428116314
DINO,S-PROBE:R1:inplace,probe__P09L__point_cloud_0__s43,0.06,5.0,0.10575301367823087,0.4002661871713539,0.1240770419766425,0.3998366489488904,0.41071362397369326,0.41655165442712383
DINO,S-PROBE:R2:inplace,probe_r2__P09L__s43,0.08,3.0,0.10027587530924698,0.40708517025362634,0.10687604110461228,0.34941573928303427,0.38383927290997594,0.36518519807227284
DINO,S-PROBE:R3:inplace,probe_r3__P09L__s43,0.08,3.0,0.08659891760496723,0.41367052484154593,0.09004438909401859,0.352893442523574,0.43053909099861065,0.3641123204631737
DINO,S-PROBE:R1:inplace,probe__P09L__point_cloud_0__s44,0.08,3.0,0.05870832342506162,0.4455814669862398,0.06471357865894882,0.2869325628271883,0.36581892795583537,0.2935050922373442
DINO,S-PROBE:R2:inplace,probe_r2__P09L__s44,0.1,3.0,0.04662758959631842,0.4403330795233222,0.04794611138805641,0.278126060930419,0.33660137766761633,0.28243531034664043
DINO,S-PROBE:R3:inplace,probe_r3__P09L__s44,0.065,3.0,0.04537352721666325,0.4632578605884224,0.060947749635214536,0.2994814679440485,0.371291113258676,0.303958290166101
DINO,S-PROBE:R1:inplace,probe__P10L__monstrosity_0__s42,0.075,64.0,0.08669939135707283,0.15283552903841907,0.20402082327662116,0.43455751109587526,0.6250010792642529,0.4734846606673298
DINO,S-PROBE:R2:inplace,probe_r2__P10L__s42,0.16,64.0,0.05296576100773712,0.11028549005887228,0.19994719419263327,0.4101835576060332,0.5372420176917073,0.4507965257403642
DINO,S-PROBE:R3:inplace,probe_r3__P10L__s42,0.23,64.0,0.0954526279291485,0.12070472744331506,0.20613025140839267,0.4280036318572085,0.6363386203053344,0.46980267852140656
DINO,S-PROBE:R1:inplace,probe__P10L__monstrosity_0__s43,0.165,64.0,0.06461971214213559,0.09681053106887651,0.207740735639077,0.3791956445108082,0.4859600896844787,0.4261859142932597
DINO,S-PROBE:R2:inplace,probe_r2__P10L__s43,0.125,80.0,0.07476799048757723,0.08693336166005182,0.2376356353402286,0.37869885220656346,0.49811758695102176,0.4379305283670652
DINO,S-PROBE:R3:inplace,probe_r3__P10L__s43,0.115,80.0,0.07370079054496827,0.09034027826812689,0.23895462977682275,0.372498298586331,0.4784570767383803,0.4314438862628543
DINO,S-PROBE:R1:inplace,probe__P10L__monstrosity_0__s44,0.09,104.0,0.05164076607325981,0.10094135387409739,0.2895773252283525,0.4749910294245295,0.6051386471989681,0.5485775662590251
DINO,S-PROBE:R2:inplace,probe_r2__P10L__s44,0.035,80.0,0.0683296927787403,0.0950812272408145,0.2710205700756177,0.41914264949971597,0.5427433295483102,0.48661461589203153
DINO,S-PROBE:R3:inplace,probe_r3__P10L__s44,0.055,104.0,0.06710773436151818,0.08538355648106888,0.2556513115004696,0.4283970516293251,0.6592874860668014,0.4891534405631227
DINO,S-PROBE:R1:inplace,probe__P11L__water_element_3__s42,0.335,64.0,0.053296140072208203,0.18534146727652823,0.19452989185526737,0.4663165468275996,0.6859949740628626,0.49757107489400704
DINO,S-PROBE:R2:inplace,probe_r2__P11L__s42,0.315,32.0,0.05397408081352485,0.15894962550533542,0.1498425324338302,0.39373288883725777,0.7460805359512488,0.4145908393914052
DINO,S-PROBE:R3:inplace,probe_r3__P11L__s42,0.28500000000000003,32.0,0.05905517248112855,0.1755972458437982,0.1323602696974827,0.38069142293680514,0.654563223015515,0.398405986326161
DINO,S-PROBE:R1:inplace,probe__P11L__water_element_3__s43,0.045,80.0,0.08720459313580822,0.10486657093798332,0.24610103485594104,0.5683143238050927,0.7716249252081273,0.6150850046170239
DINO,S-PROBE:R2:inplace,probe_r2__P11L__s43,0.2,48.0,0.06704078607969068,0.15232795666515633,0.17725641583164478,0.519471538400391,0.778858328035538,0.5437308619609559
DINO,S-PROBE:R3:inplace,probe_r3__P11L__s43,0.13,48.0,0.08066013603863165,0.16593163967497107,0.19504520607406275,0.48517044012286115,0.6782736683745947,0.5162139120995675
DINO,S-PROBE:R1:inplace,probe__P11L__water_element_3__s44,0.335,16.0,0.11478934150368372,0.1857686568145961,0.14883691071655644,0.3923969003960906,0.7226549348255974,0.412764221942364
DINO,S-PROBE:R2:inplace,probe_r2__P11L__s44,0.165,64.0,0.12678955542014436,0.14278132463782633,0.19066188541913534,0.428345509911008,0.7675769908379355,0.4593014780833933
DINO,S-PROBE:R3:inplace,probe_r3__P11L__s44,0.23500000000000001,24.0,0.13626176161600362,0.1912559600587447,0.1743262794042842,0.4695536052444283,0.6910432955725836,0.49391258550927686
DINO,S-PROBE:R1:inplace,probe__P14L__fire_element_2__s42,0.155,48.0,0.1134866343084721,0.15241707971655138,0.17839005045852308,0.46089648751564843,0.6920286541211821,0.4902072668954845
DINO,S-PROBE:R2:inplace,probe_r2__P14L__s42,0.05,80.0,0.0939252678025855,0.09892925932129763,0.2807630586692159,0.4669712617961094,0.7145272899444907,0.5312140732658556
DINO,S-PROBE:R3:inplace,probe_r3__P14L__s42,0.0,104.0,0.09155490510629898,0.09155490510629898,0.2895249775885082,0.46548842041432853,0.7274864786941712,0.5330600858940582
DINO,S-PROBE:R1:inplace,probe__P14L__fire_element_2__s43,0.0,64.0,0.1537875090827416,0.21155598123791003,0.22161395959579308,0.49471484992900683,0.7444162063286017,0.5382935727508121
DINO,S-PROBE:R2:inplace,probe_r2__P14L__s43,0.07,24.0,0.09828840962827598,0.3074362584923971,0.1458628327623106,0.3720250746102657,0.7494594193338956,0.3931679637623213
DINO,S-PROBE:R3:inplace,probe_r3__P14L__s43,0.015,48.0,0.12260940724406928,0.25353940015500864,0.17429476527141488,0.36146774102499374,0.5672800696244016,0.3947104053707018
DINO,S-PROBE:R1:inplace,probe__P14L__fire_element_2__s44,0.0,80.0,0.14009748683157422,0.16308435878289418,0.2488414423640649,0.5852203938258497,0.7746416186816869,0.6362485309110426
DINO,S-PROBE:R2:inplace,probe_r2__P14L__s44,0.0,80.0,0.15492162126003167,0.19019725131383486,0.24566287527624403,0.5482256077544772,0.8040272157211376,0.5986157146313886
DINO,S-PROBE:R3:inplace,probe_r3__P14L__s44,0.025,80.0,0.1148626885087643,0.12359031845030194,0.2510797933512831,0.530155571716962,0.8003140416307722,0.583368102481461
DINO,S-PROBE:R1:inplace,probe__P17L__color_rain_0__s42,0.37,48.0,0.07134656462310339,0.14923951798282695,0.19101193441187453,0.6364455104665784,1.144520595687136,0.6577492573690911
DINO,S-PROBE:R2:inplace,probe_r2__P17L__s42,0.37,64.0,0.07389225347515739,0.2007541591440912,0.23397820349945975,0.6728673160720667,1.2529645385970392,0.6997804411133145
DINO,S-PROBE:R3:inplace,probe_r3__P17L__s42,0.505,32.0,0.08012613065249424,0.21095638348786194,0.14915973977327537,0.4732610171897033,1.2394404070009597,0.48883267778265466
DINO,S-PROBE:R1:inplace,probe__P17L__color_rain_0__s43,0.185,80.0,0.08284404634479206,0.11424660302804342,0.23058346891858245,0.42550005978441474,0.537012167286024,0.4772194867668858
DINO,S-PROBE:R2:inplace,probe_r2__P17L__s43,0.595,16.0,0.10538995221152533,0.2196725923096326,0.13410471273305108,0.34818816438875705,0.6895274850834245,0.36886079256687093
DINO,S-PROBE:R3:inplace,probe_r3__P17L__s43,0.59,16.0,0.09273122485202301,0.22218541467214162,0.14334169695218588,0.3609591221475541,0.5988396303808344,0.3805436694528925
DINO,S-PROBE:R1:inplace,probe__P17L__color_rain_0__s44,0.265,5.0,0.13328929576983684,0.2850735024644641,0.13644362572061253,0.7079795684064188,1.1986342353438009,0.7205262220222607
DINO,S-PROBE:R2:inplace,probe_r2__P17L__s44,0.215,12.0,0.10946777307071529,0.261653868335739,0.13149464596986143,0.4343198432777648,1.3232625975298542,0.45326167326571104
DINO,S-PROBE:R3:inplace,probe_r3__P17L__s44,0.28500000000000003,5.0,0.11371726754350278,0.24225045848772234,0.1180469451186761,0.39286334852315613,0.7147991897754351,0.40840265802903297
DINO,S-PROBE:R1:inplace,probe__P19L__earth_element_4__s42,0.245,48.0,0.05858636471108151,0.1539289626003242,0.18072701138346597,0.34616507593369367,0.8393205596580326,0.36939049899460846
DINO,S-PROBE:R2:inplace,probe_r2__P19L__s42,0.225,64.0,0.0620516852611642,0.1315420969580271,0.2095023138916458,0.38821832445182247,0.8865922375437649,0.4199072519688909
DINO,S-PROBE:R3:inplace,probe_r3__P19L__s42,0.325,48.0,0.06425788189932866,0.16465611192270885,0.2216921885643659,0.3362977935160735,0.8252178439597002,0.3691216028798669
DINO,S-PROBE:R1:inplace,probe__P19L__earth_element_4__s43,0.07,64.0,0.080710631432424,0.16839403923178814,0.1961856641876904,0.3134321826354784,0.48626726447376895,0.3572024236730716
DINO,S-PROBE:R2:inplace,probe_r2__P19L__s43,0.12,64.0,0.07326012756144915,0.13659549628258139,0.1852099494417411,0.30367897468892535,0.4830604411098265,0.3463063097847733
DINO,S-PROBE:R3:inplace,probe_r3__P19L__s43,0.17500000000000002,48.0,0.0862649454235436,0.15231197617320472,0.17387032146190606,0.29466939746960646,0.47265861553547867,0.3334488049809971
DINO,S-PROBE:R1:inplace,probe__P19L__earth_element_4__s44,0.025,48.0,0.09641048127792463,0.2515585594394679,0.1740577282007495,0.4273714322894476,0.6109133512763505,0.45803343179803235
DINO,S-PROBE:R2:inplace,probe_r2__P19L__s44,0.09,32.0,0.08794526485777468,0.26705847617896444,0.15969115036808018,0.40691601435475094,0.6092646035443617,0.4327355783977999
DINO,S-PROBE:R3:inplace,probe_r3__P19L__s44,0.09,32.0,0.08824842140997487,0.26437549753504547,0.1577250887700773,0.40773988926784005,0.5959622208794899,0.43334351062111093
DINO,S-PROBE:R1:inplace,probe__P23L__glitch_1__s42,0.0,64.0,0.09601470059111387,0.17767457655590196,0.2397220223316416,0.5557993803285902,0.6404428479597903,0.6046648361620229
DINO,S-PROBE:R2:inplace,probe_r2__P23L__s42,0.02,64.0,0.05063867358973312,0.18134781718332899,0.2263813052104443,0.45212890238142656,0.5662719426122205,0.4997263911404693
DINO,S-PROBE:R3:inplace,probe_r3__P23L__s42,0.07,64.0,0.10364038629246147,0.16675204641388142,0.16219056516548552,0.43374013576545756,0.619988391287626,0.46136811205051875
DINO,S-PROBE:R1:inplace,probe__P23L__glitch_1__s43,0.055,64.0,0.09018295122674665,0.14837668223956776,0.2076428398252674,0.690188573580852,0.9655133708115419,0.7199420777686764
DINO,S-PROBE:R2:inplace,probe_r2__P23L__s43,0.02,80.0,0.08564336709693705,0.13109079535888243,0.19641883130373045,0.4587777788764485,0.5970491238383713,0.4960940005294767
DINO,S-PROBE:R3:inplace,probe_r3__P23L__s43,0.115,64.0,0.07575948010188446,0.12894590464133054,0.18478874538254253,0.46713427651825473,0.5367245618459567,0.5010306001475079
DINO,S-PROBE:R1:inplace,probe__P23L__glitch_1__s44,0.0,104.0,0.06922107724956406,0.06922107724956406,0.26076239943070106,0.390429899384738,0.42138956186300064,0.4663357688991459
DINO,S-PROBE:R2:inplace,probe_r2__P23L__s44,0.055,80.0,0.056080074703502555,0.10316915867267155,0.21327135023009644,0.3931142970937273,0.5488815395104097,0.4405315068238428
DINO,S-PROBE:R3:inplace,probe_r3__P23L__s44,0.095,80.0,0.05304184478586621,0.07620448214433376,0.2202576906186627,0.3538904357542507,0.5275061031144844,0.4083254594103219
DINO,S-PROBE:R1:inplace,probe__P28L__animalization_0__s42,0.0,80.0,0.08156318790205358,0.11098016280256297,0.27753443848570025,0.6476108801584524,0.7647128092732559,0.7030873268763635
DINO,S-PROBE:R2:inplace,probe_r2__P28L__s42,0.0,48.0,0.12570146620612327,0.25383367711224725,0.23447350511848525,0.5966397433197365,1.2508206239849549,0.6349663706228441
DINO,S-PROBE:R3:inplace,probe_r3__P28L__s42,0.025,32.0,0.11093012571350336,0.29590754222543914,0.19347063766959444,0.5722421866833771,1.0247349208820222,0.5994643035231306
DINO,S-PROBE:R1:inplace,probe__P28L__animalization_0__s43,0.03,80.0,0.14530115873060842,0.15352350668267603,0.28549543921547177,0.4619590797180037,1.5631968072285034,0.5316682975511391
DINO,S-PROBE:R2:inplace,probe_r2__P28L__s43,0.005,80.0,0.13720150486495356,0.14877235303610647,0.28899573458455186,0.5020580348660675,1.529415100786252,0.5695499159758252
DINO,S-PROBE:R3:inplace,probe_r3__P28L__s43,0.0,80.0,0.13182454409643624,0.16395654364214587,0.3065901605961385,0.4848021216935868,1.4848139174150619,0.5597303779851069
DINO,S-PROBE:R1:inplace,probe__P28L__animalization_0__s44,0.12,32.0,0.06587005378164248,0.27984434135775316,0.14805503468832423,0.5013780358014986,0.9452732856731845,0.5153929359978913
DINO,S-PROBE:R2:inplace,probe_r2__P28L__s44,0.05,48.0,0.07146335889072312,0.2538899914823255,0.15522271991210473,0.4489758949877924,0.7212762863835659,0.46868102459121624
DINO,S-PROBE:R3:inplace,probe_r3__P28L__s44,0.2,24.0,0.06094969619350767,0.2451901805686075,0.12942600387816014,0.4102673321262075,0.7329453236857,0.4248539519679751
