clip_id,group,cls,path,a_idx,b_idx,gini,offline,DR,gap_rel
base_cond|01_effect__dai|3a7fd20ca6,GEN:base_cond:v2:effect:both,shadow_smoke_7,store/gens/005_base_cond/01_effect__dai/videos/G-ref-control__ctt_v2__shadow_smoke_7__ref_hero_flight_5__s42.mp4,8,113,0.8056252356729385,0.5858970565947419,0.606573015176309,0.9212518137117124
base_cond|01_effect__dai|4bde96b943,GEN:base_cond:v2:effect:both,shadow_smoke_7,store/gens/005_base_cond/01_effect__dai/videos/G-ref-control__ctt_v2__shadow_smoke_7__ref_hero_flight_5__s43.mp4,8,113,0.7890266031834798,0.5319513038487016,0.3279243265457395,0.9215943936111832
base_cond|01_effect__dai|75ed2493d0,GEN:base_cond:v2:effect:start,super_fast_run_3,store/gens/005_base_cond/01_effect__dai/videos/G-ref-control__ctt_v2__super_fast_run_3__ref_color_rain_0__s42.mp4,8,120,0.4136898910190323,0.3168759887582759,0.3210630058060836,0.5118681635451026
base_cond|01_effect__dai|2ca2b718ad,GEN:base_cond:v2:effect:start,super_fast_run_3,store/gens/005_base_cond/01_effect__dai/videos/G-ref-control__ctt_v2__super_fast_run_3__ref_color_rain_0__s43.mp4,8,120,0.4046016555275395,0.6508790485296063,0.6720091643459044,0.5120855636248606
base_cond|01_effect__dai|5aa8b8be79,GEN:base_cond:v2:effect:start,color_rain_2,store/gens/005_base_cond/01_effect__dai/videos/G-unseen-cross__ctt_v2__color_rain_2__ref_animalization_0__s42.mp4,8,120,0.5157679892956775,0.4215698625185889,0.463240500026476,0.5588250959484052
base_cond|01_effect__dai|923d8c74d7,GEN:base_cond:v2:effect:start,color_rain_2,store/gens/005_base_cond/01_effect__dai/videos/G-unseen-cross__ctt_v2__color_rain_2__ref_animalization_0__s43.mp4,8,120,0.6479220576043945,0.1751135677592804,0.1831837483968283,0.6928938537259154
base_cond|01_effect__dai|3484b1aca9,GEN:base_cond:v2:effect:start,color_rain_2,store/gens/005_base_cond/01_effect__dai/videos/G-unseen-cross__ctt_v2__color_rain_2__ref_super_fast_run_0__s42.mp4,8,120,0.790755609450744,0.4488103988405609,0.4885424142829329,0.6050605440274286
base_cond|01_effect__dai|c39157dc53,GEN:base_cond:v2:effect:start,color_rain_2,store/gens/005_base_cond/01_effect__dai/videos/G-unseen-cross__ctt_v2__color_rain_2__ref_super_fast_run_0__s43.mp4,8,120,0.4735307010572025,0.6449342394652906,0.7513965566767704,0.6482736392109077
base_cond|01_effect__dai|8913a98c53,GEN:base_cond:v2:effect:start,polygon_4,store/gens/005_base_cond/01_effect__dai/videos/G-memo-probe__ctt_v2__polygon_4__ref_polygon_0__s42.mp4,8,120,0.8046946646190924,0.197231171908228,0.2137282578100318,0.6186929859595882
base_cond|01_effect__dai|440e7afb00,GEN:base_cond:v2:effect:start,polygon_4,store/gens/005_base_cond/01_effect__dai/videos/G-memo-probe__ctt_v2__polygon_4__ref_polygon_0__s43.mp4,8,120,0.6943068140717541,0.2308482788854255,0.1241472800169359,0.6532553491615893
base_cond|01_effect__dai|3833f1acca,GEN:base_cond:v2:effect:start,portal_1,store/gens/005_base_cond/01_effect__dai/videos/G-memo-probe__ctt_v2__portal_1__ref_portal_0__s42.mp4,8,120,0.6435393908727871,0.3105467962843392,0.4246091866773487,0.9352779483795032
base_cond|01_effect__dai|53dc127035,GEN:base_cond:v2:effect:start,portal_1,store/gens/005_base_cond/01_effect__dai/videos/G-memo-probe__ctt_v2__portal_1__ref_portal_0__s43.mp4,8,120,0.7449635796420988,0.2320742903513081,0.1817084853446569,0.9043327088463292
base_cond|01_effect__dai|2a9e529a2d,GEN:base_cond:v2:effect:start,super_fast_run_0,store/gens/005_base_cond/01_effect__dai/videos/G-memo-probe__ctt_v2__super_fast_run_0__ref_super_fast_run_1__s42.mp4,8,120,0.491525443636913,0.7800460446986687,0.8721441193882938,0.5713401103411521
base_cond|01_effect__dai|430e6d55ea,GEN:base_cond:v2:effect:start,super_fast_run_0,store/gens/005_base_cond/01_effect__dai/videos/G-memo-probe__ctt_v2__super_fast_run_0__ref_super_fast_run_1__s43.mp4,8,120,0.4844689529170563,0.5900882675876054,0.5996746904579073,0.5919275932649577
base_cond|01_effect__dai|dad9ef733b,GEN:base_cond:v2:effect:start,wireframe_0,store/gens/005_base_cond/01_effect__dai/videos/G-memo-probe__ctt_v2__wireframe_0__ref_wireframe_1__s42.mp4,8,120,0.6387650917067018,0.0147319617321768,0.0060780161292963,1.4436420818369244
base_cond|01_effect__dai|77a1b46a44,GEN:base_cond:v2:effect:start,wireframe_0,store/gens/005_base_cond/01_effect__dai/videos/G-memo-probe__ctt_v2__wireframe_0__ref_wireframe_1__s43.mp4,8,120,0.5411216253825599,0.0444677454490293,0.0341826971347376,1.4136953013167433
base_cond|01_effect__dai|3e57e848b6,GEN:base_cond:v2:effect:both,hero_flight_6,store/gens/005_base_cond/01_effect__dai/videos/G-ref-control__ctt_v2__hero_flight_6__ref_shadow_smoke_0__s42.mp4,8,113,0.4646188313096311,0.6876739440797561,0.7147643721412407,0.7183311819614956
base_cond|01_effect__dai|8284827dea,GEN:base_cond:v2:effect:both,hero_flight_6,store/gens/005_base_cond/01_effect__dai/videos/G-ref-control__ctt_v2__hero_flight_6__ref_shadow_smoke_0__s43.mp4,8,113,0.5344309019862425,0.692277625405478,0.6493852839595173,0.7191771351559296
base_cond|01_effect__dai|4ffb720eb6,GEN:base_cond:v2:effect:start,illustration_scene_7,store/gens/005_base_cond/01_effect__dai/videos/G-ref-control__ctt_v2__illustration_scene_7__ref_polygon_4__s42.mp4,8,120,0.533206549714961,0.217655307260786,0.1871973793468138,1.1104164691583742
base_cond|01_effect__dai|280483ee68,GEN:base_cond:v2:effect:start,illustration_scene_7,store/gens/005_base_cond/01_effect__dai/videos/G-ref-control__ctt_v2__illustration_scene_7__ref_polygon_4__s43.mp4,8,120,0.6643492314891493,0.2153421120530027,0.232570368144392,0.9561092290360046
base_cond|01_effect__dai|d2d2a7c987,GEN:base_cond:v2:effect:both,shadow_smoke_2,store/gens/005_base_cond/01_effect__dai/videos/G-fit__ctt_v2__shadow_smoke_2__ref_shadow_smoke_1__s42.mp4,8,113,0.5880836760008321,0.4074331000276298,0.2736248448652948,0.8333671035743169
base_cond|01_effect__dai|132cf963c0,GEN:base_cond:v2:effect:both,shadow_smoke_2,store/gens/005_base_cond/01_effect__dai/videos/G-fit__ctt_v2__shadow_smoke_2__ref_shadow_smoke_1__s43.mp4,8,113,0.5818956906629429,0.3879763394087728,0.2252936256250686,0.8354744483257188
base_cond|01_effect__dai|bb277a3c22,GEN:base_cond:v2:effect:start,super_fast_run_10,store/gens/005_base_cond/01_effect__dai/videos/G-fit__ctt_v2__super_fast_run_10__ref_super_fast_run_1__s42.mp4,8,120,0.5667326416751082,0.7274129921098228,0.764808391001445,0.7182183326509005
base_cond|01_effect__dai|4b0132a150,GEN:base_cond:v2:effect:start,super_fast_run_10,store/gens/005_base_cond/01_effect__dai/videos/G-fit__ctt_v2__super_fast_run_10__ref_super_fast_run_1__s43.mp4,8,120,0.5147096724107887,0.7283180202732689,0.7470280969107289,0.7552574572064391
base_cond|01_effect__dai|39455656d5,GEN:base_cond:v2:effect:start,animalization_3,store/gens/005_base_cond/01_effect__dai/videos/G-fit__ctt_v2__animalization_3__ref_animalization_1__s42.mp4,8,120,0.5856688831004142,0.3622085947248958,0.3644907379031331,0.5547139454286006
base_cond|01_effect__dai|47a17538b3,GEN:base_cond:v2:effect:start,animalization_3,store/gens/005_base_cond/01_effect__dai/videos/G-fit__ctt_v2__animalization_3__ref_animalization_1__s43.mp4,8,120,0.4228435101940486,0.2025502418950186,0.2102835417862824,0.530842821486177
base_cond|01_effect__dai|fb4dcd9d21,GEN:base_cond:v2:effect:start,color_rain_3,store/gens/005_base_cond/01_effect__dai/videos/G-fit__ctt_v2__color_rain_3__ref_color_rain_1__s42.mp4,8,120,0.4771968949479206,0.5268384353436621,0.5567082454772095,0.4529496279565233
base_cond|01_effect__dai|2284dd9e3b,GEN:base_cond:v2:effect:start,color_rain_3,store/gens/005_base_cond/01_effect__dai/videos/G-fit__ctt_v2__color_rain_3__ref_color_rain_1__s43.mp4,8,120,0.5311672479558303,0.6896358148623153,0.6939253923458241,0.4600200049655831
base_cond|01_effect__dai|dc197192e6,GEN:base_cond:v2:effect:start,gas_transformation_7,store/gens/005_base_cond/01_effect__dai/videos/G-unseen-cross__ctt_v2__gas_transformation_7__ref_earth_element_4__s42.mp4,8,120,0.7215147718032411,0.2624363444303442,0.2957309033814128,0.7892752346171973
base_cond|01_effect__dai|6afb93a35f,GEN:base_cond:v2:effect:start,gas_transformation_7,store/gens/005_base_cond/01_effect__dai/videos/G-unseen-cross__ctt_v2__gas_transformation_7__ref_earth_element_4__s43.mp4,8,120,0.6417816593137309,0.3835652248445358,0.5028336025907421,0.8686765750094805
base_cond|01_effect__dai|62c1d4ec45,GEN:base_cond:v2:effect:start,illustration_scene_7,store/gens/005_base_cond/01_effect__dai/videos/G-unseen-cross__ctt_v2__illustration_scene_7__ref_gas_transformation_6__s42.mp4,8,120,0.6010382169713857,0.1166538440431267,0.1360844175818765,0.9763222956515242
base_cond|01_effect__dai|29304fc9dc,GEN:base_cond:v2:effect:start,illustration_scene_7,store/gens/005_base_cond/01_effect__dai/videos/G-unseen-cross__ctt_v2__illustration_scene_7__ref_gas_transformation_6__s43.mp4,8,120,0.7122383231763894,0.2081035463338301,0.2319215580814642,1.0214533627842397
base_cond|01_effect__dai|101546e5af,GEN:base_cond:v2:effect:start,cotton_cloud_0,store/gens/005_base_cond/01_effect__dai/videos/G-unseen-cross__ctt_v2__cotton_cloud_0__ref_super_fast_run_0__s42.mp4,8,120,0.6194412083337673,1.138563850361173,1.509571521831712,0.487483640206634
base_cond|01_effect__dai|c915b81f24,GEN:base_cond:v2:effect:start,cotton_cloud_0,store/gens/005_base_cond/01_effect__dai/videos/G-unseen-cross__ctt_v2__cotton_cloud_0__ref_super_fast_run_0__s43.mp4,8,120,0.5437829949134474,0.5332238838393172,0.6526324398196091,0.8555615616492143
base_cond|01_effect__dai|cf66463329,GEN:base_cond:v2:effect:both,display_transition_1,store/gens/005_base_cond/01_effect__dai/videos/G-unseen-cross__ctt_v2__display_transition_1__ref_hero_flight_5__s42.mp4,8,113,0.8140209312472866,1.2045018277578805,0.3753880867141724,0.8268361846333295
base_cond|01_effect__dai|a4a9982d49,GEN:base_cond:v2:effect:both,display_transition_1,store/gens/005_base_cond/01_effect__dai/videos/G-unseen-cross__ctt_v2__display_transition_1__ref_hero_flight_5__s43.mp4,8,113,0.7938597491257382,1.335127144378583,0.5976703756548623,0.8184764899228143
base_cond|01_effect__dai|366022fe18,GEN:base_cond:v2:effect:start,monstrosity_0,store/gens/005_base_cond/01_effect__dai/videos/G-unseen-cross__ctt_v2__monstrosity_0__ref_illustration_scene_4__s42.mp4,8,120,0.7760445879603557,0.2876469155299545,0.3428918723110153,0.845144488018257
base_cond|01_effect__dai|f595a0b17e,GEN:base_cond:v2:effect:start,monstrosity_0,store/gens/005_base_cond/01_effect__dai/videos/G-unseen-cross__ctt_v2__monstrosity_0__ref_illustration_scene_4__s43.mp4,8,120,0.7646551339168335,0.3080916556963046,0.2814838101037415,0.8699630332535476
base_cond|01_effect__dai|306f92fdd1,GEN:base_cond:v2:effect:start,mystification_0,store/gens/005_base_cond/01_effect__dai/videos/G-unseen-cross__ctt_v2__mystification_0__ref_illustration_scene_4__s42.mp4,8,120,0.518909594506515,0.3429201470699656,0.3973927535280269,0.74178031799621
base_cond|01_effect__dai|0af3fc3b6b,GEN:base_cond:v2:effect:start,mystification_0,store/gens/005_base_cond/01_effect__dai/videos/G-unseen-cross__ctt_v2__mystification_0__ref_illustration_scene_4__s43.mp4,8,120,0.7914919465052577,0.2210204600398018,0.1955045778421794,0.6859304519387037
base_cond|01_effect__dai|247d1c785a,GEN:base_cond:v2:effect:start,portal_4,store/gens/005_base_cond/01_effect__dai/videos/G-unseen-cross__ctt_v2__portal_4__ref_polygon_4__s42.mp4,8,120,0.7676761782525883,0.1431510259787076,0.1427764428431058,1.1010825023397035
base_cond|01_effect__dai|c22804e93e,GEN:base_cond:v2:effect:start,portal_4,store/gens/005_base_cond/01_effect__dai/videos/G-unseen-cross__ctt_v2__portal_4__ref_polygon_4__s43.mp4,8,120,0.6598757665248558,0.2516176557786229,0.2798487526871731,0.9284216026207456
base_cond|01_effect__dai|06338c6484,GEN:base_cond:v2:effect:both,raven_transition_2,store/gens/005_base_cond/01_effect__dai/videos/G-unseen-cross__ctt_v2__raven_transition_2__ref_shadow_smoke_0__s42.mp4,8,113,0.6921060749465584,0.3573613827366376,0.3714875767145515,1.0187464408328155
base_cond|01_effect__dai|4f0ed63b33,GEN:base_cond:v2:effect:both,raven_transition_2,store/gens/005_base_cond/01_effect__dai/videos/G-unseen-cross__ctt_v2__raven_transition_2__ref_shadow_smoke_0__s43.mp4,8,113,0.665318531836602,0.4488696836670396,0.5404577091848491,1.0196121877602853
base_cond|01_effect__dai|ef87b05791,GEN:base_cond:v2:effect:start,portal_4,store/gens/005_base_cond/01_effect__dai/videos/G-ref-control__ctt_v2__portal_4__ref_super_fast_run_0__s42.mp4,8,120,0.6728166808050462,0.6367126574106591,0.6297827631160287,0.8996759880428827
base_cond|01_effect__dai|1c17a6517e,GEN:base_cond:v2:effect:start,portal_4,store/gens/005_base_cond/01_effect__dai/videos/G-ref-control__ctt_v2__portal_4__ref_super_fast_run_0__s43.mp4,8,120,0.5690026359129641,0.588809163308685,0.5678052920945094,0.9691775696706124
base_cond|01_effect__dai|dd2c973500,GEN:base_cond:v2:effect:start,shadow_3,store/gens/005_base_cond/01_effect__dai/videos/G-ref-control__ctt_v2__shadow_3__ref_wireframe_0__s42.mp4,8,120,0.7909809189758448,0.1850074610156437,0.1859290797692649,0.8563584215656971
base_cond|01_effect__dai|d294c715a7,GEN:base_cond:v2:effect:start,shadow_3,store/gens/005_base_cond/01_effect__dai/videos/G-ref-control__ctt_v2__shadow_3__ref_wireframe_0__s43.mp4,8,120,0.7183113925424405,0.1773759800305027,0.1920485814828163,0.8019767535525698
base_cond|01_effect__dai|30e3a7e795,GEN:base_cond:v2:effect:start,live_concert_0,store/gens/005_base_cond/01_effect__dai/videos/G-unseen-cross__ctt_v2__live_concert_0__ref_gas_transformation_6__s42.mp4,8,120,0.6265456259102231,0.2596807702149561,0.3178388682233939,0.7552335689931868
base_cond|01_effect__dai|9d4c1608c4,GEN:base_cond:v2:effect:start,live_concert_0,store/gens/005_base_cond/01_effect__dai/videos/G-unseen-cross__ctt_v2__live_concert_0__ref_gas_transformation_6__s43.mp4,8,120,0.5706186229817853,0.2809991392993436,0.2969107939324976,0.7934785968447091
base_cond|01_effect__dai|f7282b0e45,GEN:base_cond:v2:effect:both,melt_transition_2,store/gens/005_base_cond/01_effect__dai/videos/G-unseen-cross__ctt_v2__melt_transition_2__ref_shadow_smoke_0__s42.mp4,8,113,0.8062387747242437,0.325711811601318,0.0751324061018295,0.7672737912064025
base_cond|01_effect__dai|321daf2df3,GEN:base_cond:v2:effect:both,melt_transition_2,store/gens/005_base_cond/01_effect__dai/videos/G-unseen-cross__ctt_v2__melt_transition_2__ref_shadow_smoke_0__s43.mp4,8,113,0.5630795874865293,0.5992338626243974,0.8374208554911144,0.767581245041583
base_cond|01_effect__dai|08eccc2990,GEN:base_cond:v2:effect:start,wireframe_2,store/gens/005_base_cond/01_effect__dai/videos/G-fit__ctt_v2__wireframe_2__ref_wireframe_1__s42.mp4,8,120,0.5333305152986034,0.1042775165545317,0.075713860552482,1.2908640035351913
base_cond|01_effect__dai|e2a0cf7c8e,GEN:base_cond:v2:effect:start,wireframe_2,store/gens/005_base_cond/01_effect__dai/videos/G-fit__ctt_v2__wireframe_2__ref_wireframe_1__s43.mp4,8,120,0.6532638964330524,0.0206017720101633,0.0128574542611242,1.1747675749559872
base_cond|01_effect__dai|eb661cffd8,GEN:base_cond:v2:effect:start,animalization_0,store/gens/005_base_cond/01_effect__dai/videos/G-memo-probe__ctt_v2__animalization_0__ref_animalization_1__s42.mp4,8,120,0.3098620698467118,0.3998812007826552,0.4526953532839936,0.8823052016859375
base_cond|01_effect__dai|015bc5528b,GEN:base_cond:v2:effect:start,animalization_0,store/gens/005_base_cond/01_effect__dai/videos/G-memo-probe__ctt_v2__animalization_0__ref_animalization_1__s43.mp4,8,120,0.4079398073272373,0.4816025625400442,0.5287889779470298,0.6704261688035793
base_cond|01_effect__dai|272cd7efc1,GEN:base_cond:v2:effect:start,shadow_10,store/gens/005_base_cond/01_effect__dai/videos/G-memo-probe__ctt_v2__shadow_10__ref_shadow_0__s42.mp4,8,120,0.5510191705983492,0.2467725105700727,0.2754079336498026,1.3718564558227817
base_cond|01_effect__dai|8a7d838021,GEN:base_cond:v2:effect:start,shadow_10,store/gens/005_base_cond/01_effect__dai/videos/G-memo-probe__ctt_v2__shadow_10__ref_shadow_0__s43.mp4,8,120,0.324440326408826,0.284491128147008,0.2950571306655642,1.38190215812858
base_cond|01_effect__dai|241669bd82,GEN:base_cond:v2:effect:both,shadow_smoke_0,store/gens/005_base_cond/01_effect__dai/videos/G-memo-probe__ctt_v2__shadow_smoke_0__ref_shadow_smoke_1__s42.mp4,8,113,0.5855740699354139,0.776803766780017,0.6620377008690903,0.5564317457799342
base_cond|01_effect__dai|7900e72368,GEN:base_cond:v2:effect:both,shadow_smoke_0,store/gens/005_base_cond/01_effect__dai/videos/G-memo-probe__ctt_v2__shadow_smoke_0__ref_shadow_smoke_1__s43.mp4,8,113,0.7145586581527767,0.6618007335992725,0.2801179423568114,0.5554729547359515
base_cond|01_effect__dai|cb3fc1a9d4,GEN:base_cond:v2:effect:start,illustration_scene_4,store/gens/005_base_cond/01_effect__dai/videos/G-memo-probe__ctt_v2__illustration_scene_4__ref_illustration_scene_0__s42.mp4,8,120,0.7924466140194399,0.3218221343889011,0.3573437553230326,0.7221079606351773
base_cond|01_effect__dai|1ad3fd104f,GEN:base_cond:v2:effect:start,illustration_scene_4,store/gens/005_base_cond/01_effect__dai/videos/G-memo-probe__ctt_v2__illustration_scene_4__ref_illustration_scene_0__s43.mp4,8,120,0.7045878745256109,0.4451098459832152,0.4722885964381498,0.5919004338068226
base_cond|01_effect__dai|0dd61665fe,GEN:base_cond:v2:effect:start,money_rain_1,store/gens/005_base_cond/01_effect__dai/videos/G-memo-probe__ctt_v2__money_rain_1__ref_money_rain_0__s42.mp4,8,120,0.6685482863147199,0.9489730461616578,1.168956715875373,0.6233834168061286
base_cond|01_effect__dai|e917363356,GEN:base_cond:v2:effect:start,money_rain_1,store/gens/005_base_cond/01_effect__dai/videos/G-memo-probe__ctt_v2__money_rain_1__ref_money_rain_0__s43.mp4,8,120,0.5305870582747778,0.398349751974456,0.4934475636449618,0.8495493351630458
base_cond|01_effect__dai|e8a08a4398,GEN:base_cond:v2:effect:start,gas_transformation_6,store/gens/005_base_cond/01_effect__dai/videos/G-memo-probe__ctt_v2__gas_transformation_6__ref_gas_transformation_0__s42.mp4,8,120,0.6224373891854633,0.2556186040730784,0.2320597977584134,0.6432893849504979
base_cond|01_effect__dai|a7fb080afb,GEN:base_cond:v2:effect:start,gas_transformation_6,store/gens/005_base_cond/01_effect__dai/videos/G-memo-probe__ctt_v2__gas_transformation_6__ref_gas_transformation_0__s43.mp4,8,120,0.7067174362377266,0.2287435724884013,0.1916288633470179,0.6640426166882658
base_cond|01_effect__dai|813e309a3b,GEN:base_cond:v2:effect:both,hero_flight_5,store/gens/005_base_cond/01_effect__dai/videos/G-memo-probe__ctt_v2__hero_flight_5__ref_hero_flight_0__s42.mp4,8,113,0.8111442276792835,0.3241146605667919,0.2394732988947697,0.6772043720036716
base_cond|01_effect__dai|687fbf79aa,GEN:base_cond:v2:effect:both,hero_flight_5,store/gens/005_base_cond/01_effect__dai/videos/G-memo-probe__ctt_v2__hero_flight_5__ref_hero_flight_0__s43.mp4,8,113,0.6874994613042564,0.3881580053295692,0.3493048442187711,0.6752170119047285
base_cond|01_effect__dai|f581b9e63e,GEN:base_cond:v2:effect:both,hero_flight_1,store/gens/005_base_cond/01_effect__dai/videos/G-fit__ctt_v2__hero_flight_1__ref_hero_flight_0__s42.mp4,8,113,0.6951859781677667,0.4330397667508304,0.4703372214877814,0.7437033363187371
base_cond|01_effect__dai|c5e323ef94,GEN:base_cond:v2:effect:both,hero_flight_1,store/gens/005_base_cond/01_effect__dai/videos/G-fit__ctt_v2__hero_flight_1__ref_hero_flight_0__s43.mp4,8,113,0.7536228395786948,0.4404552392423095,0.454707979693324,0.7444465465999202
base_cond|01_effect__dai|09ff85351f,GEN:base_cond:v2:effect:start,illustration_scene_1,store/gens/005_base_cond/01_effect__dai/videos/G-fit__ctt_v2__illustration_scene_1__ref_illustration_scene_0__s42.mp4,8,120,0.5600299803036097,0.1361173002607354,0.1561397088283755,1.026552950962794
base_cond|01_effect__dai|56062e7af0,GEN:base_cond:v2:effect:start,illustration_scene_1,store/gens/005_base_cond/01_effect__dai/videos/G-fit__ctt_v2__illustration_scene_1__ref_illustration_scene_0__s43.mp4,8,120,0.7954576481676103,0.3114056824650825,0.3203856740967927,1.058992412708111
base_cond|01_effect__dai|a0640bc00d,GEN:base_cond:v2:effect:start,portal_10,store/gens/005_base_cond/01_effect__dai/videos/G-fit__ctt_v2__portal_10__ref_portal_0__s42.mp4,8,120,0.7985814360525305,0.4089530987434143,0.5555301809101058,0.8661169793129728
base_cond|01_effect__dai|ed33c8e5d1,GEN:base_cond:v2:effect:start,portal_10,store/gens/005_base_cond/01_effect__dai/videos/G-fit__ctt_v2__portal_10__ref_portal_0__s43.mp4,8,120,0.6199722833064973,0.3352107963654163,0.3598515556033158,0.879978075113072
base_cond|01_effect__dai|d13376ac56,GEN:base_cond:v2:effect:start,shadow_1,store/gens/005_base_cond/01_effect__dai/videos/G-fit__ctt_v2__shadow_1__ref_shadow_0__s42.mp4,8,120,0.5749111630013266,0.2407972859896969,0.2376852994050992,1.0213761237144825
base_cond|01_effect__dai|a8a801a052,GEN:base_cond:v2:effect:start,shadow_1,store/gens/005_base_cond/01_effect__dai/videos/G-fit__ctt_v2__shadow_1__ref_shadow_0__s43.mp4,8,120,0.3396976742647304,0.2855599590161714,0.2953944596941568,1.21393670054873
base_cond|01_effect__dai|1db32bbc9f,GEN:base_cond:v2:effect:start,money_rain_3,store/gens/005_base_cond/01_effect__dai/videos/G-ref-control__ctt_v2__money_rain_3__ref_portal_1__s42.mp4,8,120,0.4978394523558997,0.3926075034528978,0.3853823993096372,0.7142728308244285
base_cond|01_effect__dai|a97c7e1534,GEN:base_cond:v2:effect:start,money_rain_3,store/gens/005_base_cond/01_effect__dai/videos/G-ref-control__ctt_v2__money_rain_3__ref_portal_1__s43.mp4,8,120,0.4343243075766938,0.3199756344268327,0.3087892056206799,0.98256661427764
base_cond|01_effect__dai|c3b69e0840,GEN:base_cond:v2:effect:start,polygon_8,store/gens/005_base_cond/01_effect__dai/videos/G-ref-control__ctt_v2__polygon_8__ref_shadow_10__s42.mp4,8,120,0.8181094276008891,0.2425049424006952,0.2440095751056212,1.165540358232311
base_cond|01_effect__dai|9377e82140,GEN:base_cond:v2:effect:start,polygon_8,store/gens/005_base_cond/01_effect__dai/videos/G-ref-control__ctt_v2__polygon_8__ref_shadow_10__s43.mp4,8,120,0.7544239835065103,0.2107981945555355,0.1248687110127054,1.0472805236137384
base_cond|01_effect__dai|390b535f3a,GEN:base_cond:v2:effect:start,earth_element_1,store/gens/005_base_cond/01_effect__dai/videos/G-fit__ctt_v2__earth_element_1__ref_earth_element_0__s42.mp4,8,120,0.4375606388714805,0.213716994400765,0.2253056665410062,0.660430820568662
base_cond|01_effect__dai|c934672faf,GEN:base_cond:v2:effect:start,earth_element_1,store/gens/005_base_cond/01_effect__dai/videos/G-fit__ctt_v2__earth_element_1__ref_earth_element_0__s43.mp4,8,120,0.4586080330280786,0.3632152814623325,0.3961774544099506,0.6096880212000231
base_cond|01_effect__dai|b695a0486b,GEN:base_cond:v2:effect:start,gas_transformation_1,store/gens/005_base_cond/01_effect__dai/videos/G-fit__ctt_v2__gas_transformation_1__ref_gas_transformation_0__s42.mp4,8,120,0.5316695090081129,0.1940560509896551,0.2072420142043876,0.4217581932150475
base_cond|01_effect__dai|f0b7deeff7,GEN:base_cond:v2:effect:start,gas_transformation_1,store/gens/005_base_cond/01_effect__dai/videos/G-fit__ctt_v2__gas_transformation_1__ref_gas_transformation_0__s43.mp4,8,120,0.7300281042045431,0.4750361793603259,0.5874085115372608,0.3852334896781999
base_cond|01_effect__dai|de322decc8,GEN:base_cond:v2:effect:start,color_rain_0,store/gens/005_base_cond/01_effect__dai/videos/G-memo-probe__ctt_v2__color_rain_0__ref_color_rain_1__s42.mp4,8,120,0.4909634561386964,0.3693472305840931,0.4374950782009028,0.3014323548047843
base_cond|01_effect__dai|aa5a90a69b,GEN:base_cond:v2:effect:start,color_rain_0,store/gens/005_base_cond/01_effect__dai/videos/G-memo-probe__ctt_v2__color_rain_0__ref_color_rain_1__s43.mp4,8,120,0.6898122382383249,0.3121921365505375,0.267209061576997,0.269080686705927
base_cond|01_effect__dai|17020243c4,GEN:base_cond:v2:effect:start,earth_element_4,store/gens/005_base_cond/01_effect__dai/videos/G-memo-probe__ctt_v2__earth_element_4__ref_earth_element_0__s42.mp4,8,120,0.6104209106807059,0.1894578633173146,0.1353819975763351,0.6699996187993168
base_cond|01_effect__dai|fb8bf74edb,GEN:base_cond:v2:effect:start,earth_element_4,store/gens/005_base_cond/01_effect__dai/videos/G-memo-probe__ctt_v2__earth_element_4__ref_earth_element_0__s43.mp4,8,120,0.4109068981434052,0.2648203807264331,0.2931142656253021,0.7285065110433856
base_cond|01_effect__dai|05022f8777,GEN:base_cond:v2:effect:start,earth_element_6,store/gens/005_base_cond/01_effect__dai/videos/G-ref-control__ctt_v2__earth_element_6__ref_gas_transformation_6__s42.mp4,8,120,0.4625624987547561,0.2205789210030171,0.215737097860055,0.8353465054767574
base_cond|01_effect__dai|2493dbf35a,GEN:base_cond:v2:effect:start,earth_element_6,store/gens/005_base_cond/01_effect__dai/videos/G-ref-control__ctt_v2__earth_element_6__ref_gas_transformation_6__s43.mp4,8,120,0.4031394066614655,0.2770094369987605,0.3080442756672625,0.8404543861304754
base_cond|01_effect__dai|8e23bd8000,GEN:base_cond:v2:effect:start,gas_transformation_7,store/gens/005_base_cond/01_effect__dai/videos/G-ref-control__ctt_v2__gas_transformation_7__ref_illustration_scene_4__s42.mp4,8,120,0.8625075834391496,0.0567772919357318,0.0060974759151732,1.14115859349289
base_cond|01_effect__dai|5b4fe09315,GEN:base_cond:v2:effect:start,gas_transformation_7,store/gens/005_base_cond/01_effect__dai/videos/G-ref-control__ctt_v2__gas_transformation_7__ref_illustration_scene_4__s43.mp4,8,120,0.8399238688353214,0.1300348437319677,0.0906945196181713,1.0847767366542795
base_cond|01_effect__dai|b26b12c6b9,GEN:base_cond:v2:effect:start,earth_element_4,store/gens/005_base_cond/01_effect__dai/videos/G-unseen-cross__ctt_v2__earth_element_4__ref_color_rain_0__s42.mp4,8,120,0.4386153404872592,0.2432667188134451,0.249057436179566,0.5681008880819072
base_cond|01_effect__dai|6981bf2e68,GEN:base_cond:v2:effect:start,earth_element_4,store/gens/005_base_cond/01_effect__dai/videos/G-unseen-cross__ctt_v2__earth_element_4__ref_color_rain_0__s43.mp4,8,120,0.4597373089928707,0.3579747456102693,0.427418250458052,0.5450576002335028
base_cond|01_effect__dai|17640d22f8,GEN:base_cond:v2:effect:start,earth_element_6,store/gens/005_base_cond/01_effect__dai/videos/G-unseen-cross__ctt_v2__earth_element_6__ref_color_rain_0__s42.mp4,8,120,0.8173025567852834,0.2161389138090572,0.2090230866752473,0.5222579277231271
base_cond|01_effect__dai|28e9b65d0c,GEN:base_cond:v2:effect:start,earth_element_6,store/gens/005_base_cond/01_effect__dai/videos/G-unseen-cross__ctt_v2__earth_element_6__ref_color_rain_0__s43.mp4,8,120,0.4732928243710048,0.3184936500506625,0.3501045290971755,0.6668596869761022
base_cond|01_effect__dai|dee150ce85,GEN:base_cond:v2:effect:start,wireframe_7,store/gens/005_base_cond/01_effect__dai/videos/G-ref-control__ctt_v2__wireframe_7__ref_earth_element_4__s42.mp4,8,120,0.5482009391826788,0.3178400212555463,0.3108556457371242,0.8757660758585574
base_cond|01_effect__dai|038212e78f,GEN:base_cond:v2:effect:start,wireframe_7,store/gens/005_base_cond/01_effect__dai/videos/G-ref-control__ctt_v2__wireframe_7__ref_earth_element_4__s43.mp4,8,120,0.3645005713274072,0.5070372961059846,0.5780357143343084,0.7314299746636642
base_cond|01_effect__dai|8b0ee7ac38,GEN:base_cond:v2:effect:start,color_rain_0,store/gens/005_base_cond/01_effect__dai/videos/G-unseen-cross__ctt_v2__color_rain_0__ref_animalization_0__s42.mp4,8,120,0.5650488734867751,0.3459994518161431,0.3808529918269263,0.6111949975938592
base_cond|01_effect__dai|d540d14b4d,GEN:base_cond:v2:effect:start,color_rain_0,store/gens/005_base_cond/01_effect__dai/videos/G-unseen-cross__ctt_v2__color_rain_0__ref_animalization_0__s43.mp4,8,120,0.5601797488517994,0.4947667292308537,0.5971721487517536,0.5276322094313121
base_cond|01_effect__dai|d2dbfba823,GEN:base_cond:v2:effect:start,earth_element_6,store/gens/005_base_cond/01_effect__dai/videos/G-unseen-cross__ctt_v2__earth_element_6__ref_wireframe_0__s42.mp4,8,120,0.9003773886398876,0.0679397159566399,0.0235089519313124,0.4483018428886497
base_cond|01_effect__dai|6b966fd521,GEN:base_cond:v2:effect:start,earth_element_6,store/gens/005_base_cond/01_effect__dai/videos/G-unseen-cross__ctt_v2__earth_element_6__ref_wireframe_0__s43.mp4,8,120,0.4397903662250844,0.3396553721144501,0.3311229056817347,1.037199707863684
base_cond|01_effect__dai|3e341a79e1,GEN:base_cond:v2:effect:both,earth_wave_3,store/gens/005_base_cond/01_effect__dai/videos/G-unseen-cross__ctt_v2__earth_wave_3__ref_hero_flight_5__s42.mp4,8,113,0.574670513023319,0.5177860574902231,0.3670449478326351,0.773881417365757
base_cond|01_effect__dai|2f6a3adca9,GEN:base_cond:v2:effect:both,earth_wave_3,store/gens/005_base_cond/01_effect__dai/videos/G-unseen-cross__ctt_v2__earth_wave_3__ref_hero_flight_5__s43.mp4,8,113,0.7118138275198451,0.629614326011209,0.7680377131885281,0.7695313537329014
base_cond|01_effect__dai|93ece6cafc,GEN:base_cond:v2:effect:start,polygon_4,store/gens/005_base_cond/01_effect__dai/videos/G-unseen-cross__ctt_v2__polygon_4__ref_money_rain_1__s42.mp4,8,120,0.4606743595900042,0.6580156008684341,0.7027241232472616,0.39058652977064
base_cond|01_effect__dai|134f6fc38b,GEN:base_cond:v2:effect:start,polygon_4,store/gens/005_base_cond/01_effect__dai/videos/G-unseen-cross__ctt_v2__polygon_4__ref_money_rain_1__s43.mp4,8,120,0.4346575489262483,0.6385135274636274,0.6810368704483434,0.4544119322007572
base_cond|01_effect__dai|1a7e47d074,GEN:base_cond:v2:effect:start,polygon_8,store/gens/005_base_cond/01_effect__dai/videos/G-unseen-cross__ctt_v2__polygon_8__ref_money_rain_1__s42.mp4,8,120,0.6494288538253574,0.7035030421580898,0.7593298940372287,0.7483414815975573
base_cond|01_effect__dai|ba7a3d886c,GEN:base_cond:v2:effect:start,polygon_8,store/gens/005_base_cond/01_effect__dai/videos/G-unseen-cross__ctt_v2__polygon_8__ref_money_rain_1__s43.mp4,8,120,0.6172053581324368,0.6132320784050356,0.6584000965378649,0.7162391935967698
base_cond|01_effect__dai|7df7422e08,GEN:base_cond:v2:effect:start,money_rain_2,store/gens/005_base_cond/01_effect__dai/videos/G-fit__ctt_v2__money_rain_2__ref_money_rain_0__s42.mp4,8,120,0.6045161081920465,0.5485869315764603,0.5979419936205158,0.9090394867198456
base_cond|01_effect__dai|f4827d8d07,GEN:base_cond:v2:effect:start,money_rain_2,store/gens/005_base_cond/01_effect__dai/videos/G-fit__ctt_v2__money_rain_2__ref_money_rain_0__s43.mp4,8,120,0.5481356300022322,0.5331077632992374,0.6374974570993844,0.9905525992308506
base_cond|01_effect__dai|dfaa2a5699,GEN:base_cond:v2:effect:start,polygon_1,store/gens/005_base_cond/01_effect__dai/videos/G-fit__ctt_v2__polygon_1__ref_polygon_0__s42.mp4,8,120,0.6347576121062328,0.2596238979064836,0.1892122683972759,0.7285713036486758
base_cond|01_effect__dai|bf5217198a,GEN:base_cond:v2:effect:start,polygon_1,store/gens/005_base_cond/01_effect__dai/videos/G-fit__ctt_v2__polygon_1__ref_polygon_0__s43.mp4,8,120,0.6095674316701094,0.2343672654701869,0.209434766696995,0.7063177794977443
base_cond|01_effect__dai|91d2268d7f,GEN:base_cond:v2:effect:start,fire_element_2,store/gens/005_base_cond/01_effect__dai/videos/G-unseen-cross__ctt_v2__fire_element_2__ref_wireframe_0__s42.mp4,8,120,0.5889906248691512,0.2492366292593927,0.2436620660614629,0.5522071057193517
base_cond|01_effect__dai|0982d5fb53,GEN:base_cond:v2:effect:start,fire_element_2,store/gens/005_base_cond/01_effect__dai/videos/G-unseen-cross__ctt_v2__fire_element_2__ref_wireframe_0__s43.mp4,8,120,0.4177985720939488,0.3344063029325328,0.3504589682559077,0.5965849400096385
base_cond|01_effect__dai|8207349135,GEN:base_cond:v2:effect:start,gas_transformation_6,store/gens/005_base_cond/01_effect__dai/videos/G-unseen-cross__ctt_v2__gas_transformation_6__ref_earth_element_4__s42.mp4,8,120,0.6579190408316626,0.0871401802278473,0.0805381453196174,0.5501562431986129
base_cond|01_effect__dai|a06bb2d6ff,GEN:base_cond:v2:effect:start,gas_transformation_6,store/gens/005_base_cond/01_effect__dai/videos/G-unseen-cross__ctt_v2__gas_transformation_6__ref_earth_element_4__s43.mp4,8,120,0.6302429024530094,0.4198534837472792,0.5175551523710443,0.6239501600051055
base_cond|01_effect__dai|69748b64fe,GEN:base_cond:v2:effect:start,animalization_2,store/gens/005_base_cond/01_effect__dai/videos/G-ref-control__ctt_v2__animalization_2__ref_color_rain_0__s42.mp4,8,120,0.4352315787148495,0.3407033019847317,0.365510736316711,0.3365383622708255
base_cond|01_effect__dai|1278767442,GEN:base_cond:v2:effect:start,animalization_2,store/gens/005_base_cond/01_effect__dai/videos/G-ref-control__ctt_v2__animalization_2__ref_color_rain_0__s43.mp4,8,120,0.4277987309833713,0.4696715002235362,0.4754112117305914,0.3503837120830172
base_cond|01_effect__dai|a13abe7ab6,GEN:base_cond:v2:effect:start,color_rain_2,store/gens/005_base_cond/01_effect__dai/videos/G-ref-control__ctt_v2__color_rain_2__ref_earth_element_4__s42.mp4,8,120,0.6939710889952577,0.1862278548727556,0.0942855784265686,0.6180619678572316
base_cond|01_effect__dai|1ba59a1d9b,GEN:base_cond:v2:effect:start,color_rain_2,store/gens/005_base_cond/01_effect__dai/videos/G-ref-control__ctt_v2__color_rain_2__ref_earth_element_4__s43.mp4,8,120,0.774301292704235,0.1999676907284809,0.2289463151094991,0.5964622610737909
base_cond|01_effect__dai|47e945ccfa,GEN:base_cond:v2:effect:start,super_fast_run_0,store/gens/005_base_cond/01_effect__dai/videos/G-unseen-cross__ctt_v2__super_fast_run_0__ref_portal_1__s42.mp4,8,120,0.5058527722599597,0.2635344809987836,0.2272810905246775,0.7826772009475799
base_cond|01_effect__dai|d19a99a4c8,GEN:base_cond:v2:effect:start,super_fast_run_0,store/gens/005_base_cond/01_effect__dai/videos/G-unseen-cross__ctt_v2__super_fast_run_0__ref_portal_1__s43.mp4,8,120,0.5741496337577419,0.3432033731470994,0.357360175285225,0.8861852626206136
base_cond|01_effect__dai|6799844e75,GEN:base_cond:v2:effect:start,water_element_4,store/gens/005_base_cond/01_effect__dai/videos/G-unseen-cross__ctt_v2__water_element_4__ref_shadow_10__s42.mp4,8,120,0.232899174830254,0.3297725487395636,0.3699551719502668,0.751296913909337
base_cond|01_effect__dai|30298bd55a,GEN:base_cond:v2:effect:start,water_element_4,store/gens/005_base_cond/01_effect__dai/videos/G-unseen-cross__ctt_v2__water_element_4__ref_shadow_10__s43.mp4,8,120,0.2653576741197203,0.2926203869710472,0.3284938603682484,0.6431617761864586
base_cond|01_effect__dai|535659e21f,GEN:base_cond:v2:effect:start,saint_glow_3,store/gens/005_base_cond/01_effect__dai/videos/G-unseen-cross__ctt_v2__saint_glow_3__ref_polygon_4__s42.mp4,8,120,0.475051752229521,0.2634514105431257,0.3272012048750651,1.02793912070084
base_cond|01_effect__dai|43cc586432,GEN:base_cond:v2:effect:start,saint_glow_3,store/gens/005_base_cond/01_effect__dai/videos/G-unseen-cross__ctt_v2__saint_glow_3__ref_polygon_4__s43.mp4,8,120,0.6135202171303347,0.1409148834828881,0.0949996874915408,0.8338559846338351
base_cond|01_effect__dai|e5956d8ea1,GEN:base_cond:v2:effect:start,shadow_3,store/gens/005_base_cond/01_effect__dai/videos/G-unseen-cross__ctt_v2__shadow_3__ref_portal_1__s42.mp4,8,120,0.4344594838020339,0.3626716683777828,0.3649122804901532,1.0475230097311363
base_cond|01_effect__dai|0bef5b0f3c,GEN:base_cond:v2:effect:start,shadow_3,store/gens/005_base_cond/01_effect__dai/videos/G-unseen-cross__ctt_v2__shadow_3__ref_portal_1__s43.mp4,8,120,0.4672021150726209,0.3881307483240636,0.369312102849236,1.0078067754353606
base_cond|01_effect__dai|8633883b76,GEN:base_cond:v2:effect:start,wireframe_0,store/gens/005_base_cond/01_effect__dai/videos/G-unseen-cross__ctt_v2__wireframe_0__ref_shadow_10__s42.mp4,8,120,0.8576587777350619,0.1458269597756603,0.1021042201459633,1.1255474386256772
base_cond|01_effect__dai|fdd27391e6,GEN:base_cond:v2:effect:start,wireframe_0,store/gens/005_base_cond/01_effect__dai/videos/G-unseen-cross__ctt_v2__wireframe_0__ref_shadow_10__s43.mp4,8,120,0.4823265402696999,0.2582354894092318,0.2947795489874446,1.3683223065967545
base_cond|01_effect__dai|8ee30a0166,GEN:base_cond:v2:effect:both,air_bending_1,store/gens/005_base_cond/01_effect__dai/videos/G-zs-cross__ctt_v2__air_bending_1__ref_raven_transition_0__s42.mp4,8,113,0.7532133579183309,0.2485784084246577,0.1736585726913733,1.086395253155116
base_cond|01_effect__dai|460e0686c7,GEN:base_cond:v2:effect:both,air_bending_1,store/gens/005_base_cond/01_effect__dai/videos/G-zs-cross__ctt_v2__air_bending_1__ref_raven_transition_0__s43.mp4,8,113,0.5983614358646352,0.1966067473733383,0.1300232579659653,1.0853458301563317
base_cond|01_effect__dai|b237fe2c7a,GEN:base_cond:v2:effect:start,animalization_0,store/gens/005_base_cond/01_effect__dai/videos/G-zs-cross__ctt_v2__animalization_0__ref_cotton_cloud_1__s42.mp4,8,120,0.6859987076349618,0.2186948638640084,0.1557021150416311,0.8619702842519392
base_cond|01_effect__dai|6684b1dcb8,GEN:base_cond:v2:effect:start,animalization_0,store/gens/005_base_cond/01_effect__dai/videos/G-zs-cross__ctt_v2__animalization_0__ref_cotton_cloud_1__s43.mp4,8,120,0.7702132560802715,0.2205357356404329,0.2168593750935061,0.8771819633842209
base_cond|01_effect__dai|91d7aefbb0,GEN:base_cond:v2:effect:start,illustration_scene_7,store/gens/005_base_cond/01_effect__dai/videos/G-unseen-same__ctt_v2__illustration_scene_7__ref_illustration_scene_4__s42.mp4,8,120,0.7861370028537613,0.1485646718495857,0.1190813709329565,0.9866971000892816
base_cond|01_effect__dai|1330d252a3,GEN:base_cond:v2:effect:start,illustration_scene_7,store/gens/005_base_cond/01_effect__dai/videos/G-unseen-same__ctt_v2__illustration_scene_7__ref_illustration_scene_4__s43.mp4,8,120,0.7430338542189987,0.2012481833638688,0.2019808805916643,1.0180107980960826
base_cond|01_effect__dai|3034453a43,GEN:base_cond:v2:effect:start,money_rain_3,store/gens/005_base_cond/01_effect__dai/videos/G-unseen-same__ctt_v2__money_rain_3__ref_money_rain_1__s42.mp4,8,120,0.4138183678857345,0.6676867489264179,0.7223535851856523,0.5879324088890748
base_cond|01_effect__dai|8eb94a793e,GEN:base_cond:v2:effect:start,money_rain_3,store/gens/005_base_cond/01_effect__dai/videos/G-unseen-same__ctt_v2__money_rain_3__ref_money_rain_1__s43.mp4,8,120,0.498968272430184,0.6272710058260895,0.6648282441482851,0.5223857654086375
base_cond|01_effect__dai|f9366e941f,GEN:base_cond:v2:effect:start,animalization_2,store/gens/005_base_cond/01_effect__dai/videos/G-zs-cross__ctt_v2__animalization_2__ref_cotton_cloud_1__s42.mp4,8,120,0.3886644675864852,0.3460204673491465,0.3898339697914089,0.6056866315594447
base_cond|01_effect__dai|6b52d4f1d5,GEN:base_cond:v2:effect:start,animalization_2,store/gens/005_base_cond/01_effect__dai/videos/G-zs-cross__ctt_v2__animalization_2__ref_cotton_cloud_1__s43.mp4,8,120,0.385307335653213,0.2817882740956688,0.2959188501189779,0.7279165808972391
base_cond|01_effect__dai|e169428150,GEN:base_cond:v2:effect:start,animalization_2,store/gens/005_base_cond/01_effect__dai/videos/G-zs-cross__ctt_v2__animalization_2__ref_saint_glow_0__s42.mp4,8,120,0.7255028774679906,0.2928066273149479,0.260896424755522,0.4493568434712476
base_cond|01_effect__dai|20a41500ea,GEN:base_cond:v2:effect:start,animalization_2,store/gens/005_base_cond/01_effect__dai/videos/G-zs-cross__ctt_v2__animalization_2__ref_saint_glow_0__s43.mp4,8,120,0.6523623661628644,0.2941133066108801,0.3006771116466076,0.2758953733625482
base_cond|01_effect__dai|227463965b,GEN:base_cond:v2:effect:start,gas_transformation_7,store/gens/005_base_cond/01_effect__dai/videos/G-unseen-same__ctt_v2__gas_transformation_7__ref_gas_transformation_6__s42.mp4,8,120,0.6472092235880504,0.0689123173295102,0.0804842742654362,1.086116705201505
base_cond|01_effect__dai|f153b4a201,GEN:base_cond:v2:effect:start,gas_transformation_7,store/gens/005_base_cond/01_effect__dai/videos/G-unseen-same__ctt_v2__gas_transformation_7__ref_gas_transformation_6__s43.mp4,8,120,0.5116136936223643,0.1344810279619987,0.1230779246988762,1.1379582533676211
base_cond|01_effect__dai|8c2df723b5,GEN:base_cond:v2:effect:both,hero_flight_6,store/gens/005_base_cond/01_effect__dai/videos/G-unseen-same__ctt_v2__hero_flight_6__ref_hero_flight_5__s42.mp4,8,113,0.5754710251869037,0.5186617349501279,0.4737240882876865,0.7199667882110237
base_cond|01_effect__dai|9c3bea0fd6,GEN:base_cond:v2:effect:both,hero_flight_6,store/gens/005_base_cond/01_effect__dai/videos/G-unseen-same__ctt_v2__hero_flight_6__ref_hero_flight_5__s43.mp4,8,113,0.5826616040897092,0.6472418983976537,0.6881520544300006,0.7193701600879572
base_cond|01_effect__dai|df5dd52168,GEN:base_cond:v2:effect:start,shadow_3,store/gens/005_base_cond/01_effect__dai/videos/G-unseen-same__ctt_v2__shadow_3__ref_shadow_10__s42.mp4,8,120,0.4677882916320515,0.4070024406512292,0.4770875668521961,1.849086503878764
base_cond|01_effect__dai|0f55ee48af,GEN:base_cond:v2:effect:start,shadow_3,store/gens/005_base_cond/01_effect__dai/videos/G-unseen-same__ctt_v2__shadow_3__ref_shadow_10__s43.mp4,8,120,0.6761795725891442,0.2402255311823537,0.2169163505732046,1.0285470780950423
base_cond|01_effect__dai|26e88fe226,GEN:base_cond:v2:effect:both,shadow_smoke_7,store/gens/005_base_cond/01_effect__dai/videos/G-unseen-same__ctt_v2__shadow_smoke_7__ref_shadow_smoke_0__s42.mp4,8,113,0.7014795519764363,0.5019056030871533,0.5352906845813045,0.9221977770057486
base_cond|01_effect__dai|113bf7682e,GEN:base_cond:v2:effect:both,shadow_smoke_7,store/gens/005_base_cond/01_effect__dai/videos/G-unseen-same__ctt_v2__shadow_smoke_7__ref_shadow_smoke_0__s43.mp4,8,113,0.7050216377787228,0.4466110897019628,0.4525483004489178,0.9209358507679636
base_cond|01_effect__dai|3fa82a8782,GEN:base_cond:v2:effect:both,hero_flight_5,store/gens/005_base_cond/01_effect__dai/videos/G-zs-cross__ctt_v2__hero_flight_5__ref_melt_transition_1__s42.mp4,8,113,0.4005809552113246,0.1760474149008931,0.152489394765157,0.6753739522825781
base_cond|01_effect__dai|c31212b596,GEN:base_cond:v2:effect:both,hero_flight_5,store/gens/005_base_cond/01_effect__dai/videos/G-zs-cross__ctt_v2__hero_flight_5__ref_melt_transition_1__s43.mp4,8,113,0.4096640315449324,0.3013773434991681,0.2903549432811707,0.6734859325047616
base_cond|01_effect__dai|7573379443,GEN:base_cond:v2:effect:both,hero_flight_6,store/gens/005_base_cond/01_effect__dai/videos/G-zs-cross__ctt_v2__hero_flight_6__ref_display_transition_1__s42.mp4,8,113,0.5910763836253488,0.5643941127260278,0.4324593745849946,0.7183668152330538
base_cond|01_effect__dai|d9b8e4a0b0,GEN:base_cond:v2:effect:both,hero_flight_6,store/gens/005_base_cond/01_effect__dai/videos/G-zs-cross__ctt_v2__hero_flight_6__ref_display_transition_1__s43.mp4,8,113,0.691855902504237,0.6553380008550571,0.6534482555810952,0.716513711006906
base_cond|01_effect__dai|05c82cf99e,GEN:base_cond:v2:effect:start,animalization_2,store/gens/005_base_cond/01_effect__dai/videos/G-unseen-same__ctt_v2__animalization_2__ref_animalization_0__s42.mp4,8,120,0.5836856459535824,1.0521528428668574,1.435894641190939,0.3473114510579954
base_cond|01_effect__dai|fb477c556d,GEN:base_cond:v2:effect:start,animalization_2,store/gens/005_base_cond/01_effect__dai/videos/G-unseen-same__ctt_v2__animalization_2__ref_animalization_0__s43.mp4,8,120,0.725637120235135,0.2677516062664876,0.3119161233643688,0.4009270464288382
base_cond|01_effect__dai|47e712a655,GEN:base_cond:v2:effect:both,earth_wave_3,store/gens/005_base_cond/01_effect__dai/videos/G-zs-cross__ctt_v2__earth_wave_3__ref_raven_transition_0__s42.mp4,8,113,0.6492173296143491,0.2424949212466101,0.242433768172617,0.7738649398679498
base_cond|01_effect__dai|d9e7eba9af,GEN:base_cond:v2:effect:both,earth_wave_3,store/gens/005_base_cond/01_effect__dai/videos/G-zs-cross__ctt_v2__earth_wave_3__ref_raven_transition_0__s43.mp4,8,113,0.6341032543001897,0.3598281677598319,0.4147276684826442,0.7691245063557084
base_cond|01_effect__dai|7130bc6e27,GEN:base_cond:v2:effect:both,giant_grab_3,store/gens/005_base_cond/01_effect__dai/videos/G-zs-cross__ctt_v2__giant_grab_3__ref_flying_cam_transition_1__s42.mp4,8,113,0.6790005864518824,1.168907111354454,1.304046715554096,0.3432281080783655
base_cond|01_effect__dai|f5c8a240ad,GEN:base_cond:v2:effect:both,giant_grab_3,store/gens/005_base_cond/01_effect__dai/videos/G-zs-cross__ctt_v2__giant_grab_3__ref_flying_cam_transition_1__s43.mp4,8,113,0.776461115543486,0.9270340775036426,1.014107507072471,0.3382494157826031
base_cond|01_effect__dai|51c2deaebb,GEN:base_cond:v2:effect:start,polygon_4,store/gens/005_base_cond/01_effect__dai/videos/G-zs-cross__ctt_v2__polygon_4__ref_luminous_gaze_0__s42.mp4,8,120,0.4851851558680089,0.3267781048779276,0.3097793038049726,1.1993354264092355
base_cond|01_effect__dai|7f224c2867,GEN:base_cond:v2:effect:start,polygon_4,store/gens/005_base_cond/01_effect__dai/videos/G-zs-cross__ctt_v2__polygon_4__ref_luminous_gaze_0__s43.mp4,8,120,0.5131193056799481,0.2191947315209764,0.2118310958677552,1.420849940993293
base_cond|01_effect__dai|1630926662,GEN:base_cond:v2:effect:start,polygon_8,store/gens/005_base_cond/01_effect__dai/videos/G-zs-cross__ctt_v2__polygon_8__ref_luminous_gaze_0__s42.mp4,8,120,0.7618888137225222,0.2264338099382931,0.2394994915491914,1.5776955604394916
base_cond|01_effect__dai|d19ef1bb8f,GEN:base_cond:v2:effect:start,polygon_8,store/gens/005_base_cond/01_effect__dai/videos/G-zs-cross__ctt_v2__polygon_8__ref_luminous_gaze_0__s43.mp4,8,120,0.8324527197638452,0.1480673350407559,0.0550683028771505,1.412285690466022
base_cond|01_effect__dai|1b24fd58dc,GEN:base_cond:v2:effect:start,color_rain_0,store/gens/005_base_cond/01_effect__dai/videos/G-zs-cross__ctt_v2__color_rain_0__ref_saint_glow_0__s42.mp4,8,120,0.4889465821479257,0.191962587252807,0.1314022986163979,0.197163809744717
base_cond|01_effect__dai|e486880b70,GEN:base_cond:v2:effect:start,color_rain_0,store/gens/005_base_cond/01_effect__dai/videos/G-zs-cross__ctt_v2__color_rain_0__ref_saint_glow_0__s43.mp4,8,120,0.7461493980223084,0.315538975243512,0.3495474238864511,0.2349115164080172
base_cond|01_effect__dai|bdd3a0d2c8,GEN:base_cond:v2:effect:both,earth_wave_3,store/gens/005_base_cond/01_effect__dai/videos/G-zs-cross__ctt_v2__earth_wave_3__ref_flying_cam_transition_1__s42.mp4,8,113,0.7209707728207739,0.4957973853958212,0.3220320798653643,0.774391388551851
base_cond|01_effect__dai|a4d6b204e1,GEN:base_cond:v2:effect:both,earth_wave_3,store/gens/005_base_cond/01_effect__dai/videos/G-zs-cross__ctt_v2__earth_wave_3__ref_flying_cam_transition_1__s43.mp4,8,113,0.5960474683046195,0.5922527097240632,0.5975506828724874,0.7691315513574375
base_cond|01_effect__dai|e32718f541,GEN:base_cond:v2:effect:start,polygon_8,store/gens/005_base_cond/01_effect__dai/videos/G-unseen-same__ctt_v2__polygon_8__ref_polygon_4__s42.mp4,8,120,0.9448300402158234,0.1499125442194268,0.0087734403259054,0.694348835023176
base_cond|01_effect__dai|e8bb458dc3,GEN:base_cond:v2:effect:start,polygon_8,store/gens/005_base_cond/01_effect__dai/videos/G-unseen-same__ctt_v2__polygon_8__ref_polygon_4__s43.mp4,8,120,0.7928629917512884,0.3917487734453896,0.4002258842096466,0.6989061077432633
base_cond|01_effect__dai|0c062e4c8c,GEN:base_cond:v2:effect:start,portal_4,store/gens/005_base_cond/01_effect__dai/videos/G-unseen-same__ctt_v2__portal_4__ref_portal_1__s42.mp4,8,120,0.798317721212719,0.3398443562856681,0.4347445499552816,0.8431951589049623
base_cond|01_effect__dai|f391be9175,GEN:base_cond:v2:effect:start,portal_4,store/gens/005_base_cond/01_effect__dai/videos/G-unseen-same__ctt_v2__portal_4__ref_portal_1__s43.mp4,8,120,0.7301725340525551,1.0387979938334004,1.0821462748828292,0.7814128338640752
base_cond|01_effect__dai|0d9dc202e1,GEN:base_cond:v2:effect:both,giant_grab_3,store/gens/005_base_cond/01_effect__dai/videos/G-zs-cross__ctt_v2__giant_grab_3__ref_melt_transition_1__s42.mp4,8,113,0.6353088059125827,0.5366852527358942,0.3711537175446847,0.3427099123347506
base_cond|01_effect__dai|ce5bdbe278,GEN:base_cond:v2:effect:both,giant_grab_3,store/gens/005_base_cond/01_effect__dai/videos/G-zs-cross__ctt_v2__giant_grab_3__ref_melt_transition_1__s43.mp4,8,113,0.594065598275787,0.5840121390500224,0.3950386941208313,0.3393511304584496
base_cond|01_effect__dai|bfb7e1ce7b,GEN:base_cond:v2:effect:both,hero_flight_5,store/gens/005_base_cond/01_effect__dai/videos/G-zs-cross__ctt_v2__hero_flight_5__ref_display_transition_1__s42.mp4,8,113,0.7850753154870009,0.4376106245385894,0.217458828245185,0.6764554946436033
base_cond|01_effect__dai|25f97942b3,GEN:base_cond:v2:effect:both,hero_flight_5,store/gens/005_base_cond/01_effect__dai/videos/G-zs-cross__ctt_v2__hero_flight_5__ref_display_transition_1__s43.mp4,8,113,0.7098810235012054,0.507314616096111,0.2718388525389605,0.6744788022589037
base_cond|01_effect__dai|b5263e3bc5,GEN:base_cond:v2:effect:start,super_fast_run_3,store/gens/005_base_cond/01_effect__dai/videos/G-unseen-same__ctt_v2__super_fast_run_3__ref_super_fast_run_0__s42.mp4,8,120,0.6884937496311421,0.6303758039392047,0.7587822698070837,0.8605208335043929
base_cond|01_effect__dai|5ad153780a,GEN:base_cond:v2:effect:start,super_fast_run_3,store/gens/005_base_cond/01_effect__dai/videos/G-unseen-same__ctt_v2__super_fast_run_3__ref_super_fast_run_0__s43.mp4,8,120,0.552401415730724,0.6549656652649983,0.7520191608351041,0.8254245448981227
base_cond|01_effect__dai|17465aeecc,GEN:base_cond:v2:effect:start,wireframe_7,store/gens/005_base_cond/01_effect__dai/videos/G-unseen-same__ctt_v2__wireframe_7__ref_wireframe_0__s42.mp4,8,120,0.6896901865791925,0.186419239015297,0.1822655886272962,0.4841689677266141
base_cond|01_effect__dai|f2fa772843,GEN:base_cond:v2:effect:start,wireframe_7,store/gens/005_base_cond/01_effect__dai/videos/G-unseen-same__ctt_v2__wireframe_7__ref_wireframe_0__s43.mp4,8,120,0.6875757190513723,0.1447873547307144,0.0880580661872025,0.4459071085556931
base_cond|01_effect__dai|26ae15c491,GEN:base_cond:v2:effect:start,money_rain_3,store/gens/005_base_cond/01_effect__dai/videos/G-zs-cross__ctt_v2__money_rain_3__ref_live_concert_1__s42.mp4,8,120,0.6192694218702683,0.4591017323251055,0.4493874431930303,0.7538185683509014
base_cond|01_effect__dai|ac351aaa32,GEN:base_cond:v2:effect:start,money_rain_3,store/gens/005_base_cond/01_effect__dai/videos/G-zs-cross__ctt_v2__money_rain_3__ref_live_concert_1__s43.mp4,8,120,0.716718845063262,0.3975846412982505,0.4067496002407419,0.8826120725159766
base_cond|01_effect__dai|bb774fdad6,GEN:base_cond:v2:effect:start,mystification_0,store/gens/005_base_cond/01_effect__dai/videos/G-zs-cross__ctt_v2__mystification_0__ref_live_concert_1__s42.mp4,8,120,0.7334264775044528,0.2836113559502375,0.3051055956484779,1.1628548239663474
base_cond|01_effect__dai|169bd53b54,GEN:base_cond:v2:effect:start,mystification_0,store/gens/005_base_cond/01_effect__dai/videos/G-zs-cross__ctt_v2__mystification_0__ref_live_concert_1__s43.mp4,8,120,0.7285844061123772,0.3185623893189018,0.3280389313334864,1.0744701288260314
base_cond|01_effect__dai|03e0409cbe,GEN:base_cond:v2:effect:start,color_rain_2,store/gens/005_base_cond/01_effect__dai/videos/G-unseen-same__ctt_v2__color_rain_2__ref_color_rain_0__s42.mp4,8,120,0.4205381420633862,0.300594989228036,0.3156942004805599,0.322485554552322
base_cond|01_effect__dai|89c9d7abd9,GEN:base_cond:v2:effect:start,color_rain_2,store/gens/005_base_cond/01_effect__dai/videos/G-unseen-same__ctt_v2__color_rain_2__ref_color_rain_0__s43.mp4,8,120,0.4229131856190327,0.4935776752235926,0.5207591249820673,0.325712295277866
base_cond|01_effect__dai|decbdc7927,GEN:base_cond:v2:effect:start,earth_element_6,store/gens/005_base_cond/01_effect__dai/videos/G-unseen-same__ctt_v2__earth_element_6__ref_earth_element_4__s42.mp4,8,120,0.8133873021399196,0.292083547534953,0.3250230310191482,0.5693020530090876
base_cond|01_effect__dai|9d7caea43e,GEN:base_cond:v2:effect:start,earth_element_6,store/gens/005_base_cond/01_effect__dai/videos/G-unseen-same__ctt_v2__earth_element_6__ref_earth_element_4__s43.mp4,8,120,0.5536649059690639,0.4126132016166425,0.4307385092031,0.573436050724344
base_cond|01_effect__dai|f3661cda42,GEN:base_cond:v2:effect:start,super_fast_run_3,store/gens/005_base_cond/01_effect__dai/videos/G-zs-cross__ctt_v2__super_fast_run_3__ref_monstrosity_0__s42.mp4,8,120,0.7647770737662261,0.184219435779047,0.15311342262568,1.0039512290873005
base_cond|01_effect__dai|211354902a,GEN:base_cond:v2:effect:start,super_fast_run_3,store/gens/005_base_cond/01_effect__dai/videos/G-zs-cross__ctt_v2__super_fast_run_3__ref_monstrosity_0__s43.mp4,8,120,0.6383395074749227,0.5964667032411266,0.6517523827398315,0.6244596644570353
base_cond|01_effect__dai|b576f6d7d5,GEN:base_cond:v2:effect:both,water_bending_3,store/gens/005_base_cond/01_effect__dai/videos/G-zs-cross__ctt_v2__water_bending_3__ref_firelava_0__s42.mp4,8,113,0.5445876095317241,0.5941280438107858,0.6856157833299565,0.7042960497997638
base_cond|01_effect__dai|5f383a2e96,GEN:base_cond:v2:effect:both,water_bending_3,store/gens/005_base_cond/01_effect__dai/videos/G-zs-cross__ctt_v2__water_bending_3__ref_firelava_0__s43.mp4,8,113,0.5887579252469293,0.6881502220557104,0.7134269395422037,0.7050363596844776
base_cond|01_effect__dai|e768b232e9,GEN:base_cond:v2:effect:both,shadow_smoke_7,store/gens/005_base_cond/01_effect__dai/videos/G-zs-cross__ctt_v2__shadow_smoke_7__ref_firelava_0__s42.mp4,8,113,0.6252645134671542,0.5888453620333056,0.5240366568164717,0.9216430953824034
base_cond|01_effect__dai|bd3bc1adb8,GEN:base_cond:v2:effect:both,shadow_smoke_7,store/gens/005_base_cond/01_effect__dai/videos/G-zs-cross__ctt_v2__shadow_smoke_7__ref_firelava_0__s43.mp4,8,113,0.6448568831921417,0.5070458633163872,0.2641043460240145,0.9213954490715874
base_cond|01_effect__dai|96b78ced34,GEN:base_cond:v2:effect:start,super_fast_run_0,store/gens/005_base_cond/01_effect__dai/videos/G-zs-cross__ctt_v2__super_fast_run_0__ref_monstrosity_0__s42.mp4,8,120,0.5785232268652751,0.416257548363745,0.428067341377519,0.6602475410913857
base_cond|01_effect__dai|3151fec832,GEN:base_cond:v2:effect:start,super_fast_run_0,store/gens/005_base_cond/01_effect__dai/videos/G-zs-cross__ctt_v2__super_fast_run_0__ref_monstrosity_0__s43.mp4,8,120,0.4795989791196169,0.5420153239917288,0.599233162453416,0.6337082514080643
base_cond|01_effect__dai|ececf81a1b,GEN:base_cond:v2:effect:start,cotton_cloud_0,store/gens/005_base_cond/01_effect__dai/videos/G-zs-same__ctt_v2__cotton_cloud_0__ref_cotton_cloud_1__s42.mp4,8,120,0.5158742770927456,0.2445784195243051,0.2525145947134293,0.8673762787885841
base_cond|01_effect__dai|56f4391df6,GEN:base_cond:v2:effect:start,cotton_cloud_0,store/gens/005_base_cond/01_effect__dai/videos/G-zs-same__ctt_v2__cotton_cloud_0__ref_cotton_cloud_1__s43.mp4,8,120,0.5596762334639929,0.2130559767389051,0.16926202628032,0.9165065486253524
base_cond|01_effect__dai|3bc91b2094,GEN:base_cond:v2:effect:both,firelava_4,store/gens/005_base_cond/01_effect__dai/videos/G-zs-same__ctt_v2__firelava_4__ref_firelava_0__s42.mp4,8,113,0.7314586346957372,0.4287310399103384,0.2364836742609153,0.9599245481473914
base_cond|01_effect__dai|6e82809a4d,GEN:base_cond:v2:effect:both,firelava_4,store/gens/005_base_cond/01_effect__dai/videos/G-zs-same__ctt_v2__firelava_4__ref_firelava_0__s43.mp4,8,113,0.6139142757144687,0.4958884477715002,0.565152186940084,0.9587169776346476
base_cond|02_neutral__dai|078d1de089,GEN:base_cond:v2:neutral:start,portal_10,store/gens/005_base_cond/02_neutral__dai/videos/G-fit__ctt_v2__portal_10__ref_portal_0__s42.mp4,8,120,0.7173201428492935,0.4304825879997261,0.5062738957217844,0.9743396970661924
base_cond|02_neutral__dai|02466376d5,GEN:base_cond:v2:neutral:start,portal_10,store/gens/005_base_cond/02_neutral__dai/videos/G-fit__ctt_v2__portal_10__ref_portal_0__s43.mp4,8,120,0.7068281495016009,0.6027393665738034,0.6418719564224392,0.6355046472002068
base_cond|02_neutral__dai|5ee1f1c6b6,GEN:base_cond:v2:neutral:start,shadow_1,store/gens/005_base_cond/02_neutral__dai/videos/G-fit__ctt_v2__shadow_1__ref_shadow_0__s42.mp4,8,120,0.6753772591077971,0.3797413102260901,0.4112911626391776,0.3473021396680686
base_cond|02_neutral__dai|9e123db113,GEN:base_cond:v2:neutral:start,shadow_1,store/gens/005_base_cond/02_neutral__dai/videos/G-fit__ctt_v2__shadow_1__ref_shadow_0__s43.mp4,8,120,0.552861087635921,0.6694190844977661,0.7981216131909544,0.2516259361989353
base_cond|01_effect__dai|952310a83a,GEN:base_cond:v2:effect:both,raven_transition_2,store/gens/005_base_cond/01_effect__dai/videos/G-zs-same__ctt_v2__raven_transition_2__ref_raven_transition_0__s42.mp4,8,113,0.5716670546777654,0.2059645648437283,0.1655261109134218,1.0184218384720818
base_cond|01_effect__dai|4b71cfdfc2,GEN:base_cond:v2:effect:both,raven_transition_2,store/gens/005_base_cond/01_effect__dai/videos/G-zs-same__ctt_v2__raven_transition_2__ref_raven_transition_0__s43.mp4,8,113,0.585678436360235,0.2594348021684795,0.2335169152663693,1.0206697315790076
base_cond|01_effect__dai|9d23e9e387,GEN:base_cond:v2:effect:start,saint_glow_3,store/gens/005_base_cond/01_effect__dai/videos/G-zs-same__ctt_v2__saint_glow_3__ref_saint_glow_0__s42.mp4,8,120,0.6270791072254924,0.1177736794212495,0.1070364191190902,0.7420002708191967
base_cond|01_effect__dai|e492986f7b,GEN:base_cond:v2:effect:start,saint_glow_3,store/gens/005_base_cond/01_effect__dai/videos/G-zs-same__ctt_v2__saint_glow_3__ref_saint_glow_0__s43.mp4,8,120,0.6434973470820229,0.1912922678256738,0.1714220993767631,0.4771610692521902
base_cond|01_effect__dai|3a0ddf365b,GEN:base_cond:v2:effect:start,luminous_gaze_3,store/gens/005_base_cond/01_effect__dai/videos/G-zs-same__ctt_v2__luminous_gaze_3__ref_luminous_gaze_0__s42.mp4,8,120,0.5682411019557847,0.2625151280702728,0.3016424919521533,1.3957481007479902
base_cond|01_effect__dai|07eadd6457,GEN:base_cond:v2:effect:start,luminous_gaze_3,store/gens/005_base_cond/01_effect__dai/videos/G-zs-same__ctt_v2__luminous_gaze_3__ref_luminous_gaze_0__s43.mp4,8,120,0.5568109243420798,0.1941613618726289,0.1700065580029903,1.4661945785009198
base_cond|01_effect__dai|9b5bcdb688,GEN:base_cond:v2:effect:both,melt_transition_2,store/gens/005_base_cond/01_effect__dai/videos/G-zs-same__ctt_v2__melt_transition_2__ref_melt_transition_1__s42.mp4,8,113,0.7728585820234495,0.1583176623199058,0.0734220129751106,0.7663046698854922
base_cond|01_effect__dai|00b9d47b64,GEN:base_cond:v2:effect:both,melt_transition_2,store/gens/005_base_cond/01_effect__dai/videos/G-zs-same__ctt_v2__melt_transition_2__ref_melt_transition_1__s43.mp4,8,113,0.7275243566194107,0.2652395980090409,0.1122852280432835,0.7672462501519032
base_cond|02_neutral__dai|b75f66507c,GEN:base_cond:v2:neutral:both,shadow_smoke_2,store/gens/005_base_cond/02_neutral__dai/videos/G-fit__ctt_v2__shadow_smoke_2__ref_shadow_smoke_1__s42.mp4,8,113,0.8660942068201538,0.1393606825972453,0.1147767003727602,0.8340277490789706
base_cond|02_neutral__dai|d1bfbb02ea,GEN:base_cond:v2:neutral:both,shadow_smoke_2,store/gens/005_base_cond/02_neutral__dai/videos/G-fit__ctt_v2__shadow_smoke_2__ref_shadow_smoke_1__s43.mp4,8,113,0.8909358577240409,0.1506235174485431,0.1112230465417375,0.8366467726885056
base_cond|02_neutral__dai|1250de1fae,GEN:base_cond:v2:neutral:start,super_fast_run_10,store/gens/005_base_cond/02_neutral__dai/videos/G-fit__ctt_v2__super_fast_run_10__ref_super_fast_run_1__s42.mp4,8,120,0.5958577698669183,0.6365230746164253,0.7548761684098412,0.4261454146502993
base_cond|02_neutral__dai|ffdbb35245,GEN:base_cond:v2:neutral:start,super_fast_run_10,store/gens/005_base_cond/02_neutral__dai/videos/G-fit__ctt_v2__super_fast_run_10__ref_super_fast_run_1__s43.mp4,8,120,0.7512663562124464,0.3488436896999752,0.3314317697301721,0.5936857808697705
base_cond|02_neutral__dai|94fc1b2320,GEN:base_cond:v2:neutral:both,hero_flight_1,store/gens/005_base_cond/02_neutral__dai/videos/G-fit__ctt_v2__hero_flight_1__ref_hero_flight_0__s42.mp4,8,113,0.8374080859523954,0.2203317368000866,0.2040862265250053,0.7453279932075944
base_cond|02_neutral__dai|ecf792363a,GEN:base_cond:v2:neutral:both,hero_flight_1,store/gens/005_base_cond/02_neutral__dai/videos/G-fit__ctt_v2__hero_flight_1__ref_hero_flight_0__s43.mp4,8,113,0.821456568317914,0.2791123580812225,0.2573407160539156,0.7462595206692486
base_cond|02_neutral__dai|51af581979,GEN:base_cond:v2:neutral:start,illustration_scene_1,store/gens/005_base_cond/02_neutral__dai/videos/G-fit__ctt_v2__illustration_scene_1__ref_illustration_scene_0__s42.mp4,8,120,0.2806338094495799,0.4517988680845689,0.5437483292385417,0.6055944446616727
base_cond|02_neutral__dai|a1fcc6993b,GEN:base_cond:v2:neutral:start,illustration_scene_1,store/gens/005_base_cond/02_neutral__dai/videos/G-fit__ctt_v2__illustration_scene_1__ref_illustration_scene_0__s43.mp4,8,120,0.2099819910362679,0.483565915918537,0.5586401651832735,0.6072454457650084
base_cond|01_effect__dai|ac03703081,GEN:base_cond:v2:effect:both,flying_cam_transition_4,store/gens/005_base_cond/01_effect__dai/videos/G-zs-same__ctt_v2__flying_cam_transition_4__ref_flying_cam_transition_1__s42.mp4,8,113,0.7689567636882026,0.4064142457712567,0.2498490944301177,1.1268790833181008
base_cond|01_effect__dai|d560172951,GEN:base_cond:v2:effect:both,flying_cam_transition_4,store/gens/005_base_cond/01_effect__dai/videos/G-zs-same__ctt_v2__flying_cam_transition_4__ref_flying_cam_transition_1__s43.mp4,8,113,0.710357977257839,0.5299560431151216,0.4246458793223224,1.1229463922537049
base_cond|01_effect__dai|8c29e71625,GEN:base_cond:v2:effect:start,live_concert_0,store/gens/005_base_cond/01_effect__dai/videos/G-zs-same__ctt_v2__live_concert_0__ref_live_concert_1__s42.mp4,8,120,0.4951469150487038,0.5970539133597933,0.6193597258214139,1.0878751494268264
base_cond|01_effect__dai|93d134e492,GEN:base_cond:v2:effect:start,live_concert_0,store/gens/005_base_cond/01_effect__dai/videos/G-zs-same__ctt_v2__live_concert_0__ref_live_concert_1__s43.mp4,8,120,0.7841430752554548,0.2895100551114073,0.2055201335120598,1.004528446936394
base_cond|02_neutral__dai|95f7c0d58d,GEN:base_cond:v2:neutral:start,animalization_3,store/gens/005_base_cond/02_neutral__dai/videos/G-fit__ctt_v2__animalization_3__ref_animalization_1__s42.mp4,8,120,0.6432711457618685,0.4392312376754265,0.5137375545248442,0.5867863000308843
base_cond|02_neutral__dai|967935380b,GEN:base_cond:v2:neutral:start,animalization_3,store/gens/005_base_cond/02_neutral__dai/videos/G-fit__ctt_v2__animalization_3__ref_animalization_1__s43.mp4,8,120,0.6730542299847642,0.5086149043141761,0.4358731553020398,0.6217739502959768
base_cond|02_neutral__dai|7f5867d85c,GEN:base_cond:v2:neutral:start,color_rain_3,store/gens/005_base_cond/02_neutral__dai/videos/G-fit__ctt_v2__color_rain_3__ref_color_rain_1__s42.mp4,8,120,0.731358884304276,0.3583709234482735,0.3807981230718325,0.458038558167166
base_cond|02_neutral__dai|b97ed75ca3,GEN:base_cond:v2:neutral:start,color_rain_3,store/gens/005_base_cond/02_neutral__dai/videos/G-fit__ctt_v2__color_rain_3__ref_color_rain_1__s43.mp4,8,120,0.4802562411386106,0.636123697651442,0.7120301410520301,0.3366852314714034
base_cond|02_neutral__dai|b084ddb84a,GEN:base_cond:v2:neutral:start,color_rain_0,store/gens/005_base_cond/02_neutral__dai/videos/G-memo-probe__ctt_v2__color_rain_0__ref_color_rain_1__s42.mp4,8,120,0.7809099567256423,0.2339775234350258,0.178145521498419,0.3714173253173162
base_cond|02_neutral__dai|f9c05f3366,GEN:base_cond:v2:neutral:start,color_rain_0,store/gens/005_base_cond/02_neutral__dai/videos/G-memo-probe__ctt_v2__color_rain_0__ref_color_rain_1__s43.mp4,8,120,0.5972588610154719,0.3783801736637283,0.4219889479044622,0.4069963871336159
base_cond|02_neutral__dai|6cb21f852f,GEN:base_cond:v2:neutral:start,earth_element_4,store/gens/005_base_cond/02_neutral__dai/videos/G-memo-probe__ctt_v2__earth_element_4__ref_earth_element_0__s42.mp4,8,120,0.8875320773908624,0.1551934192392994,0.1469679797926049,0.625056602651421
base_cond|02_neutral__dai|e5f0ebdc1b,GEN:base_cond:v2:neutral:start,earth_element_4,store/gens/005_base_cond/02_neutral__dai/videos/G-memo-probe__ctt_v2__earth_element_4__ref_earth_element_0__s43.mp4,8,120,0.5724470904388652,0.3287636690404431,0.327664327240298,0.607808210040085
base_cond|02_neutral__dai|123a9706ed,GEN:base_cond:v2:neutral:start,earth_element_1,store/gens/005_base_cond/02_neutral__dai/videos/G-fit__ctt_v2__earth_element_1__ref_earth_element_0__s42.mp4,8,120,0.8688397433823527,0.2741333520344565,0.2573354694396829,0.471404960701656
base_cond|02_neutral__dai|670e0714a8,GEN:base_cond:v2:neutral:start,earth_element_1,store/gens/005_base_cond/02_neutral__dai/videos/G-fit__ctt_v2__earth_element_1__ref_earth_element_0__s43.mp4,8,120,0.4871422579097095,0.863089179692695,0.6697307500003211,0.0769356171666728
base_cond|02_neutral__dai|27466cc978,GEN:base_cond:v2:neutral:start,gas_transformation_1,store/gens/005_base_cond/02_neutral__dai/videos/G-fit__ctt_v2__gas_transformation_1__ref_gas_transformation_0__s42.mp4,8,120,0.5720805323964409,0.4398804521194556,0.5219119290245429,0.4161130962721277
base_cond|02_neutral__dai|438ea591d4,GEN:base_cond:v2:neutral:start,gas_transformation_1,store/gens/005_base_cond/02_neutral__dai/videos/G-fit__ctt_v2__gas_transformation_1__ref_gas_transformation_0__s43.mp4,8,120,0.5129859810164488,0.6668492370723269,0.5609633074398308,0.0778886013845282
base_cond|02_neutral__dai|a6cd063d61,GEN:base_cond:v2:neutral:start,super_fast_run_0,store/gens/005_base_cond/02_neutral__dai/videos/G-memo-probe__ctt_v2__super_fast_run_0__ref_super_fast_run_1__s42.mp4,8,120,0.6512401923632387,0.3525545740185138,0.4341349187652815,0.4518525993562017
base_cond|02_neutral__dai|ef80f1a74a,GEN:base_cond:v2:neutral:start,super_fast_run_0,store/gens/005_base_cond/02_neutral__dai/videos/G-memo-probe__ctt_v2__super_fast_run_0__ref_super_fast_run_1__s43.mp4,8,120,0.5074277521047794,0.382250223008647,0.4546426869361276,0.3652017218548595
base_cond|02_neutral__dai|24228e2e83,GEN:base_cond:v2:neutral:start,wireframe_2,store/gens/005_base_cond/02_neutral__dai/videos/G-fit__ctt_v2__wireframe_2__ref_wireframe_1__s42.mp4,8,120,0.9292523930480264,0.1118637663331588,0.0811909314867861,0.4306439768480884
base_cond|02_neutral__dai|0d4e0dc5e8,GEN:base_cond:v2:neutral:start,wireframe_2,store/gens/005_base_cond/02_neutral__dai/videos/G-fit__ctt_v2__wireframe_2__ref_wireframe_1__s43.mp4,8,120,0.8065224101224517,0.199142431925028,0.0756676708477702,0.1435342493433772
base_cond|02_neutral__dai|d903c7008b,GEN:base_cond:v2:neutral:start,animalization_0,store/gens/005_base_cond/02_neutral__dai/videos/G-memo-probe__ctt_v2__animalization_0__ref_animalization_1__s42.mp4,8,120,0.7661219161965955,0.5428300376325076,0.7714516061310899,0.7655872399044361
base_cond|02_neutral__dai|f28f188dc8,GEN:base_cond:v2:neutral:start,animalization_0,store/gens/005_base_cond/02_neutral__dai/videos/G-memo-probe__ctt_v2__animalization_0__ref_animalization_1__s43.mp4,8,120,0.7540736981303755,0.4210652763028371,0.4238117421855554,0.5967817889563957
base_cond|02_neutral__dai|f5c6293979,GEN:base_cond:v2:neutral:start,gas_transformation_6,store/gens/005_base_cond/02_neutral__dai/videos/G-memo-probe__ctt_v2__gas_transformation_6__ref_gas_transformation_0__s42.mp4,8,120,0.8241371438377278,0.2887137836861864,0.2757362661514211,0.1881089072083733
base_cond|02_neutral__dai|32b1271cba,GEN:base_cond:v2:neutral:start,gas_transformation_6,store/gens/005_base_cond/02_neutral__dai/videos/G-memo-probe__ctt_v2__gas_transformation_6__ref_gas_transformation_0__s43.mp4,8,120,0.6921378440876749,0.3655834743220251,0.2699166877447202,0.4847604616551521
base_cond|02_neutral__dai|fe0941d063,GEN:base_cond:v2:neutral:both,hero_flight_5,store/gens/005_base_cond/02_neutral__dai/videos/G-memo-probe__ctt_v2__hero_flight_5__ref_hero_flight_0__s42.mp4,8,113,0.9354889114027696,0.1718802790074166,0.1193495143092295,0.6802725093721909
base_cond|02_neutral__dai|25b3f2770b,GEN:base_cond:v2:neutral:both,hero_flight_5,store/gens/005_base_cond/02_neutral__dai/videos/G-memo-probe__ctt_v2__hero_flight_5__ref_hero_flight_0__s43.mp4,8,113,0.8769807829057734,0.2350933853645962,0.1140568209905811,0.6779752176968514
base_cond|02_neutral__dai|034cc427bd,GEN:base_cond:v2:neutral:start,animalization_2,store/gens/005_base_cond/02_neutral__dai/videos/G-ref-control__ctt_v2__animalization_2__ref_color_rain_0__s42.mp4,8,120,0.4650361525512312,0.3663711011368335,0.3951864790865409,0.2901058781393246
base_cond|02_neutral__dai|c011d85363,GEN:base_cond:v2:neutral:start,animalization_2,store/gens/005_base_cond/02_neutral__dai/videos/G-ref-control__ctt_v2__animalization_2__ref_color_rain_0__s43.mp4,8,120,0.4939405392420506,0.8584293758199858,0.9990004584795832,0.2993513488096674
base_cond|02_neutral__dai|e13d55e95b,GEN:base_cond:v2:neutral:start,color_rain_2,store/gens/005_base_cond/02_neutral__dai/videos/G-ref-control__ctt_v2__color_rain_2__ref_earth_element_4__s42.mp4,8,120,0.2807228141704168,0.5183719525910351,0.6205512088554158,0.3680102164451816
base_cond|02_neutral__dai|b7490fa639,GEN:base_cond:v2:neutral:start,color_rain_2,store/gens/005_base_cond/02_neutral__dai/videos/G-ref-control__ctt_v2__color_rain_2__ref_earth_element_4__s43.mp4,8,120,0.3295287238333544,0.5783836606774295,0.6469061298548322,0.5263762984051347
base_cond|02_neutral__dai|9787fc6b52,GEN:base_cond:v2:neutral:start,illustration_scene_4,store/gens/005_base_cond/02_neutral__dai/videos/G-memo-probe__ctt_v2__illustration_scene_4__ref_illustration_scene_0__s42.mp4,8,120,0.4169971466849247,0.5833291508763104,0.6358313264970522,0.4876927226574014
base_cond|02_neutral__dai|8b1b5e756b,GEN:base_cond:v2:neutral:start,illustration_scene_4,store/gens/005_base_cond/02_neutral__dai/videos/G-memo-probe__ctt_v2__illustration_scene_4__ref_illustration_scene_0__s43.mp4,8,120,0.565262089071344,0.6303652107903589,0.6792328163909875,0.3719259007831877
base_cond|02_neutral__dai|57b17df069,GEN:base_cond:v2:neutral:start,money_rain_1,store/gens/005_base_cond/02_neutral__dai/videos/G-memo-probe__ctt_v2__money_rain_1__ref_money_rain_0__s42.mp4,8,120,0.2615195982054827,0.280328463393219,0.322393017032225,0.429146750420431
base_cond|02_neutral__dai|3d4f981bf9,GEN:base_cond:v2:neutral:start,money_rain_1,store/gens/005_base_cond/02_neutral__dai/videos/G-memo-probe__ctt_v2__money_rain_1__ref_money_rain_0__s43.mp4,8,120,0.3636366811126703,0.3124426385403376,0.3414771451269984,0.5383086769243969
base_cond|02_neutral__dai|a868079356,GEN:base_cond:v2:neutral:start,polygon_4,store/gens/005_base_cond/02_neutral__dai/videos/G-memo-probe__ctt_v2__polygon_4__ref_polygon_0__s42.mp4,8,120,0.2878534746274079,0.5430762782011478,0.5861746689385215,0.4226510175112892
base_cond|02_neutral__dai|035f96f3ba,GEN:base_cond:v2:neutral:start,polygon_4,store/gens/005_base_cond/02_neutral__dai/videos/G-memo-probe__ctt_v2__polygon_4__ref_polygon_0__s43.mp4,8,120,0.3424781474587297,0.673994922948628,0.7352023988723756,0.4035476187525235
base_cond|02_neutral__dai|14933c5b3c,GEN:base_cond:v2:neutral:start,portal_1,store/gens/005_base_cond/02_neutral__dai/videos/G-memo-probe__ctt_v2__portal_1__ref_portal_0__s42.mp4,8,120,0.8100347159272918,0.2273306568399974,0.2125064600657107,0.7410880683568689
base_cond|02_neutral__dai|fa6afc3e28,GEN:base_cond:v2:neutral:start,portal_1,store/gens/005_base_cond/02_neutral__dai/videos/G-memo-probe__ctt_v2__portal_1__ref_portal_0__s43.mp4,8,120,0.6232830139016645,0.3598756628148872,0.3192381196564444,0.606608614627808
base_cond|02_neutral__dai|99127cf4e6,GEN:base_cond:v2:neutral:start,money_rain_2,store/gens/005_base_cond/02_neutral__dai/videos/G-fit__ctt_v2__money_rain_2__ref_money_rain_0__s42.mp4,8,120,0.7658087109045908,0.2277803577438193,0.2017516293227515,0.6853068026846469
base_cond|02_neutral__dai|717a8414da,GEN:base_cond:v2:neutral:start,money_rain_2,store/gens/005_base_cond/02_neutral__dai/videos/G-fit__ctt_v2__money_rain_2__ref_money_rain_0__s43.mp4,8,120,0.2361180370206452,0.4030850224364332,0.4575114947684661,0.532359730601018
base_cond|02_neutral__dai|6474de609c,GEN:base_cond:v2:neutral:start,polygon_1,store/gens/005_base_cond/02_neutral__dai/videos/G-fit__ctt_v2__polygon_1__ref_polygon_0__s42.mp4,8,120,0.1392466534632279,0.3277136066306764,0.3644013373032106,0.3001579955728605
base_cond|02_neutral__dai|abf9ec7443,GEN:base_cond:v2:neutral:start,polygon_1,store/gens/005_base_cond/02_neutral__dai/videos/G-fit__ctt_v2__polygon_1__ref_polygon_0__s43.mp4,8,120,0.1647272971530022,0.4293514540087988,0.4919876910891924,0.3784392423928596
base_cond|02_neutral__dai|4441dade79,GEN:base_cond:v2:neutral:start,shadow_10,store/gens/005_base_cond/02_neutral__dai/videos/G-memo-probe__ctt_v2__shadow_10__ref_shadow_0__s42.mp4,8,120,0.8171374401063343,0.25233964638643,0.2209144297769194,0.7116941945442561
base_cond|02_neutral__dai|9b191ef66f,GEN:base_cond:v2:neutral:start,shadow_10,store/gens/005_base_cond/02_neutral__dai/videos/G-memo-probe__ctt_v2__shadow_10__ref_shadow_0__s43.mp4,8,120,0.6441550757056249,0.4101929040134012,0.4609629322602432,0.7455548448091806
base_cond|02_neutral__dai|720915ff77,GEN:base_cond:v2:neutral:both,shadow_smoke_0,store/gens/005_base_cond/02_neutral__dai/videos/G-memo-probe__ctt_v2__shadow_smoke_0__ref_shadow_smoke_1__s42.mp4,8,113,0.8481353917228724,0.3990069293382125,0.4251385159697299,0.556425514351414
base_cond|02_neutral__dai|2e79dab217,GEN:base_cond:v2:neutral:both,shadow_smoke_0,store/gens/005_base_cond/02_neutral__dai/videos/G-memo-probe__ctt_v2__shadow_smoke_0__ref_shadow_smoke_1__s43.mp4,8,113,0.67841462016574,0.5029701179519008,0.479001704504437,0.5550243728409856
base_cond|02_neutral__dai|b57edb5f63,GEN:base_cond:v2:neutral:start,earth_element_6,store/gens/005_base_cond/02_neutral__dai/videos/G-ref-control__ctt_v2__earth_element_6__ref_gas_transformation_6__s42.mp4,8,120,0.4354841827224891,0.586360490993833,0.6373003679679593,0.5062815445431845
base_cond|02_neutral__dai|15ffee1f73,GEN:base_cond:v2:neutral:start,earth_element_6,store/gens/005_base_cond/02_neutral__dai/videos/G-ref-control__ctt_v2__earth_element_6__ref_gas_transformation_6__s43.mp4,8,120,0.5174949350824254,0.6433937752634648,0.6893147770195858,0.474504581607044
base_cond|02_neutral__dai|10a3ad5bb5,GEN:base_cond:v2:neutral:start,gas_transformation_7,store/gens/005_base_cond/02_neutral__dai/videos/G-ref-control__ctt_v2__gas_transformation_7__ref_illustration_scene_4__s42.mp4,8,120,0.9160726849974254,0.1403328036345883,0.0833002929393534,0.9332678627281742
base_cond|02_neutral__dai|84eac0e0a2,GEN:base_cond:v2:neutral:start,gas_transformation_7,store/gens/005_base_cond/02_neutral__dai/videos/G-ref-control__ctt_v2__gas_transformation_7__ref_illustration_scene_4__s43.mp4,8,120,0.6648252220803674,0.3869071539991512,0.4351032744004331,0.878261235485136
base_cond|02_neutral__dai|0217419439,GEN:base_cond:v2:neutral:start,money_rain_3,store/gens/005_base_cond/02_neutral__dai/videos/G-ref-control__ctt_v2__money_rain_3__ref_portal_1__s42.mp4,8,120,0.7305923935924188,0.3763084442205585,0.326630750732608,0.5783805101168399
base_cond|02_neutral__dai|a702e075b8,GEN:base_cond:v2:neutral:start,money_rain_3,store/gens/005_base_cond/02_neutral__dai/videos/G-ref-control__ctt_v2__money_rain_3__ref_portal_1__s43.mp4,8,120,0.2812791900883442,0.5189455409643877,0.613796047749737,0.5255266042425383
base_cond|02_neutral__dai|19c8859971,GEN:base_cond:v2:neutral:start,polygon_8,store/gens/005_base_cond/02_neutral__dai/videos/G-ref-control__ctt_v2__polygon_8__ref_shadow_10__s42.mp4,8,120,0.7501340385230477,0.4959081328505207,0.5590852310287133,0.7151386776436316
base_cond|02_neutral__dai|a90b527698,GEN:base_cond:v2:neutral:start,polygon_8,store/gens/005_base_cond/02_neutral__dai/videos/G-ref-control__ctt_v2__polygon_8__ref_shadow_10__s43.mp4,8,120,0.7960904262017876,0.4033984353953558,0.5042646485472823,0.7507397950412682
base_cond|02_neutral__dai|3116148bc0,GEN:base_cond:v2:neutral:both,hero_flight_6,store/gens/005_base_cond/02_neutral__dai/videos/G-ref-control__ctt_v2__hero_flight_6__ref_shadow_smoke_0__s42.mp4,8,113,0.66308826940052,0.399648485746805,0.4338955107250366,0.720943488960833
base_cond|02_neutral__dai|966d3071c1,GEN:base_cond:v2:neutral:both,hero_flight_6,store/gens/005_base_cond/02_neutral__dai/videos/G-ref-control__ctt_v2__hero_flight_6__ref_shadow_smoke_0__s43.mp4,8,113,0.6983267170374443,0.5401909270348579,0.5696726799151304,0.7185711261190155
base_cond|02_neutral__dai|5b4dea224d,GEN:base_cond:v2:neutral:start,illustration_scene_7,store/gens/005_base_cond/02_neutral__dai/videos/G-ref-control__ctt_v2__illustration_scene_7__ref_polygon_4__s42.mp4,8,120,0.8210026728740414,0.2666730944183174,0.2371019467664397,0.8240383276446838
base_cond|02_neutral__dai|0099d5abf5,GEN:base_cond:v2:neutral:start,illustration_scene_7,store/gens/005_base_cond/02_neutral__dai/videos/G-ref-control__ctt_v2__illustration_scene_7__ref_polygon_4__s43.mp4,8,120,0.5291725897170241,0.4251737843137648,0.4960261564638549,0.6544226372079202
base_cond|02_neutral__dai|ceaa51c095,GEN:base_cond:v2:neutral:both,shadow_smoke_7,store/gens/005_base_cond/02_neutral__dai/videos/G-ref-control__ctt_v2__shadow_smoke_7__ref_hero_flight_5__s42.mp4,8,113,0.8830737517861325,0.3343447025933744,0.3814496983581878,0.9211660350040908
base_cond|02_neutral__dai|d119ff0f69,GEN:base_cond:v2:neutral:both,shadow_smoke_7,store/gens/005_base_cond/02_neutral__dai/videos/G-ref-control__ctt_v2__shadow_smoke_7__ref_hero_flight_5__s43.mp4,8,113,0.8860169127758477,0.247587305300032,0.1043083995082016,0.9218709383493096
base_cond|02_neutral__dai|f020fca1d5,GEN:base_cond:v2:neutral:start,super_fast_run_3,store/gens/005_base_cond/02_neutral__dai/videos/G-ref-control__ctt_v2__super_fast_run_3__ref_color_rain_0__s42.mp4,8,120,0.5349416988874549,0.4352443787098298,0.3679584162632593,0.2283102914531429
base_cond|02_neutral__dai|8f69904878,GEN:base_cond:v2:neutral:start,super_fast_run_3,store/gens/005_base_cond/02_neutral__dai/videos/G-ref-control__ctt_v2__super_fast_run_3__ref_color_rain_0__s43.mp4,8,120,0.4160770938599638,0.600705628517606,0.6027294007357643,0.2290630564416038
base_cond|02_neutral__dai|e4e46e8e0c,GEN:base_cond:v2:neutral:start,live_concert_0,store/gens/005_base_cond/02_neutral__dai/videos/G-unseen-cross__ctt_v2__live_concert_0__ref_gas_transformation_6__s42.mp4,8,120,0.7463803874095543,0.6351861801659158,0.6141642783201041,0.4951991730686546
base_cond|02_neutral__dai|b39a3f954a,GEN:base_cond:v2:neutral:start,live_concert_0,store/gens/005_base_cond/02_neutral__dai/videos/G-unseen-cross__ctt_v2__live_concert_0__ref_gas_transformation_6__s43.mp4,8,120,0.7282316028025968,0.8871922778193339,1.0133930888316565,0.490681273771202
base_cond|02_neutral__dai|31678118ad,GEN:base_cond:v2:neutral:both,melt_transition_2,store/gens/005_base_cond/02_neutral__dai/videos/G-unseen-cross__ctt_v2__melt_transition_2__ref_shadow_smoke_0__s42.mp4,8,113,0.8904175550314741,0.115584511270333,0.0418414389839982,0.7658501926480594
base_cond|02_neutral__dai|5705cfd310,GEN:base_cond:v2:neutral:both,melt_transition_2,store/gens/005_base_cond/02_neutral__dai/videos/G-unseen-cross__ctt_v2__melt_transition_2__ref_shadow_smoke_0__s43.mp4,8,113,0.7931855532014032,0.2668866754282684,0.1901107695970884,0.7684088626196471
base_cond|02_neutral__dai|f0689b8b8d,GEN:base_cond:v2:neutral:start,wireframe_7,store/gens/005_base_cond/02_neutral__dai/videos/G-ref-control__ctt_v2__wireframe_7__ref_earth_element_4__s42.mp4,8,120,0.3154124153017794,0.5254461184408481,0.5777919332144257,0.3307306984132478
base_cond|02_neutral__dai|f784f20f5b,GEN:base_cond:v2:neutral:start,wireframe_7,store/gens/005_base_cond/02_neutral__dai/videos/G-ref-control__ctt_v2__wireframe_7__ref_earth_element_4__s43.mp4,8,120,0.3402754589151708,0.6698040498750957,0.7206202405868041,0.213133622407336
base_cond|02_neutral__dai|5dde97f733,GEN:base_cond:v2:neutral:start,cotton_cloud_0,store/gens/005_base_cond/02_neutral__dai/videos/G-unseen-cross__ctt_v2__cotton_cloud_0__ref_super_fast_run_0__s42.mp4,8,120,0.6070372816566183,0.5828381926132608,0.5591123935669193,0.5231707985008621
base_cond|02_neutral__dai|7f452183c0,GEN:base_cond:v2:neutral:start,cotton_cloud_0,store/gens/005_base_cond/02_neutral__dai/videos/G-unseen-cross__ctt_v2__cotton_cloud_0__ref_super_fast_run_0__s43.mp4,8,120,0.5336245259658052,0.5205616672655986,0.5362351654959622,0.740304186493254
base_cond|02_neutral__dai|59837bb346,GEN:base_cond:v2:neutral:both,display_transition_1,store/gens/005_base_cond/02_neutral__dai/videos/G-unseen-cross__ctt_v2__display_transition_1__ref_hero_flight_5__s42.mp4,8,113,0.8632076598535083,0.2347346990435488,0.1901750178550767,0.8213604692083479
base_cond|02_neutral__dai|7fbee203ab,GEN:base_cond:v2:neutral:both,display_transition_1,store/gens/005_base_cond/02_neutral__dai/videos/G-unseen-cross__ctt_v2__display_transition_1__ref_hero_flight_5__s43.mp4,8,113,0.772011022969662,0.2879846202153382,0.184337022707226,0.8265570540400268
base_cond|02_neutral__dai|1ae9c2f56d,GEN:base_cond:v2:neutral:start,fire_element_2,store/gens/005_base_cond/02_neutral__dai/videos/G-unseen-cross__ctt_v2__fire_element_2__ref_wireframe_0__s42.mp4,8,120,0.4484659557997723,0.471766060928708,0.5520933004229015,0.335916427274596
base_cond|02_neutral__dai|22c3a34bd3,GEN:base_cond:v2:neutral:start,fire_element_2,store/gens/005_base_cond/02_neutral__dai/videos/G-unseen-cross__ctt_v2__fire_element_2__ref_wireframe_0__s43.mp4,8,120,0.4953222090400804,0.4760288950920764,0.427907956291725,0.3576180007651357
base_cond|02_neutral__dai|901ea97d4b,GEN:base_cond:v2:neutral:start,saint_glow_3,store/gens/005_base_cond/02_neutral__dai/videos/G-unseen-cross__ctt_v2__saint_glow_3__ref_polygon_4__s42.mp4,8,120,0.4469554775338615,0.5407263017475669,0.5921798869618505,0.2260162871336073
base_cond|02_neutral__dai|06642f2a96,GEN:base_cond:v2:neutral:start,saint_glow_3,store/gens/005_base_cond/02_neutral__dai/videos/G-unseen-cross__ctt_v2__saint_glow_3__ref_polygon_4__s43.mp4,8,120,0.6400944890497495,0.222823937691434,0.2165955750914575,0.1843733075424602
base_cond|02_neutral__dai|8a6738fd90,GEN:base_cond:v2:neutral:start,shadow_3,store/gens/005_base_cond/02_neutral__dai/videos/G-unseen-cross__ctt_v2__shadow_3__ref_portal_1__s42.mp4,8,120,0.5342524840631704,0.2766065120167813,0.2948589508764336,0.6928963983341346
base_cond|02_neutral__dai|d7f52d25b4,GEN:base_cond:v2:neutral:start,shadow_3,store/gens/005_base_cond/02_neutral__dai/videos/G-unseen-cross__ctt_v2__shadow_3__ref_portal_1__s43.mp4,8,120,0.6016155014660025,0.1883834122231062,0.1114909520879329,0.6708327860362924
base_cond|02_neutral__dai|44ffa6bc39,GEN:base_cond:v2:neutral:start,portal_4,store/gens/005_base_cond/02_neutral__dai/videos/G-ref-control__ctt_v2__portal_4__ref_super_fast_run_0__s42.mp4,8,120,0.9457707179629676,0.276768695907858,0.406708611379013,0.927360944686764
base_cond|02_neutral__dai|c1a38b4a68,GEN:base_cond:v2:neutral:start,portal_4,store/gens/005_base_cond/02_neutral__dai/videos/G-ref-control__ctt_v2__portal_4__ref_super_fast_run_0__s43.mp4,8,120,0.6472061032121981,0.5579154741145385,0.4544939495048996,0.5870429567382217
base_cond|02_neutral__dai|7ab0436cde,GEN:base_cond:v2:neutral:both,earth_wave_3,store/gens/005_base_cond/02_neutral__dai/videos/G-unseen-cross__ctt_v2__earth_wave_3__ref_hero_flight_5__s42.mp4,8,113,0.8166423179704436,0.3648543359455365,0.1960809107500835,0.7740116351651443
base_cond|02_neutral__dai|aad816cba6,GEN:base_cond:v2:neutral:both,earth_wave_3,store/gens/005_base_cond/02_neutral__dai/videos/G-unseen-cross__ctt_v2__earth_wave_3__ref_hero_flight_5__s43.mp4,8,113,0.6563610770050368,0.4645927078349556,0.4790785447142113,0.7697101341581538
base_cond|02_neutral__dai|26ee15fcd3,GEN:base_cond:v2:neutral:start,monstrosity_0,store/gens/005_base_cond/02_neutral__dai/videos/G-unseen-cross__ctt_v2__monstrosity_0__ref_illustration_scene_4__s42.mp4,8,120,0.5163375124257448,0.4361006160657201,0.452745673268375,0.3802130516778044
base_cond|02_neutral__dai|4c376eea6a,GEN:base_cond:v2:neutral:start,monstrosity_0,store/gens/005_base_cond/02_neutral__dai/videos/G-unseen-cross__ctt_v2__monstrosity_0__ref_illustration_scene_4__s43.mp4,8,120,0.4784813914903578,0.4255067647441034,0.4329867035798684,0.3891354466133228
base_cond|02_neutral__dai|c4254013e4,GEN:base_cond:v2:neutral:start,mystification_0,store/gens/005_base_cond/02_neutral__dai/videos/G-unseen-cross__ctt_v2__mystification_0__ref_illustration_scene_4__s42.mp4,8,120,0.7223076905017065,0.3906891647199294,0.3322110082355439,0.5134269933946026
base_cond|02_neutral__dai|49d22bebfd,GEN:base_cond:v2:neutral:start,mystification_0,store/gens/005_base_cond/02_neutral__dai/videos/G-unseen-cross__ctt_v2__mystification_0__ref_illustration_scene_4__s43.mp4,8,120,0.6276450701577851,0.5177777452483412,0.4725609719731188,0.5704326777112375
base_cond|02_neutral__dai|baa37d0155,GEN:base_cond:v2:neutral:start,water_element_4,store/gens/005_base_cond/02_neutral__dai/videos/G-unseen-cross__ctt_v2__water_element_4__ref_shadow_10__s42.mp4,8,120,0.2682712384360375,0.4502024682949279,0.5276834168561056,0.3197466519073961
base_cond|02_neutral__dai|a2359cab56,GEN:base_cond:v2:neutral:start,water_element_4,store/gens/005_base_cond/02_neutral__dai/videos/G-unseen-cross__ctt_v2__water_element_4__ref_shadow_10__s43.mp4,8,120,0.2308124388723831,0.3134468529990989,0.3446691038252938,0.3171751770422617
base_cond|02_neutral__dai|a41f062145,GEN:base_cond:v2:neutral:both,raven_transition_2,store/gens/005_base_cond/02_neutral__dai/videos/G-unseen-cross__ctt_v2__raven_transition_2__ref_shadow_smoke_0__s42.mp4,8,113,0.8954726777989976,0.1963675347321277,0.2157641319728673,1.0177133074868774
base_cond|02_neutral__dai|5adb26652d,GEN:base_cond:v2:neutral:both,raven_transition_2,store/gens/005_base_cond/02_neutral__dai/videos/G-unseen-cross__ctt_v2__raven_transition_2__ref_shadow_smoke_0__s43.mp4,8,113,0.8138516249316021,0.2794896923497683,0.2692543491089628,1.021275194390793
base_cond|02_neutral__dai|6fdab8d8f1,GEN:base_cond:v2:neutral:both,water_bending_3,store/gens/005_base_cond/02_neutral__dai/videos/G-zs-cross__ctt_v2__water_bending_3__ref_firelava_0__s42.mp4,8,113,0.8175108713566097,0.243706585605219,0.2261505038713911,0.7052844039691872
base_cond|02_neutral__dai|62f0c4a0fc,GEN:base_cond:v2:neutral:both,water_bending_3,store/gens/005_base_cond/02_neutral__dai/videos/G-zs-cross__ctt_v2__water_bending_3__ref_firelava_0__s43.mp4,8,113,0.8907277498698303,0.2537505999448439,0.2526995352861244,0.7046200224448221
base_cond|02_neutral__dai|075c4aa3d8,GEN:base_cond:v2:neutral:both,air_bending_1,store/gens/005_base_cond/02_neutral__dai/videos/G-zs-cross__ctt_v2__air_bending_1__ref_raven_transition_0__s42.mp4,8,113,0.9363083791443384,0.0963918355117288,0.0388763559645785,1.0862265973432186
base_cond|02_neutral__dai|a1e4751084,GEN:base_cond:v2:neutral:both,air_bending_1,store/gens/005_base_cond/02_neutral__dai/videos/G-zs-cross__ctt_v2__air_bending_1__ref_raven_transition_0__s43.mp4,8,113,0.8977270423608252,0.1157864998571055,0.0884712790572349,1.0853291221025718
base_cond|02_neutral__dai|648009936d,GEN:base_cond:v2:neutral:both,giant_grab_3,store/gens/005_base_cond/02_neutral__dai/videos/G-zs-cross__ctt_v2__giant_grab_3__ref_flying_cam_transition_1__s42.mp4,8,113,0.6883085618924443,0.511550414759409,0.5423862273039284,0.3424417024877628
base_cond|02_neutral__dai|f81d058f35,GEN:base_cond:v2:neutral:both,giant_grab_3,store/gens/005_base_cond/02_neutral__dai/videos/G-zs-cross__ctt_v2__giant_grab_3__ref_flying_cam_transition_1__s43.mp4,8,113,0.8437107513083597,0.3296547551862892,0.3068929050537214,0.3356617969315445
base_cond|02_neutral__dai|21cd31b3a2,GEN:base_cond:v2:neutral:both,firelava_4,store/gens/005_base_cond/02_neutral__dai/videos/G-zs-same__ctt_v2__firelava_4__ref_firelava_0__s42.mp4,8,113,0.8246232355539476,0.2463492876231414,0.2052749815320761,0.960269561026152
base_cond|02_neutral__dai|afb22e7e4c,GEN:base_cond:v2:neutral:both,firelava_4,store/gens/005_base_cond/02_neutral__dai/videos/G-zs-same__ctt_v2__firelava_4__ref_firelava_0__s43.mp4,8,113,0.831262462344049,0.2656943731899708,0.2949568533623329,0.9600097549107818
base_cond|02_neutral__dai|e772ee2fe2,GEN:base_cond:v2:neutral:both,flying_cam_transition_4,store/gens/005_base_cond/02_neutral__dai/videos/G-zs-same__ctt_v2__flying_cam_transition_4__ref_flying_cam_transition_1__s42.mp4,8,113,0.819958909567331,0.2028433425881776,0.1850310682394529,1.1264805489708245
base_cond|02_neutral__dai|a5d75183c6,GEN:base_cond:v2:neutral:both,flying_cam_transition_4,store/gens/005_base_cond/02_neutral__dai/videos/G-zs-same__ctt_v2__flying_cam_transition_4__ref_flying_cam_transition_1__s43.mp4,8,113,0.6741510921369573,0.2558082594241542,0.301480682257011,1.1226010463641225
base_cond|02_neutral__dai|b6502c8fa9,GEN:base_cond:v2:neutral:start,luminous_gaze_3,store/gens/005_base_cond/02_neutral__dai/videos/G-zs-same__ctt_v2__luminous_gaze_3__ref_luminous_gaze_0__s42.mp4,8,120,0.2725847773490903,0.3756744187455828,0.4129069157468714,0.3822930375840231
base_cond|02_neutral__dai|aeaa611398,GEN:base_cond:v2:neutral:start,luminous_gaze_3,store/gens/005_base_cond/02_neutral__dai/videos/G-zs-same__ctt_v2__luminous_gaze_3__ref_luminous_gaze_0__s43.mp4,8,120,0.4383062145278924,0.3872281285583512,0.400897518239296,0.3155445457302543
base_cond|04_neutral_v3__dai|90744bb961,GEN:base_cond:v3:neutral:start,acid_0,store/gens/005_base_cond/04_neutral_v3__dai/videos/G-unseen-cross__base_cond_neutral_v3__acid_0__ref_nature_bloom_1__s42.mp4,8,120,0.2035618943309085,0.4413244818138516,0.5136430156600146,0.643944312397621
base_cond|04_neutral_v3__dai|e500f52751,GEN:base_cond:v3:neutral:start,acid_0,store/gens/005_base_cond/04_neutral_v3__dai/videos/G-unseen-cross__base_cond_neutral_v3__acid_0__ref_nature_bloom_1__s43.mp4,8,120,0.315942751700826,0.4493559673607777,0.4900690616802762,0.6622341235448903
base_cond|04_neutral_v3__dai|5f52f843c1,GEN:base_cond:v3:neutral:both,earth_wave_5,store/gens/005_base_cond/04_neutral_v3__dai/videos/G-unseen-cross__base_cond_neutral_v3__earth_wave_5__ref_flame_transition_3__s42.mp4,8,113,0.8611508658008775,0.2346002250929307,0.1968833245243378,0.9142339563480149
base_cond|04_neutral_v3__dai|4de7bdcb5f,GEN:base_cond:v3:neutral:both,earth_wave_5,store/gens/005_base_cond/04_neutral_v3__dai/videos/G-unseen-cross__base_cond_neutral_v3__earth_wave_5__ref_flame_transition_3__s43.mp4,8,113,0.7952794063213522,0.2486368968939541,0.1506465264596884,0.9128478792993489
base_cond|04_neutral_v3__dai|27e3d0bc01,GEN:base_cond:v3:neutral:start,live_concert_4,store/gens/005_base_cond/04_neutral_v3__dai/videos/G-unseen-cross__base_cond_neutral_v3__live_concert_4__ref_gas_transformation_7__s42.mp4,8,120,0.5247391715093834,0.6391695260738882,0.6761031732443045,0.976037056688752
base_cond|04_neutral_v3__dai|d1e15c1634,GEN:base_cond:v3:neutral:start,live_concert_4,store/gens/005_base_cond/04_neutral_v3__dai/videos/G-unseen-cross__base_cond_neutral_v3__live_concert_4__ref_gas_transformation_7__s43.mp4,8,120,0.4257218614833469,0.5798587918752548,0.625008573146496,0.9147804229302896
base_cond|04_neutral_v3__dai|060fac7f4f,GEN:base_cond:v3:neutral:start,plasma_explosion_2,store/gens/005_base_cond/04_neutral_v3__dai/videos/G-unseen-cross__base_cond_neutral_v3__plasma_explosion_2__ref_illustration_scene_7__s42.mp4,8,120,0.3286331497405041,0.4023332122895117,0.4254911689911277,0.6861019473688922
base_cond|04_neutral_v3__dai|401dd3948e,GEN:base_cond:v3:neutral:start,plasma_explosion_2,store/gens/005_base_cond/04_neutral_v3__dai/videos/G-unseen-cross__base_cond_neutral_v3__plasma_explosion_2__ref_illustration_scene_7__s43.mp4,8,120,0.3755553347472575,0.4626278714127331,0.5124299932035594,0.7364592863538166
base_cond|04_neutral_v3__dai|3bbcf96637,GEN:base_cond:v3:neutral:both,giant_grab_5,store/gens/005_base_cond/04_neutral_v3__dai/videos/G-unseen-same__base_cond_neutral_v3__giant_grab_5__ref_giant_grab_3__s42.mp4,8,113,0.6484181129324142,0.4368176536792776,0.3931846311275027,0.4931261340649688
base_cond|04_neutral_v3__dai|463efd3098,GEN:base_cond:v3:neutral:both,giant_grab_5,store/gens/005_base_cond/04_neutral_v3__dai/videos/G-unseen-same__base_cond_neutral_v3__giant_grab_5__ref_giant_grab_3__s43.mp4,8,113,0.685462323685456,0.4315963910432856,0.5174352070890768,0.492437225660956
base_cond|04_neutral_v3__dai|29bd40fd59,GEN:base_cond:v3:neutral:both,flame_transition_2,store/gens/005_base_cond/04_neutral_v3__dai/videos/G-unseen-same__base_cond_neutral_v3__flame_transition_2__ref_flame_transition_3__s42.mp4,8,113,0.9065110311639508,0.4808071483761328,0.1886572069661961,0.5855747204241915
base_cond|04_neutral_v3__dai|7063ece92e,GEN:base_cond:v3:neutral:both,flame_transition_2,store/gens/005_base_cond/04_neutral_v3__dai/videos/G-unseen-same__base_cond_neutral_v3__flame_transition_2__ref_flame_transition_3__s43.mp4,8,113,0.9368830417062044,0.2741438202168306,0.2804278826015532,0.5833140456410535
base_cond|04_neutral_v3__dai|ba6e8f4153,GEN:base_cond:v3:neutral:both,flame_transition_3,store/gens/005_base_cond/04_neutral_v3__dai/videos/G-unseen-same__base_cond_neutral_v3__flame_transition_3__ref_flame_transition_2__s42.mp4,8,113,0.9596500309971048,0.2277595759043015,0.1594257115887716,0.7082046673289668
base_cond|04_neutral_v3__dai|ea3fb305ce,GEN:base_cond:v3:neutral:both,flame_transition_3,store/gens/005_base_cond/04_neutral_v3__dai/videos/G-unseen-same__base_cond_neutral_v3__flame_transition_3__ref_flame_transition_2__s43.mp4,8,113,0.9041217571661008,0.2163334096552915,0.2361001407931635,0.7072719115678302
base_cond|04_neutral_v3__dai|70a93c1191,GEN:base_cond:v3:neutral:start,mystification_1,store/gens/005_base_cond/04_neutral_v3__dai/videos/G-unseen-same__base_cond_neutral_v3__mystification_1__ref_mystification_0__s42.mp4,8,120,0.732262908790986,0.3898195701910587,0.3617203096728992,0.4944244677779257
base_cond|04_neutral_v3__dai|48a1c3b1b9,GEN:base_cond:v3:neutral:start,mystification_1,store/gens/005_base_cond/04_neutral_v3__dai/videos/G-unseen-same__base_cond_neutral_v3__mystification_1__ref_mystification_0__s43.mp4,8,120,0.5467830266077576,0.1799743139117899,0.181531460307467,1.336617996426285
base_cond|04_neutral_v3__dai|5a3fb0eb71,GEN:base_cond:v3:neutral:start,fire_element_3,store/gens/005_base_cond/04_neutral_v3__dai/videos/G-unseen-same__base_cond_neutral_v3__fire_element_3__ref_fire_element_2__s42.mp4,8,120,0.2785102592407888,0.48233139466092,0.5090805466430388,0.5486412086864881
base_cond|04_neutral_v3__dai|73ff3ea903,GEN:base_cond:v3:neutral:start,fire_element_3,store/gens/005_base_cond/04_neutral_v3__dai/videos/G-unseen-same__base_cond_neutral_v3__fire_element_3__ref_fire_element_2__s43.mp4,8,120,0.2564836526578291,0.5203899269635233,0.552346771294143,0.4521810414265406
base_cond|04_neutral_v3__dai|3fbf35829e,GEN:base_cond:v3:neutral:start,plasma_explosion_3,store/gens/005_base_cond/04_neutral_v3__dai/videos/G-unseen-same__base_cond_neutral_v3__plasma_explosion_3__ref_plasma_explosion_2__s42.mp4,8,120,0.4216045614404371,0.6257049024030555,0.6694549072570475,0.5530059396143228
base_cond|04_neutral_v3__dai|e8999e7556,GEN:base_cond:v3:neutral:start,plasma_explosion_3,store/gens/005_base_cond/04_neutral_v3__dai/videos/G-unseen-same__base_cond_neutral_v3__plasma_explosion_3__ref_plasma_explosion_2__s43.mp4,8,120,0.3275918057727218,0.5779299128756934,0.6586475247094455,0.618275338651019
base_cond|04_neutral_v3__dai|fff00ee7c6,GEN:base_cond:v3:neutral:start,water_element_3,store/gens/005_base_cond/04_neutral_v3__dai/videos/G-unseen-same__base_cond_neutral_v3__water_element_3__ref_water_element_4__s42.mp4,8,120,0.713128184318965,0.32548786602142,0.3167224467271156,0.2339813475638089
base_cond|04_neutral_v3__dai|65520ba10a,GEN:base_cond:v3:neutral:start,water_element_3,store/gens/005_base_cond/04_neutral_v3__dai/videos/G-unseen-same__base_cond_neutral_v3__water_element_3__ref_water_element_4__s43.mp4,8,120,0.4580084527893406,0.5872666002504421,0.6469551809761565,0.1466850837135935
base_cond|04_neutral_v3__dai|89350efc42,GEN:base_cond:v3:neutral:start,acid_1,store/gens/005_base_cond/04_neutral_v3__dai/videos/G-zs-same__base_cond_neutral_v3__acid_1__ref_acid_0__s42.mp4,8,120,0.4225828220324765,0.6164992978434434,0.717196881899442,0.2460076171468682
base_cond|04_neutral_v3__dai|f511118fb3,GEN:base_cond:v3:neutral:start,acid_1,store/gens/005_base_cond/04_neutral_v3__dai/videos/G-zs-same__base_cond_neutral_v3__acid_1__ref_acid_0__s43.mp4,8,120,0.5192442977406877,0.5521528990802398,0.5147952492772379,0.2708893008458025
base_cond|04_neutral_v3__dai|a92e092d61,GEN:base_cond:v3:neutral:start,explosion_0,store/gens/005_base_cond/04_neutral_v3__dai/videos/G-zs-same__base_cond_neutral_v3__explosion_0__ref_explosion_1__s42.mp4,8,120,0.6649002777531445,0.7244759541907417,0.7400003567952106,0.3941702460293723
base_cond|04_neutral_v3__dai|a77669a068,GEN:base_cond:v3:neutral:start,explosion_0,store/gens/005_base_cond/04_neutral_v3__dai/videos/G-zs-same__base_cond_neutral_v3__explosion_0__ref_explosion_1__s43.mp4,8,120,0.5776729453875975,0.6287679736304687,0.7299667715167778,0.4853928859795561
base_cond|04_neutral_v3__dai|f68e194b58,GEN:base_cond:v3:neutral:start,explosion_1,store/gens/005_base_cond/04_neutral_v3__dai/videos/G-zs-same__base_cond_neutral_v3__explosion_1__ref_explosion_0__s42.mp4,8,120,0.6373258689252266,0.5387696279039041,0.5618621417073927,0.7845809494234953
base_cond|04_neutral_v3__dai|5f6f629346,GEN:base_cond:v3:neutral:start,explosion_1,store/gens/005_base_cond/04_neutral_v3__dai/videos/G-zs-same__base_cond_neutral_v3__explosion_1__ref_explosion_0__s43.mp4,8,120,0.60533221490104,1.2517327013651398,1.4641432376880363,0.3039600580984454
base_cond|04_neutral_v3__dai|096dce54f7,GEN:base_cond:v3:neutral:start,glitch_0,store/gens/005_base_cond/04_neutral_v3__dai/videos/G-zs-same__base_cond_neutral_v3__glitch_0__ref_glitch_1__s42.mp4,8,120,0.4900693139764662,0.4516050885168214,0.4655007508714254,0.266732195444979
base_cond|04_neutral_v3__dai|51638156a6,GEN:base_cond:v3:neutral:start,glitch_0,store/gens/005_base_cond/04_neutral_v3__dai/videos/G-zs-same__base_cond_neutral_v3__glitch_0__ref_glitch_1__s43.mp4,8,120,0.4380910984358566,0.4056406995560466,0.4984293687417117,0.4472049216487294
base_cond|04_neutral_v3__dai|b495510cf6,GEN:base_cond:v3:neutral:start,glitch_1,store/gens/005_base_cond/04_neutral_v3__dai/videos/G-zs-same__base_cond_neutral_v3__glitch_1__ref_glitch_0__s42.mp4,8,120,0.4879846454522865,0.2119330038864842,0.2011042632757238,0.2097834985232079
base_cond|04_neutral_v3__dai|db3973a01e,GEN:base_cond:v3:neutral:start,glitch_1,store/gens/005_base_cond/04_neutral_v3__dai/videos/G-zs-same__base_cond_neutral_v3__glitch_1__ref_glitch_0__s43.mp4,8,120,0.63699982789639,0.2372736876136919,0.2960807426279602,0.1840559513222819
base_cond|04_neutral_v3__dai|16424d9f89,GEN:base_cond:v3:neutral:start,northern_lights_0,store/gens/005_base_cond/04_neutral_v3__dai/videos/G-zs-same__base_cond_neutral_v3__northern_lights_0__ref_northern_lights_1__s42.mp4,8,120,0.461789334458633,0.6683372920364646,0.7248661147519679,0.7061939992685335
base_cond|04_neutral_v3__dai|fdce6e2c00,GEN:base_cond:v3:neutral:start,northern_lights_0,store/gens/005_base_cond/04_neutral_v3__dai/videos/G-zs-same__base_cond_neutral_v3__northern_lights_0__ref_northern_lights_1__s43.mp4,8,120,0.3813554340119209,0.5704130613378405,0.6509977240597655,0.8142600707737511
base_cond|04_neutral_v3__dai|64f200d0a5,GEN:base_cond:v3:neutral:start,northern_lights_1,store/gens/005_base_cond/04_neutral_v3__dai/videos/G-zs-same__base_cond_neutral_v3__northern_lights_1__ref_northern_lights_0__s42.mp4,8,120,0.4416657577741214,0.5236009462741449,0.521897692771976,0.1417052531257428
base_cond|04_neutral_v3__dai|0c059c336a,GEN:base_cond:v3:neutral:start,northern_lights_1,store/gens/005_base_cond/04_neutral_v3__dai/videos/G-zs-same__base_cond_neutral_v3__northern_lights_1__ref_northern_lights_0__s43.mp4,8,120,0.4937463012777259,0.4916339066564971,0.47474889444675,0.1494792501669976
base_cond|04_neutral_v3__dai|b2cd772d2f,GEN:base_cond:v3:neutral:start,point_cloud_0,store/gens/005_base_cond/04_neutral_v3__dai/videos/G-zs-same__base_cond_neutral_v3__point_cloud_0__ref_point_cloud_1__s42.mp4,8,120,0.7908108842733976,0.450961725841746,0.6793961379391095,0.7273325495097516
base_cond|04_neutral_v3__dai|c503ed54ea,GEN:base_cond:v3:neutral:start,point_cloud_0,store/gens/005_base_cond/04_neutral_v3__dai/videos/G-zs-same__base_cond_neutral_v3__point_cloud_0__ref_point_cloud_1__s43.mp4,8,120,0.7389397575309895,0.3256231345523551,0.3569154300948667,0.7500388173210981
base_cond|04_neutral_v3__dai|f656cd86c5,GEN:base_cond:v3:neutral:start,point_cloud_1,store/gens/005_base_cond/04_neutral_v3__dai/videos/G-zs-same__base_cond_neutral_v3__point_cloud_1__ref_point_cloud_0__s42.mp4,8,120,0.9341673294465052,0.591803769989659,0.7944502448386049,0.7190961942163346
base_cond|04_neutral_v3__dai|398ceb2d99,GEN:base_cond:v3:neutral:start,point_cloud_1,store/gens/005_base_cond/04_neutral_v3__dai/videos/G-zs-same__base_cond_neutral_v3__point_cloud_1__ref_point_cloud_0__s43.mp4,8,120,0.9051898177639092,0.537823271544083,0.6280824306051,0.8904286641100477
base_cond|04_neutral_v3__dai|3fa640eddf,GEN:base_cond:v3:neutral:start,x_ray_0,store/gens/005_base_cond/04_neutral_v3__dai/videos/G-zs-same__base_cond_neutral_v3__x_ray_0__ref_x_ray_1__s42.mp4,8,120,0.524218541630771,0.6550767857934843,0.6699310702827131,0.6567266980069669
base_cond|04_neutral_v3__dai|4196bc05e3,GEN:base_cond:v3:neutral:start,x_ray_0,store/gens/005_base_cond/04_neutral_v3__dai/videos/G-zs-same__base_cond_neutral_v3__x_ray_0__ref_x_ray_1__s43.mp4,8,120,0.3956930972808057,0.6673780451776794,0.7039593472659098,0.6919218560718138
base_cond|04_neutral_v3__dai|6b90418b74,GEN:base_cond:v3:neutral:start,x_ray_1,store/gens/005_base_cond/04_neutral_v3__dai/videos/G-zs-same__base_cond_neutral_v3__x_ray_1__ref_x_ray_0__s42.mp4,8,120,0.4717747369235214,0.4136056403002027,0.456863824109399,0.5774742118720422
base_cond|04_neutral_v3__dai|8db1aeded6,GEN:base_cond:v3:neutral:start,x_ray_1,store/gens/005_base_cond/04_neutral_v3__dai/videos/G-zs-same__base_cond_neutral_v3__x_ray_1__ref_x_ray_0__s43.mp4,8,120,0.2834633280162768,0.5077988403146683,0.6486405052309916,0.4723608398890221
base_cond|04_neutral_v3__dai|36de6c7923,GEN:base_cond:v3:neutral:start,train_rush_0,store/gens/005_base_cond/04_neutral_v3__dai/videos/G-zs-same__base_cond_neutral_v3__train_rush_0__ref_train_rush_1__s42.mp4,8,120,0.5328590392842583,0.5380331923170184,0.5284055677381047,0.7448386556454563
base_cond|04_neutral_v3__dai|d04d624c61,GEN:base_cond:v3:neutral:start,train_rush_0,store/gens/005_base_cond/04_neutral_v3__dai/videos/G-zs-same__base_cond_neutral_v3__train_rush_0__ref_train_rush_1__s43.mp4,8,120,0.5535933434842912,0.7571806190830279,0.8649929266763032,0.7223966771614329
base_cond|04_neutral_v3__dai|d08c731198,GEN:base_cond:v3:neutral:start,train_rush_1,store/gens/005_base_cond/04_neutral_v3__dai/videos/G-zs-same__base_cond_neutral_v3__train_rush_1__ref_train_rush_0__s42.mp4,8,120,0.8295739087428828,0.4931850626815146,0.631857941563566,0.8387097783394654
base_cond|06_effect_v3__dai|d13301a871,GEN:base_cond:v3:effect:start,acid_0,store/gens/005_base_cond/06_effect_v3__dai/videos/G-unseen-cross__base_cond_effect_v3__acid_0__ref_nature_bloom_1__s42.mp4,8,120,0.8047693125843915,0.4087901695551187,0.4971358912003895,0.7807846372223811
base_cond|06_effect_v3__dai|72220d0729,GEN:base_cond:v3:effect:start,acid_0,store/gens/005_base_cond/06_effect_v3__dai/videos/G-unseen-cross__base_cond_effect_v3__acid_0__ref_nature_bloom_1__s43.mp4,8,120,0.8343010147380452,0.2717839078785556,0.2875582350419048,0.6544178970631129
base_cond|06_effect_v3__dai|0abb4dacd2,GEN:base_cond:v3:effect:both,air_bending_1,store/gens/005_base_cond/06_effect_v3__dai/videos/G-unseen-cross__base_cond_effect_v3__air_bending_1__ref_earth_wave_3__s42.mp4,8,113,0.7044623399111509,0.2630187695454682,0.2783072227606632,1.0863572348098258
base_cond|06_effect_v3__dai|5e85d0442b,GEN:base_cond:v3:effect:both,air_bending_1,store/gens/005_base_cond/06_effect_v3__dai/videos/G-unseen-cross__base_cond_effect_v3__air_bending_1__ref_earth_wave_3__s43.mp4,8,113,0.7405578538516548,0.401932812483306,0.5338408725737316,1.085552926611271
base_cond|06_effect_v3__dai|e0e6904fff,GEN:base_cond:v3:effect:start,color_rain_2,store/gens/005_base_cond/06_effect_v3__dai/videos/G-unseen-cross__base_cond_effect_v3__color_rain_2__ref_fire_element_2__s42.mp4,8,120,0.5084342179577293,0.2603329804345423,0.2693522613699571,0.5090131392727748
base_cond|06_effect_v3__dai|fb2d29f91a,GEN:base_cond:v3:effect:start,color_rain_2,store/gens/005_base_cond/06_effect_v3__dai/videos/G-unseen-cross__base_cond_effect_v3__color_rain_2__ref_fire_element_2__s43.mp4,8,120,0.4794340890923296,0.3471734682940871,0.4070688334984134,0.5401701824970898
base_cond|06_effect_v3__dai|8bb3246832,GEN:base_cond:v3:effect:both,air_bending_1,store/gens/005_base_cond/06_effect_v3__dai/videos/G-unseen-cross__base_cond_effect_v3__air_bending_1__ref_flame_transition_2__s42.mp4,8,113,0.719318097754178,0.8536820729489314,0.3408291418366392,1.0861151742028066
base_cond|06_effect_v3__dai|b09fcb4480,GEN:base_cond:v3:effect:both,air_bending_1,store/gens/005_base_cond/06_effect_v3__dai/videos/G-unseen-cross__base_cond_effect_v3__air_bending_1__ref_flame_transition_2__s43.mp4,8,113,0.7115361038813859,0.7556694261961465,0.4886217048956017,1.0861677468307676
base_cond|06_effect_v3__dai|981363a823,GEN:base_cond:v3:effect:start,animalization_2,store/gens/005_base_cond/06_effect_v3__dai/videos/G-unseen-cross__base_cond_effect_v3__animalization_2__ref_sakura_petals_1__s42.mp4,8,120,0.4127259608463309,0.5596687425017746,0.6208604956247493,0.3219237976171926
base_cond|06_effect_v3__dai|d588cc26b2,GEN:base_cond:v3:effect:start,animalization_2,store/gens/005_base_cond/06_effect_v3__dai/videos/G-unseen-cross__base_cond_effect_v3__animalization_2__ref_sakura_petals_1__s43.mp4,8,120,0.4051299195424827,0.5862751635908787,0.6328458793918484,0.3813771257123732
base_cond|06_effect_v3__dai|8e477ee8c8,GEN:base_cond:v3:effect:start,cotton_cloud_0,store/gens/005_base_cond/06_effect_v3__dai/videos/G-unseen-cross__base_cond_effect_v3__cotton_cloud_0__ref_animalization_2__s42.mp4,8,120,0.5868448830117803,0.2787523990030108,0.2893268142363748,0.776591268372037
base_cond|06_effect_v3__dai|c071958458,GEN:base_cond:v3:effect:start,cotton_cloud_0,store/gens/005_base_cond/06_effect_v3__dai/videos/G-unseen-cross__base_cond_effect_v3__cotton_cloud_0__ref_animalization_2__s43.mp4,8,120,0.5962370884065127,0.3458706930230991,0.3956514046421285,0.8607354490140104
base_cond|06_effect_v3__dai|6c3e21b8b7,GEN:base_cond:v3:effect:start,cotton_cloud_0,store/gens/005_base_cond/06_effect_v3__dai/videos/G-unseen-cross__base_cond_effect_v3__cotton_cloud_0__ref_wonderland_1__s42.mp4,8,120,0.6092265674050206,0.1481635563684425,0.1461458960124706,0.953709032155375
base_cond|06_effect_v3__dai|54a73f9919,GEN:base_cond:v3:effect:start,cotton_cloud_0,store/gens/005_base_cond/06_effect_v3__dai/videos/G-unseen-cross__base_cond_effect_v3__cotton_cloud_0__ref_wonderland_1__s43.mp4,8,120,0.5381276655657941,0.2859701506330604,0.3047441809287438,0.9421577116346724
base_cond|06_effect_v3__dai|61ce3edf00,GEN:base_cond:v3:effect:both,display_transition_1,store/gens/005_base_cond/06_effect_v3__dai/videos/G-unseen-cross__base_cond_effect_v3__display_transition_1__ref_air_bending_1__s42.mp4,8,113,0.7842891792273814,1.426901275127623,1.4477733158762942,0.825941139338721
base_cond|06_effect_v3__dai|4d2b00da10,GEN:base_cond:v3:effect:both,display_transition_1,store/gens/005_base_cond/06_effect_v3__dai/videos/G-unseen-cross__base_cond_effect_v3__display_transition_1__ref_air_bending_1__s43.mp4,8,113,0.5838735544368232,1.4460545350709673,1.6408928984450812,0.810388010095488
base_cond|06_effect_v3__dai|f014c4228e,GEN:base_cond:v3:effect:start,earth_element_4,store/gens/005_base_cond/06_effect_v3__dai/videos/G-unseen-cross__base_cond_effect_v3__earth_element_4__ref_super_fast_run_3__s42.mp4,8,120,0.4456771851688066,0.3197402614558818,0.3124632523937546,0.5230373801090517
base_cond|06_effect_v3__dai|71fd341782,GEN:base_cond:v3:effect:start,earth_element_4,store/gens/005_base_cond/06_effect_v3__dai/videos/G-unseen-cross__base_cond_effect_v3__earth_element_4__ref_super_fast_run_3__s43.mp4,8,120,0.5113547249629535,0.7569246484600426,0.8288084640241988,0.4501173249475249
base_cond|06_effect_v3__dai|6a772b6928,GEN:base_cond:v3:effect:both,firelava_4,store/gens/005_base_cond/06_effect_v3__dai/videos/G-unseen-cross__base_cond_effect_v3__firelava_4__ref_hero_flight_6__s42.mp4,8,113,0.721694473913181,0.3775978719084489,0.3863371863633562,0.9619252508124648
base_cond|06_effect_v3__dai|8b69a3316a,GEN:base_cond:v3:effect:both,firelava_4,store/gens/005_base_cond/06_effect_v3__dai/videos/G-unseen-cross__base_cond_effect_v3__firelava_4__ref_hero_flight_6__s43.mp4,8,113,0.6760042834607691,0.4230855772532447,0.5179859305705823,0.9603818357500618
base_cond|06_effect_v3__dai|48081267f1,GEN:base_cond:v3:effect:start,live_concert_0,store/gens/005_base_cond/06_effect_v3__dai/videos/G-unseen-cross__base_cond_effect_v3__live_concert_0__ref_plasma_explosion_2__s42.mp4,8,120,0.7137078941992898,0.5803971304550795,0.5519247976679064,0.6231470304322618
base_cond|06_effect_v3__dai|e502044513,GEN:base_cond:v3:effect:start,live_concert_0,store/gens/005_base_cond/06_effect_v3__dai/videos/G-unseen-cross__base_cond_effect_v3__live_concert_0__ref_plasma_explosion_2__s43.mp4,8,120,0.7555336344922121,0.5567760957890877,0.6651285636249678,0.6927745081271716
base_cond|06_effect_v3__dai|84fb2714a1,GEN:base_cond:v3:effect:both,earth_wave_5,store/gens/005_base_cond/06_effect_v3__dai/videos/G-unseen-cross__base_cond_effect_v3__earth_wave_5__ref_flame_transition_3__s42.mp4,8,113,0.6713505979388503,0.4894387041575878,0.253928206136532,0.9135649755592148
base_cond|06_effect_v3__dai|815a381f46,GEN:base_cond:v3:effect:both,earth_wave_5,store/gens/005_base_cond/06_effect_v3__dai/videos/G-unseen-cross__base_cond_effect_v3__earth_wave_5__ref_flame_transition_3__s43.mp4,8,113,0.6680346830058337,0.5364759236034546,0.4073012316375283,0.9124001164374992
base_cond|06_effect_v3__dai|95e43ae6cb,GEN:base_cond:v3:effect:start,fire_element_2,store/gens/005_base_cond/06_effect_v3__dai/videos/G-unseen-cross__base_cond_effect_v3__fire_element_2__ref_color_rain_2__s42.mp4,8,120,0.6215744151652953,0.2792678460379573,0.206602412472962,0.6432188897772627
base_cond|06_effect_v3__dai|a10d3c58af,GEN:base_cond:v3:effect:start,fire_element_2,store/gens/005_base_cond/06_effect_v3__dai/videos/G-unseen-cross__base_cond_effect_v3__fire_element_2__ref_color_rain_2__s43.mp4,8,120,0.4164769130878034,0.3232418740858935,0.360949257805143,0.6951051038600489
base_cond|06_effect_v3__dai|b74c71d057,GEN:base_cond:v3:effect:start,illustration_scene_4,store/gens/005_base_cond/06_effect_v3__dai/videos/G-unseen-cross__base_cond_effect_v3__illustration_scene_4__ref_earth_element_6__s42.mp4,8,120,0.6501707613076901,0.4460328980635447,0.4890633479054342,0.5079954469817469
base_cond|06_effect_v3__dai|e4ef1e6671,GEN:base_cond:v3:effect:start,illustration_scene_4,store/gens/005_base_cond/06_effect_v3__dai/videos/G-unseen-cross__base_cond_effect_v3__illustration_scene_4__ref_earth_element_6__s43.mp4,8,120,0.5534729055424477,0.4856647245890687,0.5084635840354187,0.4726736127480287
base_cond|06_effect_v3__dai|fee407f5d7,GEN:base_cond:v3:effect:start,gas_transformation_6,store/gens/005_base_cond/06_effect_v3__dai/videos/G-unseen-cross__base_cond_effect_v3__gas_transformation_6__ref_wireframe_7__s42.mp4,8,120,0.8590119280531179,0.2530411498000373,0.2648238708208035,1.1554520381585514
base_cond|06_effect_v3__dai|5f9ab24573,GEN:base_cond:v3:effect:start,gas_transformation_6,store/gens/005_base_cond/06_effect_v3__dai/videos/G-unseen-cross__base_cond_effect_v3__gas_transformation_6__ref_wireframe_7__s43.mp4,8,120,0.8153242947846806,0.1688401484985366,0.1797992696273616,1.2353130782512998
base_cond|06_effect_v3__dai|3d2abe7d18,GEN:base_cond:v3:effect:both,firelava_4,store/gens/005_base_cond/06_effect_v3__dai/videos/G-unseen-cross__base_cond_effect_v3__firelava_4__ref_water_bending_3__s42.mp4,8,113,0.8174343997628046,0.3539752974509405,0.2201584827729849,0.9609864849436314
base_cond|06_effect_v3__dai|c39fcb8c04,GEN:base_cond:v3:effect:both,firelava_4,store/gens/005_base_cond/06_effect_v3__dai/videos/G-unseen-cross__base_cond_effect_v3__firelava_4__ref_water_bending_3__s43.mp4,8,113,0.7579013461193433,0.3794784183226928,0.2625424268129642,0.9587774268496772
base_cond|06_effect_v3__dai|91f17dea02,GEN:base_cond:v3:effect:start,live_concert_4,store/gens/005_base_cond/06_effect_v3__dai/videos/G-unseen-cross__base_cond_effect_v3__live_concert_4__ref_gas_transformation_7__s42.mp4,8,120,0.3397559654768958,0.3722545883830804,0.4020113678547064,1.1273829747627568
base_cond|06_effect_v3__dai|850a2a6c17,GEN:base_cond:v3:effect:start,live_concert_4,store/gens/005_base_cond/06_effect_v3__dai/videos/G-unseen-cross__base_cond_effect_v3__live_concert_4__ref_gas_transformation_7__s43.mp4,8,120,0.4947959359545226,0.40961392969632,0.5055897862425379,0.9920107032519484
base_cond|06_effect_v3__dai|36872f7d59,GEN:base_cond:v3:effect:start,gas_transformation_7,store/gens/005_base_cond/06_effect_v3__dai/videos/G-unseen-cross__base_cond_effect_v3__gas_transformation_7__ref_mystification_0__s42.mp4,8,120,0.3170627165066881,0.2108772499881014,0.2509668924756732,0.9916283594494234
base_cond|06_effect_v3__dai|4b0a8ae3dc,GEN:base_cond:v3:effect:start,gas_transformation_7,store/gens/005_base_cond/06_effect_v3__dai/videos/G-unseen-cross__base_cond_effect_v3__gas_transformation_7__ref_mystification_0__s43.mp4,8,120,0.4365849672330455,0.5228062046098596,0.6080199902221012,0.8077718036452142
base_cond|06_effect_v3__dai|1dd96d3e1a,GEN:base_cond:v3:effect:both,hero_flight_6,store/gens/005_base_cond/06_effect_v3__dai/videos/G-unseen-cross__base_cond_effect_v3__hero_flight_6__ref_giant_grab_3__s42.mp4,8,113,0.6558393525134711,0.3974454079997077,0.4405657661632496,0.7205889728255905
base_cond|06_effect_v3__dai|d900e41b7a,GEN:base_cond:v3:effect:both,hero_flight_6,store/gens/005_base_cond/06_effect_v3__dai/videos/G-unseen-cross__base_cond_effect_v3__hero_flight_6__ref_giant_grab_3__s43.mp4,8,113,0.6194481269134182,0.4491888343097801,0.4544633916827439,0.7170887748656574
base_cond|06_effect_v3__dai|4d60a328e7,GEN:base_cond:v3:effect:start,money_rain_1,store/gens/005_base_cond/06_effect_v3__dai/videos/G-unseen-cross__base_cond_effect_v3__money_rain_1__ref_water_element_4__s42.mp4,8,120,0.6074740623010417,0.1969634550318041,0.1671237550424866,0.9221219217256528
base_cond|06_effect_v3__dai|2f15678b62,GEN:base_cond:v3:effect:start,money_rain_1,store/gens/005_base_cond/06_effect_v3__dai/videos/G-unseen-cross__base_cond_effect_v3__money_rain_1__ref_water_element_4__s43.mp4,8,120,0.5844509689734354,0.1598291986867837,0.1579088294559807,0.8888224866333212
base_cond|06_effect_v3__dai|f7af347380,GEN:base_cond:v3:effect:start,super_fast_run_3,store/gens/005_base_cond/06_effect_v3__dai/videos/G-unseen-cross__base_cond_effect_v3__super_fast_run_3__ref_portal_4__s42.mp4,8,120,0.5837841129005121,0.1840013578417372,0.0868986761778357,1.1271248027636211
base_cond|06_effect_v3__dai|2370c78628,GEN:base_cond:v3:effect:start,super_fast_run_3,store/gens/005_base_cond/06_effect_v3__dai/videos/G-unseen-cross__base_cond_effect_v3__super_fast_run_3__ref_portal_4__s43.mp4,8,120,0.5319693415852138,0.2370774554410949,0.2441072247028762,0.9310300590986158
base_cond|06_effect_v3__dai|116cc79c05,GEN:base_cond:v3:effect:start,plasma_explosion_2,store/gens/005_base_cond/06_effect_v3__dai/videos/G-unseen-cross__base_cond_effect_v3__plasma_explosion_2__ref_illustration_scene_7__s42.mp4,8,120,0.5834500274958181,0.2510719506500831,0.2702670732690727,0.8948268150300389
base_cond|06_effect_v3__dai|4cd9f92594,GEN:base_cond:v3:effect:start,plasma_explosion_2,store/gens/005_base_cond/06_effect_v3__dai/videos/G-unseen-cross__base_cond_effect_v3__plasma_explosion_2__ref_illustration_scene_7__s43.mp4,8,120,0.7732990937133157,0.3003710318259742,0.3163286790952145,0.9574499705131572
base_cond|06_effect_v3__dai|2358aa0040,GEN:base_cond:v3:effect:both,water_bending_3,store/gens/005_base_cond/06_effect_v3__dai/videos/G-unseen-cross__base_cond_effect_v3__water_bending_3__ref_shadow_smoke_7__s42.mp4,8,113,0.7477937598006588,0.4066600229093824,0.3497338913709038,0.7052910844270188
base_cond|06_effect_v3__dai|f1e1635db0,GEN:base_cond:v3:effect:both,water_bending_3,store/gens/005_base_cond/06_effect_v3__dai/videos/G-unseen-cross__base_cond_effect_v3__water_bending_3__ref_shadow_smoke_7__s43.mp4,8,113,0.7849264931172164,0.3415017568323916,0.178958582200391,0.7041478482923491
base_cond|06_effect_v3__dai|38a5f3d1ae,GEN:base_cond:v3:effect:start,wireframe_7,store/gens/005_base_cond/06_effect_v3__dai/videos/G-unseen-cross__base_cond_effect_v3__wireframe_7__ref_shadow_3__s42.mp4,8,120,0.5143593466505445,0.2464656116134315,0.2672470550109986,0.7008786730001384
base_cond|06_effect_v3__dai|aec2921c20,GEN:base_cond:v3:effect:start,wireframe_7,store/gens/005_base_cond/06_effect_v3__dai/videos/G-unseen-cross__base_cond_effect_v3__wireframe_7__ref_shadow_3__s43.mp4,8,120,0.5498398108195777,0.2339270197246951,0.2672856625348639,0.6972001102651739
base_cond|06_effect_v3__dai|d7df811d82,GEN:base_cond:v3:effect:start,shadow_10,store/gens/005_base_cond/06_effect_v3__dai/videos/G-unseen-cross__base_cond_effect_v3__shadow_10__ref_polygon_8__s42.mp4,8,120,0.5750114601139336,0.2195452914530672,0.2742074926206899,0.6745581062547265
base_cond|06_effect_v3__dai|efc90fd158,GEN:base_cond:v3:effect:start,shadow_10,store/gens/005_base_cond/06_effect_v3__dai/videos/G-unseen-cross__base_cond_effect_v3__shadow_10__ref_polygon_8__s43.mp4,8,120,0.6329362555570892,0.2517164366963841,0.284568809671291,0.6640646151028757
base_cond|06_effect_v3__dai|8572c69ae6,GEN:base_cond:v3:effect:start,portal_1,store/gens/005_base_cond/06_effect_v3__dai/videos/G-unseen-cross__base_cond_effect_v3__portal_1__ref_money_rain_3__s42.mp4,8,120,0.5827766477448608,0.5830136422969594,0.6763489729624195,0.7445302154635923
base_cond|06_effect_v3__dai|5fa0e0e14c,GEN:base_cond:v3:effect:start,portal_1,store/gens/005_base_cond/06_effect_v3__dai/videos/G-unseen-cross__base_cond_effect_v3__portal_1__ref_money_rain_3__s43.mp4,8,120,0.4951919426208973,0.3664318966349849,0.381157757323591,0.7787803145326784
base_cond|06_effect_v3__dai|19c0f40cf1,GEN:base_cond:v3:effect:start,animalization_0,store/gens/005_base_cond/06_effect_v3__dai/videos/G-unseen-same__base_cond_effect_v3__animalization_0__ref_animalization_2__s42.mp4,8,120,0.3538261418668944,0.456831189043982,0.477990934928084,0.8394199221419562
base_cond|06_effect_v3__dai|a782474a86,GEN:base_cond:v3:effect:start,animalization_0,store/gens/005_base_cond/06_effect_v3__dai/videos/G-unseen-same__base_cond_effect_v3__animalization_0__ref_animalization_2__s43.mp4,8,120,0.6304834191354454,0.397331814550336,0.4111570215688098,0.7925404967733637
base_cond|06_effect_v3__dai|b3b299a5cc,GEN:base_cond:v3:effect:start,color_rain_0,store/gens/005_base_cond/06_effect_v3__dai/videos/G-unseen-same__base_cond_effect_v3__color_rain_0__ref_color_rain_2__s42.mp4,8,120,0.4573809914591114,0.2790765443939547,0.2796861220612427,0.4605513858424609
base_cond|06_effect_v3__dai|e6e70aa8f6,GEN:base_cond:v3:effect:start,color_rain_0,store/gens/005_base_cond/06_effect_v3__dai/videos/G-unseen-same__base_cond_effect_v3__color_rain_0__ref_color_rain_2__s43.mp4,8,120,0.4261892223250014,0.3076125524708418,0.3422369673362542,0.7404210809317742
base_cond|06_effect_v3__dai|a46c987466,GEN:base_cond:v3:effect:start,gas_transformation_6,store/gens/005_base_cond/06_effect_v3__dai/videos/G-unseen-same__base_cond_effect_v3__gas_transformation_6__ref_gas_transformation_7__s42.mp4,8,120,0.493327596950873,0.2898795414671438,0.2780922868739114,0.7594223063248005
base_cond|06_effect_v3__dai|0a2e75691a,GEN:base_cond:v3:effect:start,gas_transformation_6,store/gens/005_base_cond/06_effect_v3__dai/videos/G-unseen-same__base_cond_effect_v3__gas_transformation_6__ref_gas_transformation_7__s43.mp4,8,120,0.5376403086499488,0.4827490958662151,0.5253200229827064,0.5987935526152797
base_cond|06_effect_v3__dai|1a9067f21b,GEN:base_cond:v3:effect:start,earth_element_4,store/gens/005_base_cond/06_effect_v3__dai/videos/G-unseen-same__base_cond_effect_v3__earth_element_4__ref_earth_element_6__s42.mp4,8,120,0.4442855481331658,0.2593012351964526,0.2680475958471971,0.3498696521782832
base_cond|06_effect_v3__dai|4db248646c,GEN:base_cond:v3:effect:start,earth_element_4,store/gens/005_base_cond/06_effect_v3__dai/videos/G-unseen-same__base_cond_effect_v3__earth_element_4__ref_earth_element_6__s43.mp4,8,120,0.3710439203015347,0.3917780721494027,0.456503898308605,0.4685808068841129
base_cond|06_effect_v3__dai|e1a467b4eb,GEN:base_cond:v3:effect:start,illustration_scene_4,store/gens/005_base_cond/06_effect_v3__dai/videos/G-unseen-same__base_cond_effect_v3__illustration_scene_4__ref_illustration_scene_7__s42.mp4,8,120,0.8445182547964001,0.3485283167804564,0.4981198260851651,0.7162067664305592
base_cond|06_effect_v3__dai|1793a6443f,GEN:base_cond:v3:effect:start,illustration_scene_4,store/gens/005_base_cond/06_effect_v3__dai/videos/G-unseen-same__base_cond_effect_v3__illustration_scene_4__ref_illustration_scene_7__s43.mp4,8,120,0.737849435127319,0.2887532938414936,0.302741780465389,0.6589871374883678
base_cond|06_effect_v3__dai|9aa289a359,GEN:base_cond:v3:effect:both,giant_grab_5,store/gens/005_base_cond/06_effect_v3__dai/videos/G-unseen-same__base_cond_effect_v3__giant_grab_5__ref_giant_grab_3__s42.mp4,8,113,0.8071768875676539,0.4359516583669229,0.5602170295772848,0.4926930183134648
base_cond|06_effect_v3__dai|2f35732167,GEN:base_cond:v3:effect:both,giant_grab_5,store/gens/005_base_cond/06_effect_v3__dai/videos/G-unseen-same__base_cond_effect_v3__giant_grab_5__ref_giant_grab_3__s43.mp4,8,113,0.7241049987140116,0.5649764247613794,0.595819712853189,0.4935091978758082
base_cond|06_effect_v3__dai|74148093f3,GEN:base_cond:v3:effect:both,hero_flight_5,store/gens/005_base_cond/06_effect_v3__dai/videos/G-unseen-same__base_cond_effect_v3__hero_flight_5__ref_hero_flight_6__s42.mp4,8,113,0.9183506771276227,0.2166405041592665,0.1877184406363151,0.677868242294883
base_cond|06_effect_v3__dai|c2a1ffc29e,GEN:base_cond:v3:effect:both,hero_flight_5,store/gens/005_base_cond/06_effect_v3__dai/videos/G-unseen-same__base_cond_effect_v3__hero_flight_5__ref_hero_flight_6__s43.mp4,8,113,0.8548547184058941,0.2826733848094982,0.1110218061696068,0.6776680066504909
base_cond|06_effect_v3__dai|1074f54b30,GEN:base_cond:v3:effect:both,earth_wave_5,store/gens/005_base_cond/06_effect_v3__dai/videos/G-unseen-same__base_cond_effect_v3__earth_wave_5__ref_earth_wave_3__s42.mp4,8,113,0.7113457871289879,0.3606376798145655,0.3251156442168518,0.9138883680287616
base_cond|06_effect_v3__dai|e217f70b13,GEN:base_cond:v3:effect:both,earth_wave_5,store/gens/005_base_cond/06_effect_v3__dai/videos/G-unseen-same__base_cond_effect_v3__earth_wave_5__ref_earth_wave_3__s43.mp4,8,113,0.6687789002943267,0.3513975693229729,0.3594695833785852,0.9125499434555734
base_cond|06_effect_v3__dai|2cf9c12f49,GEN:base_cond:v3:effect:start,fire_element_3,store/gens/005_base_cond/06_effect_v3__dai/videos/G-unseen-same__base_cond_effect_v3__fire_element_3__ref_fire_element_2__s42.mp4,8,120,0.44683086061304,0.2167591077720742,0.2066862526010156,0.9740457845518902
base_cond|06_effect_v3__dai|da6349173a,GEN:base_cond:v3:effect:start,fire_element_3,store/gens/005_base_cond/06_effect_v3__dai/videos/G-unseen-same__base_cond_effect_v3__fire_element_3__ref_fire_element_2__s43.mp4,8,120,0.4606515701647595,0.2521394412849802,0.2816907524100384,0.9282842406599726
base_cond|06_effect_v3__dai|0cc2c86c0a,GEN:base_cond:v3:effect:start,money_rain_1,store/gens/005_base_cond/06_effect_v3__dai/videos/G-unseen-same__base_cond_effect_v3__money_rain_1__ref_money_rain_3__s42.mp4,8,120,0.6343963733802318,0.943108608204424,0.9871437729132088,0.5446447873475584
base_cond|06_effect_v3__dai|65ae691bc0,GEN:base_cond:v3:effect:start,money_rain_1,store/gens/005_base_cond/06_effect_v3__dai/videos/G-unseen-same__base_cond_effect_v3__money_rain_1__ref_money_rain_3__s43.mp4,8,120,0.5926654436847232,0.4771385929102371,0.5791427255327346,0.7936934883513727
base_cond|06_effect_v3__dai|69cba43b6b,GEN:base_cond:v3:effect:both,flame_transition_2,store/gens/005_base_cond/06_effect_v3__dai/videos/G-unseen-same__base_cond_effect_v3__flame_transition_2__ref_flame_transition_3__s42.mp4,8,113,0.751959113612878,0.8815896915191926,0.8229427609507906,0.5850350283113761
base_cond|06_effect_v3__dai|21b99a28e4,GEN:base_cond:v3:effect:both,flame_transition_2,store/gens/005_base_cond/06_effect_v3__dai/videos/G-unseen-same__base_cond_effect_v3__flame_transition_2__ref_flame_transition_3__s43.mp4,8,113,0.6894014756481099,0.8886765695563482,0.917429542114435,0.585323867123545
base_cond|06_effect_v3__dai|9dd1e490ce,GEN:base_cond:v3:effect:both,flame_transition_3,store/gens/005_base_cond/06_effect_v3__dai/videos/G-unseen-same__base_cond_effect_v3__flame_transition_3__ref_flame_transition_2__s42.mp4,8,113,0.7858803253106539,0.5008044535131299,0.1212218415292173,0.7068871522504233
base_cond|06_effect_v3__dai|bb7044bf7a,GEN:base_cond:v3:effect:both,flame_transition_3,store/gens/005_base_cond/06_effect_v3__dai/videos/G-unseen-same__base_cond_effect_v3__flame_transition_3__ref_flame_transition_2__s43.mp4,8,113,0.7035226648559263,0.6259296923644931,0.4808259876097995,0.7080315697085869
base_cond|06_effect_v3__dai|456fd218bf,GEN:base_cond:v3:effect:start,mystification_1,store/gens/005_base_cond/06_effect_v3__dai/videos/G-unseen-same__base_cond_effect_v3__mystification_1__ref_mystification_0__s42.mp4,8,120,0.3267185722074899,0.151472109744237,0.1745180787147797,0.576824928816015
base_cond|06_effect_v3__dai|9fb1a6bfc0,GEN:base_cond:v3:effect:start,mystification_1,store/gens/005_base_cond/06_effect_v3__dai/videos/G-unseen-same__base_cond_effect_v3__mystification_1__ref_mystification_0__s43.mp4,8,120,0.172123209528443,0.2387533318396805,0.2767583724856827,0.557780314415782
base_cond|06_effect_v3__dai|1da067661b,GEN:base_cond:v3:effect:start,portal_1,store/gens/005_base_cond/06_effect_v3__dai/videos/G-unseen-same__base_cond_effect_v3__portal_1__ref_portal_4__s42.mp4,8,120,0.5404159571516769,0.2614353975083064,0.258200479147355,0.925364024077786
base_cond|06_effect_v3__dai|6382905d19,GEN:base_cond:v3:effect:start,portal_1,store/gens/005_base_cond/06_effect_v3__dai/videos/G-unseen-same__base_cond_effect_v3__portal_1__ref_portal_4__s43.mp4,8,120,0.6435176823463349,0.2584725683160529,0.2794126161551278,0.9434212136164772
base_cond|06_effect_v3__dai|480bf43999,GEN:base_cond:v3:effect:start,plasma_explosion_3,store/gens/005_base_cond/06_effect_v3__dai/videos/G-unseen-same__base_cond_effect_v3__plasma_explosion_3__ref_plasma_explosion_2__s42.mp4,8,120,0.4009750851573139,0.4255847627648738,0.4156011266418593,0.7892217460373884
base_cond|06_effect_v3__dai|de25da465f,GEN:base_cond:v3:effect:start,plasma_explosion_3,store/gens/005_base_cond/06_effect_v3__dai/videos/G-unseen-same__base_cond_effect_v3__plasma_explosion_3__ref_plasma_explosion_2__s43.mp4,8,120,0.4989839258810316,0.5452288448178825,0.6275227664317474,0.7832376449913648
base_cond|06_effect_v3__dai|8764e28421,GEN:base_cond:v3:effect:start,super_fast_run_0,store/gens/005_base_cond/06_effect_v3__dai/videos/G-unseen-same__base_cond_effect_v3__super_fast_run_0__ref_super_fast_run_3__s42.mp4,8,120,0.5045417041794884,0.8277866354986544,0.9529252234394494,0.5360072795272934
base_cond|06_effect_v3__dai|75157f0e61,GEN:base_cond:v3:effect:start,super_fast_run_0,store/gens/005_base_cond/06_effect_v3__dai/videos/G-unseen-same__base_cond_effect_v3__super_fast_run_0__ref_super_fast_run_3__s43.mp4,8,120,0.5508583704721624,0.698061659157567,0.7081278977613401,0.5040337893171921
base_cond|06_effect_v3__dai|a1492ecb15,GEN:base_cond:v3:effect:start,shadow_10,store/gens/005_base_cond/06_effect_v3__dai/videos/G-unseen-same__base_cond_effect_v3__shadow_10__ref_shadow_3__s42.mp4,8,120,0.5799738909328256,0.2938735201283529,0.3231327161008293,1.0487575102569515
base_cond|06_effect_v3__dai|95abd4e7bd,GEN:base_cond:v3:effect:start,shadow_10,store/gens/005_base_cond/06_effect_v3__dai/videos/G-unseen-same__base_cond_effect_v3__shadow_10__ref_shadow_3__s43.mp4,8,120,0.5563669167342715,0.3111725266446036,0.3457151058205395,0.9234000186309644
base_cond|06_effect_v3__dai|1e03d93fd3,GEN:base_cond:v3:effect:both,shadow_smoke_0,store/gens/005_base_cond/06_effect_v3__dai/videos/G-unseen-same__base_cond_effect_v3__shadow_smoke_0__ref_shadow_smoke_7__s42.mp4,8,113,0.697936796832547,0.7165941438687862,0.5776911115527099,0.5562636632558227
base_cond|06_effect_v3__dai|24fd1791f6,GEN:base_cond:v3:effect:both,shadow_smoke_0,store/gens/005_base_cond/06_effect_v3__dai/videos/G-unseen-same__base_cond_effect_v3__shadow_smoke_0__ref_shadow_smoke_7__s43.mp4,8,113,0.6735092934883973,0.6882909704932427,0.3845467733544154,0.5540040813062059
base_cond|06_effect_v3__dai|ba94b61215,GEN:base_cond:v3:effect:start,water_element_3,store/gens/005_base_cond/06_effect_v3__dai/videos/G-unseen-same__base_cond_effect_v3__water_element_3__ref_water_element_4__s42.mp4,8,120,0.5917160535121269,0.1959728148063158,0.1544617058637635,0.288015213838991
base_cond|06_effect_v3__dai|c5272d6b1b,GEN:base_cond:v3:effect:start,water_element_3,store/gens/005_base_cond/06_effect_v3__dai/videos/G-unseen-same__base_cond_effect_v3__water_element_3__ref_water_element_4__s43.mp4,8,120,0.529131662056731,0.2478642366476845,0.2043080198320504,0.3087536722711074
base_cond|06_effect_v3__dai|c28462f765,GEN:base_cond:v3:effect:start,wireframe_0,store/gens/005_base_cond/06_effect_v3__dai/videos/G-unseen-same__base_cond_effect_v3__wireframe_0__ref_wireframe_7__s42.mp4,8,120,0.8343384593292276,0.1361538191902236,0.0633946322442852,1.139121488366071
base_cond|06_effect_v3__dai|80075c086a,GEN:base_cond:v3:effect:start,wireframe_0,store/gens/005_base_cond/06_effect_v3__dai/videos/G-unseen-same__base_cond_effect_v3__wireframe_0__ref_wireframe_7__s43.mp4,8,120,0.5670348576196207,0.1180771058198679,0.1039100379509285,1.2722685399461002
base_cond|06_effect_v3__dai|b0d66a91c1,GEN:base_cond:v3:effect:start,animalization_0,store/gens/005_base_cond/06_effect_v3__dai/videos/G-zs-cross__base_cond_effect_v3__animalization_0__ref_acid_0__s42.mp4,8,120,0.5043633153218803,0.3250566671997556,0.3313109703888303,0.9194022219650092
base_cond|06_effect_v3__dai|837633e9c1,GEN:base_cond:v3:effect:start,animalization_0,store/gens/005_base_cond/06_effect_v3__dai/videos/G-zs-cross__base_cond_effect_v3__animalization_0__ref_acid_0__s43.mp4,8,120,0.5051815902422998,0.298161157903285,0.295477900163703,0.838612590186652
base_cond|06_effect_v3__dai|6a5397a8e1,GEN:base_cond:v3:effect:both,air_bending_1,store/gens/005_base_cond/06_effect_v3__dai/videos/G-zs-cross__base_cond_effect_v3__air_bending_1__ref_firelava_1__s42.mp4,8,113,0.7844047072819003,0.5380178825648332,0.0825583889794144,1.0863658725627512
base_cond|06_effect_v3__dai|05d3b4b84f,GEN:base_cond:v3:effect:both,air_bending_1,store/gens/005_base_cond/06_effect_v3__dai/videos/G-zs-cross__base_cond_effect_v3__air_bending_1__ref_firelava_1__s43.mp4,8,113,0.8090573001898655,0.5165646886577144,0.1061916014577499,1.086143359668165
base_cond|06_effect_v3__dai|75631e6bd7,GEN:base_cond:v3:effect:start,animalization_2,store/gens/005_base_cond/06_effect_v3__dai/videos/G-zs-cross__base_cond_effect_v3__animalization_2__ref_acid_1__s42.mp4,8,120,0.5318613596630226,0.3608194340520683,0.4028512360553929,0.6664639178875186
base_cond|06_effect_v3__dai|c8a6c98dd1,GEN:base_cond:v3:effect:start,animalization_2,store/gens/005_base_cond/06_effect_v3__dai/videos/G-zs-cross__base_cond_effect_v3__animalization_2__ref_acid_1__s43.mp4,8,120,0.4992425194110861,0.4697960312400833,0.5209439221327326,0.8507105617756624
base_cond|06_effect_v3__dai|9193acb5e6,GEN:base_cond:v3:effect:start,color_rain_0,store/gens/005_base_cond/06_effect_v3__dai/videos/G-zs-cross__base_cond_effect_v3__color_rain_0__ref_cotton_cloud_2__s42.mp4,8,120,0.5130197276771233,0.3128332052533149,0.3370082132142515,0.4183423299718293
base_cond|06_effect_v3__dai|6441d446eb,GEN:base_cond:v3:effect:start,color_rain_0,store/gens/005_base_cond/06_effect_v3__dai/videos/G-zs-cross__base_cond_effect_v3__color_rain_0__ref_cotton_cloud_2__s43.mp4,8,120,0.6268779044482609,0.2622461376284156,0.2078540465979343,0.5477429324856439
base_cond|06_effect_v3__dai|a9528d8593,GEN:base_cond:v3:effect:start,color_rain_2,store/gens/005_base_cond/06_effect_v3__dai/videos/G-zs-cross__base_cond_effect_v3__color_rain_2__ref_explosion_0__s42.mp4,8,120,0.3994790236028296,0.3003383969490092,0.2876247371542852,0.7176829587704827
base_cond|06_effect_v3__dai|0e566f2fa4,GEN:base_cond:v3:effect:start,color_rain_2,store/gens/005_base_cond/06_effect_v3__dai/videos/G-zs-cross__base_cond_effect_v3__color_rain_2__ref_explosion_0__s43.mp4,8,120,0.4320339214211479,0.3334343217225133,0.4137339944115006,1.192727765061905
base_cond|06_effect_v3__dai|9c965b0c9f,GEN:base_cond:v3:effect:start,color_rain_2,store/gens/005_base_cond/06_effect_v3__dai/videos/G-zs-cross__base_cond_effect_v3__color_rain_2__ref_saint_glow_1__s42.mp4,8,120,0.7832133895355746,0.0857603943547399,0.077661062326146,0.6405516280693989
base_cond|06_effect_v3__dai|872f85ca30,GEN:base_cond:v3:effect:start,color_rain_2,store/gens/005_base_cond/06_effect_v3__dai/videos/G-zs-cross__base_cond_effect_v3__color_rain_2__ref_saint_glow_1__s43.mp4,8,120,0.8007642631546676,0.184418876169403,0.1838127294389098,0.6571296745528618
base_cond|06_effect_v3__dai|a074b591cc,GEN:base_cond:v3:effect:start,earth_element_4,store/gens/005_base_cond/06_effect_v3__dai/videos/G-zs-cross__base_cond_effect_v3__earth_element_4__ref_explosion_1__s42.mp4,8,120,0.4615654717502107,0.4343470675191338,0.4912675485530125,0.708387915486896
base_cond|06_effect_v3__dai|bde7cd2dec,GEN:base_cond:v3:effect:start,earth_element_4,store/gens/005_base_cond/06_effect_v3__dai/videos/G-zs-cross__base_cond_effect_v3__earth_element_4__ref_explosion_1__s43.mp4,8,120,0.3475215230001927,0.4148342328717053,0.4473877762028208,0.8507095734200854
base_cond|06_effect_v3__dai|46034c67f5,GEN:base_cond:v3:effect:start,fire_element_2,store/gens/005_base_cond/06_effect_v3__dai/videos/G-zs-cross__base_cond_effect_v3__fire_element_2__ref_glitch_0__s42.mp4,8,120,0.5368393857869695,0.3595659491047855,0.3971091905989385,0.4113030253123119
base_cond|06_effect_v3__dai|7bb620c644,GEN:base_cond:v3:effect:start,fire_element_2,store/gens/005_base_cond/06_effect_v3__dai/videos/G-zs-cross__base_cond_effect_v3__fire_element_2__ref_glitch_0__s43.mp4,8,120,0.5921300539173477,0.5977139164572074,0.5389551011572244,0.4626286419643287
base_cond|06_effect_v3__dai|4626535101,GEN:base_cond:v3:effect:both,hero_flight_6,store/gens/005_base_cond/06_effect_v3__dai/videos/G-zs-cross__base_cond_effect_v3__hero_flight_6__ref_melt_transition_3__s42.mp4,8,113,0.5198384366534468,0.3270439302990345,0.3462741294664516,0.719859078703894
base_cond|06_effect_v3__dai|46f2b06c47,GEN:base_cond:v3:effect:both,hero_flight_6,store/gens/005_base_cond/06_effect_v3__dai/videos/G-zs-cross__base_cond_effect_v3__hero_flight_6__ref_melt_transition_3__s43.mp4,8,113,0.4562741163975905,0.4121580089376604,0.3838841419989423,0.7144166856828459
base_cond|06_effect_v3__dai|562e9dbabd,GEN:base_cond:v3:effect:both,hero_flight_5,store/gens/005_base_cond/06_effect_v3__dai/videos/G-zs-cross__base_cond_effect_v3__hero_flight_5__ref_flying_cam_transition_2__s42.mp4,8,113,0.7143259410395342,0.4008535606707489,0.2761992219027465,0.6783402049217588
base_cond|06_effect_v3__dai|d4abd1f3af,GEN:base_cond:v3:effect:both,hero_flight_5,store/gens/005_base_cond/06_effect_v3__dai/videos/G-zs-cross__base_cond_effect_v3__hero_flight_5__ref_flying_cam_transition_2__s43.mp4,8,113,0.6577239247346878,0.4424244394332729,0.4007944754226507,0.6752023493166185
base_cond|06_effect_v3__dai|00e9ed3340,GEN:base_cond:v3:effect:both,giant_grab_3,store/gens/005_base_cond/06_effect_v3__dai/videos/G-zs-cross__base_cond_effect_v3__giant_grab_3__ref_raven_transition_1__s42.mp4,8,113,0.6788746012789377,1.3316934719778004,1.4613694752847517,0.3443004519857223
base_cond|06_effect_v3__dai|5ccf17b7ec,GEN:base_cond:v3:effect:both,giant_grab_3,store/gens/005_base_cond/06_effect_v3__dai/videos/G-zs-cross__base_cond_effect_v3__giant_grab_3__ref_raven_transition_1__s43.mp4,8,113,0.6173355800812852,1.258069727772671,1.2282150769161508,0.3423338867395755
base_cond|06_effect_v3__dai|345e887eee,GEN:base_cond:v3:effect:start,fire_element_3,store/gens/005_base_cond/06_effect_v3__dai/videos/G-zs-cross__base_cond_effect_v3__fire_element_3__ref_glitch_1__s42.mp4,8,120,0.6008819330161661,0.5147104481275945,0.5310798935310236,0.7011139322089511
base_cond|06_effect_v3__dai|0c28eaeea1,GEN:base_cond:v3:effect:start,fire_element_3,store/gens/005_base_cond/06_effect_v3__dai/videos/G-zs-cross__base_cond_effect_v3__fire_element_3__ref_glitch_1__s43.mp4,8,120,0.5036208323704929,0.6441243706134193,0.7388548012529615,0.7343210407806332
base_cond|06_effect_v3__dai|760a821c91,GEN:base_cond:v3:effect:start,gas_transformation_7,store/gens/005_base_cond/06_effect_v3__dai/videos/G-zs-cross__base_cond_effect_v3__gas_transformation_7__ref_northern_lights_0__s42.mp4,8,120,0.6620162239804419,0.3152710043584291,0.4037885791919671,1.0339836598190042
base_cond|06_effect_v3__dai|7e80ae26ad,GEN:base_cond:v3:effect:start,gas_transformation_7,store/gens/005_base_cond/06_effect_v3__dai/videos/G-zs-cross__base_cond_effect_v3__gas_transformation_7__ref_northern_lights_0__s43.mp4,8,120,0.8167673928804273,0.2609148011457177,0.2854183126731131,1.0969329460613515
base_cond|06_effect_v3__dai|9d848009cc,GEN:base_cond:v3:effect:start,money_rain_3,store/gens/005_base_cond/06_effect_v3__dai/videos/G-zs-cross__base_cond_effect_v3__money_rain_3__ref_point_cloud_1__s42.mp4,8,120,0.6470246391238179,0.2593443175883118,0.2752503434364503,0.8612849853782276
base_cond|06_effect_v3__dai|7033bddf81,GEN:base_cond:v3:effect:start,money_rain_3,store/gens/005_base_cond/06_effect_v3__dai/videos/G-zs-cross__base_cond_effect_v3__money_rain_3__ref_point_cloud_1__s43.mp4,8,120,0.6355838932511357,0.2004564623579345,0.046392027975954,0.7568731224408797
base_cond|06_effect_v3__dai|56cb574eb3,GEN:base_cond:v3:effect:start,illustration_scene_4,store/gens/005_base_cond/06_effect_v3__dai/videos/G-zs-cross__base_cond_effect_v3__illustration_scene_4__ref_northern_lights_1__s42.mp4,8,120,0.607866267522897,0.2354496609200239,0.2671186325249208,0.7409094550635983
base_cond|06_effect_v3__dai|14106b169f,GEN:base_cond:v3:effect:start,illustration_scene_4,store/gens/005_base_cond/06_effect_v3__dai/videos/G-zs-cross__base_cond_effect_v3__illustration_scene_4__ref_northern_lights_1__s43.mp4,8,120,0.5973875811533262,0.2727192115797736,0.3094582892773869,0.8296420933202535
base_cond|06_effect_v3__dai|8ddb672f99,GEN:base_cond:v3:effect:start,money_rain_1,store/gens/005_base_cond/06_effect_v3__dai/videos/G-zs-cross__base_cond_effect_v3__money_rain_1__ref_point_cloud_0__s42.mp4,8,120,0.7602084024122264,0.2475324540188123,0.2172267656318847,0.9987550691079072
base_cond|06_effect_v3__dai|376134f77a,GEN:base_cond:v3:effect:start,money_rain_1,store/gens/005_base_cond/06_effect_v3__dai/videos/G-zs-cross__base_cond_effect_v3__money_rain_1__ref_point_cloud_0__s43.mp4,8,120,0.5461972430994206,0.1783970331044541,0.1693366092465696,1.0242251669264884
base_cond|06_effect_v3__dai|25ec9ee778,GEN:base_cond:v3:effect:start,mystification_1,store/gens/005_base_cond/06_effect_v3__dai/videos/G-zs-cross__base_cond_effect_v3__mystification_1__ref_train_rush_0__s42.mp4,8,120,0.4394465864235561,0.572493808324242,0.45589144654762,0.4957253863920277
base_cond|06_effect_v3__dai|8ed211b794,GEN:base_cond:v3:effect:start,mystification_1,store/gens/005_base_cond/06_effect_v3__dai/videos/G-zs-cross__base_cond_effect_v3__mystification_1__ref_train_rush_0__s43.mp4,8,120,0.5397646682412762,0.3815174646691477,0.4117546367337071,0.9703083747160948
base_cond|06_effect_v3__dai|d58a1dc02e,GEN:base_cond:v3:effect:start,polygon_8,store/gens/005_base_cond/06_effect_v3__dai/videos/G-zs-cross__base_cond_effect_v3__polygon_8__ref_x_ray_1__s42.mp4,8,120,0.7659390567035333,0.3700402103038506,0.408261903271808,0.7560858832996604
base_cond|06_effect_v3__dai|344676ce3a,GEN:base_cond:v3:effect:start,polygon_8,store/gens/005_base_cond/06_effect_v3__dai/videos/G-zs-cross__base_cond_effect_v3__polygon_8__ref_x_ray_1__s43.mp4,8,120,0.6883248981694692,0.2702966305518718,0.1638032056204523,0.5777005649721888
base_cond|06_effect_v3__dai|e0c51bdd59,GEN:base_cond:v3:effect:start,plasma_explosion_2,store/gens/005_base_cond/06_effect_v3__dai/videos/G-zs-cross__base_cond_effect_v3__plasma_explosion_2__ref_live_concert_3__s42.mp4,8,120,0.4661046093267977,0.6264502050098271,0.6075657410102666,0.8750700782373848
base_cond|06_effect_v3__dai|b3569a7493,GEN:base_cond:v3:effect:start,plasma_explosion_2,store/gens/005_base_cond/06_effect_v3__dai/videos/G-zs-cross__base_cond_effect_v3__plasma_explosion_2__ref_live_concert_3__s43.mp4,8,120,0.5089144389605773,0.5895764768320815,0.6107644847242317,0.9530982739179504
base_cond|06_effect_v3__dai|5cb7aea8fb,GEN:base_cond:v3:effect:start,plasma_explosion_2,store/gens/005_base_cond/06_effect_v3__dai/videos/G-zs-cross__base_cond_effect_v3__plasma_explosion_2__ref_train_rush_1__s42.mp4,8,120,0.5255346020314349,0.5237128856332632,0.5404568253043969,0.7171259843575076
base_cond|06_effect_v3__dai|fe324addf5,GEN:base_cond:v3:effect:start,plasma_explosion_2,store/gens/005_base_cond/06_effect_v3__dai/videos/G-zs-cross__base_cond_effect_v3__plasma_explosion_2__ref_train_rush_1__s43.mp4,8,120,0.4459695164217145,0.5828390682521783,0.6104916826095126,0.7389841022415728
base_cond|06_effect_v3__dai|bf81ac86a9,GEN:base_cond:v3:effect:start,polygon_4,store/gens/005_base_cond/06_effect_v3__dai/videos/G-zs-cross__base_cond_effect_v3__polygon_4__ref_x_ray_0__s42.mp4,8,120,0.5674862812859136,0.4517978396392492,0.4668862242310965,0.5273182059240896
base_cond|06_effect_v3__dai|f7934611bb,GEN:base_cond:v3:effect:start,polygon_4,store/gens/005_base_cond/06_effect_v3__dai/videos/G-zs-cross__base_cond_effect_v3__polygon_4__ref_x_ray_0__s43.mp4,8,120,0.511969705614882,0.4173768116653208,0.4491457727721404,0.6150746210286252
base_cond|06_effect_v3__dai|c424511de2,GEN:base_cond:v3:effect:start,portal_1,store/gens/005_base_cond/06_effect_v3__dai/videos/G-zs-cross__base_cond_effect_v3__portal_1__ref_luminous_gaze_1__s42.mp4,8,120,0.495122380019545,0.4224894541756283,0.3909906862271067,0.5474345682003248
base_cond|06_effect_v3__dai|769be84ab4,GEN:base_cond:v3:effect:start,portal_1,store/gens/005_base_cond/06_effect_v3__dai/videos/G-zs-cross__base_cond_effect_v3__portal_1__ref_luminous_gaze_1__s43.mp4,8,120,0.6289658433834449,0.3095756835283128,0.2880393139626724,0.5449945932149923
base_cond|06_effect_v3__dai|cc2d39beec,GEN:base_cond:v3:effect:both,shadow_smoke_0,store/gens/005_base_cond/06_effect_v3__dai/videos/G-zs-cross__base_cond_effect_v3__shadow_smoke_0__ref_display_transition_2__s42.mp4,8,113,0.7082970582314005,0.8263424106536218,0.9780473150032792,0.5579720136635531
base_cond|06_effect_v3__dai|894d78873e,GEN:base_cond:v3:effect:both,shadow_smoke_0,store/gens/005_base_cond/06_effect_v3__dai/videos/G-zs-cross__base_cond_effect_v3__shadow_smoke_0__ref_display_transition_2__s43.mp4,8,113,0.6524519996203142,0.983645311789484,1.3597299688458395,0.5546081489304551
base_cond|06_effect_v3__dai|bd0311fd35,GEN:base_cond:v3:effect:start,water_element_4,store/gens/005_base_cond/06_effect_v3__dai/videos/G-zs-cross__base_cond_effect_v3__water_element_4__ref_monstrosity_1__s42.mp4,8,120,0.412680595104657,0.3778930709492194,0.426974879793942,0.6313623443609656
base_cond|06_effect_v3__dai|3b2d34d317,GEN:base_cond:v3:effect:start,water_element_4,store/gens/005_base_cond/06_effect_v3__dai/videos/G-zs-cross__base_cond_effect_v3__water_element_4__ref_monstrosity_1__s43.mp4,8,120,0.3182357230891528,0.3842591057570672,0.4242700653160152,0.7310114267879025
base_cond|06_effect_v3__dai|d1c911a817,GEN:base_cond:v3:effect:start,acid_1,store/gens/005_base_cond/06_effect_v3__dai/videos/G-zs-same__base_cond_effect_v3__acid_1__ref_acid_0__s42.mp4,8,120,0.3225837740599557,0.4242040078360836,0.4724391715442996,0.6116909923814591
base_cond|06_effect_v3__dai|986e7a73af,GEN:base_cond:v3:effect:start,acid_1,store/gens/005_base_cond/06_effect_v3__dai/videos/G-zs-same__base_cond_effect_v3__acid_1__ref_acid_0__s43.mp4,8,120,0.4583678928840611,0.5005432308902399,0.5923219689521588,0.7442733411727627
base_cond|06_effect_v3__dai|f8695edbad,GEN:base_cond:v3:effect:both,flying_cam_transition_4,store/gens/005_base_cond/06_effect_v3__dai/videos/G-zs-same__base_cond_effect_v3__flying_cam_transition_4__ref_flying_cam_transition_2__s42.mp4,8,113,0.7207834392083392,0.3635287012088683,0.3625000987217616,1.1263659919372413
base_cond|06_effect_v3__dai|0ec024a2d8,GEN:base_cond:v3:effect:both,flying_cam_transition_4,store/gens/005_base_cond/06_effect_v3__dai/videos/G-zs-same__base_cond_effect_v3__flying_cam_transition_4__ref_flying_cam_transition_2__s43.mp4,8,113,0.6869057956068223,0.5508923016474152,0.582856304794411,1.1226109440587368
base_cond|06_effect_v3__dai|15878f5225,GEN:base_cond:v3:effect:start,explosion_0,store/gens/005_base_cond/06_effect_v3__dai/videos/G-zs-same__base_cond_effect_v3__explosion_0__ref_explosion_1__s42.mp4,8,120,0.4833965664976956,0.4956902981444496,0.5249010168883529,0.6332686995206744
base_cond|06_effect_v3__dai|eeb2ac9f2a,GEN:base_cond:v3:effect:start,explosion_0,store/gens/005_base_cond/06_effect_v3__dai/videos/G-zs-same__base_cond_effect_v3__explosion_0__ref_explosion_1__s43.mp4,8,120,0.4826418463391888,0.5279701424967135,0.5965236721889717,0.5477735329974986
base_cond|06_effect_v3__dai|082eb53e73,GEN:base_cond:v3:effect:start,explosion_1,store/gens/005_base_cond/06_effect_v3__dai/videos/G-zs-same__base_cond_effect_v3__explosion_1__ref_explosion_0__s42.mp4,8,120,0.5295487777805017,0.4553304799139225,0.4657224850670317,1.0340971106912435
base_cond|06_effect_v3__dai|29bbc6e3a1,GEN:base_cond:v3:effect:start,explosion_1,store/gens/005_base_cond/06_effect_v3__dai/videos/G-zs-same__base_cond_effect_v3__explosion_1__ref_explosion_0__s43.mp4,8,120,0.5325245063715496,0.5624243849499115,0.6560304929794422,1.0950686980096638
base_cond|06_effect_v3__dai|2e7ba40140,GEN:base_cond:v3:effect:both,firelava_4,store/gens/005_base_cond/06_effect_v3__dai/videos/G-zs-same__base_cond_effect_v3__firelava_4__ref_firelava_1__s42.mp4,8,113,0.7259761602479924,0.3919740154166071,0.2214097126789911,0.9609177600821824
base_cond|06_effect_v3__dai|edcafc9c15,GEN:base_cond:v3:effect:both,firelava_4,store/gens/005_base_cond/06_effect_v3__dai/videos/G-zs-same__base_cond_effect_v3__firelava_4__ref_firelava_1__s43.mp4,8,113,0.669199193997221,0.4909623392414147,0.4231009927647693,0.9583712253618916
base_cond|06_effect_v3__dai|9091fde68e,GEN:base_cond:v3:effect:start,cotton_cloud_0,store/gens/005_base_cond/06_effect_v3__dai/videos/G-zs-same__base_cond_effect_v3__cotton_cloud_0__ref_cotton_cloud_2__s42.mp4,8,120,0.4459599733701245,0.2520313298511135,0.2787468203863327,0.9586914460256676
base_cond|06_effect_v3__dai|484cfff5e7,GEN:base_cond:v3:effect:start,cotton_cloud_0,store/gens/005_base_cond/06_effect_v3__dai/videos/G-zs-same__base_cond_effect_v3__cotton_cloud_0__ref_cotton_cloud_2__s43.mp4,8,120,0.3183083528302481,0.2980290707704531,0.3271860498351321,0.9756190018209964
base_cond|06_effect_v3__dai|4b35f6cfe8,GEN:base_cond:v3:effect:both,display_transition_1,store/gens/005_base_cond/06_effect_v3__dai/videos/G-zs-same__base_cond_effect_v3__display_transition_1__ref_display_transition_2__s42.mp4,8,113,0.6099775932938167,0.5308598424869758,0.6647491508311933,0.8161091060654287
base_cond|06_effect_v3__dai|50c5908a5e,GEN:base_cond:v3:effect:both,display_transition_1,store/gens/005_base_cond/06_effect_v3__dai/videos/G-zs-same__base_cond_effect_v3__display_transition_1__ref_display_transition_2__s43.mp4,8,113,0.5687337279939251,0.4937245628015502,0.5859227254089014,0.8109477474654798
base_cond|06_effect_v3__dai|6877ef44e2,GEN:base_cond:v3:effect:start,acid_0,store/gens/005_base_cond/06_effect_v3__dai/videos/G-zs-same__base_cond_effect_v3__acid_0__ref_acid_1__s42.mp4,8,120,0.2495047288046765,0.3944787969827508,0.4628474088824859,0.9364763954553964
base_cond|06_effect_v3__dai|2a42b588a4,GEN:base_cond:v3:effect:start,acid_0,store/gens/005_base_cond/06_effect_v3__dai/videos/G-zs-same__base_cond_effect_v3__acid_0__ref_acid_1__s43.mp4,8,120,0.4962969010851148,0.9461083872999576,1.0317470806986542,0.6251787420601826
base_cond|06_effect_v3__dai|3fddb67614,GEN:base_cond:v3:effect:both,melt_transition_2,store/gens/005_base_cond/06_effect_v3__dai/videos/G-zs-same__base_cond_effect_v3__melt_transition_2__ref_melt_transition_3__s42.mp4,8,113,0.885332005604047,0.1557281039432913,0.0750692510687646,0.7662568196162336
base_cond|06_effect_v3__dai|d20eb4aae9,GEN:base_cond:v3:effect:both,melt_transition_2,store/gens/005_base_cond/06_effect_v3__dai/videos/G-zs-same__base_cond_effect_v3__melt_transition_2__ref_melt_transition_3__s43.mp4,8,113,0.74823060093468,0.2043536457670272,0.0632543943530588,0.7664567593267045
base_cond|06_effect_v3__dai|115fc8ca16,GEN:base_cond:v3:effect:start,live_concert_0,store/gens/005_base_cond/06_effect_v3__dai/videos/G-zs-same__base_cond_effect_v3__live_concert_0__ref_live_concert_3__s42.mp4,8,120,0.7050632064660018,0.3351222038126207,0.3426755988286216,1.0176410718892677
base_cond|06_effect_v3__dai|4583d1d17f,GEN:base_cond:v3:effect:start,live_concert_0,store/gens/005_base_cond/06_effect_v3__dai/videos/G-zs-same__base_cond_effect_v3__live_concert_0__ref_live_concert_3__s43.mp4,8,120,0.7377443015787835,0.4320440840374751,0.407225609455441,0.9878864430863448
base_cond|06_effect_v3__dai|1940db6dd3,GEN:base_cond:v3:effect:start,glitch_0,store/gens/005_base_cond/06_effect_v3__dai/videos/G-zs-same__base_cond_effect_v3__glitch_0__ref_glitch_1__s42.mp4,8,120,0.5049838518523928,0.639151765284504,0.7101607389021675,0.5020807711526443
base_cond|06_effect_v3__dai|2302d96111,GEN:base_cond:v3:effect:start,glitch_0,store/gens/005_base_cond/06_effect_v3__dai/videos/G-zs-same__base_cond_effect_v3__glitch_0__ref_glitch_1__s43.mp4,8,120,0.4754233901451901,0.6588017691244485,0.6908397327412075,0.4699489905895956
base_cond|06_effect_v3__dai|571737df18,GEN:base_cond:v3:effect:start,glitch_1,store/gens/005_base_cond/06_effect_v3__dai/videos/G-zs-same__base_cond_effect_v3__glitch_1__ref_glitch_0__s42.mp4,8,120,0.7580909923725254,0.2883308608194748,0.2800874191802922,0.5728023428899901
base_cond|06_effect_v3__dai|f44f714e5c,GEN:base_cond:v3:effect:start,glitch_1,store/gens/005_base_cond/06_effect_v3__dai/videos/G-zs-same__base_cond_effect_v3__glitch_1__ref_glitch_0__s43.mp4,8,120,0.6341035830463824,0.4006671838689661,0.417898073246725,0.6487459070032908
base_cond|06_effect_v3__dai|074bf03b2f,GEN:base_cond:v3:effect:start,luminous_gaze_3,store/gens/005_base_cond/06_effect_v3__dai/videos/G-zs-same__base_cond_effect_v3__luminous_gaze_3__ref_luminous_gaze_1__s42.mp4,8,120,0.7260674548490533,0.2943357791841687,0.131124559884657,0.9455904739585196
base_cond|06_effect_v3__dai|2b68da788a,GEN:base_cond:v3:effect:start,luminous_gaze_3,store/gens/005_base_cond/06_effect_v3__dai/videos/G-zs-same__base_cond_effect_v3__luminous_gaze_3__ref_luminous_gaze_1__s43.mp4,8,120,0.7446134622408258,0.2216220908153325,0.2518541679011886,1.127899162449007
base_cond|06_effect_v3__dai|913958d76b,GEN:base_cond:v3:effect:start,monstrosity_0,store/gens/005_base_cond/06_effect_v3__dai/videos/G-zs-same__base_cond_effect_v3__monstrosity_0__ref_monstrosity_1__s42.mp4,8,120,0.4661383231671201,0.5160500865462048,0.5894526603748925,0.4952565230326892
base_cond|06_effect_v3__dai|beac9c411e,GEN:base_cond:v3:effect:start,monstrosity_0,store/gens/005_base_cond/06_effect_v3__dai/videos/G-zs-same__base_cond_effect_v3__monstrosity_0__ref_monstrosity_1__s43.mp4,8,120,0.4068805460411728,0.4562822907810636,0.508301002688589,0.5914599456721872
base_cond|06_effect_v3__dai|283bbf0066,GEN:base_cond:v3:effect:start,northern_lights_0,store/gens/005_base_cond/06_effect_v3__dai/videos/G-zs-same__base_cond_effect_v3__northern_lights_0__ref_northern_lights_1__s42.mp4,8,120,0.3497483381894608,0.6090070790780695,0.6422197090048943,0.7119156636472823
base_cond|06_effect_v3__dai|7eb1c2729d,GEN:base_cond:v3:effect:start,northern_lights_0,store/gens/005_base_cond/06_effect_v3__dai/videos/G-zs-same__base_cond_effect_v3__northern_lights_0__ref_northern_lights_1__s43.mp4,8,120,0.3286605137329439,0.5229854685158465,0.5873156221280934,0.8741281521304931
base_cond|06_effect_v3__dai|7167f618f4,GEN:base_cond:v3:effect:start,point_cloud_1,store/gens/005_base_cond/06_effect_v3__dai/videos/G-zs-same__base_cond_effect_v3__point_cloud_1__ref_point_cloud_0__s42.mp4,8,120,0.6506884673737328,0.4268498218729736,0.4501349903936468,0.7816859596694543
base_cond|06_effect_v3__dai|bce7cf9a47,GEN:base_cond:v3:effect:start,point_cloud_1,store/gens/005_base_cond/06_effect_v3__dai/videos/G-zs-same__base_cond_effect_v3__point_cloud_1__ref_point_cloud_0__s43.mp4,8,120,0.639842023003899,0.1237117235741597,0.0851798665410285,0.771658647118245
base_cond|06_effect_v3__dai|bb899ac2f2,GEN:base_cond:v3:effect:start,northern_lights_1,store/gens/005_base_cond/06_effect_v3__dai/videos/G-zs-same__base_cond_effect_v3__northern_lights_1__ref_northern_lights_0__s42.mp4,8,120,0.3282613912000123,0.3645594139534803,0.3753153759478884,0.7472870872828435
base_cond|06_effect_v3__dai|2417365ffa,GEN:base_cond:v3:effect:start,northern_lights_1,store/gens/005_base_cond/06_effect_v3__dai/videos/G-zs-same__base_cond_effect_v3__northern_lights_1__ref_northern_lights_0__s43.mp4,8,120,0.2214521523186892,0.4217999417407561,0.4495177677005632,0.8350273560926821
base_cond|06_effect_v3__dai|4cd149578b,GEN:base_cond:v3:effect:start,point_cloud_0,store/gens/005_base_cond/06_effect_v3__dai/videos/G-zs-same__base_cond_effect_v3__point_cloud_0__ref_point_cloud_1__s42.mp4,8,120,0.6267215280220368,0.3349678385835913,0.3515023006408226,0.2993559095196272
base_cond|06_effect_v3__dai|0eea7ccf71,GEN:base_cond:v3:effect:start,point_cloud_0,store/gens/005_base_cond/06_effect_v3__dai/videos/G-zs-same__base_cond_effect_v3__point_cloud_0__ref_point_cloud_1__s43.mp4,8,120,0.6138255757716244,0.3225428700846329,0.3232183329251517,0.5587388543404279
base_cond|06_effect_v3__dai|f24447f4af,GEN:base_cond:v3:effect:start,saint_glow_3,store/gens/005_base_cond/06_effect_v3__dai/videos/G-zs-same__base_cond_effect_v3__saint_glow_3__ref_saint_glow_1__s42.mp4,8,120,0.5528726333924097,0.0755952205200303,0.0668458096549266,0.8444981802298238
base_cond|06_effect_v3__dai|26a62bcd38,GEN:base_cond:v3:effect:start,saint_glow_3,store/gens/005_base_cond/06_effect_v3__dai/videos/G-zs-same__base_cond_effect_v3__saint_glow_3__ref_saint_glow_1__s43.mp4,8,120,0.792307713537078,0.1421341486673419,0.0367220595250894,0.7175915407930322
base_cond|06_effect_v3__dai|262294d70f,GEN:base_cond:v3:effect:start,x_ray_0,store/gens/005_base_cond/06_effect_v3__dai/videos/G-zs-same__base_cond_effect_v3__x_ray_0__ref_x_ray_1__s42.mp4,8,120,0.5627624777582785,0.4299912434699162,0.4719874409203689,1.018581949252926
base_cond|06_effect_v3__dai|4c33fe3137,GEN:base_cond:v3:effect:start,x_ray_0,store/gens/005_base_cond/06_effect_v3__dai/videos/G-zs-same__base_cond_effect_v3__x_ray_0__ref_x_ray_1__s43.mp4,8,120,0.4974911070005103,0.3636267451587147,0.3692113870794731,1.0800243903242253
base_cond|06_effect_v3__dai|29aeedaf04,GEN:base_cond:v3:effect:start,x_ray_1,store/gens/005_base_cond/06_effect_v3__dai/videos/G-zs-same__base_cond_effect_v3__x_ray_1__ref_x_ray_0__s42.mp4,8,120,0.6954819328485731,0.1907224481460227,0.1946625742687248,0.9457578645650088
base_cond|06_effect_v3__dai|b87a7a7471,GEN:base_cond:v3:effect:start,x_ray_1,store/gens/005_base_cond/06_effect_v3__dai/videos/G-zs-same__base_cond_effect_v3__x_ray_1__ref_x_ray_0__s43.mp4,8,120,0.4918991851372929,0.2071621598158808,0.1751023565860711,0.9626775078322604
base_cond|06_effect_v3__dai|cf24856196,GEN:base_cond:v3:effect:start,train_rush_0,store/gens/005_base_cond/06_effect_v3__dai/videos/G-zs-same__base_cond_effect_v3__train_rush_0__ref_train_rush_1__s42.mp4,8,120,0.4752913376016237,1.9385585307231668,2.238288683856,0.362520033070983
base_cond|06_effect_v3__dai|e667d04a16,GEN:base_cond:v3:effect:start,train_rush_0,store/gens/005_base_cond/06_effect_v3__dai/videos/G-zs-same__base_cond_effect_v3__train_rush_0__ref_train_rush_1__s43.mp4,8,120,0.4713071463402527,2.7309773934016204,2.9330463973421934,0.2963588008813649
base_cond|06_effect_v3__dai|e97616e377,GEN:base_cond:v3:effect:start,train_rush_1,store/gens/005_base_cond/06_effect_v3__dai/videos/G-zs-same__base_cond_effect_v3__train_rush_1__ref_train_rush_0__s42.mp4,8,120,0.9067197789296588,0.2589639209548283,0.3077025475366671,1.038809360720934
dualforce_control|01_neutral__dai|34c341ea0a,GEN:dualforce_control:v2:neutral:start,animalization_3,store/gens/013_dualforce_control/01_neutral__dai/videos/G-fit__dualforce_control_neutral__animalization_3__ref_animalization_1__s42.mp4,8,120,0.5127227683169948,0.4647243909989987,0.5777981837061781,0.7086297814510546
dualforce_control|01_neutral__dai|976e43e10e,GEN:dualforce_control:v2:neutral:start,animalization_3,store/gens/013_dualforce_control/01_neutral__dai/videos/G-fit__dualforce_control_neutral__animalization_3__ref_animalization_1__s43.mp4,8,120,0.4940340976800059,0.5320630459838773,0.6328300244464542,0.6681721599626688
dualforce_control|01_neutral__dai|084561b9c0,GEN:dualforce_control:v2:neutral:start,color_rain_3,store/gens/013_dualforce_control/01_neutral__dai/videos/G-fit__dualforce_control_neutral__color_rain_3__ref_color_rain_1__s42.mp4,8,120,0.4058571750950011,0.4931304202460732,0.550698969876493,0.5320991886891804
dualforce_control|01_neutral__dai|784833fa9b,GEN:dualforce_control:v2:neutral:start,color_rain_3,store/gens/013_dualforce_control/01_neutral__dai/videos/G-fit__dualforce_control_neutral__color_rain_3__ref_color_rain_1__s43.mp4,8,120,0.5649334099262879,0.4754377250531434,0.511235244559681,0.4185562269538631
dualforce_control|01_neutral__dai|6c60face1d,GEN:dualforce_control:v2:neutral:start,money_rain_2,store/gens/013_dualforce_control/01_neutral__dai/videos/G-fit__dualforce_control_neutral__money_rain_2__ref_money_rain_0__s42.mp4,8,120,0.2626702963264806,0.3336406138818588,0.3674499132548432,0.6388111790610239
dualforce_control|01_neutral__dai|00c48a79aa,GEN:dualforce_control:v2:neutral:start,money_rain_2,store/gens/013_dualforce_control/01_neutral__dai/videos/G-fit__dualforce_control_neutral__money_rain_2__ref_money_rain_0__s43.mp4,8,120,0.3819462747605635,0.4383575213116266,0.4788992171621339,0.6253869803198044
dualforce_control|01_neutral__dai|840b9f7518,GEN:dualforce_control:v2:neutral:start,polygon_1,store/gens/013_dualforce_control/01_neutral__dai/videos/G-fit__dualforce_control_neutral__polygon_1__ref_polygon_0__s42.mp4,8,120,0.5377471486340739,0.2647725270812208,0.2435108527345063,0.5519082055222969
dualforce_control|01_neutral__dai|d828d99a8e,GEN:dualforce_control:v2:neutral:start,polygon_1,store/gens/013_dualforce_control/01_neutral__dai/videos/G-fit__dualforce_control_neutral__polygon_1__ref_polygon_0__s43.mp4,8,120,0.6114261557063783,0.2486432701102908,0.2224673242135594,0.5614244400691212
dualforce_control|01_neutral__dai|362f4562f3,GEN:dualforce_control:v2:neutral:start,wireframe_2,store/gens/013_dualforce_control/01_neutral__dai/videos/G-fit__dualforce_control_neutral__wireframe_2__ref_wireframe_1__s42.mp4,8,120,0.6773838870029081,0.0715050394112277,0.0172300020525051,1.1937323589587898
dualforce_control|01_neutral__dai|d575add20d,GEN:dualforce_control:v2:neutral:start,wireframe_2,store/gens/013_dualforce_control/01_neutral__dai/videos/G-fit__dualforce_control_neutral__wireframe_2__ref_wireframe_1__s43.mp4,8,120,0.5412795882986432,0.1299776680680565,0.03846661014428,1.2616645818180785
dualforce_control|01_neutral__dai|dc8db76309,GEN:dualforce_control:v2:neutral:start,animalization_0,store/gens/013_dualforce_control/01_neutral__dai/videos/G-memo-probe__dualforce_control_neutral__animalization_0__ref_animalization_1__s42.mp4,8,120,0.6645272196769665,0.464342031390539,0.4805273805240621,0.761505268030618
dualforce_control|01_neutral__dai|7f9f9957bb,GEN:dualforce_control:v2:neutral:start,animalization_0,store/gens/013_dualforce_control/01_neutral__dai/videos/G-memo-probe__dualforce_control_neutral__animalization_0__ref_animalization_1__s43.mp4,8,120,0.4850090198060817,0.5274177494438539,0.592880207947996,0.6249586490571033
dualforce_control|01_neutral__dai|f8fb8c70ea,GEN:dualforce_control:v2:neutral:both,hero_flight_1,store/gens/013_dualforce_control/01_neutral__dai/videos/G-fit__dualforce_control_neutral__hero_flight_1__ref_hero_flight_0__s42.mp4,8,113,0.6932696509437917,0.4422615186920893,0.4504923309064762,0.7392909315030394
dualforce_control|01_neutral__dai|ef61b2f160,GEN:dualforce_control:v2:neutral:both,hero_flight_1,store/gens/013_dualforce_control/01_neutral__dai/videos/G-fit__dualforce_control_neutral__hero_flight_1__ref_hero_flight_0__s43.mp4,8,113,0.6749196888960032,0.4480649260982847,0.4433927678507008,0.7418585337406329
dualforce_control|01_neutral__dai|7e1b3608c8,GEN:dualforce_control:v2:neutral:start,illustration_scene_1,store/gens/013_dualforce_control/01_neutral__dai/videos/G-fit__dualforce_control_neutral__illustration_scene_1__ref_illustration_scene_0__s42.mp4,8,120,0.4362594178196091,0.4286764179881233,0.4939922350019558,0.7149320305315475
dualforce_control|01_neutral__dai|59c824d3ec,GEN:dualforce_control:v2:neutral:start,illustration_scene_1,store/gens/013_dualforce_control/01_neutral__dai/videos/G-fit__dualforce_control_neutral__illustration_scene_1__ref_illustration_scene_0__s43.mp4,8,120,0.4172550178362728,0.4266768259735367,0.4768273927080337,0.7303157237585848
dualforce_control|01_neutral__dai|5e8a3c5750,GEN:dualforce_control:v2:neutral:start,earth_element_1,store/gens/013_dualforce_control/01_neutral__dai/videos/G-fit__dualforce_control_neutral__earth_element_1__ref_earth_element_0__s42.mp4,8,120,0.4268521870530817,0.3610522729600204,0.3979794148178652,0.5875009133471389
dualforce_control|01_neutral__dai|33f7b051e7,GEN:dualforce_control:v2:neutral:start,earth_element_1,store/gens/013_dualforce_control/01_neutral__dai/videos/G-fit__dualforce_control_neutral__earth_element_1__ref_earth_element_0__s43.mp4,8,120,0.4556335816482428,0.3510345807752303,0.4127611488932923,0.6042867564171377
dualforce_control|01_neutral__dai|a616b0e249,GEN:dualforce_control:v2:neutral:start,gas_transformation_1,store/gens/013_dualforce_control/01_neutral__dai/videos/G-fit__dualforce_control_neutral__gas_transformation_1__ref_gas_transformation_0__s42.mp4,8,120,0.4814615809832594,0.3252225360065762,0.3941515265732263,0.3476937576452561
dualforce_control|01_neutral__dai|6127f36a9a,GEN:dualforce_control:v2:neutral:start,gas_transformation_1,store/gens/013_dualforce_control/01_neutral__dai/videos/G-fit__dualforce_control_neutral__gas_transformation_1__ref_gas_transformation_0__s43.mp4,8,120,0.4876285454885283,0.3436376465806988,0.3958756588647945,0.3266511639936877
dualforce_control|01_neutral__dai|4042112695,GEN:dualforce_control:v2:neutral:start,gas_transformation_6,store/gens/013_dualforce_control/01_neutral__dai/videos/G-memo-probe__dualforce_control_neutral__gas_transformation_6__ref_gas_transformation_0__s42.mp4,8,120,0.4986941521143373,0.3473432969324133,0.3614869527315797,0.3552190466068357
dualforce_control|01_neutral__dai|7cbb14a3de,GEN:dualforce_control:v2:neutral:start,gas_transformation_6,store/gens/013_dualforce_control/01_neutral__dai/videos/G-memo-probe__dualforce_control_neutral__gas_transformation_6__ref_gas_transformation_0__s43.mp4,8,120,0.5295710668495548,0.4573392956087435,0.4535457064632307,0.364032996942873
dualforce_control|01_neutral__dai|bb900856ef,GEN:dualforce_control:v2:neutral:both,hero_flight_5,store/gens/013_dualforce_control/01_neutral__dai/videos/G-memo-probe__dualforce_control_neutral__hero_flight_5__ref_hero_flight_0__s42.mp4,8,113,0.7457292758635776,0.545861314071162,0.529106050533257,0.6751499641210172
dualforce_control|01_neutral__dai|243066d998,GEN:dualforce_control:v2:neutral:both,hero_flight_5,store/gens/013_dualforce_control/01_neutral__dai/videos/G-memo-probe__dualforce_control_neutral__hero_flight_5__ref_hero_flight_0__s43.mp4,8,113,0.7192503257378138,0.5040167274334046,0.5114221441824449,0.6721374203282094
dualforce_control|01_neutral__dai|d9e95b0fb2,GEN:dualforce_control:v2:neutral:start,illustration_scene_4,store/gens/013_dualforce_control/01_neutral__dai/videos/G-memo-probe__dualforce_control_neutral__illustration_scene_4__ref_illustration_scene_0__s42.mp4,8,120,0.5318235636563549,0.6368880822208864,0.6632290986539952,0.5352196292431104
dualforce_control|01_neutral__dai|1f37ead647,GEN:dualforce_control:v2:neutral:start,illustration_scene_4,store/gens/013_dualforce_control/01_neutral__dai/videos/G-memo-probe__dualforce_control_neutral__illustration_scene_4__ref_illustration_scene_0__s43.mp4,8,120,0.4888870588733014,0.5372989068373656,0.6219896855130855,0.6660579606842196
dualforce_control|01_neutral__dai|4767f83d8f,GEN:dualforce_control:v2:neutral:start,money_rain_1,store/gens/013_dualforce_control/01_neutral__dai/videos/G-memo-probe__dualforce_control_neutral__money_rain_1__ref_money_rain_0__s42.mp4,8,120,0.382119604689294,0.5410812702938909,0.6312662446424517,0.6537934065961802
dualforce_control|01_neutral__dai|d5e483d628,GEN:dualforce_control:v2:neutral:start,money_rain_1,store/gens/013_dualforce_control/01_neutral__dai/videos/G-memo-probe__dualforce_control_neutral__money_rain_1__ref_money_rain_0__s43.mp4,8,120,0.3317287980741594,0.3491585133546019,0.3697696349863241,0.5441165953658856
dualforce_control|01_neutral__dai|7fb5ce7460,GEN:dualforce_control:v2:neutral:both,shadow_smoke_2,store/gens/013_dualforce_control/01_neutral__dai/videos/G-fit__dualforce_control_neutral__shadow_smoke_2__ref_shadow_smoke_1__s42.mp4,8,113,0.6123598541926558,0.3863202057741832,0.4644398248636158,0.8233048479940324
dualforce_control|01_neutral__dai|18198ac286,GEN:dualforce_control:v2:neutral:both,shadow_smoke_2,store/gens/013_dualforce_control/01_neutral__dai/videos/G-fit__dualforce_control_neutral__shadow_smoke_2__ref_shadow_smoke_1__s43.mp4,8,113,0.6281901019179184,0.4236748474849127,0.506084067773932,0.8330540453324168
dualforce_control|01_neutral__dai|7c9f5ce4bf,GEN:dualforce_control:v2:neutral:start,super_fast_run_10,store/gens/013_dualforce_control/01_neutral__dai/videos/G-fit__dualforce_control_neutral__super_fast_run_10__ref_super_fast_run_1__s42.mp4,8,120,0.5492799888964339,0.4565813911422421,0.4675350510981204,0.5295835446472009
dualforce_control|01_neutral__dai|dfd048b0c7,GEN:dualforce_control:v2:neutral:start,super_fast_run_10,store/gens/013_dualforce_control/01_neutral__dai/videos/G-fit__dualforce_control_neutral__super_fast_run_10__ref_super_fast_run_1__s43.mp4,8,120,0.4677816600187225,0.4443494011840282,0.4480078643707728,0.5513756514075683
dualforce_control|01_neutral__dai|caef6c4a08,GEN:dualforce_control:v2:neutral:start,portal_10,store/gens/013_dualforce_control/01_neutral__dai/videos/G-fit__dualforce_control_neutral__portal_10__ref_portal_0__s42.mp4,8,120,0.6839703442150851,1.4974371427123754,1.7764518587641431,0.6044831701335787
dualforce_control|01_neutral__dai|6d87df2e40,GEN:dualforce_control:v2:neutral:start,portal_10,store/gens/013_dualforce_control/01_neutral__dai/videos/G-fit__dualforce_control_neutral__portal_10__ref_portal_0__s43.mp4,8,120,0.7259617192100603,1.4074938799036176,1.87016511339357,0.5689844293404883
dualforce_control|01_neutral__dai|d2ada919e0,GEN:dualforce_control:v2:neutral:start,shadow_1,store/gens/013_dualforce_control/01_neutral__dai/videos/G-fit__dualforce_control_neutral__shadow_1__ref_shadow_0__s42.mp4,8,120,0.6809744108622289,0.223810474628553,0.1639024379009367,0.6278377550467438
dualforce_control|01_neutral__dai|550fc41f0d,GEN:dualforce_control:v2:neutral:start,shadow_1,store/gens/013_dualforce_control/01_neutral__dai/videos/G-fit__dualforce_control_neutral__shadow_1__ref_shadow_0__s43.mp4,8,120,0.545023949575236,0.2900426642814955,0.2833380467077935,0.6471763621469243
dualforce_control|01_neutral__dai|340db21745,GEN:dualforce_control:v2:neutral:start,color_rain_0,store/gens/013_dualforce_control/01_neutral__dai/videos/G-memo-probe__dualforce_control_neutral__color_rain_0__ref_color_rain_1__s42.mp4,8,120,0.5380771276886525,0.344264621754788,0.3590299707133254,0.1615351300744776
dualforce_control|01_neutral__dai|e8e39b9a9b,GEN:dualforce_control:v2:neutral:start,color_rain_0,store/gens/013_dualforce_control/01_neutral__dai/videos/G-memo-probe__dualforce_control_neutral__color_rain_0__ref_color_rain_1__s43.mp4,8,120,0.377392382378622,0.362543908737838,0.4178239357239779,0.4956427282458505
dualforce_control|01_neutral__dai|2ae3ef4dfa,GEN:dualforce_control:v2:neutral:start,earth_element_4,store/gens/013_dualforce_control/01_neutral__dai/videos/G-memo-probe__dualforce_control_neutral__earth_element_4__ref_earth_element_0__s42.mp4,8,120,0.3960604867021484,0.3717224201407105,0.4031279118504071,0.542668561522724
dualforce_control|01_neutral__dai|249c6660c6,GEN:dualforce_control:v2:neutral:start,earth_element_4,store/gens/013_dualforce_control/01_neutral__dai/videos/G-memo-probe__dualforce_control_neutral__earth_element_4__ref_earth_element_0__s43.mp4,8,120,0.257861813032985,0.3428000268783022,0.3765316010760011,0.5554015135489889
dualforce_control|01_neutral__dai|da71657804,GEN:dualforce_control:v2:neutral:start,polygon_4,store/gens/013_dualforce_control/01_neutral__dai/videos/G-memo-probe__dualforce_control_neutral__polygon_4__ref_polygon_0__s42.mp4,8,120,0.4718672999667994,0.5122508391677476,0.5384629948480817,0.5066585741392575
dualforce_control|01_neutral__dai|492efcd666,GEN:dualforce_control:v2:neutral:start,polygon_4,store/gens/013_dualforce_control/01_neutral__dai/videos/G-memo-probe__dualforce_control_neutral__polygon_4__ref_polygon_0__s43.mp4,8,120,0.5768182901553767,0.4987763765333929,0.536936479175989,0.5248565046743894
dualforce_control|01_neutral__dai|a16dd7a91d,GEN:dualforce_control:v2:neutral:start,portal_1,store/gens/013_dualforce_control/01_neutral__dai/videos/G-memo-probe__dualforce_control_neutral__portal_1__ref_portal_0__s42.mp4,8,120,0.4862602130081166,0.6995101896743237,0.8230700219700128,0.6566266661703778
dualforce_control|01_neutral__dai|b70228cefd,GEN:dualforce_control:v2:neutral:start,portal_1,store/gens/013_dualforce_control/01_neutral__dai/videos/G-memo-probe__dualforce_control_neutral__portal_1__ref_portal_0__s43.mp4,8,120,0.5625947928312309,0.6494064776832456,0.7564832838470446,0.6424131550967909
dualforce_control|01_neutral__dai|9e69d49538,GEN:dualforce_control:v2:neutral:start,shadow_10,store/gens/013_dualforce_control/01_neutral__dai/videos/G-memo-probe__dualforce_control_neutral__shadow_10__ref_shadow_0__s42.mp4,8,120,0.6680595143943937,0.2339048875163706,0.2184513081236912,1.0492534337784534
dualforce_control|01_neutral__dai|84ad895445,GEN:dualforce_control:v2:neutral:start,shadow_10,store/gens/013_dualforce_control/01_neutral__dai/videos/G-memo-probe__dualforce_control_neutral__shadow_10__ref_shadow_0__s43.mp4,8,120,0.4595781768586322,0.2612724012913994,0.2747695721563806,1.2248890964964627
dualforce_control|01_neutral__dai|86beed22b5,GEN:dualforce_control:v2:neutral:both,shadow_smoke_0,store/gens/013_dualforce_control/01_neutral__dai/videos/G-memo-probe__dualforce_control_neutral__shadow_smoke_0__ref_shadow_smoke_1__s42.mp4,8,113,0.5585173783387787,0.8245549125108327,0.8327067074355003,0.5552832574522318
dualforce_control|01_neutral__dai|e226abbe6a,GEN:dualforce_control:v2:neutral:both,shadow_smoke_0,store/gens/013_dualforce_control/01_neutral__dai/videos/G-memo-probe__dualforce_control_neutral__shadow_smoke_0__ref_shadow_smoke_1__s43.mp4,8,113,0.5728410034248352,0.9100574532705316,1.0900941895901362,0.5524430974672666
dualforce_control|01_neutral__dai|cd2d2dfbae,GEN:dualforce_control:v2:neutral:start,earth_element_6,store/gens/013_dualforce_control/01_neutral__dai/videos/G-ref-control__dualforce_control_neutral__earth_element_6__ref_gas_transformation_6__s42.mp4,8,120,0.4424909932678689,0.4340633775464907,0.505118328491134,0.6081652002796863
dualforce_control|01_neutral__dai|602f2c2e58,GEN:dualforce_control:v2:neutral:start,earth_element_6,store/gens/013_dualforce_control/01_neutral__dai/videos/G-ref-control__dualforce_control_neutral__earth_element_6__ref_gas_transformation_6__s43.mp4,8,120,0.5982265181156776,0.4184998596127362,0.4511257788185895,0.6099867661687268
dualforce_control|01_neutral__dai|5698e8b027,GEN:dualforce_control:v2:neutral:start,gas_transformation_7,store/gens/013_dualforce_control/01_neutral__dai/videos/G-ref-control__dualforce_control_neutral__gas_transformation_7__ref_illustration_scene_4__s42.mp4,8,120,0.7233074027017297,0.1670998582216315,0.1415214259155844,0.8581320434644968
dualforce_control|01_neutral__dai|96abd02239,GEN:dualforce_control:v2:neutral:start,gas_transformation_7,store/gens/013_dualforce_control/01_neutral__dai/videos/G-ref-control__dualforce_control_neutral__gas_transformation_7__ref_illustration_scene_4__s43.mp4,8,120,0.7841451978291538,0.2115669985152782,0.2087242827466691,0.8304747946639155
dualforce_control|01_neutral__dai|31e59393ff,GEN:dualforce_control:v2:neutral:start,super_fast_run_0,store/gens/013_dualforce_control/01_neutral__dai/videos/G-memo-probe__dualforce_control_neutral__super_fast_run_0__ref_super_fast_run_1__s42.mp4,8,120,0.4118731249335987,0.4711320529898731,0.4908387999047394,0.5798212877851094
dualforce_control|01_neutral__dai|b6a3cc995f,GEN:dualforce_control:v2:neutral:start,super_fast_run_0,store/gens/013_dualforce_control/01_neutral__dai/videos/G-memo-probe__dualforce_control_neutral__super_fast_run_0__ref_super_fast_run_1__s43.mp4,8,120,0.4199358727327047,0.501115355893253,0.5158194458041333,0.5703060883995734
dualforce_control|01_neutral__dai|963e05508d,GEN:dualforce_control:v2:neutral:start,wireframe_0,store/gens/013_dualforce_control/01_neutral__dai/videos/G-memo-probe__dualforce_control_neutral__wireframe_0__ref_wireframe_1__s42.mp4,8,120,0.8366547822406953,0.0583843384259716,0.0666152230015482,1.6616478180854295
dualforce_control|01_neutral__dai|2fef97bcbc,GEN:dualforce_control:v2:neutral:start,wireframe_0,store/gens/013_dualforce_control/01_neutral__dai/videos/G-memo-probe__dualforce_control_neutral__wireframe_0__ref_wireframe_1__s43.mp4,8,120,0.826620361370785,0.0205343722819324,0.0089807725106029,1.4906018830238912
dualforce_control|01_neutral__dai|96290ed503,GEN:dualforce_control:v2:neutral:start,animalization_2,store/gens/013_dualforce_control/01_neutral__dai/videos/G-ref-control__dualforce_control_neutral__animalization_2__ref_color_rain_0__s42.mp4,8,120,0.4938438020562157,0.2589441696465345,0.2900945066277077,0.4831133293300887
dualforce_control|01_neutral__dai|6461474d4c,GEN:dualforce_control:v2:neutral:start,animalization_2,store/gens/013_dualforce_control/01_neutral__dai/videos/G-ref-control__dualforce_control_neutral__animalization_2__ref_color_rain_0__s43.mp4,8,120,0.3618903720161164,0.2991916020579593,0.3274202483744071,0.333235524185928
dualforce_control|01_neutral__dai|ebb0dce77c,GEN:dualforce_control:v2:neutral:start,color_rain_2,store/gens/013_dualforce_control/01_neutral__dai/videos/G-ref-control__dualforce_control_neutral__color_rain_2__ref_earth_element_4__s42.mp4,8,120,0.4721683637225873,0.5861054262904797,0.6156318064453378,0.4249448446864826
dualforce_control|01_neutral__dai|58d807a3af,GEN:dualforce_control:v2:neutral:start,color_rain_2,store/gens/013_dualforce_control/01_neutral__dai/videos/G-ref-control__dualforce_control_neutral__color_rain_2__ref_earth_element_4__s43.mp4,8,120,0.4338803414218006,0.5047981076077371,0.520220630625626,0.5463806727201586
dualforce_control|01_neutral__dai|fd4da54db3,GEN:dualforce_control:v2:neutral:start,money_rain_3,store/gens/013_dualforce_control/01_neutral__dai/videos/G-ref-control__dualforce_control_neutral__money_rain_3__ref_portal_1__s42.mp4,8,120,0.6143278256844347,0.7315676711063618,0.8433204450376147,0.5856768783659998
dualforce_control|01_neutral__dai|b1bb3f456b,GEN:dualforce_control:v2:neutral:start,money_rain_3,store/gens/013_dualforce_control/01_neutral__dai/videos/G-ref-control__dualforce_control_neutral__money_rain_3__ref_portal_1__s43.mp4,8,120,0.5767096065961095,0.6252808507112638,0.8206660914202528,0.6090161297997152
dualforce_control|01_neutral__dai|6c70302c97,GEN:dualforce_control:v2:neutral:start,polygon_8,store/gens/013_dualforce_control/01_neutral__dai/videos/G-ref-control__dualforce_control_neutral__polygon_8__ref_shadow_10__s42.mp4,8,120,0.3872960244924059,0.4068711526451686,0.4446460655591706,0.9367801499228
dualforce_control|01_neutral__dai|d99e6c5740,GEN:dualforce_control:v2:neutral:start,polygon_8,store/gens/013_dualforce_control/01_neutral__dai/videos/G-ref-control__dualforce_control_neutral__polygon_8__ref_shadow_10__s43.mp4,8,120,0.369490836434162,0.3910883145999366,0.4185396082761286,1.6148089890549768
dualforce_control|01_neutral__dai|839528c8f6,GEN:dualforce_control:v2:neutral:start,portal_4,store/gens/013_dualforce_control/01_neutral__dai/videos/G-ref-control__dualforce_control_neutral__portal_4__ref_super_fast_run_0__s42.mp4,8,120,0.4592959827430432,0.7398615929087005,0.6940472751576731,0.7767936579929626
dualforce_control|01_neutral__dai|f6056fc72f,GEN:dualforce_control:v2:neutral:start,portal_4,store/gens/013_dualforce_control/01_neutral__dai/videos/G-ref-control__dualforce_control_neutral__portal_4__ref_super_fast_run_0__s43.mp4,8,120,0.4838592352449875,0.5630875332499273,0.5077705353794307,0.898064220879966
dualforce_control|01_neutral__dai|58af544843,GEN:dualforce_control:v2:neutral:start,shadow_3,store/gens/013_dualforce_control/01_neutral__dai/videos/G-ref-control__dualforce_control_neutral__shadow_3__ref_wireframe_0__s42.mp4,8,120,0.4539736597176598,0.6726956090240223,0.7731459872942786,0.9165144254369408
dualforce_control|01_neutral__dai|dd36bcba10,GEN:dualforce_control:v2:neutral:start,shadow_3,store/gens/013_dualforce_control/01_neutral__dai/videos/G-ref-control__dualforce_control_neutral__shadow_3__ref_wireframe_0__s43.mp4,8,120,0.5189048291959466,0.3247751830566709,0.3079735032917057,0.6474574791495997
dualforce_control|01_neutral__dai|db86885265,GEN:dualforce_control:v2:neutral:both,hero_flight_6,store/gens/013_dualforce_control/01_neutral__dai/videos/G-ref-control__dualforce_control_neutral__hero_flight_6__ref_shadow_smoke_0__s42.mp4,8,113,0.4760598244759633,0.7534764698980023,0.735419888360213,0.71922751017505
dualforce_control|01_neutral__dai|d788455500,GEN:dualforce_control:v2:neutral:both,hero_flight_6,store/gens/013_dualforce_control/01_neutral__dai/videos/G-ref-control__dualforce_control_neutral__hero_flight_6__ref_shadow_smoke_0__s43.mp4,8,113,0.4177264089122401,0.7719280728671657,0.8197295426882681,0.7137052280018565
dualforce_control|01_neutral__dai|d36cb2e2fb,GEN:dualforce_control:v2:neutral:start,illustration_scene_7,store/gens/013_dualforce_control/01_neutral__dai/videos/G-ref-control__dualforce_control_neutral__illustration_scene_7__ref_polygon_4__s42.mp4,8,120,0.4102145981940732,0.342410128548048,0.4004339223086366,0.9691113398930892
dualforce_control|01_neutral__dai|2e0c5d2540,GEN:dualforce_control:v2:neutral:start,illustration_scene_7,store/gens/013_dualforce_control/01_neutral__dai/videos/G-ref-control__dualforce_control_neutral__illustration_scene_7__ref_polygon_4__s43.mp4,8,120,0.4429274304054158,0.3769530758231071,0.4374074883625026,0.797625412003355
dualforce_control|01_neutral__dai|89a3bef314,GEN:dualforce_control:v2:neutral:both,shadow_smoke_7,store/gens/013_dualforce_control/01_neutral__dai/videos/G-ref-control__dualforce_control_neutral__shadow_smoke_7__ref_hero_flight_5__s42.mp4,8,113,0.7224435410000947,0.5903514215791053,0.6487753441368627,0.9196544257620582
dualforce_control|01_neutral__dai|e343b84f68,GEN:dualforce_control:v2:neutral:both,shadow_smoke_7,store/gens/013_dualforce_control/01_neutral__dai/videos/G-ref-control__dualforce_control_neutral__shadow_smoke_7__ref_hero_flight_5__s43.mp4,8,113,0.6925489070785575,0.6355164779728297,0.6356569333970745,0.9198746090565496
dualforce_control|01_neutral__dai|fc7fd6583a,GEN:dualforce_control:v2:neutral:start,super_fast_run_3,store/gens/013_dualforce_control/01_neutral__dai/videos/G-ref-control__dualforce_control_neutral__super_fast_run_3__ref_color_rain_0__s42.mp4,8,120,0.4189161084235853,0.2577479270675623,0.2711089980339332,0.6333705952068367
dualforce_control|01_neutral__dai|122d4f3ccc,GEN:dualforce_control:v2:neutral:start,super_fast_run_3,store/gens/013_dualforce_control/01_neutral__dai/videos/G-ref-control__dualforce_control_neutral__super_fast_run_3__ref_color_rain_0__s43.mp4,8,120,0.4504244409038791,0.4423543531174859,0.4566360693690104,0.4661972281241366
dualforce_control|01_neutral__dai|764a5ef7f0,GEN:dualforce_control:v2:neutral:start,wireframe_7,store/gens/013_dualforce_control/01_neutral__dai/videos/G-ref-control__dualforce_control_neutral__wireframe_7__ref_earth_element_4__s42.mp4,8,120,0.4503108528288007,0.5591159986489747,0.6147027815862421,0.6649442090392664
dualforce_control|01_neutral__dai|a04840b516,GEN:dualforce_control:v2:neutral:start,wireframe_7,store/gens/013_dualforce_control/01_neutral__dai/videos/G-ref-control__dualforce_control_neutral__wireframe_7__ref_earth_element_4__s43.mp4,8,120,0.5047127437415355,0.5478853902922158,0.5989202160677232,0.6412550734642289
dualforce_control|01_neutral__dai|550aa19ec4,GEN:dualforce_control:v2:neutral:start,color_rain_0,store/gens/013_dualforce_control/01_neutral__dai/videos/G-unseen-cross__dualforce_control_neutral__color_rain_0__ref_animalization_0__s42.mp4,8,120,0.4272227958382755,0.4027803310151863,0.4100802966491865,0.6214847708675425
dualforce_control|01_neutral__dai|96c00582a1,GEN:dualforce_control:v2:neutral:start,color_rain_0,store/gens/013_dualforce_control/01_neutral__dai/videos/G-unseen-cross__dualforce_control_neutral__color_rain_0__ref_animalization_0__s43.mp4,8,120,0.5792782043962634,0.6182781924122803,0.679144394889471,0.5384464079783908
dualforce_control|01_neutral__dai|cc7808ed08,GEN:dualforce_control:v2:neutral:start,earth_element_4,store/gens/013_dualforce_control/01_neutral__dai/videos/G-unseen-cross__dualforce_control_neutral__earth_element_4__ref_color_rain_0__s42.mp4,8,120,0.2645059557595794,0.2052401611304076,0.2313724776681241,0.4141802322893488
dualforce_control|01_neutral__dai|0b7ef9db6f,GEN:dualforce_control:v2:neutral:start,earth_element_4,store/gens/013_dualforce_control/01_neutral__dai/videos/G-unseen-cross__dualforce_control_neutral__earth_element_4__ref_color_rain_0__s43.mp4,8,120,0.2012365105931162,0.2779858090770756,0.3281581737247703,0.4655573005565167
dualforce_control|01_neutral__dai|48bd8fac92,GEN:dualforce_control:v2:neutral:start,earth_element_6,store/gens/013_dualforce_control/01_neutral__dai/videos/G-unseen-cross__dualforce_control_neutral__earth_element_6__ref_color_rain_0__s42.mp4,8,120,0.3608957516686779,0.5120587205894492,0.5578163000575709,0.5677973607808842
dualforce_control|01_neutral__dai|972ce50f37,GEN:dualforce_control:v2:neutral:start,earth_element_6,store/gens/013_dualforce_control/01_neutral__dai/videos/G-unseen-cross__dualforce_control_neutral__earth_element_6__ref_color_rain_0__s43.mp4,8,120,0.4926200641871272,0.6459184708350834,0.6991590008630774,0.518141597946618
dualforce_control|01_neutral__dai|13a49390b3,GEN:dualforce_control:v2:neutral:start,cotton_cloud_0,store/gens/013_dualforce_control/01_neutral__dai/videos/G-unseen-cross__dualforce_control_neutral__cotton_cloud_0__ref_super_fast_run_0__s42.mp4,8,120,0.4796526863569041,0.5663727191704832,0.610769904972076,0.8804228553643736
dualforce_control|01_neutral__dai|e6260b2a9b,GEN:dualforce_control:v2:neutral:start,cotton_cloud_0,store/gens/013_dualforce_control/01_neutral__dai/videos/G-unseen-cross__dualforce_control_neutral__cotton_cloud_0__ref_super_fast_run_0__s43.mp4,8,120,0.5334137929963723,0.4447755096471422,0.4631777436118743,0.8938767627678368
dualforce_control|01_neutral__dai|77b07adac9,GEN:dualforce_control:v2:neutral:both,display_transition_1,store/gens/013_dualforce_control/01_neutral__dai/videos/G-unseen-cross__dualforce_control_neutral__display_transition_1__ref_hero_flight_5__s42.mp4,8,113,0.5930778948108029,0.5923097306876323,0.6019432987872637,0.8526781668771174
dualforce_control|01_neutral__dai|4fe9f2497c,GEN:dualforce_control:v2:neutral:both,display_transition_1,store/gens/013_dualforce_control/01_neutral__dai/videos/G-unseen-cross__dualforce_control_neutral__display_transition_1__ref_hero_flight_5__s43.mp4,8,113,0.7989463076401702,0.4741931118911421,0.566451949598986,0.8087370904733865
dualforce_control|01_neutral__dai|e7c2e2e82e,GEN:dualforce_control:v2:neutral:start,live_concert_0,store/gens/013_dualforce_control/01_neutral__dai/videos/G-unseen-cross__dualforce_control_neutral__live_concert_0__ref_gas_transformation_6__s42.mp4,8,120,0.8430479108075939,0.2827699508800126,0.1494764041500937,0.5260875998428333
dualforce_control|01_neutral__dai|0ea819884e,GEN:dualforce_control:v2:neutral:start,live_concert_0,store/gens/013_dualforce_control/01_neutral__dai/videos/G-unseen-cross__dualforce_control_neutral__live_concert_0__ref_gas_transformation_6__s43.mp4,8,120,0.8116335333375553,0.3209293851211937,0.2060966314383208,0.5080260879822082
dualforce_control|01_neutral__dai|5aba145c66,GEN:dualforce_control:v2:neutral:both,melt_transition_2,store/gens/013_dualforce_control/01_neutral__dai/videos/G-unseen-cross__dualforce_control_neutral__melt_transition_2__ref_shadow_smoke_0__s42.mp4,8,113,0.5273565208814874,0.5188270673305111,0.6793875114081884,0.7644470847910745
dualforce_control|01_neutral__dai|8ffa83ca96,GEN:dualforce_control:v2:neutral:both,melt_transition_2,store/gens/013_dualforce_control/01_neutral__dai/videos/G-unseen-cross__dualforce_control_neutral__melt_transition_2__ref_shadow_smoke_0__s43.mp4,8,113,0.4970649733692809,0.59037962738059,0.7440201570840563,0.7653257728686369
dualforce_control|01_neutral__dai|3525436a51,GEN:dualforce_control:v2:neutral:start,monstrosity_0,store/gens/013_dualforce_control/01_neutral__dai/videos/G-unseen-cross__dualforce_control_neutral__monstrosity_0__ref_illustration_scene_4__s42.mp4,8,120,0.6115690559599245,0.3777774329751534,0.4217925364568817,0.6883943062253465
dualforce_control|01_neutral__dai|047f1d7e97,GEN:dualforce_control:v2:neutral:start,monstrosity_0,store/gens/013_dualforce_control/01_neutral__dai/videos/G-unseen-cross__dualforce_control_neutral__monstrosity_0__ref_illustration_scene_4__s43.mp4,8,120,0.5814958222623743,0.4991728552587178,0.6000653952260453,0.6927174606085026
dualforce_control|01_neutral__dai|2a718447b7,GEN:dualforce_control:v2:neutral:start,mystification_0,store/gens/013_dualforce_control/01_neutral__dai/videos/G-unseen-cross__dualforce_control_neutral__mystification_0__ref_illustration_scene_4__s42.mp4,8,120,0.5733949586999643,0.6238574167388959,0.7711816772693247,0.3671755542445006
dualforce_control|01_neutral__dai|3dd75f312d,GEN:dualforce_control:v2:neutral:start,mystification_0,store/gens/013_dualforce_control/01_neutral__dai/videos/G-unseen-cross__dualforce_control_neutral__mystification_0__ref_illustration_scene_4__s43.mp4,8,120,0.5807836167461335,0.5909384815248873,0.7430931830301661,0.5564516407904444
dualforce_control|01_neutral__dai|76ef31dc2e,GEN:dualforce_control:v2:neutral:start,color_rain_2,store/gens/013_dualforce_control/01_neutral__dai/videos/G-unseen-cross__dualforce_control_neutral__color_rain_2__ref_animalization_0__s42.mp4,8,120,0.4545303537268974,0.565734359909102,0.591132839087649,0.4315917804099025
dualforce_control|01_neutral__dai|78964c188a,GEN:dualforce_control:v2:neutral:start,color_rain_2,store/gens/013_dualforce_control/01_neutral__dai/videos/G-unseen-cross__dualforce_control_neutral__color_rain_2__ref_animalization_0__s43.mp4,8,120,0.4781995079583421,0.587717611943705,0.649543508600744,0.4661620899536821
dualforce_control|01_neutral__dai|a2d8d7c6de,GEN:dualforce_control:v2:neutral:start,color_rain_2,store/gens/013_dualforce_control/01_neutral__dai/videos/G-unseen-cross__dualforce_control_neutral__color_rain_2__ref_super_fast_run_0__s42.mp4,8,120,0.4694829917119809,0.3733825324663232,0.3722171507822049,0.5390796883643886
dualforce_control|01_neutral__dai|33bb72e2f2,GEN:dualforce_control:v2:neutral:start,color_rain_2,store/gens/013_dualforce_control/01_neutral__dai/videos/G-unseen-cross__dualforce_control_neutral__color_rain_2__ref_super_fast_run_0__s43.mp4,8,120,0.5006207062019763,0.4769949427989912,0.4950610452416529,0.5287347013925646
dualforce_control|01_neutral__dai|264fd9bdb0,GEN:dualforce_control:v2:neutral:start,earth_element_6,store/gens/013_dualforce_control/01_neutral__dai/videos/G-unseen-cross__dualforce_control_neutral__earth_element_6__ref_wireframe_0__s42.mp4,8,120,0.4686543704971981,0.4283820336488081,0.482443847423595,0.5232799430764424
dualforce_control|01_neutral__dai|fc19508eb1,GEN:dualforce_control:v2:neutral:start,earth_element_6,store/gens/013_dualforce_control/01_neutral__dai/videos/G-unseen-cross__dualforce_control_neutral__earth_element_6__ref_wireframe_0__s43.mp4,8,120,0.453426277461797,0.4175243796959297,0.4531326093902453,0.6150497398944768
dualforce_control|01_neutral__dai|28136b16db,GEN:dualforce_control:v2:neutral:both,earth_wave_3,store/gens/013_dualforce_control/01_neutral__dai/videos/G-unseen-cross__dualforce_control_neutral__earth_wave_3__ref_hero_flight_5__s42.mp4,8,113,0.849491413372504,0.5351805864391992,0.6491963365784235,0.7758710915286178
dualforce_control|01_neutral__dai|cf2a006521,GEN:dualforce_control:v2:neutral:both,earth_wave_3,store/gens/013_dualforce_control/01_neutral__dai/videos/G-unseen-cross__dualforce_control_neutral__earth_wave_3__ref_hero_flight_5__s43.mp4,8,113,0.4957521739527504,0.8394669456784484,0.9503873020167748,0.7659581266053458
dualforce_control|01_neutral__dai|28577987b9,GEN:dualforce_control:v2:neutral:start,portal_4,store/gens/013_dualforce_control/01_neutral__dai/videos/G-unseen-cross__dualforce_control_neutral__portal_4__ref_polygon_4__s42.mp4,8,120,0.5802781802483186,0.3928792147154363,0.4408621257284399,0.99657746883634
dualforce_control|01_neutral__dai|d3b53a2d0b,GEN:dualforce_control:v2:neutral:start,portal_4,store/gens/013_dualforce_control/01_neutral__dai/videos/G-unseen-cross__dualforce_control_neutral__portal_4__ref_polygon_4__s43.mp4,8,120,0.4741754368248398,0.4446844230123724,0.4579063497393352,0.9545089570159078
dualforce_control|01_neutral__dai|29f42fd39a,GEN:dualforce_control:v2:neutral:both,raven_transition_2,store/gens/013_dualforce_control/01_neutral__dai/videos/G-unseen-cross__dualforce_control_neutral__raven_transition_2__ref_shadow_smoke_0__s42.mp4,8,113,0.4319142942444005,0.4963684254057801,0.493300091986696,1.0154450455262305
dualforce_control|01_neutral__dai|a5230caa75,GEN:dualforce_control:v2:neutral:both,raven_transition_2,store/gens/013_dualforce_control/01_neutral__dai/videos/G-unseen-cross__dualforce_control_neutral__raven_transition_2__ref_shadow_smoke_0__s43.mp4,8,113,0.5720661007513501,0.4965151835444133,0.5656521328992714,1.018692458998007
dualforce_control|01_neutral__dai|f949dd29e8,GEN:dualforce_control:v2:neutral:start,polygon_4,store/gens/013_dualforce_control/01_neutral__dai/videos/G-unseen-cross__dualforce_control_neutral__polygon_4__ref_money_rain_1__s42.mp4,8,120,0.4105535282479267,0.6167552823980533,0.6555929388579232,0.417931764334438
dualforce_control|01_neutral__dai|e6165244b6,GEN:dualforce_control:v2:neutral:start,polygon_4,store/gens/013_dualforce_control/01_neutral__dai/videos/G-unseen-cross__dualforce_control_neutral__polygon_4__ref_money_rain_1__s43.mp4,8,120,0.4489232048978804,0.6075226314512875,0.6374461015058351,0.4141599243612479
dualforce_control|01_neutral__dai|228dcc3ccc,GEN:dualforce_control:v2:neutral:start,polygon_8,store/gens/013_dualforce_control/01_neutral__dai/videos/G-unseen-cross__dualforce_control_neutral__polygon_8__ref_money_rain_1__s42.mp4,8,120,0.503489229873177,0.6251797233085672,0.6307020880895775,0.3295540278994649
dualforce_control|01_neutral__dai|a52b1afaed,GEN:dualforce_control:v2:neutral:start,polygon_8,store/gens/013_dualforce_control/01_neutral__dai/videos/G-unseen-cross__dualforce_control_neutral__polygon_8__ref_money_rain_1__s43.mp4,8,120,0.5514499311879271,0.55852924361625,0.5733661917870331,0.2854282899607648
dualforce_control|01_neutral__dai|abcf2cc194,GEN:dualforce_control:v2:neutral:start,fire_element_2,store/gens/013_dualforce_control/01_neutral__dai/videos/G-unseen-cross__dualforce_control_neutral__fire_element_2__ref_wireframe_0__s42.mp4,8,120,0.4261585948419126,0.3441515568955808,0.3797598111800491,0.3916545299098429
dualforce_control|01_neutral__dai|aa4a123eec,GEN:dualforce_control:v2:neutral:start,fire_element_2,store/gens/013_dualforce_control/01_neutral__dai/videos/G-unseen-cross__dualforce_control_neutral__fire_element_2__ref_wireframe_0__s43.mp4,8,120,0.6838821287320236,0.3072927230350233,0.3452385623969976,1.180049046889254
dualforce_control|01_neutral__dai|2932aa0c0f,GEN:dualforce_control:v2:neutral:start,gas_transformation_6,store/gens/013_dualforce_control/01_neutral__dai/videos/G-unseen-cross__dualforce_control_neutral__gas_transformation_6__ref_earth_element_4__s42.mp4,8,120,0.3906723447266891,0.4614731151507018,0.5102180604900307,0.562092635582665
dualforce_control|01_neutral__dai|b23d65a8b6,GEN:dualforce_control:v2:neutral:start,gas_transformation_6,store/gens/013_dualforce_control/01_neutral__dai/videos/G-unseen-cross__dualforce_control_neutral__gas_transformation_6__ref_earth_element_4__s43.mp4,8,120,0.4609561404678022,0.5333099948928584,0.6001453819761212,0.616678571535541
dualforce_control|01_neutral__dai|757c9413ec,GEN:dualforce_control:v2:neutral:start,gas_transformation_7,store/gens/013_dualforce_control/01_neutral__dai/videos/G-unseen-cross__dualforce_control_neutral__gas_transformation_7__ref_earth_element_4__s42.mp4,8,120,0.3826455135555437,0.4088558947244805,0.4601379372721619,0.9812476084599968
dualforce_control|01_neutral__dai|5499eb9bc2,GEN:dualforce_control:v2:neutral:start,gas_transformation_7,store/gens/013_dualforce_control/01_neutral__dai/videos/G-unseen-cross__dualforce_control_neutral__gas_transformation_7__ref_earth_element_4__s43.mp4,8,120,0.4769860900856755,0.4964464054998503,0.5731397644573482,0.8860392221436331
dualforce_control|01_neutral__dai|14fa917201,GEN:dualforce_control:v2:neutral:start,illustration_scene_7,store/gens/013_dualforce_control/01_neutral__dai/videos/G-unseen-cross__dualforce_control_neutral__illustration_scene_7__ref_gas_transformation_6__s42.mp4,8,120,0.4447408008340914,0.395029948306047,0.3961174920678143,0.5830835224010408
dualforce_control|01_neutral__dai|7fed38a2b3,GEN:dualforce_control:v2:neutral:start,illustration_scene_7,store/gens/013_dualforce_control/01_neutral__dai/videos/G-unseen-cross__dualforce_control_neutral__illustration_scene_7__ref_gas_transformation_6__s43.mp4,8,120,0.3166176774971758,0.4843569580266902,0.5288656352359092,0.605973137297391
dualforce_control|01_neutral__dai|bc04dc5eb5,GEN:dualforce_control:v2:neutral:start,saint_glow_3,store/gens/013_dualforce_control/01_neutral__dai/videos/G-unseen-cross__dualforce_control_neutral__saint_glow_3__ref_polygon_4__s42.mp4,8,120,0.4354202667586582,0.34783963572415,0.443949724217248,0.904059098866675
dualforce_control|01_neutral__dai|c1ef0433c6,GEN:dualforce_control:v2:neutral:start,saint_glow_3,store/gens/013_dualforce_control/01_neutral__dai/videos/G-unseen-cross__dualforce_control_neutral__saint_glow_3__ref_polygon_4__s43.mp4,8,120,0.4683510861803754,0.3011797835774014,0.3647670692549475,0.9107384797205872
dualforce_control|01_neutral__dai|eb8cdbb3fd,GEN:dualforce_control:v2:neutral:start,shadow_3,store/gens/013_dualforce_control/01_neutral__dai/videos/G-unseen-cross__dualforce_control_neutral__shadow_3__ref_portal_1__s42.mp4,8,120,0.6595031607493156,0.6280124228328983,0.6261083221288103,0.9937299591787618
dualforce_control|01_neutral__dai|ca1a7e577d,GEN:dualforce_control:v2:neutral:start,shadow_3,store/gens/013_dualforce_control/01_neutral__dai/videos/G-unseen-cross__dualforce_control_neutral__shadow_3__ref_portal_1__s43.mp4,8,120,0.5746058522728783,0.7185594977987777,0.7944339752900237,0.9739406388480706
dualforce_control|01_neutral__dai|2cf9e3bf37,GEN:dualforce_control:v2:neutral:start,super_fast_run_0,store/gens/013_dualforce_control/01_neutral__dai/videos/G-unseen-cross__dualforce_control_neutral__super_fast_run_0__ref_portal_1__s42.mp4,8,120,0.5367910681732286,0.5391706743148789,0.4812556958336397,0.4651718628275955
dualforce_control|01_neutral__dai|ffd4fdf32b,GEN:dualforce_control:v2:neutral:start,super_fast_run_0,store/gens/013_dualforce_control/01_neutral__dai/videos/G-unseen-cross__dualforce_control_neutral__super_fast_run_0__ref_portal_1__s43.mp4,8,120,0.5999293018922365,0.972107668501344,1.1565673584671254,0.4377964294664727
dualforce_control|01_neutral__dai|84ad94cf71,GEN:dualforce_control:v2:neutral:start,water_element_4,store/gens/013_dualforce_control/01_neutral__dai/videos/G-unseen-cross__dualforce_control_neutral__water_element_4__ref_shadow_10__s42.mp4,8,120,0.2951411895529676,0.3481956855517625,0.3998978001856519,0.5464404663677338
dualforce_control|01_neutral__dai|892c6923e1,GEN:dualforce_control:v2:neutral:start,water_element_4,store/gens/013_dualforce_control/01_neutral__dai/videos/G-unseen-cross__dualforce_control_neutral__water_element_4__ref_shadow_10__s43.mp4,8,120,0.2496751959279943,0.3237528947318712,0.3578448017014595,0.5876443873963411
dualforce_control|01_neutral__dai|44eaa7689a,GEN:dualforce_control:v2:neutral:start,wireframe_0,store/gens/013_dualforce_control/01_neutral__dai/videos/G-unseen-cross__dualforce_control_neutral__wireframe_0__ref_shadow_10__s42.mp4,8,120,0.3772147871104805,0.2828640024839977,0.2952642372607416,0.8449759384744933
dualforce_control|01_neutral__dai|22ee60751c,GEN:dualforce_control:v2:neutral:start,wireframe_0,store/gens/013_dualforce_control/01_neutral__dai/videos/G-unseen-cross__dualforce_control_neutral__wireframe_0__ref_shadow_10__s43.mp4,8,120,0.4075411353311982,0.3177155483156421,0.3787246690677579,0.8460048835930841
dualforce_control|01_neutral__dai|4ffe7ab542,GEN:dualforce_control:v2:neutral:start,animalization_2,store/gens/013_dualforce_control/01_neutral__dai/videos/G-unseen-same__dualforce_control_neutral__animalization_2__ref_animalization_0__s42.mp4,8,120,0.4186287471793208,0.5304098421526379,0.5811346525477228,0.2985139901538141
dualforce_control|01_neutral__dai|a2f6b1ce77,GEN:dualforce_control:v2:neutral:start,animalization_2,store/gens/013_dualforce_control/01_neutral__dai/videos/G-unseen-same__dualforce_control_neutral__animalization_2__ref_animalization_0__s43.mp4,8,120,0.4485922140465785,0.6633925815565404,0.6227768864105395,0.2895646470879873
dualforce_control|01_neutral__dai|e201735983,GEN:dualforce_control:v2:neutral:start,color_rain_2,store/gens/013_dualforce_control/01_neutral__dai/videos/G-unseen-same__dualforce_control_neutral__color_rain_2__ref_color_rain_0__s42.mp4,8,120,0.3185896834910411,0.423170743985429,0.4818646573016975,0.3630873659825775
dualforce_control|01_neutral__dai|0c88c3207a,GEN:dualforce_control:v2:neutral:start,color_rain_2,store/gens/013_dualforce_control/01_neutral__dai/videos/G-unseen-same__dualforce_control_neutral__color_rain_2__ref_color_rain_0__s43.mp4,8,120,0.3132727435189442,0.3871148340663248,0.4633810178267759,0.525700073993696
dualforce_control|01_neutral__dai|789fee57e8,GEN:dualforce_control:v2:neutral:start,earth_element_6,store/gens/013_dualforce_control/01_neutral__dai/videos/G-unseen-same__dualforce_control_neutral__earth_element_6__ref_earth_element_4__s42.mp4,8,120,0.4713340661862812,0.5412575243078691,0.5625883749379664,0.588091519843675
dualforce_control|01_neutral__dai|43a01f0fe1,GEN:dualforce_control:v2:neutral:start,earth_element_6,store/gens/013_dualforce_control/01_neutral__dai/videos/G-unseen-same__dualforce_control_neutral__earth_element_6__ref_earth_element_4__s43.mp4,8,120,0.4779418736195164,0.534155428171412,0.5623632949800134,0.6700529475924805
dualforce_control|01_neutral__dai|9cc2e87ee8,GEN:dualforce_control:v2:neutral:start,gas_transformation_7,store/gens/013_dualforce_control/01_neutral__dai/videos/G-unseen-same__dualforce_control_neutral__gas_transformation_7__ref_gas_transformation_6__s42.mp4,8,120,0.5191003412817248,0.315413834968119,0.322480789607026,0.8427278523216782
dualforce_control|01_neutral__dai|b641b83f8f,GEN:dualforce_control:v2:neutral:start,gas_transformation_7,store/gens/013_dualforce_control/01_neutral__dai/videos/G-unseen-same__dualforce_control_neutral__gas_transformation_7__ref_gas_transformation_6__s43.mp4,8,120,0.5147192556405025,0.2864546699606082,0.3722403375100132,0.7583843803095707
dualforce_control|01_neutral__dai|ed48693f03,GEN:dualforce_control:v2:neutral:both,hero_flight_6,store/gens/013_dualforce_control/01_neutral__dai/videos/G-unseen-same__dualforce_control_neutral__hero_flight_6__ref_hero_flight_5__s42.mp4,8,113,0.5932025340183587,0.6403728877901754,0.6615952752162524,0.7173173648032887
dualforce_control|01_neutral__dai|e6441161c0,GEN:dualforce_control:v2:neutral:both,hero_flight_6,store/gens/013_dualforce_control/01_neutral__dai/videos/G-unseen-same__dualforce_control_neutral__hero_flight_6__ref_hero_flight_5__s43.mp4,8,113,0.683287631230806,0.7808899079633748,0.962839803840018,0.717987854286843
dualforce_control|01_neutral__dai|e806c4c235,GEN:dualforce_control:v2:neutral:start,polygon_8,store/gens/013_dualforce_control/01_neutral__dai/videos/G-unseen-same__dualforce_control_neutral__polygon_8__ref_polygon_4__s42.mp4,8,120,0.4827607058188994,0.4383703132008077,0.4615567533586026,0.5691968356897539
dualforce_control|01_neutral__dai|09cb61add0,GEN:dualforce_control:v2:neutral:start,polygon_8,store/gens/013_dualforce_control/01_neutral__dai/videos/G-unseen-same__dualforce_control_neutral__polygon_8__ref_polygon_4__s43.mp4,8,120,0.5560933546778346,0.3965310583545303,0.4486097337284705,0.5491251381560491
dualforce_control|01_neutral__dai|5980046f74,GEN:dualforce_control:v2:neutral:start,portal_4,store/gens/013_dualforce_control/01_neutral__dai/videos/G-unseen-same__dualforce_control_neutral__portal_4__ref_portal_1__s42.mp4,8,120,0.5582414751218037,1.0766585438913294,1.100437755604448,1.1257797446170648
dualforce_control|01_neutral__dai|42535f5793,GEN:dualforce_control:v2:neutral:start,portal_4,store/gens/013_dualforce_control/01_neutral__dai/videos/G-unseen-same__dualforce_control_neutral__portal_4__ref_portal_1__s43.mp4,8,120,0.6523155313802291,1.658986470826721,1.770430881083545,1.01421914027337
dualforce_control|01_neutral__dai|9a74b94064,GEN:dualforce_control:v2:neutral:start,illustration_scene_7,store/gens/013_dualforce_control/01_neutral__dai/videos/G-unseen-same__dualforce_control_neutral__illustration_scene_7__ref_illustration_scene_4__s42.mp4,8,120,0.583854478879771,0.3258180306067123,0.3863884890919553,0.8305310986642612
dualforce_control|01_neutral__dai|1fc8a08322,GEN:dualforce_control:v2:neutral:start,illustration_scene_7,store/gens/013_dualforce_control/01_neutral__dai/videos/G-unseen-same__dualforce_control_neutral__illustration_scene_7__ref_illustration_scene_4__s43.mp4,8,120,0.6297508209836005,0.5699239347152126,0.739814688308357,0.7925699809271476
dualforce_control|01_neutral__dai|b1a0a4ddb7,GEN:dualforce_control:v2:neutral:start,money_rain_3,store/gens/013_dualforce_control/01_neutral__dai/videos/G-unseen-same__dualforce_control_neutral__money_rain_3__ref_money_rain_1__s42.mp4,8,120,0.3475267373922734,0.5441981963616688,0.6117296981206588,0.5605229636736431
dualforce_control|01_neutral__dai|0d3a4e776c,GEN:dualforce_control:v2:neutral:start,money_rain_3,store/gens/013_dualforce_control/01_neutral__dai/videos/G-unseen-same__dualforce_control_neutral__money_rain_3__ref_money_rain_1__s43.mp4,8,120,0.4026125542707102,0.5424460345894796,0.598428540152409,0.5379990693387281
dualforce_control|01_neutral__dai|3e62a9a294,GEN:dualforce_control:v2:neutral:start,shadow_3,store/gens/013_dualforce_control/01_neutral__dai/videos/G-unseen-same__dualforce_control_neutral__shadow_3__ref_shadow_10__s42.mp4,8,120,0.4919062645948195,0.331713587514803,0.338241387358715,1.0171518233625612
dualforce_control|01_neutral__dai|aed7fced2a,GEN:dualforce_control:v2:neutral:start,shadow_3,store/gens/013_dualforce_control/01_neutral__dai/videos/G-unseen-same__dualforce_control_neutral__shadow_3__ref_shadow_10__s43.mp4,8,120,0.5510743468455679,0.3236832912595146,0.3213062137274691,0.9616284610859948
dualforce_control|01_neutral__dai|c3b71ae10c,GEN:dualforce_control:v2:neutral:both,shadow_smoke_7,store/gens/013_dualforce_control/01_neutral__dai/videos/G-unseen-same__dualforce_control_neutral__shadow_smoke_7__ref_shadow_smoke_0__s42.mp4,8,113,0.4961112016574522,0.5603153339892561,0.6100203705909335,0.9203503753151792
dualforce_control|01_neutral__dai|2a0ea00a69,GEN:dualforce_control:v2:neutral:both,shadow_smoke_7,store/gens/013_dualforce_control/01_neutral__dai/videos/G-unseen-same__dualforce_control_neutral__shadow_smoke_7__ref_shadow_smoke_0__s43.mp4,8,113,0.4221065487187336,0.6278983935905195,0.6201058721524125,0.919492829139372
dualforce_control|01_neutral__dai|e2b9ab1817,GEN:dualforce_control:v2:neutral:start,super_fast_run_3,store/gens/013_dualforce_control/01_neutral__dai/videos/G-unseen-same__dualforce_control_neutral__super_fast_run_3__ref_super_fast_run_0__s42.mp4,8,120,0.5502726330233791,0.3927140387272317,0.3616975535009051,0.9216175254572248
dualforce_control|01_neutral__dai|1bf966dc86,GEN:dualforce_control:v2:neutral:start,super_fast_run_3,store/gens/013_dualforce_control/01_neutral__dai/videos/G-unseen-same__dualforce_control_neutral__super_fast_run_3__ref_super_fast_run_0__s43.mp4,8,120,0.4808407084878154,0.3522582653806524,0.3232199164695271,0.8973057134636099
dualforce_control|01_neutral__dai|a897e7fea3,GEN:dualforce_control:v2:neutral:start,wireframe_7,store/gens/013_dualforce_control/01_neutral__dai/videos/G-unseen-same__dualforce_control_neutral__wireframe_7__ref_wireframe_0__s42.mp4,8,120,0.7110767352659102,0.3031966680238067,0.3447618982652893,1.0679723429501649
dualforce_control|01_neutral__dai|d2386d1bda,GEN:dualforce_control:v2:neutral:start,wireframe_7,store/gens/013_dualforce_control/01_neutral__dai/videos/G-unseen-same__dualforce_control_neutral__wireframe_7__ref_wireframe_0__s43.mp4,8,120,0.8766706245450657,0.3480468257805026,0.3838717445892077,1.032239122955701
dualforce_control|01_neutral__dai|7710b7594c,GEN:dualforce_control:v2:neutral:both,air_bending_1,store/gens/013_dualforce_control/01_neutral__dai/videos/G-zs-cross__dualforce_control_neutral__air_bending_1__ref_raven_transition_0__s42.mp4,8,113,0.5804075133215276,0.4351562272581437,0.574694661294028,1.084596505116056
dualforce_control|01_neutral__dai|c5a3bf7079,GEN:dualforce_control:v2:neutral:both,air_bending_1,store/gens/013_dualforce_control/01_neutral__dai/videos/G-zs-cross__dualforce_control_neutral__air_bending_1__ref_raven_transition_0__s43.mp4,8,113,0.5426256003585561,0.5396501351503904,0.6092525590409847,1.0843360897703964
dualforce_control|01_neutral__dai|5e595ef432,GEN:dualforce_control:v2:neutral:start,animalization_0,store/gens/013_dualforce_control/01_neutral__dai/videos/G-zs-cross__dualforce_control_neutral__animalization_0__ref_cotton_cloud_1__s42.mp4,8,120,0.7216661463838612,0.3663328484965274,0.4189812411578716,0.8821445385018362
dualforce_control|01_neutral__dai|7291319e05,GEN:dualforce_control:v2:neutral:start,animalization_0,store/gens/013_dualforce_control/01_neutral__dai/videos/G-zs-cross__dualforce_control_neutral__animalization_0__ref_cotton_cloud_1__s43.mp4,8,120,0.5322281003392291,0.4281255853555986,0.479953722509868,0.8407153664271622
dualforce_control|01_neutral__dai|b377464d47,GEN:dualforce_control:v2:neutral:both,giant_grab_3,store/gens/013_dualforce_control/01_neutral__dai/videos/G-zs-cross__dualforce_control_neutral__giant_grab_3__ref_melt_transition_1__s42.mp4,8,113,0.5293425384401855,0.523023621120092,0.5538483903246183,0.3373512390210497
dualforce_control|01_neutral__dai|8bd45b4e4d,GEN:dualforce_control:v2:neutral:both,giant_grab_3,store/gens/013_dualforce_control/01_neutral__dai/videos/G-zs-cross__dualforce_control_neutral__giant_grab_3__ref_melt_transition_1__s43.mp4,8,113,0.5697631389986897,0.5845386763447635,0.5204652091097399,0.33297739153314
dualforce_control|01_neutral__dai|a4b9dc8451,GEN:dualforce_control:v2:neutral:both,hero_flight_5,store/gens/013_dualforce_control/01_neutral__dai/videos/G-zs-cross__dualforce_control_neutral__hero_flight_5__ref_display_transition_1__s42.mp4,8,113,0.5613835018928781,0.6243754392090122,0.6452333604408186,0.6765044661282467
dualforce_control|01_neutral__dai|a99e046ba5,GEN:dualforce_control:v2:neutral:both,hero_flight_5,store/gens/013_dualforce_control/01_neutral__dai/videos/G-zs-cross__dualforce_control_neutral__hero_flight_5__ref_display_transition_1__s43.mp4,8,113,0.5116176052235735,0.6481335441253143,0.7920725435898018,0.6736995155682755
dualforce_control|01_neutral__dai|c941bc50e0,GEN:dualforce_control:v2:neutral:start,color_rain_0,store/gens/013_dualforce_control/01_neutral__dai/videos/G-zs-cross__dualforce_control_neutral__color_rain_0__ref_saint_glow_0__s42.mp4,8,120,0.5704815121894906,0.3917066760352649,0.4296450627950712,0.3378519612882654
dualforce_control|01_neutral__dai|d888949e3a,GEN:dualforce_control:v2:neutral:start,color_rain_0,store/gens/013_dualforce_control/01_neutral__dai/videos/G-zs-cross__dualforce_control_neutral__color_rain_0__ref_saint_glow_0__s43.mp4,8,120,0.5297499147840103,0.3871381743740833,0.4579746262219747,0.394876887970823
dualforce_control|01_neutral__dai|1ac4e916d3,GEN:dualforce_control:v2:neutral:both,earth_wave_3,store/gens/013_dualforce_control/01_neutral__dai/videos/G-zs-cross__dualforce_control_neutral__earth_wave_3__ref_flying_cam_transition_1__s42.mp4,8,113,0.6438588815337296,0.6906098521131491,0.7391064996931269,0.775286722922228
dualforce_control|01_neutral__dai|54dce36133,GEN:dualforce_control:v2:neutral:both,earth_wave_3,store/gens/013_dualforce_control/01_neutral__dai/videos/G-zs-cross__dualforce_control_neutral__earth_wave_3__ref_flying_cam_transition_1__s43.mp4,8,113,0.5184294385913804,0.7684177711243952,0.7581615521454625,0.7682330257103368
dualforce_control|01_neutral__dai|1d5e32ba45,GEN:dualforce_control:v2:neutral:start,animalization_2,store/gens/013_dualforce_control/01_neutral__dai/videos/G-zs-cross__dualforce_control_neutral__animalization_2__ref_cotton_cloud_1__s42.mp4,8,120,0.3639535716993181,0.3842637904905326,0.4411444822361231,0.5615779218447354
dualforce_control|01_neutral__dai|86e798350c,GEN:dualforce_control:v2:neutral:start,animalization_2,store/gens/013_dualforce_control/01_neutral__dai/videos/G-zs-cross__dualforce_control_neutral__animalization_2__ref_cotton_cloud_1__s43.mp4,8,120,0.5901510328795563,0.4333491977039111,0.5003997137753319,0.5962435134567855
dualforce_control|01_neutral__dai|dcf11ea235,GEN:dualforce_control:v2:neutral:start,animalization_2,store/gens/013_dualforce_control/01_neutral__dai/videos/G-zs-cross__dualforce_control_neutral__animalization_2__ref_saint_glow_0__s42.mp4,8,120,0.5290062944007383,0.3271295041688219,0.3421753672714039,0.3131032467734504
dualforce_control|01_neutral__dai|5f0932258c,GEN:dualforce_control:v2:neutral:start,animalization_2,store/gens/013_dualforce_control/01_neutral__dai/videos/G-zs-cross__dualforce_control_neutral__animalization_2__ref_saint_glow_0__s43.mp4,8,120,0.3865629810083761,0.41551511804621,0.4652140365018802,0.2979050563977716
dualforce_control|01_neutral__dai|4ace5734dc,GEN:dualforce_control:v2:neutral:both,earth_wave_3,store/gens/013_dualforce_control/01_neutral__dai/videos/G-zs-cross__dualforce_control_neutral__earth_wave_3__ref_raven_transition_0__s42.mp4,8,113,0.5739389140898357,0.8140408735323835,0.8674582322289432,0.777820172090388
dualforce_control|01_neutral__dai|89807fcfb9,GEN:dualforce_control:v2:neutral:both,earth_wave_3,store/gens/013_dualforce_control/01_neutral__dai/videos/G-zs-cross__dualforce_control_neutral__earth_wave_3__ref_raven_transition_0__s43.mp4,8,113,0.4650333292533468,0.8290000645834312,0.8826125388019515,0.7681220670477615
dualforce_control|01_neutral__dai|7594facf7d,GEN:dualforce_control:v2:neutral:both,giant_grab_3,store/gens/013_dualforce_control/01_neutral__dai/videos/G-zs-cross__dualforce_control_neutral__giant_grab_3__ref_flying_cam_transition_1__s42.mp4,8,113,0.7119329118906781,0.7294955403110672,0.6657419570439205,0.3368892386371769
dualforce_control|01_neutral__dai|57cf52d3ae,GEN:dualforce_control:v2:neutral:both,giant_grab_3,store/gens/013_dualforce_control/01_neutral__dai/videos/G-zs-cross__dualforce_control_neutral__giant_grab_3__ref_flying_cam_transition_1__s43.mp4,8,113,0.5594556678224532,0.4315915943666363,0.3930981088730158,0.3380105113971748
dualforce_control|01_neutral__dai|1e039fcfee,GEN:dualforce_control:v2:neutral:start,money_rain_3,store/gens/013_dualforce_control/01_neutral__dai/videos/G-zs-cross__dualforce_control_neutral__money_rain_3__ref_live_concert_1__s42.mp4,8,120,0.6508725570953275,0.4257799591329098,0.463698668723504,1.0539896218733402
dualforce_control|01_neutral__dai|ac6712095c,GEN:dualforce_control:v2:neutral:start,money_rain_3,store/gens/013_dualforce_control/01_neutral__dai/videos/G-zs-cross__dualforce_control_neutral__money_rain_3__ref_live_concert_1__s43.mp4,8,120,0.4758371386335345,0.4262567031738365,0.4742513220210623,1.1220300079555836
dualforce_control|01_neutral__dai|b985f6833d,GEN:dualforce_control:v2:neutral:start,mystification_0,store/gens/013_dualforce_control/01_neutral__dai/videos/G-zs-cross__dualforce_control_neutral__mystification_0__ref_live_concert_1__s42.mp4,8,120,0.5237485525662975,0.3676875310744548,0.3526976347119647,1.1977541969521006
dualforce_control|01_neutral__dai|46ea7704d7,GEN:dualforce_control:v2:neutral:start,mystification_0,store/gens/013_dualforce_control/01_neutral__dai/videos/G-zs-cross__dualforce_control_neutral__mystification_0__ref_live_concert_1__s43.mp4,8,120,0.5275325429415836,0.3627382310632184,0.3821804583846147,1.3018666169443591
dualforce_control|01_neutral__dai|edfe47bd1a,GEN:dualforce_control:v2:neutral:start,polygon_4,store/gens/013_dualforce_control/01_neutral__dai/videos/G-zs-cross__dualforce_control_neutral__polygon_4__ref_luminous_gaze_0__s42.mp4,8,120,0.3221014089592202,0.4527039841581179,0.4667183816982778,0.6190119451428215
dualforce_control|01_neutral__dai|3765e98ccf,GEN:dualforce_control:v2:neutral:start,polygon_4,store/gens/013_dualforce_control/01_neutral__dai/videos/G-zs-cross__dualforce_control_neutral__polygon_4__ref_luminous_gaze_0__s43.mp4,8,120,0.3972740553788698,0.474428572190092,0.4864384746752215,0.9399637543096272
dualforce_control|01_neutral__dai|8235b88610,GEN:dualforce_control:v2:neutral:start,polygon_8,store/gens/013_dualforce_control/01_neutral__dai/videos/G-zs-cross__dualforce_control_neutral__polygon_8__ref_luminous_gaze_0__s42.mp4,8,120,0.6016735922508429,0.3321743443928279,0.3784837700064224,0.7340054759312095
dualforce_control|01_neutral__dai|c455af37da,GEN:dualforce_control:v2:neutral:start,polygon_8,store/gens/013_dualforce_control/01_neutral__dai/videos/G-zs-cross__dualforce_control_neutral__polygon_8__ref_luminous_gaze_0__s43.mp4,8,120,0.5493241261875814,0.2882999793542732,0.3209224058945962,0.8769114471669073
dualforce_control|01_neutral__dai|0a8a7eb72a,GEN:dualforce_control:v2:neutral:both,hero_flight_5,store/gens/013_dualforce_control/01_neutral__dai/videos/G-zs-cross__dualforce_control_neutral__hero_flight_5__ref_melt_transition_1__s42.mp4,8,113,0.7190088058834772,0.4556702348991106,0.4505302913849272,0.6780780199286002
dualforce_control|01_neutral__dai|81c3e77a46,GEN:dualforce_control:v2:neutral:both,hero_flight_5,store/gens/013_dualforce_control/01_neutral__dai/videos/G-zs-cross__dualforce_control_neutral__hero_flight_5__ref_melt_transition_1__s43.mp4,8,113,0.4402326893467447,0.5207454364363454,0.5027183770728962,0.6712626360245223
dualforce_control|01_neutral__dai|810186dad4,GEN:dualforce_control:v2:neutral:both,hero_flight_6,store/gens/013_dualforce_control/01_neutral__dai/videos/G-zs-cross__dualforce_control_neutral__hero_flight_6__ref_display_transition_1__s42.mp4,8,113,0.48970826757156,0.6413769302941094,0.6404321100952076,0.7217880255648872
dualforce_control|01_neutral__dai|ddc8f8600f,GEN:dualforce_control:v2:neutral:both,hero_flight_6,store/gens/013_dualforce_control/01_neutral__dai/videos/G-zs-cross__dualforce_control_neutral__hero_flight_6__ref_display_transition_1__s43.mp4,8,113,0.4657675148897553,0.6215431248999685,0.6154516089088808,0.7180051825625231
dualforce_control|01_neutral__dai|c509e5446e,GEN:dualforce_control:v2:neutral:both,shadow_smoke_7,store/gens/013_dualforce_control/01_neutral__dai/videos/G-zs-cross__dualforce_control_neutral__shadow_smoke_7__ref_firelava_0__s42.mp4,8,113,0.4350860000236902,0.7243133836351118,0.7970916477816755,0.919574276687772
dualforce_control|01_neutral__dai|07a091cc15,GEN:dualforce_control:v2:neutral:both,shadow_smoke_7,store/gens/013_dualforce_control/01_neutral__dai/videos/G-zs-cross__dualforce_control_neutral__shadow_smoke_7__ref_firelava_0__s43.mp4,8,113,0.482675333101157,0.7356424357210174,0.8929517967819965,0.9192733065672436
dualforce_control|01_neutral__dai|7feb574872,GEN:dualforce_control:v2:neutral:start,super_fast_run_0,store/gens/013_dualforce_control/01_neutral__dai/videos/G-zs-cross__dualforce_control_neutral__super_fast_run_0__ref_monstrosity_0__s42.mp4,8,120,0.5410144712317255,0.3771264407341105,0.4449412883664338,0.5137890561477679
dualforce_control|01_neutral__dai|a871936490,GEN:dualforce_control:v2:neutral:start,super_fast_run_0,store/gens/013_dualforce_control/01_neutral__dai/videos/G-zs-cross__dualforce_control_neutral__super_fast_run_0__ref_monstrosity_0__s43.mp4,8,120,0.5241567319582003,0.3736086092067535,0.3894635735009473,0.4712594744429353
dualforce_control|01_neutral__dai|7bcfbd717d,GEN:dualforce_control:v2:neutral:start,super_fast_run_3,store/gens/013_dualforce_control/01_neutral__dai/videos/G-zs-cross__dualforce_control_neutral__super_fast_run_3__ref_monstrosity_0__s42.mp4,8,120,0.3398555980497009,0.3495299289578713,0.3824018396682505,0.9403765853456016
dualforce_control|01_neutral__dai|b8169080db,GEN:dualforce_control:v2:neutral:start,super_fast_run_3,store/gens/013_dualforce_control/01_neutral__dai/videos/G-zs-cross__dualforce_control_neutral__super_fast_run_3__ref_monstrosity_0__s43.mp4,8,120,0.5032875962080385,0.4632965264791781,0.470077438765464,0.7244409053145618
dualforce_control|01_neutral__dai|7cd5ad55cb,GEN:dualforce_control:v2:neutral:both,water_bending_3,store/gens/013_dualforce_control/01_neutral__dai/videos/G-zs-cross__dualforce_control_neutral__water_bending_3__ref_firelava_0__s42.mp4,8,113,0.4535388547341201,0.8193720329165003,0.9158618677931536,0.7014838443918633
dualforce_control|01_neutral__dai|9cf8e71ec7,GEN:dualforce_control:v2:neutral:both,water_bending_3,store/gens/013_dualforce_control/01_neutral__dai/videos/G-zs-cross__dualforce_control_neutral__water_bending_3__ref_firelava_0__s43.mp4,8,113,0.436677069555901,0.7884697705286465,0.8341614816668179,0.7028626931037903
dualforce_control|01_neutral__dai|41e16b8cb0,GEN:dualforce_control:v2:neutral:start,cotton_cloud_0,store/gens/013_dualforce_control/01_neutral__dai/videos/G-zs-same__dualforce_control_neutral__cotton_cloud_0__ref_cotton_cloud_1__s42.mp4,8,120,0.3927882473961246,0.2650594197351966,0.2724267007131211,0.9204767888497032
dualforce_control|01_neutral__dai|863b7ff08c,GEN:dualforce_control:v2:neutral:start,cotton_cloud_0,store/gens/013_dualforce_control/01_neutral__dai/videos/G-zs-same__dualforce_control_neutral__cotton_cloud_0__ref_cotton_cloud_1__s43.mp4,8,120,0.3861441581674072,0.294151596194658,0.3231820578229006,0.8336540830330958
dualforce_control|01_neutral__dai|2d28285aa8,GEN:dualforce_control:v2:neutral:both,firelava_4,store/gens/013_dualforce_control/01_neutral__dai/videos/G-zs-same__dualforce_control_neutral__firelava_4__ref_firelava_0__s42.mp4,8,113,0.6721442919358118,0.5680536691811968,0.6710289197719836,0.9606222447767976
dualforce_control|01_neutral__dai|a721f4e664,GEN:dualforce_control:v2:neutral:both,firelava_4,store/gens/013_dualforce_control/01_neutral__dai/videos/G-zs-same__dualforce_control_neutral__firelava_4__ref_firelava_0__s43.mp4,8,113,0.4684542244260365,0.5681975785550105,0.6612437902210184,0.9544923926650888
dualforce_control|01_neutral__dai|1c1e31f446,GEN:dualforce_control:v2:neutral:both,raven_transition_2,store/gens/013_dualforce_control/01_neutral__dai/videos/G-zs-same__dualforce_control_neutral__raven_transition_2__ref_raven_transition_0__s42.mp4,8,113,0.5524993314111319,0.4856126262939699,0.5066319612987539,1.029280431770611
dualforce_control|01_neutral__dai|153afc7f4b,GEN:dualforce_control:v2:neutral:both,raven_transition_2,store/gens/013_dualforce_control/01_neutral__dai/videos/G-zs-same__dualforce_control_neutral__raven_transition_2__ref_raven_transition_0__s43.mp4,8,113,0.4542892867959627,0.4542083826669816,0.4957308970550116,1.0186248203936177
dualforce_control|01_neutral__dai|c1e44978fd,GEN:dualforce_control:v2:neutral:start,saint_glow_3,store/gens/013_dualforce_control/01_neutral__dai/videos/G-zs-same__dualforce_control_neutral__saint_glow_3__ref_saint_glow_0__s42.mp4,8,120,0.7009737900623791,0.2969559601053868,0.3265608130049822,0.4189613802110796
dualforce_control|01_neutral__dai|5052d96303,GEN:dualforce_control:v2:neutral:start,saint_glow_3,store/gens/013_dualforce_control/01_neutral__dai/videos/G-zs-same__dualforce_control_neutral__saint_glow_3__ref_saint_glow_0__s43.mp4,8,120,0.4538439408596111,0.3180229806972586,0.3099728373609158,0.5002325834666017
dualforce_control|01_neutral__dai|e2e948cbfc,GEN:dualforce_control:v2:neutral:both,flying_cam_transition_4,store/gens/013_dualforce_control/01_neutral__dai/videos/G-zs-same__dualforce_control_neutral__flying_cam_transition_4__ref_flying_cam_transition_1__s42.mp4,8,113,0.7286576974145658,0.4158853488459267,0.4640964787806408,1.1564189370639923
dualforce_control|01_neutral__dai|7ea1c4c0e1,GEN:dualforce_control:v2:neutral:both,flying_cam_transition_4,store/gens/013_dualforce_control/01_neutral__dai/videos/G-zs-same__dualforce_control_neutral__flying_cam_transition_4__ref_flying_cam_transition_1__s43.mp4,8,113,0.5530929135998912,0.6749383243054559,0.7102611475238603,1.1230903801009142
dualforce_control|01_neutral__dai|20b50896a4,GEN:dualforce_control:v2:neutral:start,live_concert_0,store/gens/013_dualforce_control/01_neutral__dai/videos/G-zs-same__dualforce_control_neutral__live_concert_0__ref_live_concert_1__s42.mp4,8,120,0.6510301092986659,0.5763810151289588,0.5832707180499133,1.2276670023274374
dualforce_control|01_neutral__dai|e7afbd121a,GEN:dualforce_control:v2:neutral:start,live_concert_0,store/gens/013_dualforce_control/01_neutral__dai/videos/G-zs-same__dualforce_control_neutral__live_concert_0__ref_live_concert_1__s43.mp4,8,120,0.5498103326588843,0.5598530321347244,0.6341101748966882,0.9777600758980588
dualforce_control|01_neutral__dai|b1b39b5389,GEN:dualforce_control:v2:neutral:start,luminous_gaze_3,store/gens/013_dualforce_control/01_neutral__dai/videos/G-zs-same__dualforce_control_neutral__luminous_gaze_3__ref_luminous_gaze_0__s42.mp4,8,120,0.5495226300050096,0.3332974171115112,0.2433579074808298,0.7191870976478101
dualforce_control|01_neutral__dai|086942f76d,GEN:dualforce_control:v2:neutral:start,luminous_gaze_3,store/gens/013_dualforce_control/01_neutral__dai/videos/G-zs-same__dualforce_control_neutral__luminous_gaze_3__ref_luminous_gaze_0__s43.mp4,8,120,0.5800666810682014,0.2581449617540399,0.2900971091598096,1.0360740346351671
dualforce_control|01_neutral__dai|33f887e6bc,GEN:dualforce_control:v2:neutral:both,melt_transition_2,store/gens/013_dualforce_control/01_neutral__dai/videos/G-zs-same__dualforce_control_neutral__melt_transition_2__ref_melt_transition_1__s42.mp4,8,113,0.6351905499156054,0.3648711332968522,0.2612993348766207,0.7661523729145426
dualforce_control|01_neutral__dai|c1a9746682,GEN:dualforce_control:v2:neutral:both,melt_transition_2,store/gens/013_dualforce_control/01_neutral__dai/videos/G-zs-same__dualforce_control_neutral__melt_transition_2__ref_melt_transition_1__s43.mp4,8,113,0.4939301818139674,0.5530259843611678,0.6443999939936286,0.7659636356502746
dualforce_control|02_effect__dai|9a4c58c2c0,GEN:dualforce_control:v2:effect:start,animalization_3,store/gens/013_dualforce_control/02_effect__dai/videos/G-fit__dualforce_control_effect__animalization_3__ref_animalization_1__s42.mp4,8,120,0.4450728733266185,0.4535309681617059,0.5339743942746292,0.6975578255142465
dualforce_control|02_effect__dai|a9f58c5c4d,GEN:dualforce_control:v2:effect:start,animalization_3,store/gens/013_dualforce_control/02_effect__dai/videos/G-fit__dualforce_control_effect__animalization_3__ref_animalization_1__s43.mp4,8,120,0.4429418949463755,0.5291457460661012,0.535689821154889,0.7075255100756088
dualforce_control|02_effect__dai|55c55020c7,GEN:dualforce_control:v2:effect:start,color_rain_3,store/gens/013_dualforce_control/02_effect__dai/videos/G-fit__dualforce_control_effect__color_rain_3__ref_color_rain_1__s42.mp4,8,120,0.4181434724469897,0.4378977245856759,0.4819859417318928,0.5462033233985407
dualforce_control|02_effect__dai|17f7fe4772,GEN:dualforce_control:v2:effect:start,color_rain_3,store/gens/013_dualforce_control/02_effect__dai/videos/G-fit__dualforce_control_effect__color_rain_3__ref_color_rain_1__s43.mp4,8,120,0.5479097175073933,0.4871798459769184,0.4905157067632147,0.4409830260165727
dualforce_control|02_effect__dai|e3b3047fd6,GEN:dualforce_control:v2:effect:start,earth_element_1,store/gens/013_dualforce_control/02_effect__dai/videos/G-fit__dualforce_control_effect__earth_element_1__ref_earth_element_0__s42.mp4,8,120,0.4295910914544565,0.3769487014607832,0.4231184402472008,0.6079798475654128
dualforce_control|02_effect__dai|8aa8136332,GEN:dualforce_control:v2:effect:start,earth_element_1,store/gens/013_dualforce_control/02_effect__dai/videos/G-fit__dualforce_control_effect__earth_element_1__ref_earth_element_0__s43.mp4,8,120,0.3944736382184837,0.3875880410637899,0.4671041894227073,0.5230613510806018
dualforce_control|02_effect__dai|69f00ae497,GEN:dualforce_control:v2:effect:start,gas_transformation_1,store/gens/013_dualforce_control/02_effect__dai/videos/G-fit__dualforce_control_effect__gas_transformation_1__ref_gas_transformation_0__s42.mp4,8,120,0.467220614038909,0.2937491228710025,0.3480167566944129,0.4153048420585337
dualforce_control|02_effect__dai|486ed38b9b,GEN:dualforce_control:v2:effect:start,gas_transformation_1,store/gens/013_dualforce_control/02_effect__dai/videos/G-fit__dualforce_control_effect__gas_transformation_1__ref_gas_transformation_0__s43.mp4,8,120,0.5043776937812892,0.3388896886469611,0.3668062124919354,0.4074642857214228
dualforce_control|02_effect__dai|cfc2791f8d,GEN:dualforce_control:v2:effect:start,money_rain_2,store/gens/013_dualforce_control/02_effect__dai/videos/G-fit__dualforce_control_effect__money_rain_2__ref_money_rain_0__s42.mp4,8,120,0.675415253370246,0.4645042627080809,0.5511586403457367,0.866589335295061
dualforce_control|02_effect__dai|189e894aa2,GEN:dualforce_control:v2:effect:start,money_rain_2,store/gens/013_dualforce_control/02_effect__dai/videos/G-fit__dualforce_control_effect__money_rain_2__ref_money_rain_0__s43.mp4,8,120,0.5324024741045488,0.5525427073913778,0.6502456394688457,0.8011318569323136
dualforce_control|02_effect__dai|4fefe49d4c,GEN:dualforce_control:v2:effect:start,polygon_1,store/gens/013_dualforce_control/02_effect__dai/videos/G-fit__dualforce_control_effect__polygon_1__ref_polygon_0__s42.mp4,8,120,0.7380800520872954,0.27584054994453,0.2832793264549595,0.5680445756978488
dualforce_control|02_effect__dai|26311efcaa,GEN:dualforce_control:v2:effect:start,polygon_1,store/gens/013_dualforce_control/02_effect__dai/videos/G-fit__dualforce_control_effect__polygon_1__ref_polygon_0__s43.mp4,8,120,0.6286629355577809,0.2900318130310197,0.2791927967232653,0.63244033901935
dualforce_control|02_effect__dai|19b2d10696,GEN:dualforce_control:v2:effect:both,shadow_smoke_2,store/gens/013_dualforce_control/02_effect__dai/videos/G-fit__dualforce_control_effect__shadow_smoke_2__ref_shadow_smoke_1__s42.mp4,8,113,0.5767221430563794,0.4573327330060661,0.4588383365041352,0.8244509581379056
dualforce_control|02_effect__dai|fe1eef6602,GEN:dualforce_control:v2:effect:both,shadow_smoke_2,store/gens/013_dualforce_control/02_effect__dai/videos/G-fit__dualforce_control_effect__shadow_smoke_2__ref_shadow_smoke_1__s43.mp4,8,113,0.6814281637353592,0.4109471513288097,0.482422132235747,0.8338592970634037
dualforce_control|02_effect__dai|fb2b155d64,GEN:dualforce_control:v2:effect:start,super_fast_run_10,store/gens/013_dualforce_control/02_effect__dai/videos/G-fit__dualforce_control_effect__super_fast_run_10__ref_super_fast_run_1__s42.mp4,8,120,0.5139409143981606,0.6076551773616616,0.6461260247513073,0.5562839531631119
dualforce_control|02_effect__dai|4b5e7b5b57,GEN:dualforce_control:v2:effect:start,super_fast_run_10,store/gens/013_dualforce_control/02_effect__dai/videos/G-fit__dualforce_control_effect__super_fast_run_10__ref_super_fast_run_1__s43.mp4,8,120,0.4471424844331779,0.5029720246266177,0.5099429530916295,0.5969796062878704
dualforce_control|02_effect__dai|39588d2fad,GEN:dualforce_control:v2:effect:start,portal_10,store/gens/013_dualforce_control/02_effect__dai/videos/G-fit__dualforce_control_effect__portal_10__ref_portal_0__s42.mp4,8,120,0.7137146281834814,1.5836440857137335,1.873844872261611,0.5987859955009379
dualforce_control|02_effect__dai|20561a82cd,GEN:dualforce_control:v2:effect:start,portal_10,store/gens/013_dualforce_control/02_effect__dai/videos/G-fit__dualforce_control_effect__portal_10__ref_portal_0__s43.mp4,8,120,0.7876824515118221,1.5780305901550664,1.9407639730098,0.571230522956125
dualforce_control|02_effect__dai|4c8ab3b157,GEN:dualforce_control:v2:effect:start,shadow_1,store/gens/013_dualforce_control/02_effect__dai/videos/G-fit__dualforce_control_effect__shadow_1__ref_shadow_0__s42.mp4,8,120,0.6188569203510703,0.3502451388925958,0.4077206305394824,0.6842493658650312
dualforce_control|02_effect__dai|95472cae12,GEN:dualforce_control:v2:effect:start,shadow_1,store/gens/013_dualforce_control/02_effect__dai/videos/G-fit__dualforce_control_effect__shadow_1__ref_shadow_0__s43.mp4,8,120,0.3598297581600478,0.3377927219684017,0.3618167104132952,0.9998362547427329
dualforce_control|02_effect__dai|16e562a300,GEN:dualforce_control:v2:effect:start,wireframe_2,store/gens/013_dualforce_control/02_effect__dai/videos/G-fit__dualforce_control_effect__wireframe_2__ref_wireframe_1__s42.mp4,8,120,0.7311942687836834,0.0262493844383351,0.0124547130255434,1.363532791410836
dualforce_control|02_effect__dai|c38d89435f,GEN:dualforce_control:v2:effect:start,wireframe_2,store/gens/013_dualforce_control/02_effect__dai/videos/G-fit__dualforce_control_effect__wireframe_2__ref_wireframe_1__s43.mp4,8,120,0.7547024267659395,0.0547123573056219,0.0113993259781675,1.3976269420256382
dualforce_control|02_effect__dai|7eefeaf865,GEN:dualforce_control:v2:effect:start,animalization_0,store/gens/013_dualforce_control/02_effect__dai/videos/G-memo-probe__dualforce_control_effect__animalization_0__ref_animalization_1__s42.mp4,8,120,0.6119713496846235,0.5833251845140046,0.6295221323022335,0.6074447850678146
dualforce_control|02_effect__dai|772b5883fd,GEN:dualforce_control:v2:effect:start,animalization_0,store/gens/013_dualforce_control/02_effect__dai/videos/G-memo-probe__dualforce_control_effect__animalization_0__ref_animalization_1__s43.mp4,8,120,0.4555236318446329,0.518642537556586,0.5095418751531469,0.6634162966273461
dualforce_control|02_effect__dai|9b86b4f01f,GEN:dualforce_control:v2:effect:start,gas_transformation_6,store/gens/013_dualforce_control/02_effect__dai/videos/G-memo-probe__dualforce_control_effect__gas_transformation_6__ref_gas_transformation_0__s42.mp4,8,120,0.5053086679629688,0.4186962637539014,0.4302626516142322,0.4309067658377856
dualforce_control|02_effect__dai|57fda9a578,GEN:dualforce_control:v2:effect:start,gas_transformation_6,store/gens/013_dualforce_control/02_effect__dai/videos/G-memo-probe__dualforce_control_effect__gas_transformation_6__ref_gas_transformation_0__s43.mp4,8,120,0.4936132275646756,0.5211550365135608,0.5554362700326985,0.4234422219719411
dualforce_control|02_effect__dai|7c8ceb4798,GEN:dualforce_control:v2:effect:both,hero_flight_5,store/gens/013_dualforce_control/02_effect__dai/videos/G-memo-probe__dualforce_control_effect__hero_flight_5__ref_hero_flight_0__s42.mp4,8,113,0.6568876968222674,0.5428154014760341,0.5667444299522784,0.6753147689802665
dualforce_control|02_effect__dai|fb1f427428,GEN:dualforce_control:v2:effect:both,hero_flight_5,store/gens/013_dualforce_control/02_effect__dai/videos/G-memo-probe__dualforce_control_effect__hero_flight_5__ref_hero_flight_0__s43.mp4,8,113,0.5061946556422743,0.6234216650108496,0.6856746611068794,0.6682671617251988
dualforce_control|02_effect__dai|8e4b3f241c,GEN:dualforce_control:v2:effect:both,hero_flight_1,store/gens/013_dualforce_control/02_effect__dai/videos/G-fit__dualforce_control_effect__hero_flight_1__ref_hero_flight_0__s42.mp4,8,113,0.7316557637736274,0.5063799600182887,0.5704546005767095,0.7385360791360396
dualforce_control|02_effect__dai|d9238c4a8f,GEN:dualforce_control:v2:effect:both,hero_flight_1,store/gens/013_dualforce_control/02_effect__dai/videos/G-fit__dualforce_control_effect__hero_flight_1__ref_hero_flight_0__s43.mp4,8,113,0.5973582349979607,0.5439661845540713,0.5890284211281521,0.7412013607047647
dualforce_control|02_effect__dai|7355ddb510,GEN:dualforce_control:v2:effect:start,illustration_scene_1,store/gens/013_dualforce_control/02_effect__dai/videos/G-fit__dualforce_control_effect__illustration_scene_1__ref_illustration_scene_0__s42.mp4,8,120,0.7153824262853057,0.2509515300398124,0.2185081545994497,0.9756551022718102
dualforce_control|02_effect__dai|20ca21b9ab,GEN:dualforce_control:v2:effect:start,illustration_scene_1,store/gens/013_dualforce_control/02_effect__dai/videos/G-fit__dualforce_control_effect__illustration_scene_1__ref_illustration_scene_0__s43.mp4,8,120,0.823176196406215,0.2760546392753481,0.2945260876166136,1.0137089401495265
dualforce_control|02_effect__dai|af8217b810,GEN:dualforce_control:v2:effect:start,illustration_scene_4,store/gens/013_dualforce_control/02_effect__dai/videos/G-memo-probe__dualforce_control_effect__illustration_scene_4__ref_illustration_scene_0__s42.mp4,8,120,0.585675079045991,0.5593025007540247,0.574976550142512,0.5894353295517649
dualforce_control|02_effect__dai|68c3735c56,GEN:dualforce_control:v2:effect:start,illustration_scene_4,store/gens/013_dualforce_control/02_effect__dai/videos/G-memo-probe__dualforce_control_effect__illustration_scene_4__ref_illustration_scene_0__s43.mp4,8,120,0.5236826432038102,0.4848037161059902,0.545342537261948,0.6551569530183057
dualforce_control|02_effect__dai|6fdc853a8a,GEN:dualforce_control:v2:effect:start,money_rain_1,store/gens/013_dualforce_control/02_effect__dai/videos/G-memo-probe__dualforce_control_effect__money_rain_1__ref_money_rain_0__s42.mp4,8,120,0.599113763652749,0.5879601171328066,0.7573696477179981,0.6445924736978029
dualforce_control|02_effect__dai|dc2854e256,GEN:dualforce_control:v2:effect:start,money_rain_1,store/gens/013_dualforce_control/02_effect__dai/videos/G-memo-probe__dualforce_control_effect__money_rain_1__ref_money_rain_0__s43.mp4,8,120,0.518168087684892,0.4983741460750317,0.5679159878513496,0.6759798419353301
dualforce_control|02_effect__dai|d63809736d,GEN:dualforce_control:v2:effect:start,shadow_10,store/gens/013_dualforce_control/02_effect__dai/videos/G-memo-probe__dualforce_control_effect__shadow_10__ref_shadow_0__s42.mp4,8,120,0.713204722367544,0.1831053218720721,0.1377635813826466,1.3684631935898464
dualforce_control|02_effect__dai|5bab438a98,GEN:dualforce_control:v2:effect:start,shadow_10,store/gens/013_dualforce_control/02_effect__dai/videos/G-memo-probe__dualforce_control_effect__shadow_10__ref_shadow_0__s43.mp4,8,120,0.428957236668624,0.2685701567539595,0.2790581346031271,1.4461846704062833
dualforce_control|02_effect__dai|fb39c67dc8,GEN:dualforce_control:v2:effect:both,shadow_smoke_0,store/gens/013_dualforce_control/02_effect__dai/videos/G-memo-probe__dualforce_control_effect__shadow_smoke_0__ref_shadow_smoke_1__s42.mp4,8,113,0.4885032948999095,0.8506551794745576,0.7424897072890138,0.5561537829640757
dualforce_control|02_effect__dai|9a37b453ea,GEN:dualforce_control:v2:effect:both,shadow_smoke_0,store/gens/013_dualforce_control/02_effect__dai/videos/G-memo-probe__dualforce_control_effect__shadow_smoke_0__ref_shadow_smoke_1__s43.mp4,8,113,0.5229909142121496,0.822782861261455,0.9138172101018196,0.5527398168266566
dualforce_control|02_effect__dai|47ffe93ff7,GEN:dualforce_control:v2:effect:start,polygon_4,store/gens/013_dualforce_control/02_effect__dai/videos/G-memo-probe__dualforce_control_effect__polygon_4__ref_polygon_0__s42.mp4,8,120,0.662362628472535,0.2902320880171925,0.2754697426068598,0.5745076232047266
dualforce_control|02_effect__dai|e510591967,GEN:dualforce_control:v2:effect:start,polygon_4,store/gens/013_dualforce_control/02_effect__dai/videos/G-memo-probe__dualforce_control_effect__polygon_4__ref_polygon_0__s43.mp4,8,120,0.6391056316902992,0.3882158455116319,0.3603713158655319,0.5726251778524001
dualforce_control|02_effect__dai|30cd451b02,GEN:dualforce_control:v2:effect:start,portal_1,store/gens/013_dualforce_control/02_effect__dai/videos/G-memo-probe__dualforce_control_effect__portal_1__ref_portal_0__s42.mp4,8,120,0.5141555183812903,0.6873439215048242,0.7968232084891398,0.6542081673849193
dualforce_control|02_effect__dai|109ca18562,GEN:dualforce_control:v2:effect:start,portal_1,store/gens/013_dualforce_control/02_effect__dai/videos/G-memo-probe__dualforce_control_effect__portal_1__ref_portal_0__s43.mp4,8,120,0.4633007990024642,0.7668394024977325,0.9131817918658146,0.6492740526829005
dualforce_control|02_effect__dai|d4e1dc197f,GEN:dualforce_control:v2:effect:start,animalization_2,store/gens/013_dualforce_control/02_effect__dai/videos/G-ref-control__dualforce_control_effect__animalization_2__ref_color_rain_0__s42.mp4,8,120,0.4088208463455303,0.2833639312739633,0.3178092565711212,0.3750374335678799
dualforce_control|02_effect__dai|b197073a04,GEN:dualforce_control:v2:effect:start,animalization_2,store/gens/013_dualforce_control/02_effect__dai/videos/G-ref-control__dualforce_control_effect__animalization_2__ref_color_rain_0__s43.mp4,8,120,0.3713516145998861,0.3013827075852268,0.3226674207353969,0.3533944132864839
dualforce_control|02_effect__dai|68b48a5e90,GEN:dualforce_control:v2:effect:start,color_rain_2,store/gens/013_dualforce_control/02_effect__dai/videos/G-ref-control__dualforce_control_effect__color_rain_2__ref_earth_element_4__s42.mp4,8,120,0.4334509400585056,0.614716421672253,0.619700152637593,0.4678083368622932
dualforce_control|02_effect__dai|9aead44745,GEN:dualforce_control:v2:effect:start,color_rain_2,store/gens/013_dualforce_control/02_effect__dai/videos/G-ref-control__dualforce_control_effect__color_rain_2__ref_earth_element_4__s43.mp4,8,120,0.4251516984740078,0.5806589632392628,0.6248682230225449,0.5039184006423502
dualforce_control|02_effect__dai|86d6ce797c,GEN:dualforce_control:v2:effect:start,super_fast_run_0,store/gens/013_dualforce_control/02_effect__dai/videos/G-memo-probe__dualforce_control_effect__super_fast_run_0__ref_super_fast_run_1__s42.mp4,8,120,0.4364626330125669,0.5027967372449256,0.5327951886436822,0.6126726138271433
dualforce_control|02_effect__dai|b29e6c0307,GEN:dualforce_control:v2:effect:start,super_fast_run_0,store/gens/013_dualforce_control/02_effect__dai/videos/G-memo-probe__dualforce_control_effect__super_fast_run_0__ref_super_fast_run_1__s43.mp4,8,120,0.4613269107769242,0.5462945605774383,0.5940044982493679,0.5944137212911966
dualforce_control|02_effect__dai|bc46dd026d,GEN:dualforce_control:v2:effect:start,wireframe_0,store/gens/013_dualforce_control/02_effect__dai/videos/G-memo-probe__dualforce_control_effect__wireframe_0__ref_wireframe_1__s42.mp4,8,120,0.8372475032502518,0.0498824013082614,0.0564524515384799,1.651758306978665
dualforce_control|02_effect__dai|302d4faee2,GEN:dualforce_control:v2:effect:start,wireframe_0,store/gens/013_dualforce_control/02_effect__dai/videos/G-memo-probe__dualforce_control_effect__wireframe_0__ref_wireframe_1__s43.mp4,8,120,0.7550006541015573,0.0254742147046089,0.0079301746765357,1.5818267370803982
dualforce_control|02_effect__dai|704a6eab30,GEN:dualforce_control:v2:effect:start,earth_element_6,store/gens/013_dualforce_control/02_effect__dai/videos/G-ref-control__dualforce_control_effect__earth_element_6__ref_gas_transformation_6__s42.mp4,8,120,0.5143763777149095,0.3105035757131359,0.3309002132935519,0.6102658463621778
dualforce_control|02_effect__dai|6851833a6e,GEN:dualforce_control:v2:effect:start,earth_element_6,store/gens/013_dualforce_control/02_effect__dai/videos/G-ref-control__dualforce_control_effect__earth_element_6__ref_gas_transformation_6__s43.mp4,8,120,0.6165852541254895,0.35863175553988,0.3521268480090948,0.644175331331202
dualforce_control|02_effect__dai|0ab265a9de,GEN:dualforce_control:v2:effect:start,gas_transformation_7,store/gens/013_dualforce_control/02_effect__dai/videos/G-ref-control__dualforce_control_effect__gas_transformation_7__ref_illustration_scene_4__s42.mp4,8,120,0.6194276416784195,0.2364985370259547,0.1688649300966101,0.9442669040696384
dualforce_control|02_effect__dai|7a2578224a,GEN:dualforce_control:v2:effect:start,gas_transformation_7,store/gens/013_dualforce_control/02_effect__dai/videos/G-ref-control__dualforce_control_effect__gas_transformation_7__ref_illustration_scene_4__s43.mp4,8,120,0.6084214902658756,0.2664874774897189,0.272860553683601,0.9748849526328456
dualforce_control|02_effect__dai|c68021b906,GEN:dualforce_control:v2:effect:both,hero_flight_6,store/gens/013_dualforce_control/02_effect__dai/videos/G-ref-control__dualforce_control_effect__hero_flight_6__ref_shadow_smoke_0__s42.mp4,8,113,0.4133124944842543,0.8013036488456066,0.86842411444301,0.7181534298125216
dualforce_control|02_effect__dai|5f6e82155d,GEN:dualforce_control:v2:effect:both,hero_flight_6,store/gens/013_dualforce_control/02_effect__dai/videos/G-ref-control__dualforce_control_effect__hero_flight_6__ref_shadow_smoke_0__s43.mp4,8,113,0.4403813705489987,0.7749689405270487,0.8142453365128719,0.7141556185452599
dualforce_control|02_effect__dai|1498f1af0f,GEN:dualforce_control:v2:effect:start,illustration_scene_7,store/gens/013_dualforce_control/02_effect__dai/videos/G-ref-control__dualforce_control_effect__illustration_scene_7__ref_polygon_4__s42.mp4,8,120,0.4102611224797965,0.3098996552585842,0.3610384019486549,1.00116935712628
dualforce_control|02_effect__dai|68388db06e,GEN:dualforce_control:v2:effect:start,illustration_scene_7,store/gens/013_dualforce_control/02_effect__dai/videos/G-ref-control__dualforce_control_effect__illustration_scene_7__ref_polygon_4__s43.mp4,8,120,0.368597408692797,0.3232172388730365,0.3744148600807602,0.980553945810927
dualforce_control|02_effect__dai|61acdd4775,GEN:dualforce_control:v2:effect:start,color_rain_0,store/gens/013_dualforce_control/02_effect__dai/videos/G-memo-probe__dualforce_control_effect__color_rain_0__ref_color_rain_1__s42.mp4,8,120,0.4712702064876213,0.3758777242127806,0.3971129673877906,0.2423592904972983
dualforce_control|02_effect__dai|c7c900b200,GEN:dualforce_control:v2:effect:start,color_rain_0,store/gens/013_dualforce_control/02_effect__dai/videos/G-memo-probe__dualforce_control_effect__color_rain_0__ref_color_rain_1__s43.mp4,8,120,0.4116270779114928,0.3296597160809576,0.361861279145544,0.4009253972528036
dualforce_control|02_effect__dai|306a663f15,GEN:dualforce_control:v2:effect:start,earth_element_4,store/gens/013_dualforce_control/02_effect__dai/videos/G-memo-probe__dualforce_control_effect__earth_element_4__ref_earth_element_0__s42.mp4,8,120,0.3706031610952158,0.4051225665738308,0.4425707477705192,0.4963616106920417
dualforce_control|02_effect__dai|51bacb8455,GEN:dualforce_control:v2:effect:start,earth_element_4,store/gens/013_dualforce_control/02_effect__dai/videos/G-memo-probe__dualforce_control_effect__earth_element_4__ref_earth_element_0__s43.mp4,8,120,0.2014124033431952,0.364519294475199,0.4134085013013016,0.5059700482054338
dualforce_control|02_effect__dai|c0af79a6c9,GEN:dualforce_control:v2:effect:start,money_rain_3,store/gens/013_dualforce_control/02_effect__dai/videos/G-ref-control__dualforce_control_effect__money_rain_3__ref_portal_1__s42.mp4,8,120,0.5009766271930043,0.5082561507471037,0.5471159559469517,0.7270789349809478
dualforce_control|02_effect__dai|7b1cf3ecf3,GEN:dualforce_control:v2:effect:start,money_rain_3,store/gens/013_dualforce_control/02_effect__dai/videos/G-ref-control__dualforce_control_effect__money_rain_3__ref_portal_1__s43.mp4,8,120,0.4527782638355986,0.4699036809264961,0.4697479654527842,0.8978034808655373
dualforce_control|02_effect__dai|b03e5404dd,GEN:dualforce_control:v2:effect:start,polygon_8,store/gens/013_dualforce_control/02_effect__dai/videos/G-ref-control__dualforce_control_effect__polygon_8__ref_shadow_10__s42.mp4,8,120,0.5837121349719876,0.3530430680050113,0.3784664820763326,1.0570611784193755
dualforce_control|02_effect__dai|350fb96d5d,GEN:dualforce_control:v2:effect:start,polygon_8,store/gens/013_dualforce_control/02_effect__dai/videos/G-ref-control__dualforce_control_effect__polygon_8__ref_shadow_10__s43.mp4,8,120,0.3487267323543883,0.4304909304938226,0.4497088048071159,1.1094950316356331
dualforce_control|02_effect__dai|361a4bc3ca,GEN:dualforce_control:v2:effect:start,portal_4,store/gens/013_dualforce_control/02_effect__dai/videos/G-ref-control__dualforce_control_effect__portal_4__ref_super_fast_run_0__s42.mp4,8,120,0.4950012318805221,0.6005583136343635,0.5255663180207792,0.8755993604116173
dualforce_control|02_effect__dai|4dbbb617b6,GEN:dualforce_control:v2:effect:start,portal_4,store/gens/013_dualforce_control/02_effect__dai/videos/G-ref-control__dualforce_control_effect__portal_4__ref_super_fast_run_0__s43.mp4,8,120,0.5215983604528731,0.7644521694522661,0.6943490310822596,0.8285875223353023
dualforce_control|02_effect__dai|c4a9e5f667,GEN:dualforce_control:v2:effect:start,shadow_3,store/gens/013_dualforce_control/02_effect__dai/videos/G-ref-control__dualforce_control_effect__shadow_3__ref_wireframe_0__s42.mp4,8,120,0.47939881162427,0.4646356523212755,0.479172273599357,0.8819762940900142
dualforce_control|02_effect__dai|7ea2441750,GEN:dualforce_control:v2:effect:start,shadow_3,store/gens/013_dualforce_control/02_effect__dai/videos/G-ref-control__dualforce_control_effect__shadow_3__ref_wireframe_0__s43.mp4,8,120,0.6675996603884966,0.5839509516877317,0.6308169508534339,0.9490531052998334
dualforce_control|02_effect__dai|d16b2570c4,GEN:dualforce_control:v2:effect:start,monstrosity_0,store/gens/013_dualforce_control/02_effect__dai/videos/G-unseen-cross__dualforce_control_effect__monstrosity_0__ref_illustration_scene_4__s42.mp4,8,120,0.5494298595736624,0.621002655117403,0.7664753492144436,0.723121549010484
dualforce_control|02_effect__dai|e0d4104121,GEN:dualforce_control:v2:effect:start,monstrosity_0,store/gens/013_dualforce_control/02_effect__dai/videos/G-unseen-cross__dualforce_control_effect__monstrosity_0__ref_illustration_scene_4__s43.mp4,8,120,0.601924698699229,0.348858532389304,0.4428500174623725,0.8319439696462361
dualforce_control|02_effect__dai|c7dd231305,GEN:dualforce_control:v2:effect:start,mystification_0,store/gens/013_dualforce_control/02_effect__dai/videos/G-unseen-cross__dualforce_control_effect__mystification_0__ref_illustration_scene_4__s42.mp4,8,120,0.6689348629802843,0.6775357717621361,0.7871851021825307,0.565781092440669
dualforce_control|02_effect__dai|c7c277bc67,GEN:dualforce_control:v2:effect:start,mystification_0,store/gens/013_dualforce_control/02_effect__dai/videos/G-unseen-cross__dualforce_control_effect__mystification_0__ref_illustration_scene_4__s43.mp4,8,120,0.6421786609884887,0.4912100999896232,0.5964022098871964,0.7333204805391428
dualforce_control|02_effect__dai|825de3cd45,GEN:dualforce_control:v2:effect:both,shadow_smoke_7,store/gens/013_dualforce_control/02_effect__dai/videos/G-ref-control__dualforce_control_effect__shadow_smoke_7__ref_hero_flight_5__s42.mp4,8,113,0.7325493757682107,0.5878737600574218,0.6915657625910251,0.9204864632173562
dualforce_control|02_effect__dai|029025a399,GEN:dualforce_control:v2:effect:both,shadow_smoke_7,store/gens/013_dualforce_control/02_effect__dai/videos/G-ref-control__dualforce_control_effect__shadow_smoke_7__ref_hero_flight_5__s43.mp4,8,113,0.6572450570079589,0.6966213798818751,0.722160818285162,0.9198718052842704
dualforce_control|02_effect__dai|96d72535aa,GEN:dualforce_control:v2:effect:start,super_fast_run_3,store/gens/013_dualforce_control/02_effect__dai/videos/G-ref-control__dualforce_control_effect__super_fast_run_3__ref_color_rain_0__s42.mp4,8,120,0.4029996993786031,0.3098809789913035,0.3375125793612453,0.5693061760664986
dualforce_control|02_effect__dai|ef11f6d8e1,GEN:dualforce_control:v2:effect:start,super_fast_run_3,store/gens/013_dualforce_control/02_effect__dai/videos/G-ref-control__dualforce_control_effect__super_fast_run_3__ref_color_rain_0__s43.mp4,8,120,0.4490580570856088,0.4328584659688792,0.477248553015522,0.5251243353119699
dualforce_control|02_effect__dai|c9f25c8c07,GEN:dualforce_control:v2:effect:start,fire_element_2,store/gens/013_dualforce_control/02_effect__dai/videos/G-unseen-cross__dualforce_control_effect__fire_element_2__ref_wireframe_0__s42.mp4,8,120,0.7419170361903431,0.1632502499214495,0.1949543803106695,1.4319582900255048
dualforce_control|02_effect__dai|03719d84d2,GEN:dualforce_control:v2:effect:start,fire_element_2,store/gens/013_dualforce_control/02_effect__dai/videos/G-unseen-cross__dualforce_control_effect__fire_element_2__ref_wireframe_0__s43.mp4,8,120,0.6944182660574987,0.2251246549352499,0.2505218660424933,1.2581912407185845
dualforce_control|02_effect__dai|2e7bda410d,GEN:dualforce_control:v2:effect:start,gas_transformation_6,store/gens/013_dualforce_control/02_effect__dai/videos/G-unseen-cross__dualforce_control_effect__gas_transformation_6__ref_earth_element_4__s42.mp4,8,120,0.4559539089674902,0.6505725883248363,0.704161404831681,0.5528793742322916
dualforce_control|02_effect__dai|488379a61b,GEN:dualforce_control:v2:effect:start,gas_transformation_6,store/gens/013_dualforce_control/02_effect__dai/videos/G-unseen-cross__dualforce_control_effect__gas_transformation_6__ref_earth_element_4__s43.mp4,8,120,0.4080740615634672,0.5633592537819161,0.6260319909314497,0.628927092308738
dualforce_control|02_effect__dai|700968a21c,GEN:dualforce_control:v2:effect:start,color_rain_2,store/gens/013_dualforce_control/02_effect__dai/videos/G-unseen-cross__dualforce_control_effect__color_rain_2__ref_animalization_0__s42.mp4,8,120,0.5751934003681765,0.5772064012637056,0.5983544866061228,0.4579714823840123
dualforce_control|02_effect__dai|eaf8ce962e,GEN:dualforce_control:v2:effect:start,color_rain_2,store/gens/013_dualforce_control/02_effect__dai/videos/G-unseen-cross__dualforce_control_effect__color_rain_2__ref_animalization_0__s43.mp4,8,120,0.5469537765601706,0.6429834315183753,0.7202797260250576,0.4508225761452703
dualforce_control|02_effect__dai|1bc241ec82,GEN:dualforce_control:v2:effect:start,color_rain_2,store/gens/013_dualforce_control/02_effect__dai/videos/G-unseen-cross__dualforce_control_effect__color_rain_2__ref_super_fast_run_0__s42.mp4,8,120,0.5299475997358827,0.3597532621212903,0.3399516718955728,0.6338541045626335
dualforce_control|02_effect__dai|7d4bdcc52e,GEN:dualforce_control:v2:effect:start,color_rain_2,store/gens/013_dualforce_control/02_effect__dai/videos/G-unseen-cross__dualforce_control_effect__color_rain_2__ref_super_fast_run_0__s43.mp4,8,120,0.5892903591810306,0.3632279083106344,0.341832021195944,0.6957907891369124
dualforce_control|02_effect__dai|6a9221ced4,GEN:dualforce_control:v2:effect:start,wireframe_7,store/gens/013_dualforce_control/02_effect__dai/videos/G-ref-control__dualforce_control_effect__wireframe_7__ref_earth_element_4__s42.mp4,8,120,0.4271900407775992,0.5089368711603127,0.5793467295019908,0.7347374382392813
dualforce_control|02_effect__dai|8cf054fbb2,GEN:dualforce_control:v2:effect:start,wireframe_7,store/gens/013_dualforce_control/02_effect__dai/videos/G-ref-control__dualforce_control_effect__wireframe_7__ref_earth_element_4__s43.mp4,8,120,0.4728129353049701,0.5585121999430774,0.6082999837012038,0.6735605963709161
dualforce_control|02_effect__dai|04e6b6158b,GEN:dualforce_control:v2:effect:start,color_rain_0,store/gens/013_dualforce_control/02_effect__dai/videos/G-unseen-cross__dualforce_control_effect__color_rain_0__ref_animalization_0__s42.mp4,8,120,0.582300589094924,0.4271373671557835,0.4659117490519882,0.5625918092277028
dualforce_control|02_effect__dai|cc925cc6a6,GEN:dualforce_control:v2:effect:start,color_rain_0,store/gens/013_dualforce_control/02_effect__dai/videos/G-unseen-cross__dualforce_control_effect__color_rain_0__ref_animalization_0__s43.mp4,8,120,0.6266176552015343,0.4522195955619391,0.4509430404514523,0.5522241953412144
dualforce_control|02_effect__dai|6009765bfe,GEN:dualforce_control:v2:effect:start,live_concert_0,store/gens/013_dualforce_control/02_effect__dai/videos/G-unseen-cross__dualforce_control_effect__live_concert_0__ref_gas_transformation_6__s42.mp4,8,120,0.662887412851807,0.3719368577100317,0.3444029652573082,0.5942262308202182
dualforce_control|02_effect__dai|fc0d48d18d,GEN:dualforce_control:v2:effect:start,live_concert_0,store/gens/013_dualforce_control/02_effect__dai/videos/G-unseen-cross__dualforce_control_effect__live_concert_0__ref_gas_transformation_6__s43.mp4,8,120,0.8093501974662032,0.238603748867873,0.1397900579268211,0.6463120954715527
dualforce_control|02_effect__dai|4eb36ea421,GEN:dualforce_control:v2:effect:both,melt_transition_2,store/gens/013_dualforce_control/02_effect__dai/videos/G-unseen-cross__dualforce_control_effect__melt_transition_2__ref_shadow_smoke_0__s42.mp4,8,113,0.5356740019814574,0.5364539062582293,0.6931128311247698,0.7642672357920917
dualforce_control|02_effect__dai|68eefc5fbe,GEN:dualforce_control:v2:effect:both,melt_transition_2,store/gens/013_dualforce_control/02_effect__dai/videos/G-unseen-cross__dualforce_control_effect__melt_transition_2__ref_shadow_smoke_0__s43.mp4,8,113,0.5632766606596855,0.6300223313003186,0.705337264158493,0.7642870421954476
dualforce_control|02_effect__dai|41739b9fd8,GEN:dualforce_control:v2:effect:start,cotton_cloud_0,store/gens/013_dualforce_control/02_effect__dai/videos/G-unseen-cross__dualforce_control_effect__cotton_cloud_0__ref_super_fast_run_0__s42.mp4,8,120,0.4508798541743339,0.5847482719891735,0.5990687267520619,0.8841331758127551
dualforce_control|02_effect__dai|555d6a25a0,GEN:dualforce_control:v2:effect:start,cotton_cloud_0,store/gens/013_dualforce_control/02_effect__dai/videos/G-unseen-cross__dualforce_control_effect__cotton_cloud_0__ref_super_fast_run_0__s43.mp4,8,120,0.5481512158636652,0.40034310387603,0.4347432100630494,0.9369754697036712
dualforce_control|02_effect__dai|8000ac16d6,GEN:dualforce_control:v2:effect:both,display_transition_1,store/gens/013_dualforce_control/02_effect__dai/videos/G-unseen-cross__dualforce_control_effect__display_transition_1__ref_hero_flight_5__s42.mp4,8,113,0.6863111992469555,1.365361806906112,1.27213741596198,0.8625234545055297
dualforce_control|02_effect__dai|ca0576e7a6,GEN:dualforce_control:v2:effect:both,display_transition_1,store/gens/013_dualforce_control/02_effect__dai/videos/G-unseen-cross__dualforce_control_effect__display_transition_1__ref_hero_flight_5__s43.mp4,8,113,0.7374562856780964,1.0545234586566428,1.426828789316284,0.8345432300566518
dualforce_control|02_effect__dai|63cd2b4bae,GEN:dualforce_control:v2:effect:start,earth_element_6,store/gens/013_dualforce_control/02_effect__dai/videos/G-unseen-cross__dualforce_control_effect__earth_element_6__ref_wireframe_0__s42.mp4,8,120,0.6628048915614508,0.2483979678296804,0.2941650146289828,1.5005782755030246
dualforce_control|02_effect__dai|583a43739a,GEN:dualforce_control:v2:effect:start,earth_element_6,store/gens/013_dualforce_control/02_effect__dai/videos/G-unseen-cross__dualforce_control_effect__earth_element_6__ref_wireframe_0__s43.mp4,8,120,0.6748011342617215,0.3130395695842405,0.2971821673716301,1.2630011156125285
dualforce_control|02_effect__dai|d8efb1f1c2,GEN:dualforce_control:v2:effect:both,earth_wave_3,store/gens/013_dualforce_control/02_effect__dai/videos/G-unseen-cross__dualforce_control_effect__earth_wave_3__ref_hero_flight_5__s42.mp4,8,113,0.8129407215351414,0.6523555124512702,0.7770633282906275,0.7754435159088412
dualforce_control|02_effect__dai|282c1f4d41,GEN:dualforce_control:v2:effect:both,earth_wave_3,store/gens/013_dualforce_control/02_effect__dai/videos/G-unseen-cross__dualforce_control_effect__earth_wave_3__ref_hero_flight_5__s43.mp4,8,113,0.5126534141455785,0.7724637201881777,0.9102790766184234,0.7666453454348268
dualforce_control|02_effect__dai|d0de34abb0,GEN:dualforce_control:v2:effect:start,earth_element_4,store/gens/013_dualforce_control/02_effect__dai/videos/G-unseen-cross__dualforce_control_effect__earth_element_4__ref_color_rain_0__s42.mp4,8,120,0.2497697652339467,0.227157734908319,0.2589904075981051,0.4647882093812192
dualforce_control|02_effect__dai|ebd28c31af,GEN:dualforce_control:v2:effect:start,earth_element_4,store/gens/013_dualforce_control/02_effect__dai/videos/G-unseen-cross__dualforce_control_effect__earth_element_4__ref_color_rain_0__s43.mp4,8,120,0.3343471099176054,0.2766088513081018,0.3244290014708718,0.4633240873573823
dualforce_control|02_effect__dai|651ccb0505,GEN:dualforce_control:v2:effect:start,earth_element_6,store/gens/013_dualforce_control/02_effect__dai/videos/G-unseen-cross__dualforce_control_effect__earth_element_6__ref_color_rain_0__s42.mp4,8,120,0.380334697567134,0.4961379590350274,0.5275874589362847,0.5786999726745472
dualforce_control|02_effect__dai|8569db0678,GEN:dualforce_control:v2:effect:start,earth_element_6,store/gens/013_dualforce_control/02_effect__dai/videos/G-unseen-cross__dualforce_control_effect__earth_element_6__ref_color_rain_0__s43.mp4,8,120,0.509292285946334,0.643526880325449,0.7364606676955705,0.5466591431632872
dualforce_control|02_effect__dai|4e9bb3104c,GEN:dualforce_control:v2:effect:start,portal_4,store/gens/013_dualforce_control/02_effect__dai/videos/G-unseen-cross__dualforce_control_effect__portal_4__ref_polygon_4__s42.mp4,8,120,0.3924147065077767,0.3974807287249299,0.4830625347099223,1.0810021085655612
dualforce_control|02_effect__dai|8f21a48e75,GEN:dualforce_control:v2:effect:start,portal_4,store/gens/013_dualforce_control/02_effect__dai/videos/G-unseen-cross__dualforce_control_effect__portal_4__ref_polygon_4__s43.mp4,8,120,0.4027082052288033,0.4144469841068069,0.4869201772472343,1.156425613993033
dualforce_control|02_effect__dai|2438a44e0c,GEN:dualforce_control:v2:effect:both,raven_transition_2,store/gens/013_dualforce_control/02_effect__dai/videos/G-unseen-cross__dualforce_control_effect__raven_transition_2__ref_shadow_smoke_0__s42.mp4,8,113,0.5075403379167573,0.4979881677520371,0.5053424114647156,1.017618378785499
dualforce_control|02_effect__dai|9ba4978808,GEN:dualforce_control:v2:effect:both,raven_transition_2,store/gens/013_dualforce_control/02_effect__dai/videos/G-unseen-cross__dualforce_control_effect__raven_transition_2__ref_shadow_smoke_0__s43.mp4,8,113,0.4880019041173651,0.4873308170340426,0.5296591297208914,1.0197507693077137
dualforce_control|02_effect__dai|1f2dc286de,GEN:dualforce_control:v2:effect:start,gas_transformation_7,store/gens/013_dualforce_control/02_effect__dai/videos/G-unseen-cross__dualforce_control_effect__gas_transformation_7__ref_earth_element_4__s42.mp4,8,120,0.3195204885328331,0.4089287558436783,0.4591441714957134,0.9931949564255724
dualforce_control|02_effect__dai|eb33aadd4b,GEN:dualforce_control:v2:effect:start,gas_transformation_7,store/gens/013_dualforce_control/02_effect__dai/videos/G-unseen-cross__dualforce_control_effect__gas_transformation_7__ref_earth_element_4__s43.mp4,8,120,0.4348637856740851,0.4727676861602298,0.5391836510834443,0.9319600365461348
dualforce_control|02_effect__dai|acc8bb080f,GEN:dualforce_control:v2:effect:start,illustration_scene_7,store/gens/013_dualforce_control/02_effect__dai/videos/G-unseen-cross__dualforce_control_effect__illustration_scene_7__ref_gas_transformation_6__s42.mp4,8,120,0.4130804217526731,0.4489903711191927,0.5238912119577841,0.5638785250188507
dualforce_control|02_effect__dai|5f214a3dfa,GEN:dualforce_control:v2:effect:start,illustration_scene_7,store/gens/013_dualforce_control/02_effect__dai/videos/G-unseen-cross__dualforce_control_effect__illustration_scene_7__ref_gas_transformation_6__s43.mp4,8,120,0.3890634673669775,0.4425505159638494,0.4798649841115414,0.5824686805227284
dualforce_control|02_effect__dai|52f1dc2cb6,GEN:dualforce_control:v2:effect:start,saint_glow_3,store/gens/013_dualforce_control/02_effect__dai/videos/G-unseen-cross__dualforce_control_effect__saint_glow_3__ref_polygon_4__s42.mp4,8,120,0.4238259579764134,0.3328840321332322,0.4156002421262745,0.9536473674528154
dualforce_control|02_effect__dai|4a56f661b3,GEN:dualforce_control:v2:effect:start,saint_glow_3,store/gens/013_dualforce_control/02_effect__dai/videos/G-unseen-cross__dualforce_control_effect__saint_glow_3__ref_polygon_4__s43.mp4,8,120,0.4293120383291813,0.3384512217375265,0.4100058155060069,0.9395904787668582
dualforce_control|02_effect__dai|85c73020cc,GEN:dualforce_control:v2:effect:start,shadow_3,store/gens/013_dualforce_control/02_effect__dai/videos/G-unseen-cross__dualforce_control_effect__shadow_3__ref_portal_1__s42.mp4,8,120,0.4604755352356433,0.6257623263415448,0.6560663052848663,1.0614573585843197
dualforce_control|02_effect__dai|a5d6307c40,GEN:dualforce_control:v2:effect:start,shadow_3,store/gens/013_dualforce_control/02_effect__dai/videos/G-unseen-cross__dualforce_control_effect__shadow_3__ref_portal_1__s43.mp4,8,120,0.4474508856372021,0.74195520047107,0.8299091579684047,0.9856901230298926
dualforce_control|02_effect__dai|134ac853d0,GEN:dualforce_control:v2:effect:start,super_fast_run_0,store/gens/013_dualforce_control/02_effect__dai/videos/G-unseen-cross__dualforce_control_effect__super_fast_run_0__ref_portal_1__s42.mp4,8,120,0.4785028005617795,1.3076266675244208,1.473693849594842,0.4548189281029048
dualforce_control|02_effect__dai|b8473ac009,GEN:dualforce_control:v2:effect:start,super_fast_run_0,store/gens/013_dualforce_control/02_effect__dai/videos/G-unseen-cross__dualforce_control_effect__super_fast_run_0__ref_portal_1__s43.mp4,8,120,0.5090768140405046,1.4831330803399467,1.7492010346117284,0.4067589282222388
dualforce_control|02_effect__dai|2b77e26674,GEN:dualforce_control:v2:effect:start,water_element_4,store/gens/013_dualforce_control/02_effect__dai/videos/G-unseen-cross__dualforce_control_effect__water_element_4__ref_shadow_10__s42.mp4,8,120,0.3093582548925007,0.3575779360194158,0.4065601124829958,0.5876204177273641
dualforce_control|02_effect__dai|1e32bafe05,GEN:dualforce_control:v2:effect:start,water_element_4,store/gens/013_dualforce_control/02_effect__dai/videos/G-unseen-cross__dualforce_control_effect__water_element_4__ref_shadow_10__s43.mp4,8,120,0.3348874880624526,0.3321184889232772,0.3483368374890092,0.7937187796374058
dualforce_control|02_effect__dai|fc5490aed9,GEN:dualforce_control:v2:effect:start,polygon_4,store/gens/013_dualforce_control/02_effect__dai/videos/G-unseen-cross__dualforce_control_effect__polygon_4__ref_money_rain_1__s42.mp4,8,120,0.4332892820603784,0.5322188287800451,0.5703069309892597,0.4187646132029561
dualforce_control|02_effect__dai|57e706ac1c,GEN:dualforce_control:v2:effect:start,polygon_4,store/gens/013_dualforce_control/02_effect__dai/videos/G-unseen-cross__dualforce_control_effect__polygon_4__ref_money_rain_1__s43.mp4,8,120,0.4262272591918965,0.6577979312950701,0.7276694381805102,0.4172561192610675
dualforce_control|02_effect__dai|4f8486a4b9,GEN:dualforce_control:v2:effect:start,polygon_8,store/gens/013_dualforce_control/02_effect__dai/videos/G-unseen-cross__dualforce_control_effect__polygon_8__ref_money_rain_1__s42.mp4,8,120,0.5322792422571119,0.7073077277022265,0.666292017129177,0.3625405300802714
dualforce_control|02_effect__dai|4379d536ec,GEN:dualforce_control:v2:effect:start,polygon_8,store/gens/013_dualforce_control/02_effect__dai/videos/G-unseen-cross__dualforce_control_effect__polygon_8__ref_money_rain_1__s43.mp4,8,120,0.4805345753812142,0.8396813740599888,0.8391286602757441,0.3151809668398885
dualforce_control|02_effect__dai|c4c32a19d0,GEN:dualforce_control:v2:effect:start,wireframe_0,store/gens/013_dualforce_control/02_effect__dai/videos/G-unseen-cross__dualforce_control_effect__wireframe_0__ref_shadow_10__s42.mp4,8,120,0.4924945863887129,0.2800865203947743,0.2888537713212585,0.9912096535399212
dualforce_control|02_effect__dai|09166a97aa,GEN:dualforce_control:v2:effect:start,wireframe_0,store/gens/013_dualforce_control/02_effect__dai/videos/G-unseen-cross__dualforce_control_effect__wireframe_0__ref_shadow_10__s43.mp4,8,120,0.2637269677056675,0.3421860413637779,0.3919020923769564,1.2163452640082786
dualforce_control|02_effect__dai|97d0488be2,GEN:dualforce_control:v2:effect:start,animalization_2,store/gens/013_dualforce_control/02_effect__dai/videos/G-unseen-same__dualforce_control_effect__animalization_2__ref_animalization_0__s42.mp4,8,120,0.441038880478646,0.6354077321846173,0.6903996691824141,0.3104336778821229
dualforce_control|02_effect__dai|87981ae4bb,GEN:dualforce_control:v2:effect:start,animalization_2,store/gens/013_dualforce_control/02_effect__dai/videos/G-unseen-same__dualforce_control_effect__animalization_2__ref_animalization_0__s43.mp4,8,120,0.4146057340776214,0.7636582126574702,0.7257127932646327,0.2833988596714488
dualforce_control|02_effect__dai|989611c144,GEN:dualforce_control:v2:effect:start,color_rain_2,store/gens/013_dualforce_control/02_effect__dai/videos/G-unseen-same__dualforce_control_effect__color_rain_2__ref_color_rain_0__s42.mp4,8,120,0.3390749223017377,0.3925749472136862,0.4685336046285087,0.3958009695230696
dualforce_control|02_effect__dai|cf33055d95,GEN:dualforce_control:v2:effect:start,color_rain_2,store/gens/013_dualforce_control/02_effect__dai/videos/G-unseen-same__dualforce_control_effect__color_rain_2__ref_color_rain_0__s43.mp4,8,120,0.4136616260497763,0.3766542169419897,0.429066189369727,0.6061120545705254
dualforce_control|02_effect__dai|6eb9387c06,GEN:dualforce_control:v2:effect:start,earth_element_6,store/gens/013_dualforce_control/02_effect__dai/videos/G-unseen-same__dualforce_control_effect__earth_element_6__ref_earth_element_4__s42.mp4,8,120,0.4333947695701581,0.5675553478901211,0.5793637080506022,0.5445087679097
dualforce_control|02_effect__dai|66a1686d65,GEN:dualforce_control:v2:effect:start,earth_element_6,store/gens/013_dualforce_control/02_effect__dai/videos/G-unseen-same__dualforce_control_effect__earth_element_6__ref_earth_element_4__s43.mp4,8,120,0.4730798653041221,0.7065535913240523,0.7332429221117704,0.559292293244509
dualforce_control|02_effect__dai|b4654f6452,GEN:dualforce_control:v2:effect:start,gas_transformation_7,store/gens/013_dualforce_control/02_effect__dai/videos/G-unseen-same__dualforce_control_effect__gas_transformation_7__ref_gas_transformation_6__s42.mp4,8,120,0.5213270806255474,0.4208495582648562,0.4429292419551043,0.6801051883417293
dualforce_control|02_effect__dai|2127166c5a,GEN:dualforce_control:v2:effect:start,gas_transformation_7,store/gens/013_dualforce_control/02_effect__dai/videos/G-unseen-same__dualforce_control_effect__gas_transformation_7__ref_gas_transformation_6__s43.mp4,8,120,0.4651140304351353,0.3268103730778304,0.3376746922623599,0.7030812108297082
dualforce_control|02_effect__dai|0c7cdc2a9d,GEN:dualforce_control:v2:effect:both,hero_flight_6,store/gens/013_dualforce_control/02_effect__dai/videos/G-unseen-same__dualforce_control_effect__hero_flight_6__ref_hero_flight_5__s42.mp4,8,113,0.6414069318701019,0.6439156010899173,0.6347647146331793,0.717042777628646
dualforce_control|02_effect__dai|7613b7de84,GEN:dualforce_control:v2:effect:both,hero_flight_6,store/gens/013_dualforce_control/02_effect__dai/videos/G-unseen-same__dualforce_control_effect__hero_flight_6__ref_hero_flight_5__s43.mp4,8,113,0.6290307551107803,0.6862528981455535,0.7349669922646107,0.7156779956028599
dualforce_control|02_effect__dai|e176258983,GEN:dualforce_control:v2:effect:start,shadow_3,store/gens/013_dualforce_control/02_effect__dai/videos/G-unseen-same__dualforce_control_effect__shadow_3__ref_shadow_10__s42.mp4,8,120,0.5129646000625896,0.3356712132951832,0.3263570277541383,1.0182567742826114
dualforce_control|02_effect__dai|87b52f7b45,GEN:dualforce_control:v2:effect:start,shadow_3,store/gens/013_dualforce_control/02_effect__dai/videos/G-unseen-same__dualforce_control_effect__shadow_3__ref_shadow_10__s43.mp4,8,120,0.5430068475986038,0.3059198041703559,0.296899646650331,0.976210699695264
dualforce_control|02_effect__dai|838e56a08e,GEN:dualforce_control:v2:effect:both,shadow_smoke_7,store/gens/013_dualforce_control/02_effect__dai/videos/G-unseen-same__dualforce_control_effect__shadow_smoke_7__ref_shadow_smoke_0__s42.mp4,8,113,0.531883113077249,0.6545899412149369,0.6548649815409936,0.9199711521823958
dualforce_control|02_effect__dai|2dd7459cc3,GEN:dualforce_control:v2:effect:both,shadow_smoke_7,store/gens/013_dualforce_control/02_effect__dai/videos/G-unseen-same__dualforce_control_effect__shadow_smoke_7__ref_shadow_smoke_0__s43.mp4,8,113,0.4840087859287914,0.743167541388147,0.8312477139895598,0.9198054411184536
dualforce_control|02_effect__dai|8f04389a41,GEN:dualforce_control:v2:effect:start,super_fast_run_3,store/gens/013_dualforce_control/02_effect__dai/videos/G-unseen-same__dualforce_control_effect__super_fast_run_3__ref_super_fast_run_0__s42.mp4,8,120,0.4495502163244633,0.3433107570278816,0.2956936161759768,0.8889412432932348
dualforce_control|02_effect__dai|bce921b8f2,GEN:dualforce_control:v2:effect:start,super_fast_run_3,store/gens/013_dualforce_control/02_effect__dai/videos/G-unseen-same__dualforce_control_effect__super_fast_run_3__ref_super_fast_run_0__s43.mp4,8,120,0.5009646134577748,0.3626702341598607,0.3473604904317927,0.9138622308682196
dualforce_control|02_effect__dai|79350a9be4,GEN:dualforce_control:v2:effect:start,wireframe_7,store/gens/013_dualforce_control/02_effect__dai/videos/G-unseen-same__dualforce_control_effect__wireframe_7__ref_wireframe_0__s42.mp4,8,120,0.6521945875282003,0.2653767887123633,0.2491074049853954,0.986043897596438
dualforce_control|02_effect__dai|3682308158,GEN:dualforce_control:v2:effect:start,wireframe_7,store/gens/013_dualforce_control/02_effect__dai/videos/G-unseen-same__dualforce_control_effect__wireframe_7__ref_wireframe_0__s43.mp4,8,120,0.8670034543239735,0.3472948887684222,0.3880576396797208,0.998502764703104
dualforce_control|02_effect__dai|de4095f41b,GEN:dualforce_control:v2:effect:start,polygon_8,store/gens/013_dualforce_control/02_effect__dai/videos/G-unseen-same__dualforce_control_effect__polygon_8__ref_polygon_4__s42.mp4,8,120,0.4946340701733127,0.3455317950207638,0.4049968827820182,0.5901253947979065
dualforce_control|02_effect__dai|f854f93ef6,GEN:dualforce_control:v2:effect:start,polygon_8,store/gens/013_dualforce_control/02_effect__dai/videos/G-unseen-same__dualforce_control_effect__polygon_8__ref_polygon_4__s43.mp4,8,120,0.5108744768034184,0.3822062866516238,0.420225133353044,0.5811203296357594
dualforce_control|02_effect__dai|f5480aa78f,GEN:dualforce_control:v2:effect:start,portal_4,store/gens/013_dualforce_control/02_effect__dai/videos/G-unseen-same__dualforce_control_effect__portal_4__ref_portal_1__s42.mp4,8,120,0.5530996755484989,1.1600905577722822,1.1529748039210252,1.1077544272617077
dualforce_control|02_effect__dai|5d088409c0,GEN:dualforce_control:v2:effect:start,portal_4,store/gens/013_dualforce_control/02_effect__dai/videos/G-unseen-same__dualforce_control_effect__portal_4__ref_portal_1__s43.mp4,8,120,0.6128910133720828,1.626832283190625,1.707310921141163,0.981431448019918
dualforce_control|02_effect__dai|f85b8644d5,GEN:dualforce_control:v2:effect:start,color_rain_0,store/gens/013_dualforce_control/02_effect__dai/videos/G-zs-cross__dualforce_control_effect__color_rain_0__ref_saint_glow_0__s42.mp4,8,120,0.5199190761754515,0.3332598778813054,0.336799511475334,0.3611151599652146
dualforce_control|02_effect__dai|69acf62efc,GEN:dualforce_control:v2:effect:start,color_rain_0,store/gens/013_dualforce_control/02_effect__dai/videos/G-zs-cross__dualforce_control_effect__color_rain_0__ref_saint_glow_0__s43.mp4,8,120,0.5342795629870098,0.3750701959102241,0.4871419491420607,0.4184139333626173
dualforce_control|02_effect__dai|59970c5091,GEN:dualforce_control:v2:effect:both,earth_wave_3,store/gens/013_dualforce_control/02_effect__dai/videos/G-zs-cross__dualforce_control_effect__earth_wave_3__ref_flying_cam_transition_1__s42.mp4,8,113,0.647610056386434,0.7659611154786575,0.7941425589306365,0.7745054798772844
dualforce_control|02_effect__dai|be9d8628d4,GEN:dualforce_control:v2:effect:both,earth_wave_3,store/gens/013_dualforce_control/02_effect__dai/videos/G-zs-cross__dualforce_control_effect__earth_wave_3__ref_flying_cam_transition_1__s43.mp4,8,113,0.4316580775287588,0.7711679145886183,0.7423533758207924,0.7689942786440345
dualforce_control|02_effect__dai|d376dfdda0,GEN:dualforce_control:v2:effect:start,illustration_scene_7,store/gens/013_dualforce_control/02_effect__dai/videos/G-unseen-same__dualforce_control_effect__illustration_scene_7__ref_illustration_scene_4__s42.mp4,8,120,0.5984654229491644,0.5835327696745196,0.7283282095024721,0.8191149283434856
dualforce_control|02_effect__dai|fc0e97c7d9,GEN:dualforce_control:v2:effect:start,illustration_scene_7,store/gens/013_dualforce_control/02_effect__dai/videos/G-unseen-same__dualforce_control_effect__illustration_scene_7__ref_illustration_scene_4__s43.mp4,8,120,0.6491425450258084,0.5082056376421256,0.6117721223407402,0.8134475210126431
dualforce_control|02_effect__dai|b1571d7664,GEN:dualforce_control:v2:effect:start,money_rain_3,store/gens/013_dualforce_control/02_effect__dai/videos/G-unseen-same__dualforce_control_effect__money_rain_3__ref_money_rain_1__s42.mp4,8,120,0.468211324390742,0.6132376030317009,0.6685759556124268,0.6157567291272653
dualforce_control|02_effect__dai|4deaf0f471,GEN:dualforce_control:v2:effect:start,money_rain_3,store/gens/013_dualforce_control/02_effect__dai/videos/G-unseen-same__dualforce_control_effect__money_rain_3__ref_money_rain_1__s43.mp4,8,120,0.5109834209777224,0.5744127689006364,0.6371833752332603,0.5936981168364931
dualforce_control|02_effect__dai|7ea8acf217,GEN:dualforce_control:v2:effect:both,air_bending_1,store/gens/013_dualforce_control/02_effect__dai/videos/G-zs-cross__dualforce_control_effect__air_bending_1__ref_raven_transition_0__s42.mp4,8,113,0.5649073010746872,0.4526400689229625,0.5952342487202515,1.0836354458658692
dualforce_control|02_effect__dai|ab22bd98bf,GEN:dualforce_control:v2:effect:both,air_bending_1,store/gens/013_dualforce_control/02_effect__dai/videos/G-zs-cross__dualforce_control_effect__air_bending_1__ref_raven_transition_0__s43.mp4,8,113,0.4957360270054869,0.5712620306056053,0.646181360097517,1.0833964364956017
dualforce_control|02_effect__dai|7f4084fe57,GEN:dualforce_control:v2:effect:start,animalization_0,store/gens/013_dualforce_control/02_effect__dai/videos/G-zs-cross__dualforce_control_effect__animalization_0__ref_cotton_cloud_1__s42.mp4,8,120,0.4149614963995509,0.3671335755424123,0.3729986775692462,0.8630368029280562
dualforce_control|02_effect__dai|dd1e7ee47e,GEN:dualforce_control:v2:effect:start,animalization_0,store/gens/013_dualforce_control/02_effect__dai/videos/G-zs-cross__dualforce_control_effect__animalization_0__ref_cotton_cloud_1__s43.mp4,8,120,0.5126805913323964,0.3813189240263229,0.4169567758941627,0.8536505381813967
dualforce_control|02_effect__dai|2f5cfb26f7,GEN:dualforce_control:v2:effect:start,animalization_2,store/gens/013_dualforce_control/02_effect__dai/videos/G-zs-cross__dualforce_control_effect__animalization_2__ref_cotton_cloud_1__s42.mp4,8,120,0.314812378794495,0.3732294183657377,0.4230277586463147,0.6198463402793457
dualforce_control|02_effect__dai|86ed46a2a7,GEN:dualforce_control:v2:effect:start,animalization_2,store/gens/013_dualforce_control/02_effect__dai/videos/G-zs-cross__dualforce_control_effect__animalization_2__ref_cotton_cloud_1__s43.mp4,8,120,0.4467725363895312,0.4145582868800087,0.4707099510058011,0.6736576222179584
dualforce_control|02_effect__dai|6997ebfa19,GEN:dualforce_control:v2:effect:start,animalization_2,store/gens/013_dualforce_control/02_effect__dai/videos/G-zs-cross__dualforce_control_effect__animalization_2__ref_saint_glow_0__s42.mp4,8,120,0.5403303084068758,0.3334537911468629,0.3749923920034292,0.307019751146674
dualforce_control|02_effect__dai|5533dc5820,GEN:dualforce_control:v2:effect:start,animalization_2,store/gens/013_dualforce_control/02_effect__dai/videos/G-zs-cross__dualforce_control_effect__animalization_2__ref_saint_glow_0__s43.mp4,8,120,0.4470297085984995,0.3098525233592601,0.3493818661579818,0.2645691344948561
dualforce_control|02_effect__dai|82d0d55504,GEN:dualforce_control:v2:effect:both,earth_wave_3,store/gens/013_dualforce_control/02_effect__dai/videos/G-zs-cross__dualforce_control_effect__earth_wave_3__ref_raven_transition_0__s42.mp4,8,113,0.4988303763327026,0.8465262032504618,0.96290309677152,0.7747795814275333
dualforce_control|02_effect__dai|57f2900dba,GEN:dualforce_control:v2:effect:both,earth_wave_3,store/gens/013_dualforce_control/02_effect__dai/videos/G-zs-cross__dualforce_control_effect__earth_wave_3__ref_raven_transition_0__s43.mp4,8,113,0.4133639774177755,0.8894821704801875,1.041398022748254,0.7653280350267885
dualforce_control|02_effect__dai|eb5f4b40d1,GEN:dualforce_control:v2:effect:both,giant_grab_3,store/gens/013_dualforce_control/02_effect__dai/videos/G-zs-cross__dualforce_control_effect__giant_grab_3__ref_flying_cam_transition_1__s42.mp4,8,113,0.5938879744407364,0.9962227931178228,0.6176659289888451,0.3373750686400701
dualforce_control|02_effect__dai|b89e71091a,GEN:dualforce_control:v2:effect:both,giant_grab_3,store/gens/013_dualforce_control/02_effect__dai/videos/G-zs-cross__dualforce_control_effect__giant_grab_3__ref_flying_cam_transition_1__s43.mp4,8,113,0.6439036320192553,0.6344102354697554,0.532998593745154,0.3380920838670915
dualforce_control|02_effect__dai|75ae963e71,GEN:dualforce_control:v2:effect:both,giant_grab_3,store/gens/013_dualforce_control/02_effect__dai/videos/G-zs-cross__dualforce_control_effect__giant_grab_3__ref_melt_transition_1__s42.mp4,8,113,0.5445564058868695,0.570478517462302,0.5846782658874101,0.3372221480745725
dualforce_control|02_effect__dai|8a29477b16,GEN:dualforce_control:v2:effect:both,giant_grab_3,store/gens/013_dualforce_control/02_effect__dai/videos/G-zs-cross__dualforce_control_effect__giant_grab_3__ref_melt_transition_1__s43.mp4,8,113,0.5669351741951316,0.7218339500197408,0.737415902627248,0.3359528314843421
dualforce_control|02_effect__dai|ad6d20fc5e,GEN:dualforce_control:v2:effect:both,hero_flight_5,store/gens/013_dualforce_control/02_effect__dai/videos/G-zs-cross__dualforce_control_effect__hero_flight_5__ref_display_transition_1__s42.mp4,8,113,0.5087688601949107,0.6703341373215361,0.6690745065301018,0.674833131064283
dualforce_control|02_effect__dai|b0151a44d4,GEN:dualforce_control:v2:effect:both,hero_flight_5,store/gens/013_dualforce_control/02_effect__dai/videos/G-zs-cross__dualforce_control_effect__hero_flight_5__ref_display_transition_1__s43.mp4,8,113,0.5368578147100929,0.663567705515,0.8036984946217061,0.6736121354407071
dualforce_control|02_effect__dai|dcb546633b,GEN:dualforce_control:v2:effect:start,money_rain_3,store/gens/013_dualforce_control/02_effect__dai/videos/G-zs-cross__dualforce_control_effect__money_rain_3__ref_live_concert_1__s42.mp4,8,120,0.5149748349053913,0.6656800319356007,0.5314607127108227,0.558825997157375
dualforce_control|02_effect__dai|05259bbc20,GEN:dualforce_control:v2:effect:start,money_rain_3,store/gens/013_dualforce_control/02_effect__dai/videos/G-zs-cross__dualforce_control_effect__money_rain_3__ref_live_concert_1__s43.mp4,8,120,0.5878430909401247,0.5118434875181296,0.5348972611670615,0.931055826316175
dualforce_control|02_effect__dai|8cd5ba497c,GEN:dualforce_control:v2:effect:start,mystification_0,store/gens/013_dualforce_control/02_effect__dai/videos/G-zs-cross__dualforce_control_effect__mystification_0__ref_live_concert_1__s42.mp4,8,120,0.6263517292122436,0.4529115711118455,0.4304981806406346,1.0434002358042285
dualforce_control|02_effect__dai|ee2f498a5b,GEN:dualforce_control:v2:effect:start,mystification_0,store/gens/013_dualforce_control/02_effect__dai/videos/G-zs-cross__dualforce_control_effect__mystification_0__ref_live_concert_1__s43.mp4,8,120,0.5000839198297435,0.3861104211249226,0.4084298568997248,1.1750640831043817
dualforce_control|02_effect__dai|a944449d58,GEN:dualforce_control:v2:effect:both,hero_flight_5,store/gens/013_dualforce_control/02_effect__dai/videos/G-zs-cross__dualforce_control_effect__hero_flight_5__ref_melt_transition_1__s42.mp4,8,113,0.6617802066732732,0.4859024114242699,0.4589650359214606,0.6768492016307046
dualforce_control|02_effect__dai|e9660c0ff7,GEN:dualforce_control:v2:effect:both,hero_flight_5,store/gens/013_dualforce_control/02_effect__dai/videos/G-zs-cross__dualforce_control_effect__hero_flight_5__ref_melt_transition_1__s43.mp4,8,113,0.4171699794373888,0.5081772785987886,0.4968886851873467,0.6744157871289708
dualforce_control|02_effect__dai|9e47cecc76,GEN:dualforce_control:v2:effect:both,hero_flight_6,store/gens/013_dualforce_control/02_effect__dai/videos/G-zs-cross__dualforce_control_effect__hero_flight_6__ref_display_transition_1__s42.mp4,8,113,0.4612365507909857,0.6818379134291876,0.693448623533327,0.721163616048856
dualforce_control|02_effect__dai|366bb9dede,GEN:dualforce_control:v2:effect:both,hero_flight_6,store/gens/013_dualforce_control/02_effect__dai/videos/G-zs-cross__dualforce_control_effect__hero_flight_6__ref_display_transition_1__s43.mp4,8,113,0.4603060965484717,0.7416866506577826,0.7839011969011223,0.7163994878892673
dualforce_control|02_effect__dai|b3476f4588,GEN:dualforce_control:v2:effect:start,polygon_4,store/gens/013_dualforce_control/02_effect__dai/videos/G-zs-cross__dualforce_control_effect__polygon_4__ref_luminous_gaze_0__s42.mp4,8,120,0.3532232808988447,0.3874291838620246,0.3866071900360322,0.9926462968460392
dualforce_control|02_effect__dai|081c058071,GEN:dualforce_control:v2:effect:start,polygon_4,store/gens/013_dualforce_control/02_effect__dai/videos/G-zs-cross__dualforce_control_effect__polygon_4__ref_luminous_gaze_0__s43.mp4,8,120,0.319299488057017,0.3659600784258054,0.4243655216847338,1.321031244285911
dualforce_control|02_effect__dai|3d9df26690,GEN:dualforce_control:v2:effect:start,polygon_8,store/gens/013_dualforce_control/02_effect__dai/videos/G-zs-cross__dualforce_control_effect__polygon_8__ref_luminous_gaze_0__s42.mp4,8,120,0.7475633143098113,0.2013214550782156,0.2270693997417609,1.1593662354443102
dualforce_control|02_effect__dai|f71f28d473,GEN:dualforce_control:v2:effect:start,polygon_8,store/gens/013_dualforce_control/02_effect__dai/videos/G-zs-cross__dualforce_control_effect__polygon_8__ref_luminous_gaze_0__s43.mp4,8,120,0.7861715663865689,0.2070382312368984,0.2257282728917411,1.11383572925075
dualforce_control|02_effect__dai|2f299c6ccc,GEN:dualforce_control:v2:effect:both,shadow_smoke_7,store/gens/013_dualforce_control/02_effect__dai/videos/G-zs-cross__dualforce_control_effect__shadow_smoke_7__ref_firelava_0__s42.mp4,8,113,0.4046665170612602,0.7318115097554846,0.8567904994899582,0.919761601284122
dualforce_control|02_effect__dai|a99da3032e,GEN:dualforce_control:v2:effect:both,shadow_smoke_7,store/gens/013_dualforce_control/02_effect__dai/videos/G-zs-cross__dualforce_control_effect__shadow_smoke_7__ref_firelava_0__s43.mp4,8,113,0.4798016857714311,0.7613903076580115,0.927503569190492,0.9192240638744588
dualforce_control|02_effect__dai|c6ccae987b,GEN:dualforce_control:v2:effect:start,super_fast_run_0,store/gens/013_dualforce_control/02_effect__dai/videos/G-zs-cross__dualforce_control_effect__super_fast_run_0__ref_monstrosity_0__s42.mp4,8,120,0.3474808203001587,0.3359468389787434,0.360771600367251,0.6686407222888069
dualforce_control|02_effect__dai|7ae2c81af9,GEN:dualforce_control:v2:effect:start,super_fast_run_0,store/gens/013_dualforce_control/02_effect__dai/videos/G-zs-cross__dualforce_control_effect__super_fast_run_0__ref_monstrosity_0__s43.mp4,8,120,0.3944994497870471,0.4725667067614231,0.5439490430870673,0.5627200968573941
dualforce_control|02_effect__dai|09ac42c604,GEN:dualforce_control:v2:effect:start,super_fast_run_3,store/gens/013_dualforce_control/02_effect__dai/videos/G-zs-cross__dualforce_control_effect__super_fast_run_3__ref_monstrosity_0__s42.mp4,8,120,0.3154505062443264,0.4876992413399342,0.5418994496819012,0.7997362073810916
dualforce_control|02_effect__dai|894732bb12,GEN:dualforce_control:v2:effect:start,super_fast_run_3,store/gens/013_dualforce_control/02_effect__dai/videos/G-zs-cross__dualforce_control_effect__super_fast_run_3__ref_monstrosity_0__s43.mp4,8,120,0.5437358353714219,0.5910993757260448,0.6715046596362434,0.7256464929003261
dualforce_control|02_effect__dai|894dbdd3e0,GEN:dualforce_control:v2:effect:both,water_bending_3,store/gens/013_dualforce_control/02_effect__dai/videos/G-zs-cross__dualforce_control_effect__water_bending_3__ref_firelava_0__s42.mp4,8,113,0.4681524192709252,0.8488007808024581,0.9698522498693338,0.7013636299075053
dualforce_control|02_effect__dai|1135022ab8,GEN:dualforce_control:v2:effect:both,water_bending_3,store/gens/013_dualforce_control/02_effect__dai/videos/G-zs-cross__dualforce_control_effect__water_bending_3__ref_firelava_0__s43.mp4,8,113,0.4323714474399194,0.7175870454364025,0.7637822057357009,0.7030718858466204
dualforce_control|02_effect__dai|a3e2c94921,GEN:dualforce_control:v2:effect:start,cotton_cloud_0,store/gens/013_dualforce_control/02_effect__dai/videos/G-zs-same__dualforce_control_effect__cotton_cloud_0__ref_cotton_cloud_1__s42.mp4,8,120,0.4489837418322802,0.2470857012812923,0.2647932245068015,0.9632686821628106
dualforce_control|02_effect__dai|6bece409d0,GEN:dualforce_control:v2:effect:start,cotton_cloud_0,store/gens/013_dualforce_control/02_effect__dai/videos/G-zs-same__dualforce_control_effect__cotton_cloud_0__ref_cotton_cloud_1__s43.mp4,8,120,0.5628509201247314,0.200206245487986,0.16113317680386,0.962284035124101
dualforce_control|02_effect__dai|a1a5f3fa64,GEN:dualforce_control:v2:effect:both,firelava_4,store/gens/013_dualforce_control/02_effect__dai/videos/G-zs-same__dualforce_control_effect__firelava_4__ref_firelava_0__s42.mp4,8,113,0.5746068665705593,0.5678353257928598,0.6353051086599985,0.9519662593367992
dualforce_control|02_effect__dai|e1382d3107,GEN:dualforce_control:v2:effect:both,firelava_4,store/gens/013_dualforce_control/02_effect__dai/videos/G-zs-same__dualforce_control_effect__firelava_4__ref_firelava_0__s43.mp4,8,113,0.5170683534755323,0.6042423469084314,0.6973281784157217,0.9553089230463554
dualforce_control|02_effect__dai|9fdab2b9df,GEN:dualforce_control:v2:effect:both,flying_cam_transition_4,store/gens/013_dualforce_control/02_effect__dai/videos/G-zs-same__dualforce_control_effect__flying_cam_transition_4__ref_flying_cam_transition_1__s42.mp4,8,113,0.7255138244095616,0.455751914656363,0.4620860299051014,1.1467095475008706
dualforce_control|02_effect__dai|2e23cb46e6,GEN:dualforce_control:v2:effect:both,flying_cam_transition_4,store/gens/013_dualforce_control/02_effect__dai/videos/G-zs-same__dualforce_control_effect__flying_cam_transition_4__ref_flying_cam_transition_1__s43.mp4,8,113,0.5851664917897639,0.5094201186361201,0.4804461483270472,1.1284705892433615
dualforce_control|02_effect__dai|2afd300d37,GEN:dualforce_control:v2:effect:start,live_concert_0,store/gens/013_dualforce_control/02_effect__dai/videos/G-zs-same__dualforce_control_effect__live_concert_0__ref_live_concert_1__s42.mp4,8,120,0.5163118987582831,0.5957909509176419,0.6438623887689284,1.153082329274126
dualforce_control|02_effect__dai|a31224ba0e,GEN:dualforce_control:v2:effect:start,live_concert_0,store/gens/013_dualforce_control/02_effect__dai/videos/G-zs-same__dualforce_control_effect__live_concert_0__ref_live_concert_1__s43.mp4,8,120,0.5555955379483777,0.6026039400280336,0.6390577761604567,0.9583672941633324
dualforce_control|02_effect__dai|faa66f8efb,GEN:dualforce_control:v2:effect:start,luminous_gaze_3,store/gens/013_dualforce_control/02_effect__dai/videos/G-zs-same__dualforce_control_effect__luminous_gaze_3__ref_luminous_gaze_0__s42.mp4,8,120,0.717898346269952,0.2633869069414783,0.1819544271883398,0.9340325461718012
dualforce_control|02_effect__dai|7adc75d5a6,GEN:dualforce_control:v2:effect:start,luminous_gaze_3,store/gens/013_dualforce_control/02_effect__dai/videos/G-zs-same__dualforce_control_effect__luminous_gaze_3__ref_luminous_gaze_0__s43.mp4,8,120,0.5484182268508526,0.2456704360902907,0.237988759243943,1.362042171449245
dualforce_control|02_effect__dai|ce1c6ee0cc,GEN:dualforce_control:v2:effect:both,melt_transition_2,store/gens/013_dualforce_control/02_effect__dai/videos/G-zs-same__dualforce_control_effect__melt_transition_2__ref_melt_transition_1__s42.mp4,8,113,0.6474764884549542,0.388945873714039,0.3415427920554198,0.766056528716953
dualforce_control|02_effect__dai|f2b46454bf,GEN:dualforce_control:v2:effect:both,melt_transition_2,store/gens/013_dualforce_control/02_effect__dai/videos/G-zs-same__dualforce_control_effect__melt_transition_2__ref_melt_transition_1__s43.mp4,8,113,0.598500351699397,0.4750540801589447,0.5080099607724536,0.7669048415277733
dualforce_control|02_effect__dai|ff6f850108,GEN:dualforce_control:v2:effect:both,raven_transition_2,store/gens/013_dualforce_control/02_effect__dai/videos/G-zs-same__dualforce_control_effect__raven_transition_2__ref_raven_transition_0__s42.mp4,8,113,0.4606879284283507,0.5495368163847919,0.5442349942707965,1.029507187369565
dualforce_control|02_effect__dai|4a1a095660,GEN:dualforce_control:v2:effect:both,raven_transition_2,store/gens/013_dualforce_control/02_effect__dai/videos/G-zs-same__dualforce_control_effect__raven_transition_2__ref_raven_transition_0__s43.mp4,8,113,0.4981745095035512,0.507934911289286,0.6009358136453766,1.018578157330591
dualforce_control|02_effect__dai|d000669549,GEN:dualforce_control:v2:effect:start,saint_glow_3,store/gens/013_dualforce_control/02_effect__dai/videos/G-zs-same__dualforce_control_effect__saint_glow_3__ref_saint_glow_0__s42.mp4,8,120,0.6437797465605439,0.3934219516616876,0.4424150614650206,0.432232936530893
dualforce_control|02_effect__dai|b8d421bffb,GEN:dualforce_control:v2:effect:start,saint_glow_3,store/gens/013_dualforce_control/02_effect__dai/videos/G-zs-same__dualforce_control_effect__saint_glow_3__ref_saint_glow_0__s43.mp4,8,120,0.633413067495783,0.3596486667870172,0.4158620002011942,0.4752936049595299
dualforce_control|03_neutral_v3__dai|adf4d1365d,GEN:dualforce_control:v3:neutral:start,acid_0,store/gens/013_dualforce_control/03_neutral_v3__dai/videos/G-unseen-cross__dualforce_control_neutral_v3__acid_0__ref_nature_bloom_1__s42.mp4,8,120,0.2848387458354724,0.4145084771301575,0.4777154344919851,0.7687513102654977
dualforce_control|03_neutral_v3__dai|e1b72f9a87,GEN:dualforce_control:v3:neutral:start,acid_0,store/gens/013_dualforce_control/03_neutral_v3__dai/videos/G-unseen-cross__dualforce_control_neutral_v3__acid_0__ref_nature_bloom_1__s43.mp4,8,120,0.1860323643380066,0.53077349898992,0.5960658710125242,0.6547529152888227
dualforce_control|03_neutral_v3__dai|70cccacee1,GEN:dualforce_control:v3:neutral:both,air_bending_1,store/gens/013_dualforce_control/03_neutral_v3__dai/videos/G-unseen-cross__dualforce_control_neutral_v3__air_bending_1__ref_earth_wave_3__s42.mp4,8,113,0.5365427906365212,0.4743146944371796,0.5395239930166906,1.0853316267753514
dualforce_control|03_neutral_v3__dai|611fe5a033,GEN:dualforce_control:v3:neutral:both,air_bending_1,store/gens/013_dualforce_control/03_neutral_v3__dai/videos/G-unseen-cross__dualforce_control_neutral_v3__air_bending_1__ref_earth_wave_3__s43.mp4,8,113,0.3964209306822954,0.6019833433169551,0.6962562749016548,1.0813976074070026
dualforce_control|03_neutral_v3__dai|20774baf62,GEN:dualforce_control:v3:neutral:both,air_bending_1,store/gens/013_dualforce_control/03_neutral_v3__dai/videos/G-unseen-cross__dualforce_control_neutral_v3__air_bending_1__ref_flame_transition_2__s42.mp4,8,113,0.6172768576760539,0.749450895847163,0.6705291856153588,1.084572624488515
dualforce_control|03_neutral_v3__dai|a197c73a4c,GEN:dualforce_control:v3:neutral:both,air_bending_1,store/gens/013_dualforce_control/03_neutral_v3__dai/videos/G-unseen-cross__dualforce_control_neutral_v3__air_bending_1__ref_flame_transition_2__s43.mp4,8,113,0.6098076490405326,0.8487333569893436,0.7117811066811459,1.0852979107495704
dualforce_control|03_neutral_v3__dai|805f27b162,GEN:dualforce_control:v3:neutral:start,animalization_2,store/gens/013_dualforce_control/03_neutral_v3__dai/videos/G-unseen-cross__dualforce_control_neutral_v3__animalization_2__ref_sakura_petals_1__s42.mp4,8,120,0.4567877557154696,0.4502854236196539,0.5126620456976649,0.2584442010532632
dualforce_control|03_neutral_v3__dai|3112f7bc77,GEN:dualforce_control:v3:neutral:start,animalization_2,store/gens/013_dualforce_control/03_neutral_v3__dai/videos/G-unseen-cross__dualforce_control_neutral_v3__animalization_2__ref_sakura_petals_1__s43.mp4,8,120,0.4482217822119816,0.6211147193909334,0.6699966382059339,0.2586910826170441
dualforce_control|03_neutral_v3__dai|6d73482d17,GEN:dualforce_control:v3:neutral:start,cotton_cloud_0,store/gens/013_dualforce_control/03_neutral_v3__dai/videos/G-unseen-cross__dualforce_control_neutral_v3__cotton_cloud_0__ref_animalization_2__s42.mp4,8,120,0.4816097227970384,0.5573279584068057,0.5935602274899653,0.7940935993115759
dualforce_control|03_neutral_v3__dai|b113fdfc05,GEN:dualforce_control:v3:neutral:start,cotton_cloud_0,store/gens/013_dualforce_control/03_neutral_v3__dai/videos/G-unseen-cross__dualforce_control_neutral_v3__cotton_cloud_0__ref_animalization_2__s43.mp4,8,120,0.4223157080525272,0.5875772159035713,0.6633295217740762,0.7032679711675964
dualforce_control|03_neutral_v3__dai|e301d13c09,GEN:dualforce_control:v3:neutral:start,color_rain_2,store/gens/013_dualforce_control/03_neutral_v3__dai/videos/G-unseen-cross__dualforce_control_neutral_v3__color_rain_2__ref_fire_element_2__s42.mp4,8,120,0.3781290720722088,0.6349616535761713,0.7118078488821239,0.4005053427556145
dualforce_control|03_neutral_v3__dai|b96034144c,GEN:dualforce_control:v3:neutral:start,color_rain_2,store/gens/013_dualforce_control/03_neutral_v3__dai/videos/G-unseen-cross__dualforce_control_neutral_v3__color_rain_2__ref_fire_element_2__s43.mp4,8,120,0.4653299802869204,0.4421992524167702,0.4701495371807072,0.5036706146711147
dualforce_control|03_neutral_v3__dai|7810c12e1e,GEN:dualforce_control:v3:neutral:start,cotton_cloud_0,store/gens/013_dualforce_control/03_neutral_v3__dai/videos/G-unseen-cross__dualforce_control_neutral_v3__cotton_cloud_0__ref_wonderland_1__s42.mp4,8,120,0.5388921673975671,0.6540875787139273,0.8234360537844316,0.7195110998006875
dualforce_control|03_neutral_v3__dai|5e85f86b6f,GEN:dualforce_control:v3:neutral:start,cotton_cloud_0,store/gens/013_dualforce_control/03_neutral_v3__dai/videos/G-unseen-cross__dualforce_control_neutral_v3__cotton_cloud_0__ref_wonderland_1__s43.mp4,8,120,0.4995773103151768,0.560691995758717,0.6417280367015943,0.7811603275510806
dualforce_control|03_neutral_v3__dai|800bfcded8,GEN:dualforce_control:v3:neutral:both,display_transition_1,store/gens/013_dualforce_control/03_neutral_v3__dai/videos/G-unseen-cross__dualforce_control_neutral_v3__display_transition_1__ref_air_bending_1__s42.mp4,8,113,0.5339954984701825,0.9399692105684238,1.1000832163748286,0.8542178500983637
dualforce_control|03_neutral_v3__dai|28382c1411,GEN:dualforce_control:v3:neutral:both,display_transition_1,store/gens/013_dualforce_control/03_neutral_v3__dai/videos/G-unseen-cross__dualforce_control_neutral_v3__display_transition_1__ref_air_bending_1__s43.mp4,8,113,0.5564822298361427,0.8058735146974131,0.8974706440869349,0.8055657047620689
dualforce_control|03_neutral_v3__dai|38ae74d3b5,GEN:dualforce_control:v3:neutral:start,earth_element_4,store/gens/013_dualforce_control/03_neutral_v3__dai/videos/G-unseen-cross__dualforce_control_neutral_v3__earth_element_4__ref_super_fast_run_3__s42.mp4,8,120,0.4591199889565176,0.4123192694447119,0.4513997901942477,0.5967170324384307
dualforce_control|03_neutral_v3__dai|07df803531,GEN:dualforce_control:v3:neutral:start,earth_element_4,store/gens/013_dualforce_control/03_neutral_v3__dai/videos/G-unseen-cross__dualforce_control_neutral_v3__earth_element_4__ref_super_fast_run_3__s43.mp4,8,120,0.523247225462582,0.420833622583485,0.4439460452406494,0.5457486346258394
dualforce_control|03_neutral_v3__dai|1ed0f2c3a2,GEN:dualforce_control:v3:neutral:both,firelava_4,store/gens/013_dualforce_control/03_neutral_v3__dai/videos/G-unseen-cross__dualforce_control_neutral_v3__firelava_4__ref_hero_flight_6__s42.mp4,8,113,0.7167921243499893,0.4139003822483408,0.5035987631039964,0.9635690061465784
dualforce_control|03_neutral_v3__dai|9080f94206,GEN:dualforce_control:v3:neutral:both,firelava_4,store/gens/013_dualforce_control/03_neutral_v3__dai/videos/G-unseen-cross__dualforce_control_neutral_v3__firelava_4__ref_hero_flight_6__s43.mp4,8,113,0.808658329268972,0.384452217299664,0.4628048219146983,0.9611282864846332
dualforce_control|03_neutral_v3__dai|10bf624cad,GEN:dualforce_control:v3:neutral:start,gas_transformation_6,store/gens/013_dualforce_control/03_neutral_v3__dai/videos/G-unseen-cross__dualforce_control_neutral_v3__gas_transformation_6__ref_wireframe_7__s42.mp4,8,120,0.6823878357393058,0.1017539771199593,0.0362285772658798,1.2720062477978251
dualforce_control|03_neutral_v3__dai|1a6b1c6c6b,GEN:dualforce_control:v3:neutral:start,gas_transformation_6,store/gens/013_dualforce_control/03_neutral_v3__dai/videos/G-unseen-cross__dualforce_control_neutral_v3__gas_transformation_6__ref_wireframe_7__s43.mp4,8,120,0.7317293327693224,0.1058992640332236,0.0932388827796382,1.162597904880427
dualforce_control|03_neutral_v3__dai|a230c3448a,GEN:dualforce_control:v3:neutral:both,firelava_4,store/gens/013_dualforce_control/03_neutral_v3__dai/videos/G-unseen-cross__dualforce_control_neutral_v3__firelava_4__ref_water_bending_3__s42.mp4,8,113,0.5247327574771512,0.5189908276585425,0.584030754698341,0.9515715110169928
dualforce_control|03_neutral_v3__dai|94972d56b0,GEN:dualforce_control:v3:neutral:both,firelava_4,store/gens/013_dualforce_control/03_neutral_v3__dai/videos/G-unseen-cross__dualforce_control_neutral_v3__firelava_4__ref_water_bending_3__s43.mp4,8,113,0.5239364607969796,0.4642741954984236,0.5653652085714411,0.9554280599131414
dualforce_control|03_neutral_v3__dai|5c44cddfc7,GEN:dualforce_control:v3:neutral:both,earth_wave_5,store/gens/013_dualforce_control/03_neutral_v3__dai/videos/G-unseen-cross__dualforce_control_neutral_v3__earth_wave_5__ref_flame_transition_3__s42.mp4,8,113,0.6120196494412447,0.5233712806888009,0.4253873781115881,0.912745605951686
dualforce_control|03_neutral_v3__dai|df823507c1,GEN:dualforce_control:v3:neutral:both,earth_wave_5,store/gens/013_dualforce_control/03_neutral_v3__dai/videos/G-unseen-cross__dualforce_control_neutral_v3__earth_wave_5__ref_flame_transition_3__s43.mp4,8,113,0.6663261104119216,0.7123335311654289,0.8005306554485359,0.9033011813437946
dualforce_control|03_neutral_v3__dai|86e9bd18cd,GEN:dualforce_control:v3:neutral:start,fire_element_2,store/gens/013_dualforce_control/03_neutral_v3__dai/videos/G-unseen-cross__dualforce_control_neutral_v3__fire_element_2__ref_color_rain_2__s42.mp4,8,120,0.2867614005078154,0.3344385890273492,0.3848010618739666,0.4426178937404885
dualforce_control|03_neutral_v3__dai|dbffeb8cc3,GEN:dualforce_control:v3:neutral:start,fire_element_2,store/gens/013_dualforce_control/03_neutral_v3__dai/videos/G-unseen-cross__dualforce_control_neutral_v3__fire_element_2__ref_color_rain_2__s43.mp4,8,120,0.3943708700804924,0.3083768556078055,0.3407692741359107,0.4684659519622539
dualforce_control|03_neutral_v3__dai|d2eede8bf8,GEN:dualforce_control:v3:neutral:start,illustration_scene_4,store/gens/013_dualforce_control/03_neutral_v3__dai/videos/G-unseen-cross__dualforce_control_neutral_v3__illustration_scene_4__ref_earth_element_6__s42.mp4,8,120,0.5064228306392804,0.6591050425455427,0.710092174160243,0.485798315546154
dualforce_control|03_neutral_v3__dai|8f15be28ec,GEN:dualforce_control:v3:neutral:start,illustration_scene_4,store/gens/013_dualforce_control/03_neutral_v3__dai/videos/G-unseen-cross__dualforce_control_neutral_v3__illustration_scene_4__ref_earth_element_6__s43.mp4,8,120,0.4645283947757537,0.6341273605535016,0.7106380739259052,0.4603146500505695
dualforce_control|03_neutral_v3__dai|0f33176dd8,GEN:dualforce_control:v3:neutral:start,live_concert_0,store/gens/013_dualforce_control/03_neutral_v3__dai/videos/G-unseen-cross__dualforce_control_neutral_v3__live_concert_0__ref_plasma_explosion_2__s42.mp4,8,120,0.5364820431007393,0.781876745932592,0.8167030812906375,0.6944694279471586
dualforce_control|03_neutral_v3__dai|fd295f924a,GEN:dualforce_control:v3:neutral:start,live_concert_0,store/gens/013_dualforce_control/03_neutral_v3__dai/videos/G-unseen-cross__dualforce_control_neutral_v3__live_concert_0__ref_plasma_explosion_2__s43.mp4,8,120,0.5374867233518721,0.47481472291596,0.4932559041942979,0.656787880699692
dualforce_control|03_neutral_v3__dai|6f3b95f98a,GEN:dualforce_control:v3:neutral:start,live_concert_4,store/gens/013_dualforce_control/03_neutral_v3__dai/videos/G-unseen-cross__dualforce_control_neutral_v3__live_concert_4__ref_gas_transformation_7__s42.mp4,8,120,0.6389289414466082,0.4998219905652576,0.6003797250128701,0.9018133482313968
dualforce_control|03_neutral_v3__dai|b5e267fc1c,GEN:dualforce_control:v3:neutral:start,live_concert_4,store/gens/013_dualforce_control/03_neutral_v3__dai/videos/G-unseen-cross__dualforce_control_neutral_v3__live_concert_4__ref_gas_transformation_7__s43.mp4,8,120,0.5810369957134964,0.4714352715621915,0.572103696122952,0.9058964965649808
dualforce_control|03_neutral_v3__dai|bbd800b0bf,GEN:dualforce_control:v3:neutral:start,plasma_explosion_2,store/gens/013_dualforce_control/03_neutral_v3__dai/videos/G-unseen-cross__dualforce_control_neutral_v3__plasma_explosion_2__ref_illustration_scene_7__s42.mp4,8,120,0.4695951017919133,0.3148947143749948,0.3433540738625009,0.7229978861293928
dualforce_control|03_neutral_v3__dai|98ec163b1e,GEN:dualforce_control:v3:neutral:start,plasma_explosion_2,store/gens/013_dualforce_control/03_neutral_v3__dai/videos/G-unseen-cross__dualforce_control_neutral_v3__plasma_explosion_2__ref_illustration_scene_7__s43.mp4,8,120,0.4580884979258321,0.3200529079451312,0.3753750804135313,0.7396845982034211
dualforce_control|03_neutral_v3__dai|394b0c72cc,GEN:dualforce_control:v3:neutral:start,money_rain_1,store/gens/013_dualforce_control/03_neutral_v3__dai/videos/G-unseen-cross__dualforce_control_neutral_v3__money_rain_1__ref_water_element_4__s42.mp4,8,120,0.5715676787624706,0.3237656779973586,0.37058363042823,0.6515326564579456
dualforce_control|03_neutral_v3__dai|4b47072056,GEN:dualforce_control:v3:neutral:start,money_rain_1,store/gens/013_dualforce_control/03_neutral_v3__dai/videos/G-unseen-cross__dualforce_control_neutral_v3__money_rain_1__ref_water_element_4__s43.mp4,8,120,0.4997852636782973,0.5126527222141904,0.5804961539693089,0.6019416640631989
dualforce_control|03_neutral_v3__dai|ace424785f,GEN:dualforce_control:v3:neutral:start,gas_transformation_7,store/gens/013_dualforce_control/03_neutral_v3__dai/videos/G-unseen-cross__dualforce_control_neutral_v3__gas_transformation_7__ref_mystification_0__s42.mp4,8,120,0.473765191002967,0.4390745370875494,0.5482042021676145,0.6448282594525294
dualforce_control|03_neutral_v3__dai|b6398cf3b0,GEN:dualforce_control:v3:neutral:start,gas_transformation_7,store/gens/013_dualforce_control/03_neutral_v3__dai/videos/G-unseen-cross__dualforce_control_neutral_v3__gas_transformation_7__ref_mystification_0__s43.mp4,8,120,0.4577836336510017,0.4221700714829255,0.4626379522038919,0.7849432905645597
dualforce_control|03_neutral_v3__dai|00a1eabbeb,GEN:dualforce_control:v3:neutral:both,hero_flight_6,store/gens/013_dualforce_control/03_neutral_v3__dai/videos/G-unseen-cross__dualforce_control_neutral_v3__hero_flight_6__ref_giant_grab_3__s42.mp4,8,113,0.5733616731363365,0.6030935322233874,0.5956452855698482,0.7181358171030093
dualforce_control|03_neutral_v3__dai|01d4d7cd0d,GEN:dualforce_control:v3:neutral:both,hero_flight_6,store/gens/013_dualforce_control/03_neutral_v3__dai/videos/G-unseen-cross__dualforce_control_neutral_v3__hero_flight_6__ref_giant_grab_3__s43.mp4,8,113,0.5543206651453347,0.5391620808875858,0.5539679133633701,0.7161408112292296
dualforce_control|03_neutral_v3__dai|354d8ac88a,GEN:dualforce_control:v3:neutral:start,portal_1,store/gens/013_dualforce_control/03_neutral_v3__dai/videos/G-unseen-cross__dualforce_control_neutral_v3__portal_1__ref_money_rain_3__s42.mp4,8,120,0.6056567174835827,0.6356406720765196,0.6505398739857474,0.4193949287060324
dualforce_control|03_neutral_v3__dai|9dfc8e0835,GEN:dualforce_control:v3:neutral:start,portal_1,store/gens/013_dualforce_control/03_neutral_v3__dai/videos/G-unseen-cross__dualforce_control_neutral_v3__portal_1__ref_money_rain_3__s43.mp4,8,120,0.545827926162324,0.4830789252921248,0.4727157536029383,0.481993147871564
dualforce_control|03_neutral_v3__dai|08f5bfdbdf,GEN:dualforce_control:v3:neutral:start,wireframe_7,store/gens/013_dualforce_control/03_neutral_v3__dai/videos/G-unseen-cross__dualforce_control_neutral_v3__wireframe_7__ref_shadow_3__s42.mp4,8,120,0.3157890763730087,0.4664895126345301,0.4757631731794823,0.7699465393593032
dualforce_control|03_neutral_v3__dai|2a01d0a5c2,GEN:dualforce_control:v3:neutral:start,wireframe_7,store/gens/013_dualforce_control/03_neutral_v3__dai/videos/G-unseen-cross__dualforce_control_neutral_v3__wireframe_7__ref_shadow_3__s43.mp4,8,120,0.3461274791339281,0.3656622257432709,0.4116652004781674,0.8266692221467843
dualforce_control|03_neutral_v3__dai|cbd891b72e,GEN:dualforce_control:v3:neutral:start,super_fast_run_3,store/gens/013_dualforce_control/03_neutral_v3__dai/videos/G-unseen-cross__dualforce_control_neutral_v3__super_fast_run_3__ref_portal_4__s42.mp4,8,120,0.572230236946144,1.2986015742667512,1.4358429438409417,0.8500593850715942
dualforce_control|03_neutral_v3__dai|00dfd4a870,GEN:dualforce_control:v3:neutral:start,super_fast_run_3,store/gens/013_dualforce_control/03_neutral_v3__dai/videos/G-unseen-cross__dualforce_control_neutral_v3__super_fast_run_3__ref_portal_4__s43.mp4,8,120,0.4664925742589165,1.5417790490980656,1.7315477202241338,0.7097855590769214
dualforce_control|03_neutral_v3__dai|a0a5db9618,GEN:dualforce_control:v3:neutral:both,water_bending_3,store/gens/013_dualforce_control/03_neutral_v3__dai/videos/G-unseen-cross__dualforce_control_neutral_v3__water_bending_3__ref_shadow_smoke_7__s42.mp4,8,113,0.4905643034220022,0.7068608024849516,0.8742184316915885,0.7055507259351044
dualforce_control|03_neutral_v3__dai|686ba2abdc,GEN:dualforce_control:v3:neutral:both,water_bending_3,store/gens/013_dualforce_control/03_neutral_v3__dai/videos/G-unseen-cross__dualforce_control_neutral_v3__water_bending_3__ref_shadow_smoke_7__s43.mp4,8,113,0.5161668549351486,0.5293930102176226,0.6304107973329545,0.7039916526158656
dualforce_control|03_neutral_v3__dai|88d921aaf3,GEN:dualforce_control:v3:neutral:start,shadow_10,store/gens/013_dualforce_control/03_neutral_v3__dai/videos/G-unseen-cross__dualforce_control_neutral_v3__shadow_10__ref_polygon_8__s42.mp4,8,120,0.552889773127081,0.3255823062669052,0.3225787792492448,0.5593000928357977
dualforce_control|03_neutral_v3__dai|8a7a1512de,GEN:dualforce_control:v3:neutral:start,shadow_10,store/gens/013_dualforce_control/03_neutral_v3__dai/videos/G-unseen-cross__dualforce_control_neutral_v3__shadow_10__ref_polygon_8__s43.mp4,8,120,0.6187474050915587,0.3235172834832446,0.3929954914631646,0.5673849469890886
dualforce_control|03_neutral_v3__dai|ff7da73129,GEN:dualforce_control:v3:neutral:start,animalization_0,store/gens/013_dualforce_control/03_neutral_v3__dai/videos/G-unseen-same__dualforce_control_neutral_v3__animalization_0__ref_animalization_2__s42.mp4,8,120,0.3892418950178875,0.5226806669304118,0.5391581670445292,0.8445326018091643
dualforce_control|03_neutral_v3__dai|a44e42ea49,GEN:dualforce_control:v3:neutral:start,animalization_0,store/gens/013_dualforce_control/03_neutral_v3__dai/videos/G-unseen-same__dualforce_control_neutral_v3__animalization_0__ref_animalization_2__s43.mp4,8,120,0.41833057768292,0.4878732350188447,0.5543459521092405,0.7450161668699224
dualforce_control|03_neutral_v3__dai|4be4735855,GEN:dualforce_control:v3:neutral:start,color_rain_0,store/gens/013_dualforce_control/03_neutral_v3__dai/videos/G-unseen-same__dualforce_control_neutral_v3__color_rain_0__ref_color_rain_2__s42.mp4,8,120,0.5343195090715478,0.3361468714265385,0.3647910044440726,0.3816763204391396
dualforce_control|03_neutral_v3__dai|749d623109,GEN:dualforce_control:v3:neutral:start,color_rain_0,store/gens/013_dualforce_control/03_neutral_v3__dai/videos/G-unseen-same__dualforce_control_neutral_v3__color_rain_0__ref_color_rain_2__s43.mp4,8,120,0.4561160135894255,0.4130884572363099,0.4911529625807317,0.431992149114794
dualforce_control|03_neutral_v3__dai|44ce300ab0,GEN:dualforce_control:v3:neutral:start,earth_element_4,store/gens/013_dualforce_control/03_neutral_v3__dai/videos/G-unseen-same__dualforce_control_neutral_v3__earth_element_4__ref_earth_element_6__s42.mp4,8,120,0.3267354802599367,0.3159741561486501,0.3209819959188709,0.6276172567747852
dualforce_control|03_neutral_v3__dai|d84498197b,GEN:dualforce_control:v3:neutral:start,earth_element_4,store/gens/013_dualforce_control/03_neutral_v3__dai/videos/G-unseen-same__dualforce_control_neutral_v3__earth_element_4__ref_earth_element_6__s43.mp4,8,120,0.4113145278746231,0.3251219301755999,0.3334072645694768,0.5687906604360766
dualforce_control|03_neutral_v3__dai|cf7c45845f,GEN:dualforce_control:v3:neutral:start,gas_transformation_6,store/gens/013_dualforce_control/03_neutral_v3__dai/videos/G-unseen-same__dualforce_control_neutral_v3__gas_transformation_6__ref_gas_transformation_7__s42.mp4,8,120,0.5169510282372742,0.3844665570208915,0.4209554939784494,0.3891791246760416
dualforce_control|03_neutral_v3__dai|d23c56058a,GEN:dualforce_control:v3:neutral:start,gas_transformation_6,store/gens/013_dualforce_control/03_neutral_v3__dai/videos/G-unseen-same__dualforce_control_neutral_v3__gas_transformation_6__ref_gas_transformation_7__s43.mp4,8,120,0.5972067249919342,0.3769724541859151,0.3188407026671402,0.3707326907293166
dualforce_control|03_neutral_v3__dai|5c623ba133,GEN:dualforce_control:v3:neutral:both,giant_grab_5,store/gens/013_dualforce_control/03_neutral_v3__dai/videos/G-unseen-same__dualforce_control_neutral_v3__giant_grab_5__ref_giant_grab_3__s42.mp4,8,113,0.4860490485622259,0.5740855471062117,0.5677061433262073,0.4906828936190115
dualforce_control|03_neutral_v3__dai|65e650434c,GEN:dualforce_control:v3:neutral:both,giant_grab_5,store/gens/013_dualforce_control/03_neutral_v3__dai/videos/G-unseen-same__dualforce_control_neutral_v3__giant_grab_5__ref_giant_grab_3__s43.mp4,8,113,0.5913781748749043,0.5443869046061576,0.5697355283227057,0.4928096231951356
dualforce_control|03_neutral_v3__dai|88ddfd86d2,GEN:dualforce_control:v3:neutral:both,hero_flight_5,store/gens/013_dualforce_control/03_neutral_v3__dai/videos/G-unseen-same__dualforce_control_neutral_v3__hero_flight_5__ref_hero_flight_6__s42.mp4,8,113,0.7811239469133822,0.5136396062400139,0.5154388421474776,0.678118647978348
dualforce_control|03_neutral_v3__dai|70bfe9232a,GEN:dualforce_control:v3:neutral:both,hero_flight_5,store/gens/013_dualforce_control/03_neutral_v3__dai/videos/G-unseen-same__dualforce_control_neutral_v3__hero_flight_5__ref_hero_flight_6__s43.mp4,8,113,0.7241730205621173,0.4952735501567786,0.5355368109053057,0.6736675881943346
dualforce_control|03_neutral_v3__dai|90614edab6,GEN:dualforce_control:v3:neutral:both,flame_transition_2,store/gens/013_dualforce_control/03_neutral_v3__dai/videos/G-unseen-same__dualforce_control_neutral_v3__flame_transition_2__ref_flame_transition_3__s42.mp4,8,113,0.5817357535380754,0.8402671771407975,0.7033419374303186,0.5836813024446953
dualforce_control|03_neutral_v3__dai|2342c73e64,GEN:dualforce_control:v3:neutral:both,flame_transition_2,store/gens/013_dualforce_control/03_neutral_v3__dai/videos/G-unseen-same__dualforce_control_neutral_v3__flame_transition_2__ref_flame_transition_3__s43.mp4,8,113,0.6349967644494372,0.9281335092204052,0.9900881965976452,0.5769782537020693
dualforce_control|03_neutral_v3__dai|219c167170,GEN:dualforce_control:v3:neutral:both,flame_transition_3,store/gens/013_dualforce_control/03_neutral_v3__dai/videos/G-unseen-same__dualforce_control_neutral_v3__flame_transition_3__ref_flame_transition_2__s42.mp4,8,113,0.593506045072254,0.5420854482160125,0.5617076851319116,0.7057285974041503
dualforce_control|03_neutral_v3__dai|48fb7fbc8a,GEN:dualforce_control:v3:neutral:both,flame_transition_3,store/gens/013_dualforce_control/03_neutral_v3__dai/videos/G-unseen-same__dualforce_control_neutral_v3__flame_transition_3__ref_flame_transition_2__s43.mp4,8,113,0.6234956342646369,0.6451804190972455,0.5187119400754048,0.7081354109221445
dualforce_control|03_neutral_v3__dai|63549cef77,GEN:dualforce_control:v3:neutral:both,earth_wave_5,store/gens/013_dualforce_control/03_neutral_v3__dai/videos/G-unseen-same__dualforce_control_neutral_v3__earth_wave_5__ref_earth_wave_3__s42.mp4,8,113,0.4992517466817325,0.5225872996065012,0.592681728311907,0.9121045603035852
dualforce_control|03_neutral_v3__dai|ffba1cf9da,GEN:dualforce_control:v3:neutral:both,earth_wave_5,store/gens/013_dualforce_control/03_neutral_v3__dai/videos/G-unseen-same__dualforce_control_neutral_v3__earth_wave_5__ref_earth_wave_3__s43.mp4,8,113,0.5113356691725099,0.4931834153762403,0.553886231941358,0.9117757707795257
dualforce_control|03_neutral_v3__dai|e49fd43be7,GEN:dualforce_control:v3:neutral:start,fire_element_3,store/gens/013_dualforce_control/03_neutral_v3__dai/videos/G-unseen-same__dualforce_control_neutral_v3__fire_element_3__ref_fire_element_2__s42.mp4,8,120,0.358801443508187,0.456272299180286,0.5039799910069777,0.7748775048184027
dualforce_control|03_neutral_v3__dai|a15d0b6d1d,GEN:dualforce_control:v3:neutral:start,fire_element_3,store/gens/013_dualforce_control/03_neutral_v3__dai/videos/G-unseen-same__dualforce_control_neutral_v3__fire_element_3__ref_fire_element_2__s43.mp4,8,120,0.5374962823564029,0.5152914825475566,0.5733761092485274,0.6849964213084476
dualforce_control|03_neutral_v3__dai|aec261c053,GEN:dualforce_control:v3:neutral:start,illustration_scene_4,store/gens/013_dualforce_control/03_neutral_v3__dai/videos/G-unseen-same__dualforce_control_neutral_v3__illustration_scene_4__ref_illustration_scene_7__s42.mp4,8,120,0.5783130513461718,0.6810775500330544,0.6709806123349148,0.5270231723104037
dualforce_control|03_neutral_v3__dai|d55dfc7efe,GEN:dualforce_control:v3:neutral:start,illustration_scene_4,store/gens/013_dualforce_control/03_neutral_v3__dai/videos/G-unseen-same__dualforce_control_neutral_v3__illustration_scene_4__ref_illustration_scene_7__s43.mp4,8,120,0.521539477938662,0.6895944782543219,0.6378513463395924,0.5129103645848814
dualforce_control|03_neutral_v3__dai|56d70762ec,GEN:dualforce_control:v3:neutral:start,mystification_1,store/gens/013_dualforce_control/03_neutral_v3__dai/videos/G-unseen-same__dualforce_control_neutral_v3__mystification_1__ref_mystification_0__s42.mp4,8,120,0.4651440392837178,0.2930808174270743,0.3191197389643293,0.4880171344702342
dualforce_control|03_neutral_v3__dai|421ae81899,GEN:dualforce_control:v3:neutral:start,mystification_1,store/gens/013_dualforce_control/03_neutral_v3__dai/videos/G-unseen-same__dualforce_control_neutral_v3__mystification_1__ref_mystification_0__s43.mp4,8,120,0.4921824247905895,0.2617913522120997,0.2506760908715201,0.5176017301104341
dualforce_control|03_neutral_v3__dai|97b7349574,GEN:dualforce_control:v3:neutral:start,money_rain_1,store/gens/013_dualforce_control/03_neutral_v3__dai/videos/G-unseen-same__dualforce_control_neutral_v3__money_rain_1__ref_money_rain_3__s42.mp4,8,120,0.4531609558930274,0.523747494155432,0.6055015543490847,0.6691624823527473
dualforce_control|03_neutral_v3__dai|c0995b60f1,GEN:dualforce_control:v3:neutral:start,money_rain_1,store/gens/013_dualforce_control/03_neutral_v3__dai/videos/G-unseen-same__dualforce_control_neutral_v3__money_rain_1__ref_money_rain_3__s43.mp4,8,120,0.4446928588848522,0.4399388439896516,0.5044839356455875,0.5759289335192249
dualforce_control|03_neutral_v3__dai|1b246b6d2a,GEN:dualforce_control:v3:neutral:start,plasma_explosion_3,store/gens/013_dualforce_control/03_neutral_v3__dai/videos/G-unseen-same__dualforce_control_neutral_v3__plasma_explosion_3__ref_plasma_explosion_2__s42.mp4,8,120,0.4512745068286117,0.6059927945035699,0.6250288354705105,0.5791307031189189
dualforce_control|03_neutral_v3__dai|96e29fa9e1,GEN:dualforce_control:v3:neutral:start,plasma_explosion_3,store/gens/013_dualforce_control/03_neutral_v3__dai/videos/G-unseen-same__dualforce_control_neutral_v3__plasma_explosion_3__ref_plasma_explosion_2__s43.mp4,8,120,0.5544481202415577,0.5110497768689161,0.5007452444234899,0.6506470721554887
dualforce_control|03_neutral_v3__dai|ce934ae62b,GEN:dualforce_control:v3:neutral:start,shadow_10,store/gens/013_dualforce_control/03_neutral_v3__dai/videos/G-unseen-same__dualforce_control_neutral_v3__shadow_10__ref_shadow_3__s42.mp4,8,120,0.4835034688067348,0.3422899085581837,0.3796191875499511,1.0143116622623205
dualforce_control|03_neutral_v3__dai|b731c850f3,GEN:dualforce_control:v3:neutral:start,shadow_10,store/gens/013_dualforce_control/03_neutral_v3__dai/videos/G-unseen-same__dualforce_control_neutral_v3__shadow_10__ref_shadow_3__s43.mp4,8,120,0.4169160281018795,0.3129387161066187,0.3068822274933409,1.215937487674342
dualforce_control|03_neutral_v3__dai|5a112f5520,GEN:dualforce_control:v3:neutral:start,portal_1,store/gens/013_dualforce_control/03_neutral_v3__dai/videos/G-unseen-same__dualforce_control_neutral_v3__portal_1__ref_portal_4__s42.mp4,8,120,0.6367550679298393,0.3277945270255373,0.2745768755094759,0.7462359152359634
dualforce_control|03_neutral_v3__dai|8410cb91c7,GEN:dualforce_control:v3:neutral:start,portal_1,store/gens/013_dualforce_control/03_neutral_v3__dai/videos/G-unseen-same__dualforce_control_neutral_v3__portal_1__ref_portal_4__s43.mp4,8,120,0.6245066059132232,0.6078058844470494,0.670909298462009,0.6634730174911161
dualforce_control|03_neutral_v3__dai|cc36a052ee,GEN:dualforce_control:v3:neutral:start,super_fast_run_0,store/gens/013_dualforce_control/03_neutral_v3__dai/videos/G-unseen-same__dualforce_control_neutral_v3__super_fast_run_0__ref_super_fast_run_3__s42.mp4,8,120,0.4961085791000752,0.4784237291587645,0.5178323916124613,0.6103859614119769
dualforce_control|03_neutral_v3__dai|ca67b18d13,GEN:dualforce_control:v3:neutral:start,super_fast_run_0,store/gens/013_dualforce_control/03_neutral_v3__dai/videos/G-unseen-same__dualforce_control_neutral_v3__super_fast_run_0__ref_super_fast_run_3__s43.mp4,8,120,0.4723581301643189,0.5511204383786629,0.5845547020494138,0.5743203035611346
dualforce_control|03_neutral_v3__dai|2ed486777f,GEN:dualforce_control:v3:neutral:both,shadow_smoke_0,store/gens/013_dualforce_control/03_neutral_v3__dai/videos/G-unseen-same__dualforce_control_neutral_v3__shadow_smoke_0__ref_shadow_smoke_7__s42.mp4,8,113,0.5049358576410872,0.8603494894276819,0.7743441760915923,0.5562474141440725
dualforce_control|03_neutral_v3__dai|c4bff05a53,GEN:dualforce_control:v3:neutral:both,shadow_smoke_0,store/gens/013_dualforce_control/03_neutral_v3__dai/videos/G-unseen-same__dualforce_control_neutral_v3__shadow_smoke_0__ref_shadow_smoke_7__s43.mp4,8,113,0.5296280744936226,0.9156575599485977,0.9176432977017154,0.5525305941034311
dualforce_control|03_neutral_v3__dai|9a46fe2ecf,GEN:dualforce_control:v3:neutral:start,water_element_3,store/gens/013_dualforce_control/03_neutral_v3__dai/videos/G-unseen-same__dualforce_control_neutral_v3__water_element_3__ref_water_element_4__s42.mp4,8,120,0.5112599371876008,0.3850067842912532,0.3696720332889386,0.1913690074941055
dualforce_control|03_neutral_v3__dai|645d0d0e01,GEN:dualforce_control:v3:neutral:start,water_element_3,store/gens/013_dualforce_control/03_neutral_v3__dai/videos/G-unseen-same__dualforce_control_neutral_v3__water_element_3__ref_water_element_4__s43.mp4,8,120,0.5841844050188221,0.4437498255325409,0.5059033415265588,0.2272608401009952
dualforce_control|03_neutral_v3__dai|e0f0663c2b,GEN:dualforce_control:v3:neutral:start,wireframe_0,store/gens/013_dualforce_control/03_neutral_v3__dai/videos/G-unseen-same__dualforce_control_neutral_v3__wireframe_0__ref_wireframe_7__s42.mp4,8,120,0.6351883083869365,0.1659434649441209,0.1569099383912135,1.347912295433077
dualforce_control|03_neutral_v3__dai|f0065e7ef0,GEN:dualforce_control:v3:neutral:start,wireframe_0,store/gens/013_dualforce_control/03_neutral_v3__dai/videos/G-unseen-same__dualforce_control_neutral_v3__wireframe_0__ref_wireframe_7__s43.mp4,8,120,0.62555449880991,0.0995008312097148,0.0810316105778552,1.4439811882962283
dualforce_control|03_neutral_v3__dai|83d5206f22,GEN:dualforce_control:v3:neutral:both,air_bending_1,store/gens/013_dualforce_control/03_neutral_v3__dai/videos/G-zs-cross__dualforce_control_neutral_v3__air_bending_1__ref_firelava_1__s42.mp4,8,113,0.4599145513981597,0.8588346370498148,0.9392043596721554,1.0806697556854843
dualforce_control|03_neutral_v3__dai|c7a419c72b,GEN:dualforce_control:v3:neutral:both,air_bending_1,store/gens/013_dualforce_control/03_neutral_v3__dai/videos/G-zs-cross__dualforce_control_neutral_v3__air_bending_1__ref_firelava_1__s43.mp4,8,113,0.5881937334164029,0.8662885098300837,0.8929443716586409,1.0725275369005371
dualforce_control|03_neutral_v3__dai|f3232f60e8,GEN:dualforce_control:v3:neutral:start,color_rain_0,store/gens/013_dualforce_control/03_neutral_v3__dai/videos/G-zs-cross__dualforce_control_neutral_v3__color_rain_0__ref_cotton_cloud_2__s42.mp4,8,120,0.4237199875974105,0.3671692158787281,0.421352029318143,0.448007044818714
dualforce_control|03_neutral_v3__dai|d1086e78d5,GEN:dualforce_control:v3:neutral:start,color_rain_0,store/gens/013_dualforce_control/03_neutral_v3__dai/videos/G-zs-cross__dualforce_control_neutral_v3__color_rain_0__ref_cotton_cloud_2__s43.mp4,8,120,0.6869631796885383,0.6363740938243078,0.7448572220212212,0.5283097782041251
dualforce_control|03_neutral_v3__dai|3b84ef993e,GEN:dualforce_control:v3:neutral:start,animalization_0,store/gens/013_dualforce_control/03_neutral_v3__dai/videos/G-zs-cross__dualforce_control_neutral_v3__animalization_0__ref_acid_0__s42.mp4,8,120,0.2580827169649475,0.4892235571889085,0.5306095351304073,0.5891808840063745
dualforce_control|03_neutral_v3__dai|26c177c7d7,GEN:dualforce_control:v3:neutral:start,animalization_0,store/gens/013_dualforce_control/03_neutral_v3__dai/videos/G-zs-cross__dualforce_control_neutral_v3__animalization_0__ref_acid_0__s43.mp4,8,120,0.4328920054115348,0.5136172859594801,0.5702232981876715,0.5144635327756701
dualforce_control|03_neutral_v3__dai|5f2ccaac5e,GEN:dualforce_control:v3:neutral:start,animalization_2,store/gens/013_dualforce_control/03_neutral_v3__dai/videos/G-zs-cross__dualforce_control_neutral_v3__animalization_2__ref_acid_1__s42.mp4,8,120,0.2509690144631655,0.3410956471474738,0.3780362708118632,0.2642271915172207
dualforce_control|03_neutral_v3__dai|2b78677e0a,GEN:dualforce_control:v3:neutral:start,animalization_2,store/gens/013_dualforce_control/03_neutral_v3__dai/videos/G-zs-cross__dualforce_control_neutral_v3__animalization_2__ref_acid_1__s43.mp4,8,120,0.3769007298211726,0.447500168699993,0.4973597473241299,0.3454399119025076
dualforce_control|03_neutral_v3__dai|bb4a1c29e6,GEN:dualforce_control:v3:neutral:start,earth_element_4,store/gens/013_dualforce_control/03_neutral_v3__dai/videos/G-zs-cross__dualforce_control_neutral_v3__earth_element_4__ref_explosion_1__s42.mp4,8,120,0.6037789811377337,0.276875257242368,0.2826946821983445,0.6167476841732988
dualforce_control|03_neutral_v3__dai|562279a726,GEN:dualforce_control:v3:neutral:start,earth_element_4,store/gens/013_dualforce_control/03_neutral_v3__dai/videos/G-zs-cross__dualforce_control_neutral_v3__earth_element_4__ref_explosion_1__s43.mp4,8,120,0.4272751617720245,0.3643098837743425,0.4107209890383692,0.6351460646533797
dualforce_control|03_neutral_v3__dai|10499cc679,GEN:dualforce_control:v3:neutral:start,fire_element_2,store/gens/013_dualforce_control/03_neutral_v3__dai/videos/G-zs-cross__dualforce_control_neutral_v3__fire_element_2__ref_glitch_0__s42.mp4,8,120,0.3009121200902789,0.4116144670041295,0.428585060642439,0.3282458875685932
dualforce_control|03_neutral_v3__dai|81d4082eb5,GEN:dualforce_control:v3:neutral:start,fire_element_2,store/gens/013_dualforce_control/03_neutral_v3__dai/videos/G-zs-cross__dualforce_control_neutral_v3__fire_element_2__ref_glitch_0__s43.mp4,8,120,0.359173324053516,0.3933011322031828,0.4381844448864633,0.3691417030968454
dualforce_control|03_neutral_v3__dai|63c89ace69,GEN:dualforce_control:v3:neutral:start,color_rain_2,store/gens/013_dualforce_control/03_neutral_v3__dai/videos/G-zs-cross__dualforce_control_neutral_v3__color_rain_2__ref_explosion_0__s42.mp4,8,120,0.4435335513739453,0.600116650490398,0.6322689408149195,0.3927072011195995
dualforce_control|03_neutral_v3__dai|246b1901c6,GEN:dualforce_control:v3:neutral:start,color_rain_2,store/gens/013_dualforce_control/03_neutral_v3__dai/videos/G-zs-cross__dualforce_control_neutral_v3__color_rain_2__ref_explosion_0__s43.mp4,8,120,0.5474922718151254,0.4669498608285994,0.3614722001719392,0.431213062457778
dualforce_control|03_neutral_v3__dai|352e99007b,GEN:dualforce_control:v3:neutral:start,color_rain_2,store/gens/013_dualforce_control/03_neutral_v3__dai/videos/G-zs-cross__dualforce_control_neutral_v3__color_rain_2__ref_saint_glow_1__s42.mp4,8,120,0.4687502247316082,0.3835334267454295,0.4539996529614256,0.4268563559379338
dualforce_control|03_neutral_v3__dai|2c80f588e0,GEN:dualforce_control:v3:neutral:start,color_rain_2,store/gens/013_dualforce_control/03_neutral_v3__dai/videos/G-zs-cross__dualforce_control_neutral_v3__color_rain_2__ref_saint_glow_1__s43.mp4,8,120,0.631065853890328,0.4699021153225128,0.553611280408542,0.3868741971256015
dualforce_control|03_neutral_v3__dai|1f7548bc0c,GEN:dualforce_control:v3:neutral:start,fire_element_3,store/gens/013_dualforce_control/03_neutral_v3__dai/videos/G-zs-cross__dualforce_control_neutral_v3__fire_element_3__ref_glitch_1__s42.mp4,8,120,0.3667705813654009,0.5311158882250057,0.6152831107864971,0.5953763562986121
dualforce_control|03_neutral_v3__dai|4c5ed3ad32,GEN:dualforce_control:v3:neutral:start,fire_element_3,store/gens/013_dualforce_control/03_neutral_v3__dai/videos/G-zs-cross__dualforce_control_neutral_v3__fire_element_3__ref_glitch_1__s43.mp4,8,120,0.36701100228929,0.4979922319020933,0.5206594430087276,0.6409401210802718
dualforce_control|03_neutral_v3__dai|adb648c06e,GEN:dualforce_control:v3:neutral:start,gas_transformation_7,store/gens/013_dualforce_control/03_neutral_v3__dai/videos/G-zs-cross__dualforce_control_neutral_v3__gas_transformation_7__ref_northern_lights_0__s42.mp4,8,120,0.4105087641154481,0.4202560232954899,0.4784583068160227,0.6280714339956746
dualforce_control|03_neutral_v3__dai|70f12ad974,GEN:dualforce_control:v3:neutral:start,gas_transformation_7,store/gens/013_dualforce_control/03_neutral_v3__dai/videos/G-zs-cross__dualforce_control_neutral_v3__gas_transformation_7__ref_northern_lights_0__s43.mp4,8,120,0.4633543696687645,0.5040238248827349,0.5557563990403739,0.9261574913096388
dualforce_control|03_neutral_v3__dai|4c1a909d18,GEN:dualforce_control:v3:neutral:both,giant_grab_3,store/gens/013_dualforce_control/03_neutral_v3__dai/videos/G-zs-cross__dualforce_control_neutral_v3__giant_grab_3__ref_raven_transition_1__s42.mp4,8,113,0.5657657157984777,0.6714707918588398,0.7185831127439937,0.3373366469975334
dualforce_control|03_neutral_v3__dai|f61996ae65,GEN:dualforce_control:v3:neutral:both,giant_grab_3,store/gens/013_dualforce_control/03_neutral_v3__dai/videos/G-zs-cross__dualforce_control_neutral_v3__giant_grab_3__ref_raven_transition_1__s43.mp4,8,113,0.6487754774547041,0.6754718009196398,0.6166701644526578,0.3391326413060607
dualforce_control|03_neutral_v3__dai|c6429c1354,GEN:dualforce_control:v3:neutral:both,hero_flight_6,store/gens/013_dualforce_control/03_neutral_v3__dai/videos/G-zs-cross__dualforce_control_neutral_v3__hero_flight_6__ref_melt_transition_3__s42.mp4,8,113,0.4100108763624732,0.56958987362499,0.5973121307741097,0.7212461311405749
dualforce_control|03_neutral_v3__dai|bbd05baf2c,GEN:dualforce_control:v3:neutral:both,hero_flight_6,store/gens/013_dualforce_control/03_neutral_v3__dai/videos/G-zs-cross__dualforce_control_neutral_v3__hero_flight_6__ref_melt_transition_3__s43.mp4,8,113,0.4714626381878106,0.7103028827427642,0.6583111706887869,0.7163561295975884
dualforce_control|03_neutral_v3__dai|855a906ca0,GEN:dualforce_control:v3:neutral:both,hero_flight_5,store/gens/013_dualforce_control/03_neutral_v3__dai/videos/G-zs-cross__dualforce_control_neutral_v3__hero_flight_5__ref_flying_cam_transition_2__s42.mp4,8,113,0.7274771694907058,0.4486004046279698,0.482774454709216,0.6781739194275052
dualforce_control|03_neutral_v3__dai|28cbb2bc4b,GEN:dualforce_control:v3:neutral:both,hero_flight_5,store/gens/013_dualforce_control/03_neutral_v3__dai/videos/G-zs-cross__dualforce_control_neutral_v3__hero_flight_5__ref_flying_cam_transition_2__s43.mp4,8,113,0.4733862121545795,0.5071049345667865,0.5131827127721338,0.6758769494148904
dualforce_control|03_neutral_v3__dai|38a9b8f6ec,GEN:dualforce_control:v3:neutral:start,illustration_scene_4,store/gens/013_dualforce_control/03_neutral_v3__dai/videos/G-zs-cross__dualforce_control_neutral_v3__illustration_scene_4__ref_northern_lights_1__s42.mp4,8,120,0.3338461733828006,0.5430988146816336,0.5866451396149748,0.4650971996622765
dualforce_control|03_neutral_v3__dai|923cbd814e,GEN:dualforce_control:v3:neutral:start,illustration_scene_4,store/gens/013_dualforce_control/03_neutral_v3__dai/videos/G-zs-cross__dualforce_control_neutral_v3__illustration_scene_4__ref_northern_lights_1__s43.mp4,8,120,0.3389312886570887,0.5417649677602447,0.6133817553302534,0.5411236774451733
dualforce_control|03_neutral_v3__dai|78ae319a31,GEN:dualforce_control:v3:neutral:start,money_rain_1,store/gens/013_dualforce_control/03_neutral_v3__dai/videos/G-zs-cross__dualforce_control_neutral_v3__money_rain_1__ref_point_cloud_0__s42.mp4,8,120,0.6837882255056194,0.2991785450162759,0.332320724701036,0.6785395476096721
dualforce_control|03_neutral_v3__dai|680d6ee5d4,GEN:dualforce_control:v3:neutral:start,money_rain_1,store/gens/013_dualforce_control/03_neutral_v3__dai/videos/G-zs-cross__dualforce_control_neutral_v3__money_rain_1__ref_point_cloud_0__s43.mp4,8,120,0.7343980185996004,0.4630779743362016,0.5391783749217309,0.674302226695512
dualforce_control|03_neutral_v3__dai|6efab32cb4,GEN:dualforce_control:v3:neutral:start,money_rain_3,store/gens/013_dualforce_control/03_neutral_v3__dai/videos/G-zs-cross__dualforce_control_neutral_v3__money_rain_3__ref_point_cloud_1__s42.mp4,8,120,0.2823972919723019,0.5372230354638746,0.6095542963530862,0.5365258513679168
dualforce_control|03_neutral_v3__dai|26c0c9c9e7,GEN:dualforce_control:v3:neutral:start,money_rain_3,store/gens/013_dualforce_control/03_neutral_v3__dai/videos/G-zs-cross__dualforce_control_neutral_v3__money_rain_3__ref_point_cloud_1__s43.mp4,8,120,0.650852760849348,0.5240474972294065,0.5850510767752733,0.5223423161847339
dualforce_control|03_neutral_v3__dai|52b52f47e3,GEN:dualforce_control:v3:neutral:start,mystification_1,store/gens/013_dualforce_control/03_neutral_v3__dai/videos/G-zs-cross__dualforce_control_neutral_v3__mystification_1__ref_train_rush_0__s42.mp4,8,120,0.6276269579825866,1.1212019086667444,1.2439186901987362,0.0755387040291815
dualforce_control|03_neutral_v3__dai|e9a8aa58c2,GEN:dualforce_control:v3:neutral:start,mystification_1,store/gens/013_dualforce_control/03_neutral_v3__dai/videos/G-zs-cross__dualforce_control_neutral_v3__mystification_1__ref_train_rush_0__s43.mp4,8,120,0.6177656256326316,0.2712415647080037,0.1671858473726619,0.3436354432795163
dualforce_control|03_neutral_v3__dai|dc10d8c364,GEN:dualforce_control:v3:neutral:start,polygon_4,store/gens/013_dualforce_control/03_neutral_v3__dai/videos/G-zs-cross__dualforce_control_neutral_v3__polygon_4__ref_x_ray_0__s42.mp4,8,120,0.4584887727421991,0.4553090135640517,0.4256100062041674,0.5613985818736564
dualforce_control|03_neutral_v3__dai|9f882daa81,GEN:dualforce_control:v3:neutral:start,polygon_4,store/gens/013_dualforce_control/03_neutral_v3__dai/videos/G-zs-cross__dualforce_control_neutral_v3__polygon_4__ref_x_ray_0__s43.mp4,8,120,0.3269829875883081,0.4535862775918878,0.4805974264200708,0.5824426542542752
dualforce_control|03_neutral_v3__dai|5a7d0570e3,GEN:dualforce_control:v3:neutral:start,polygon_8,store/gens/013_dualforce_control/03_neutral_v3__dai/videos/G-zs-cross__dualforce_control_neutral_v3__polygon_8__ref_x_ray_1__s42.mp4,8,120,0.5896967939523736,0.5440506561663806,0.5691995297871629,0.3543504163755368
dualforce_control|03_neutral_v3__dai|0ebd69caf1,GEN:dualforce_control:v3:neutral:start,polygon_8,store/gens/013_dualforce_control/03_neutral_v3__dai/videos/G-zs-cross__dualforce_control_neutral_v3__polygon_8__ref_x_ray_1__s43.mp4,8,120,0.5095969609737696,0.5421173150524926,0.6380468671846229,0.3443299515315665
dualforce_control|03_neutral_v3__dai|22571b738f,GEN:dualforce_control:v3:neutral:start,plasma_explosion_2,store/gens/013_dualforce_control/03_neutral_v3__dai/videos/G-zs-cross__dualforce_control_neutral_v3__plasma_explosion_2__ref_live_concert_3__s42.mp4,8,120,0.3810848660781107,0.5541894204414908,0.5645348722033554,0.670021629662224
dualforce_control|03_neutral_v3__dai|bbbc6acc74,GEN:dualforce_control:v3:neutral:start,plasma_explosion_2,store/gens/013_dualforce_control/03_neutral_v3__dai/videos/G-zs-cross__dualforce_control_neutral_v3__plasma_explosion_2__ref_live_concert_3__s43.mp4,8,120,0.3999724572537493,0.6363149082236131,0.5897949845888389,0.681295825542121
dualforce_control|03_neutral_v3__dai|be45bf1da8,GEN:dualforce_control:v3:neutral:start,plasma_explosion_2,store/gens/013_dualforce_control/03_neutral_v3__dai/videos/G-zs-cross__dualforce_control_neutral_v3__plasma_explosion_2__ref_train_rush_1__s42.mp4,8,120,0.4097012214022777,0.34897697468971,0.3826515216351887,0.7231190471126823
dualforce_control|03_neutral_v3__dai|76ebd95f24,GEN:dualforce_control:v3:neutral:start,plasma_explosion_2,store/gens/013_dualforce_control/03_neutral_v3__dai/videos/G-zs-cross__dualforce_control_neutral_v3__plasma_explosion_2__ref_train_rush_1__s43.mp4,8,120,0.3895769049848685,0.3627084435472228,0.4011411103186028,0.7467300301397499
dualforce_control|03_neutral_v3__dai|8c5befec66,GEN:dualforce_control:v3:neutral:start,portal_1,store/gens/013_dualforce_control/03_neutral_v3__dai/videos/G-zs-cross__dualforce_control_neutral_v3__portal_1__ref_luminous_gaze_1__s42.mp4,8,120,0.48318749225206,0.3413730702703725,0.3627708310518339,0.7643229491306752
dualforce_control|03_neutral_v3__dai|7729291e07,GEN:dualforce_control:v3:neutral:start,portal_1,store/gens/013_dualforce_control/03_neutral_v3__dai/videos/G-zs-cross__dualforce_control_neutral_v3__portal_1__ref_luminous_gaze_1__s43.mp4,8,120,0.4923431969511269,0.3516098137348623,0.3498419386728646,0.7455437052014342
dualforce_control|03_neutral_v3__dai|52ecab2038,GEN:dualforce_control:v3:neutral:both,shadow_smoke_0,store/gens/013_dualforce_control/03_neutral_v3__dai/videos/G-zs-cross__dualforce_control_neutral_v3__shadow_smoke_0__ref_display_transition_2__s42.mp4,8,113,0.5414160910696888,0.6306639521755039,0.448687869764978,0.5577482044364983
dualforce_control|03_neutral_v3__dai|563c479ed3,GEN:dualforce_control:v3:neutral:both,shadow_smoke_0,store/gens/013_dualforce_control/03_neutral_v3__dai/videos/G-zs-cross__dualforce_control_neutral_v3__shadow_smoke_0__ref_display_transition_2__s43.mp4,8,113,0.5473036810345218,0.6991070933414729,0.8380124945786618,0.553091055898903
dualforce_control|03_neutral_v3__dai|ebc9b09da5,GEN:dualforce_control:v3:neutral:start,water_element_4,store/gens/013_dualforce_control/03_neutral_v3__dai/videos/G-zs-cross__dualforce_control_neutral_v3__water_element_4__ref_monstrosity_1__s42.mp4,8,120,0.4551655622777335,0.4329254811375133,0.491710912173855,0.6027264997104427
dualforce_control|03_neutral_v3__dai|98acfc8b4c,GEN:dualforce_control:v3:neutral:start,water_element_4,store/gens/013_dualforce_control/03_neutral_v3__dai/videos/G-zs-cross__dualforce_control_neutral_v3__water_element_4__ref_monstrosity_1__s43.mp4,8,120,0.3072663547843859,0.4597411133734843,0.5274383294686377,0.5774530627402856
dualforce_control|03_neutral_v3__dai|21b8352cea,GEN:dualforce_control:v3:neutral:start,acid_1,store/gens/013_dualforce_control/03_neutral_v3__dai/videos/G-zs-same__dualforce_control_neutral_v3__acid_1__ref_acid_0__s42.mp4,8,120,0.2534684589743978,0.3898998118928525,0.4480374881943814,0.3765420692565102
dualforce_control|03_neutral_v3__dai|4163b70f9b,GEN:dualforce_control:v3:neutral:start,acid_1,store/gens/013_dualforce_control/03_neutral_v3__dai/videos/G-zs-same__dualforce_control_neutral_v3__acid_1__ref_acid_0__s43.mp4,8,120,0.27179493710206,0.471437995253687,0.5387058297947647,0.5573042576591775
dualforce_control|03_neutral_v3__dai|1cf8013d53,GEN:dualforce_control:v3:neutral:start,acid_0,store/gens/013_dualforce_control/03_neutral_v3__dai/videos/G-zs-same__dualforce_control_neutral_v3__acid_0__ref_acid_1__s42.mp4,8,120,0.2704412316996838,0.4241004030969865,0.4908636599637367,0.7831706103513649
dualforce_control|03_neutral_v3__dai|efd4808439,GEN:dualforce_control:v3:neutral:start,acid_0,store/gens/013_dualforce_control/03_neutral_v3__dai/videos/G-zs-same__dualforce_control_neutral_v3__acid_0__ref_acid_1__s43.mp4,8,120,0.2265159158670089,0.4159391458070391,0.4589729878917228,0.7750001890886269
dualforce_control|03_neutral_v3__dai|413fb8e477,GEN:dualforce_control:v3:neutral:start,explosion_0,store/gens/013_dualforce_control/03_neutral_v3__dai/videos/G-zs-same__dualforce_control_neutral_v3__explosion_0__ref_explosion_1__s42.mp4,8,120,0.4674671659692497,0.5807643260937125,0.5682601945025213,0.4917407809954908
dualforce_control|03_neutral_v3__dai|6521d0b417,GEN:dualforce_control:v3:neutral:start,explosion_0,store/gens/013_dualforce_control/03_neutral_v3__dai/videos/G-zs-same__dualforce_control_neutral_v3__explosion_0__ref_explosion_1__s43.mp4,8,120,0.4285618695335595,0.5486417583336559,0.6311444914022365,0.5793128604265971
dualforce_control|03_neutral_v3__dai|d7eb3ce4c7,GEN:dualforce_control:v3:neutral:start,explosion_1,store/gens/013_dualforce_control/03_neutral_v3__dai/videos/G-zs-same__dualforce_control_neutral_v3__explosion_1__ref_explosion_0__s42.mp4,8,120,0.4758476890242589,0.5862953050398444,0.6574736457232709,1.0075558243458698
dualforce_control|03_neutral_v3__dai|5d69431d2a,GEN:dualforce_control:v3:neutral:start,explosion_1,store/gens/013_dualforce_control/03_neutral_v3__dai/videos/G-zs-same__dualforce_control_neutral_v3__explosion_1__ref_explosion_0__s43.mp4,8,120,0.5945810019037014,0.9607310278975612,1.0808142177671516,0.6498722646628381
dualforce_control|03_neutral_v3__dai|a13b2e8306,GEN:dualforce_control:v3:neutral:start,cotton_cloud_0,store/gens/013_dualforce_control/03_neutral_v3__dai/videos/G-zs-same__dualforce_control_neutral_v3__cotton_cloud_0__ref_cotton_cloud_2__s42.mp4,8,120,0.2663900642625918,0.3263574274581791,0.36465281883541,0.8933384461047157
dualforce_control|03_neutral_v3__dai|c0806753a0,GEN:dualforce_control:v3:neutral:start,cotton_cloud_0,store/gens/013_dualforce_control/03_neutral_v3__dai/videos/G-zs-same__dualforce_control_neutral_v3__cotton_cloud_0__ref_cotton_cloud_2__s43.mp4,8,120,0.373258728189888,0.3547041915086472,0.4484875259189659,0.7805518210398623
dualforce_control|03_neutral_v3__dai|6dd63be30c,GEN:dualforce_control:v3:neutral:both,display_transition_1,store/gens/013_dualforce_control/03_neutral_v3__dai/videos/G-zs-same__dualforce_control_neutral_v3__display_transition_1__ref_display_transition_2__s42.mp4,8,113,0.583020182832027,0.6773623241369108,0.7310729690428401,0.876302440640698
dualforce_control|03_neutral_v3__dai|a4ba34d5bc,GEN:dualforce_control:v3:neutral:both,display_transition_1,store/gens/013_dualforce_control/03_neutral_v3__dai/videos/G-zs-same__dualforce_control_neutral_v3__display_transition_1__ref_display_transition_2__s43.mp4,8,113,0.4178120844075579,0.5661551118973129,0.6484344968284277,0.8085622172668648
dualforce_control|03_neutral_v3__dai|b0f7c25d81,GEN:dualforce_control:v3:neutral:both,firelava_4,store/gens/013_dualforce_control/03_neutral_v3__dai/videos/G-zs-same__dualforce_control_neutral_v3__firelava_4__ref_firelava_1__s42.mp4,8,113,0.5885492325770578,0.5303442738757652,0.5518264069252937,0.9527507891296784
dualforce_control|03_neutral_v3__dai|f90651153a,GEN:dualforce_control:v3:neutral:both,firelava_4,store/gens/013_dualforce_control/03_neutral_v3__dai/videos/G-zs-same__dualforce_control_neutral_v3__firelava_4__ref_firelava_1__s43.mp4,8,113,0.5517310558407611,0.6289944510067037,0.7356554249293233,0.9497713363582124
dualforce_control|03_neutral_v3__dai|bccef21aee,GEN:dualforce_control:v3:neutral:start,glitch_0,store/gens/013_dualforce_control/03_neutral_v3__dai/videos/G-zs-same__dualforce_control_neutral_v3__glitch_0__ref_glitch_1__s42.mp4,8,120,0.2485965089613933,0.3850816131139005,0.4321899889698618,0.5877360440687239
dualforce_control|03_neutral_v3__dai|019d9796fc,GEN:dualforce_control:v3:neutral:start,glitch_0,store/gens/013_dualforce_control/03_neutral_v3__dai/videos/G-zs-same__dualforce_control_neutral_v3__glitch_0__ref_glitch_1__s43.mp4,8,120,0.276607872174188,0.4423474089716319,0.4973093977501658,0.4429021522002926
dualforce_control|03_neutral_v3__dai|72935fd4a2,GEN:dualforce_control:v3:neutral:start,glitch_1,store/gens/013_dualforce_control/03_neutral_v3__dai/videos/G-zs-same__dualforce_control_neutral_v3__glitch_1__ref_glitch_0__s42.mp4,8,120,0.2530090138145071,0.3672164102491789,0.4126634926904747,0.3671549836041354
dualforce_control|03_neutral_v3__dai|c8d715681b,GEN:dualforce_control:v3:neutral:start,glitch_1,store/gens/013_dualforce_control/03_neutral_v3__dai/videos/G-zs-same__dualforce_control_neutral_v3__glitch_1__ref_glitch_0__s43.mp4,8,120,0.3021686155195406,0.3721344132981943,0.4028575799379741,0.3677782483133192
dualforce_control|03_neutral_v3__dai|28f6835d6a,GEN:dualforce_control:v3:neutral:both,flying_cam_transition_4,store/gens/013_dualforce_control/03_neutral_v3__dai/videos/G-zs-same__dualforce_control_neutral_v3__flying_cam_transition_4__ref_flying_cam_transition_2__s42.mp4,8,113,0.6963421807273262,0.5095059859782226,0.4943255261776736,1.16257970753543
dualforce_control|03_neutral_v3__dai|fb6a2f146a,GEN:dualforce_control:v3:neutral:both,flying_cam_transition_4,store/gens/013_dualforce_control/03_neutral_v3__dai/videos/G-zs-same__dualforce_control_neutral_v3__flying_cam_transition_4__ref_flying_cam_transition_2__s43.mp4,8,113,0.418008238591619,0.5683599215900474,0.6190821906042681,1.120351356774524
dualforce_control|03_neutral_v3__dai|edcab18c0c,GEN:dualforce_control:v3:neutral:start,luminous_gaze_3,store/gens/013_dualforce_control/03_neutral_v3__dai/videos/G-zs-same__dualforce_control_neutral_v3__luminous_gaze_3__ref_luminous_gaze_1__s42.mp4,8,120,0.6505747440756504,0.4649300346573978,0.4397503171809663,0.6667922616510218
dualforce_control|03_neutral_v3__dai|e060a60608,GEN:dualforce_control:v3:neutral:start,luminous_gaze_3,store/gens/013_dualforce_control/03_neutral_v3__dai/videos/G-zs-same__dualforce_control_neutral_v3__luminous_gaze_3__ref_luminous_gaze_1__s43.mp4,8,120,0.4444455574944574,0.2897672379739516,0.3264154843488337,0.9274729966126732
dualforce_control|03_neutral_v3__dai|acf3a348c4,GEN:dualforce_control:v3:neutral:start,live_concert_0,store/gens/013_dualforce_control/03_neutral_v3__dai/videos/G-zs-same__dualforce_control_neutral_v3__live_concert_0__ref_live_concert_3__s42.mp4,8,120,0.632931062165738,0.5404733503339243,0.5610505110309796,0.7946503289574478
dualforce_control|03_neutral_v3__dai|a4679a3d08,GEN:dualforce_control:v3:neutral:start,live_concert_0,store/gens/013_dualforce_control/03_neutral_v3__dai/videos/G-zs-same__dualforce_control_neutral_v3__live_concert_0__ref_live_concert_3__s43.mp4,8,120,0.5083272006588302,0.5923743235132298,0.6184667765805525,0.9402454984511128
dualforce_control|03_neutral_v3__dai|43ba7f5b36,GEN:dualforce_control:v3:neutral:both,melt_transition_2,store/gens/013_dualforce_control/03_neutral_v3__dai/videos/G-zs-same__dualforce_control_neutral_v3__melt_transition_2__ref_melt_transition_3__s42.mp4,8,113,0.6150218060064043,0.3045313582538517,0.2250348330476878,0.7665351907478776
dualforce_control|03_neutral_v3__dai|5834c035c5,GEN:dualforce_control:v3:neutral:both,melt_transition_2,store/gens/013_dualforce_control/03_neutral_v3__dai/videos/G-zs-same__dualforce_control_neutral_v3__melt_transition_2__ref_melt_transition_3__s43.mp4,8,113,0.6925548060392213,0.3520587371797089,0.3594024603190107,0.7664118348979524
dualforce_control|03_neutral_v3__dai|ea498b1211,GEN:dualforce_control:v3:neutral:start,monstrosity_0,store/gens/013_dualforce_control/03_neutral_v3__dai/videos/G-zs-same__dualforce_control_neutral_v3__monstrosity_0__ref_monstrosity_1__s42.mp4,8,120,0.4406147711556269,0.7026660724774644,0.7554974448257442,0.352962932817827
dualforce_control|03_neutral_v3__dai|53d46c20cf,GEN:dualforce_control:v3:neutral:start,monstrosity_0,store/gens/013_dualforce_control/03_neutral_v3__dai/videos/G-zs-same__dualforce_control_neutral_v3__monstrosity_0__ref_monstrosity_1__s43.mp4,8,120,0.3049380291727452,0.4963913877584555,0.5231680556213903,0.5515673049193367
dualforce_control|03_neutral_v3__dai|fe28f2df4b,GEN:dualforce_control:v3:neutral:start,northern_lights_0,store/gens/013_dualforce_control/03_neutral_v3__dai/videos/G-zs-same__dualforce_control_neutral_v3__northern_lights_0__ref_northern_lights_1__s42.mp4,8,120,0.4025801825355835,0.6626267432366917,0.6849743939024232,0.790787289094174
dualforce_control|03_neutral_v3__dai|6fbb782d03,GEN:dualforce_control:v3:neutral:start,northern_lights_0,store/gens/013_dualforce_control/03_neutral_v3__dai/videos/G-zs-same__dualforce_control_neutral_v3__northern_lights_0__ref_northern_lights_1__s43.mp4,8,120,0.4348006491115195,0.5855742654499535,0.6238913081022844,0.8950937115345281
dualforce_control|03_neutral_v3__dai|6e9d1469e3,GEN:dualforce_control:v3:neutral:start,northern_lights_1,store/gens/013_dualforce_control/03_neutral_v3__dai/videos/G-zs-same__dualforce_control_neutral_v3__northern_lights_1__ref_northern_lights_0__s42.mp4,8,120,0.5052150745291111,0.2592321124679517,0.2167393633683396,0.527248684081545
dualforce_control|03_neutral_v3__dai|30aecd4851,GEN:dualforce_control:v3:neutral:start,northern_lights_1,store/gens/013_dualforce_control/03_neutral_v3__dai/videos/G-zs-same__dualforce_control_neutral_v3__northern_lights_1__ref_northern_lights_0__s43.mp4,8,120,0.379283002093862,0.3496258130784911,0.3726508074098195,0.5827803774434728
dualforce_control|03_neutral_v3__dai|904aa4b97e,GEN:dualforce_control:v3:neutral:start,point_cloud_0,store/gens/013_dualforce_control/03_neutral_v3__dai/videos/G-zs-same__dualforce_control_neutral_v3__point_cloud_0__ref_point_cloud_1__s42.mp4,8,120,0.4716587642152947,0.3255835928750659,0.3507838088533221,0.4234202526419993
dualforce_control|03_neutral_v3__dai|e50e34c465,GEN:dualforce_control:v3:neutral:start,point_cloud_0,store/gens/013_dualforce_control/03_neutral_v3__dai/videos/G-zs-same__dualforce_control_neutral_v3__point_cloud_0__ref_point_cloud_1__s43.mp4,8,120,0.7885899587564005,0.3733152175790986,0.3567271321861118,0.4293083873232628
dualforce_control|03_neutral_v3__dai|0e3258b486,GEN:dualforce_control:v3:neutral:start,saint_glow_3,store/gens/013_dualforce_control/03_neutral_v3__dai/videos/G-zs-same__dualforce_control_neutral_v3__saint_glow_3__ref_saint_glow_1__s42.mp4,8,120,0.567912509271917,0.3265570918763402,0.3449086907636049,0.5397017671508729
dualforce_control|03_neutral_v3__dai|d68f23272b,GEN:dualforce_control:v3:neutral:start,saint_glow_3,store/gens/013_dualforce_control/03_neutral_v3__dai/videos/G-zs-same__dualforce_control_neutral_v3__saint_glow_3__ref_saint_glow_1__s43.mp4,8,120,0.5960425523915425,0.4201252362406871,0.4658769921292329,0.5098194304951414
dualforce_control|03_neutral_v3__dai|705e5a2dc7,GEN:dualforce_control:v3:neutral:start,point_cloud_1,store/gens/013_dualforce_control/03_neutral_v3__dai/videos/G-zs-same__dualforce_control_neutral_v3__point_cloud_1__ref_point_cloud_0__s42.mp4,8,120,0.4050415098590154,0.2803841883573947,0.311522318742915,0.8058323150264483
dualforce_control|03_neutral_v3__dai|114ac6528a,GEN:dualforce_control:v3:neutral:start,point_cloud_1,store/gens/013_dualforce_control/03_neutral_v3__dai/videos/G-zs-same__dualforce_control_neutral_v3__point_cloud_1__ref_point_cloud_0__s43.mp4,8,120,0.235285755515485,0.2363294915148404,0.2602682328966317,0.5022581937167476
dualforce_control|03_neutral_v3__dai|220e8d78ab,GEN:dualforce_control:v3:neutral:start,x_ray_0,store/gens/013_dualforce_control/03_neutral_v3__dai/videos/G-zs-same__dualforce_control_neutral_v3__x_ray_0__ref_x_ray_1__s42.mp4,8,120,0.427585483768832,0.3614083092901615,0.3953789111611848,0.901353320666094
dualforce_control|03_neutral_v3__dai|a05c3f7168,GEN:dualforce_control:v3:neutral:start,x_ray_0,store/gens/013_dualforce_control/03_neutral_v3__dai/videos/G-zs-same__dualforce_control_neutral_v3__x_ray_0__ref_x_ray_1__s43.mp4,8,120,0.4352116742976244,0.3666863837633972,0.4214161035727336,0.8724347606518429
dualforce_control|03_neutral_v3__dai|159c85be83,GEN:dualforce_control:v3:neutral:start,x_ray_1,store/gens/013_dualforce_control/03_neutral_v3__dai/videos/G-zs-same__dualforce_control_neutral_v3__x_ray_1__ref_x_ray_0__s42.mp4,8,120,0.3521846986753016,0.292619886373449,0.3211401204405193,1.0130289841580988
dualforce_control|03_neutral_v3__dai|c3a2fbbc1e,GEN:dualforce_control:v3:neutral:start,x_ray_1,store/gens/013_dualforce_control/03_neutral_v3__dai/videos/G-zs-same__dualforce_control_neutral_v3__x_ray_1__ref_x_ray_0__s43.mp4,8,120,0.3246975689027067,0.3403928361242586,0.3701112344611746,0.990605852268854
dualforce_control|03_neutral_v3__dai|52b0a5422f,GEN:dualforce_control:v3:neutral:start,train_rush_0,store/gens/013_dualforce_control/03_neutral_v3__dai/videos/G-zs-same__dualforce_control_neutral_v3__train_rush_0__ref_train_rush_1__s42.mp4,8,120,0.6100194937090699,0.6413004140433355,0.6888699929428469,0.8294027053799659
dualforce_control|03_neutral_v3__dai|140d38ab4c,GEN:dualforce_control:v3:neutral:start,train_rush_0,store/gens/013_dualforce_control/03_neutral_v3__dai/videos/G-zs-same__dualforce_control_neutral_v3__train_rush_0__ref_train_rush_1__s43.mp4,8,120,0.4388845739303955,1.2685103070746806,1.4840322942942452,0.5426953838769866
dualforce_control|03_neutral_v3__dai|c5d700314a,GEN:dualforce_control:v3:neutral:start,train_rush_1,store/gens/013_dualforce_control/03_neutral_v3__dai/videos/G-zs-same__dualforce_control_neutral_v3__train_rush_1__ref_train_rush_0__s43.mp4,8,120,0.4241894455109152,9.028882787309763,10.84427874986413,0.2225867619375504
dualforce_control|05_effect_v3__dai|064af7c6d8,GEN:dualforce_control:v3:effect:both,air_bending_1,store/gens/013_dualforce_control/05_effect_v3__dai/videos/G-unseen-cross__dualforce_control_effect_v3__air_bending_1__ref_flame_transition_2__s42.mp4,8,113,0.6377060101367062,0.8442885183522673,0.8691402701299586,1.0849223117419136
dualforce_control|05_effect_v3__dai|527a5cb43a,GEN:dualforce_control:v3:effect:both,air_bending_1,store/gens/013_dualforce_control/05_effect_v3__dai/videos/G-unseen-cross__dualforce_control_effect_v3__air_bending_1__ref_flame_transition_2__s43.mp4,8,113,0.5168236752754625,1.1397332695399405,1.1594662161361249,1.0808081746668028
dualforce_control|05_effect_v3__dai|9eecdfc8a2,GEN:dualforce_control:v3:effect:start,animalization_2,store/gens/013_dualforce_control/05_effect_v3__dai/videos/G-unseen-cross__dualforce_control_effect_v3__animalization_2__ref_sakura_petals_1__s42.mp4,8,120,0.5142218089604118,0.4914719761647169,0.541483312458894,0.2537692080164783
dualforce_control|05_effect_v3__dai|d4cbaf4a25,GEN:dualforce_control:v3:effect:start,animalization_2,store/gens/013_dualforce_control/05_effect_v3__dai/videos/G-unseen-cross__dualforce_control_effect_v3__animalization_2__ref_sakura_petals_1__s43.mp4,8,120,0.452314116801741,0.6855196288464599,0.7726283266752273,0.2423634052394583
dualforce_control|05_effect_v3__dai|941d09e03c,GEN:dualforce_control:v3:effect:start,color_rain_2,store/gens/013_dualforce_control/05_effect_v3__dai/videos/G-unseen-cross__dualforce_control_effect_v3__color_rain_2__ref_fire_element_2__s42.mp4,8,120,0.5017723449357017,0.4540818503244857,0.4957291249893647,0.4075655126431855
dualforce_control|05_effect_v3__dai|90c269387b,GEN:dualforce_control:v3:effect:start,color_rain_2,store/gens/013_dualforce_control/05_effect_v3__dai/videos/G-unseen-cross__dualforce_control_effect_v3__color_rain_2__ref_fire_element_2__s43.mp4,8,120,0.4276543656024008,0.4218099885485718,0.4814583631339352,0.521739069737593
dualforce_control|05_effect_v3__dai|61388b3aac,GEN:dualforce_control:v3:effect:start,acid_0,store/gens/013_dualforce_control/05_effect_v3__dai/videos/G-unseen-cross__dualforce_control_effect_v3__acid_0__ref_nature_bloom_1__s42.mp4,8,120,0.28472942337905,0.3917746365273308,0.4610670418200341,0.7881743988661077
dualforce_control|05_effect_v3__dai|a1a280d465,GEN:dualforce_control:v3:effect:start,acid_0,store/gens/013_dualforce_control/05_effect_v3__dai/videos/G-unseen-cross__dualforce_control_effect_v3__acid_0__ref_nature_bloom_1__s43.mp4,8,120,0.2923905571135774,0.5508691477992282,0.6024500767003917,0.6292997988931285
dualforce_control|05_effect_v3__dai|5fa3eb6c0a,GEN:dualforce_control:v3:effect:both,air_bending_1,store/gens/013_dualforce_control/05_effect_v3__dai/videos/G-unseen-cross__dualforce_control_effect_v3__air_bending_1__ref_earth_wave_3__s42.mp4,8,113,0.4795635610850872,0.4954937142552791,0.5692972883242831,1.082847364233379
dualforce_control|05_effect_v3__dai|4635ca1039,GEN:dualforce_control:v3:effect:both,air_bending_1,store/gens/013_dualforce_control/05_effect_v3__dai/videos/G-unseen-cross__dualforce_control_effect_v3__air_bending_1__ref_earth_wave_3__s43.mp4,8,113,0.4443479344032819,0.5866531854222043,0.6775300350637503,1.08040776236895
dualforce_control|05_effect_v3__dai|740bb5e602,GEN:dualforce_control:v3:effect:start,cotton_cloud_0,store/gens/013_dualforce_control/05_effect_v3__dai/videos/G-unseen-cross__dualforce_control_effect_v3__cotton_cloud_0__ref_animalization_2__s42.mp4,8,120,0.4107195105263443,0.6532689330685464,0.6927916839495282,0.8083930850930935
dualforce_control|05_effect_v3__dai|a8b9d7d2dd,GEN:dualforce_control:v3:effect:start,cotton_cloud_0,store/gens/013_dualforce_control/05_effect_v3__dai/videos/G-unseen-cross__dualforce_control_effect_v3__cotton_cloud_0__ref_animalization_2__s43.mp4,8,120,0.5337720571771531,0.5175354314102097,0.5339872602919499,0.9846207347503838
dualforce_control|05_effect_v3__dai|39edaf29f1,GEN:dualforce_control:v3:effect:start,earth_element_4,store/gens/013_dualforce_control/05_effect_v3__dai/videos/G-unseen-cross__dualforce_control_effect_v3__earth_element_4__ref_super_fast_run_3__s42.mp4,8,120,0.5271063493866888,0.494411291409597,0.5036256312820969,0.5257871019089058
dualforce_control|05_effect_v3__dai|ebf8479250,GEN:dualforce_control:v3:effect:start,earth_element_4,store/gens/013_dualforce_control/05_effect_v3__dai/videos/G-unseen-cross__dualforce_control_effect_v3__earth_element_4__ref_super_fast_run_3__s43.mp4,8,120,0.5376311883127334,0.5359514548105173,0.5742514253872306,0.502170026892206
dualforce_control|05_effect_v3__dai|de733fd15f,GEN:dualforce_control:v3:effect:both,earth_wave_5,store/gens/013_dualforce_control/05_effect_v3__dai/videos/G-unseen-cross__dualforce_control_effect_v3__earth_wave_5__ref_flame_transition_3__s42.mp4,8,113,0.5690232130727073,0.6736188659920591,0.6148049916723547,0.9104818025332616
dualforce_control|05_effect_v3__dai|f68e68a977,GEN:dualforce_control:v3:effect:both,earth_wave_5,store/gens/013_dualforce_control/05_effect_v3__dai/videos/G-unseen-cross__dualforce_control_effect_v3__earth_wave_5__ref_flame_transition_3__s43.mp4,8,113,0.6501748382653512,0.7221033412451435,0.8320697158739933,0.9064458267785104
dualforce_control|05_effect_v3__dai|a1b7287384,GEN:dualforce_control:v3:effect:start,fire_element_2,store/gens/013_dualforce_control/05_effect_v3__dai/videos/G-unseen-cross__dualforce_control_effect_v3__fire_element_2__ref_color_rain_2__s42.mp4,8,120,0.3758201746765273,0.291841411305961,0.3359866593154177,0.5374396357260859
dualforce_control|05_effect_v3__dai|639fdaf6e3,GEN:dualforce_control:v3:effect:start,fire_element_2,store/gens/013_dualforce_control/05_effect_v3__dai/videos/G-unseen-cross__dualforce_control_effect_v3__fire_element_2__ref_color_rain_2__s43.mp4,8,120,0.4653059395879126,0.3267693970007472,0.3310748155339826,0.6196818096834867
dualforce_control|05_effect_v3__dai|a8fa17a8b8,GEN:dualforce_control:v3:effect:both,firelava_4,store/gens/013_dualforce_control/05_effect_v3__dai/videos/G-unseen-cross__dualforce_control_effect_v3__firelava_4__ref_hero_flight_6__s42.mp4,8,113,0.8100630520993237,0.514952938063187,0.6988783864145159,0.9650383696675128
dualforce_control|05_effect_v3__dai|ee323c2f45,GEN:dualforce_control:v3:effect:both,firelava_4,store/gens/013_dualforce_control/05_effect_v3__dai/videos/G-unseen-cross__dualforce_control_effect_v3__firelava_4__ref_hero_flight_6__s43.mp4,8,113,0.7578194879780829,0.5825227479237401,0.6936207772074565,0.9514217741408344
dualforce_control|05_effect_v3__dai|669aa4ff51,GEN:dualforce_control:v3:effect:start,gas_transformation_6,store/gens/013_dualforce_control/05_effect_v3__dai/videos/G-unseen-cross__dualforce_control_effect_v3__gas_transformation_6__ref_wireframe_7__s42.mp4,8,120,0.6736087704211546,0.1805159156270448,0.1944566923180172,1.0499688767897857
dualforce_control|05_effect_v3__dai|6a1430d31f,GEN:dualforce_control:v3:effect:start,gas_transformation_6,store/gens/013_dualforce_control/05_effect_v3__dai/videos/G-unseen-cross__dualforce_control_effect_v3__gas_transformation_6__ref_wireframe_7__s43.mp4,8,120,0.7433227386625083,0.1454326656249635,0.1345199849962564,1.0665189026580382
dualforce_control|05_effect_v3__dai|217e0dbd07,GEN:dualforce_control:v3:effect:start,cotton_cloud_0,store/gens/013_dualforce_control/05_effect_v3__dai/videos/G-unseen-cross__dualforce_control_effect_v3__cotton_cloud_0__ref_wonderland_1__s42.mp4,8,120,0.5524483725350979,0.5418522154102007,0.6257771982567868,0.7602767628137164
dualforce_control|05_effect_v3__dai|ad6b498f7b,GEN:dualforce_control:v3:effect:start,cotton_cloud_0,store/gens/013_dualforce_control/05_effect_v3__dai/videos/G-unseen-cross__dualforce_control_effect_v3__cotton_cloud_0__ref_wonderland_1__s43.mp4,8,120,0.3892158243355843,0.5269847993319471,0.5965038927987607,0.7738823254876789
dualforce_control|05_effect_v3__dai|31d19f25b8,GEN:dualforce_control:v3:effect:both,display_transition_1,store/gens/013_dualforce_control/05_effect_v3__dai/videos/G-unseen-cross__dualforce_control_effect_v3__display_transition_1__ref_air_bending_1__s42.mp4,8,113,0.6008536444262351,1.044129264345523,1.2095141973383956,0.8603333662636948
dualforce_control|05_effect_v3__dai|024eee6a9d,GEN:dualforce_control:v3:effect:both,display_transition_1,store/gens/013_dualforce_control/05_effect_v3__dai/videos/G-unseen-cross__dualforce_control_effect_v3__display_transition_1__ref_air_bending_1__s43.mp4,8,113,0.534293004238716,1.2248671509747755,1.423770388111778,0.7976063973834817
dualforce_control|05_effect_v3__dai|cc737d0599,GEN:dualforce_control:v3:effect:start,gas_transformation_7,store/gens/013_dualforce_control/05_effect_v3__dai/videos/G-unseen-cross__dualforce_control_effect_v3__gas_transformation_7__ref_mystification_0__s42.mp4,8,120,0.4639749600029912,0.4219167632624113,0.5399101333127988,0.67954104050653
dualforce_control|05_effect_v3__dai|6bcdedea08,GEN:dualforce_control:v3:effect:start,gas_transformation_7,store/gens/013_dualforce_control/05_effect_v3__dai/videos/G-unseen-cross__dualforce_control_effect_v3__gas_transformation_7__ref_mystification_0__s43.mp4,8,120,0.3846728805890211,0.4560555133066006,0.4565723571886185,0.7773321317821831
dualforce_control|05_effect_v3__dai|3861c05057,GEN:dualforce_control:v3:effect:both,hero_flight_6,store/gens/013_dualforce_control/05_effect_v3__dai/videos/G-unseen-cross__dualforce_control_effect_v3__hero_flight_6__ref_giant_grab_3__s42.mp4,8,113,0.6179725767462743,0.6361506371377375,0.6059076526620117,0.7173960246576577
dualforce_control|05_effect_v3__dai|8587b9c295,GEN:dualforce_control:v3:effect:both,hero_flight_6,store/gens/013_dualforce_control/05_effect_v3__dai/videos/G-unseen-cross__dualforce_control_effect_v3__hero_flight_6__ref_giant_grab_3__s43.mp4,8,113,0.5495369003140524,0.5320850396292267,0.5237079262030355,0.7136855558057348
dualforce_control|05_effect_v3__dai|07195df0f6,GEN:dualforce_control:v3:effect:both,firelava_4,store/gens/013_dualforce_control/05_effect_v3__dai/videos/G-unseen-cross__dualforce_control_effect_v3__firelava_4__ref_water_bending_3__s42.mp4,8,113,0.7047370453686534,0.5410888337230456,0.6398621098968331,0.953669837837736
dualforce_control|05_effect_v3__dai|08e752fce1,GEN:dualforce_control:v3:effect:both,firelava_4,store/gens/013_dualforce_control/05_effect_v3__dai/videos/G-unseen-cross__dualforce_control_effect_v3__firelava_4__ref_water_bending_3__s43.mp4,8,113,0.562467402307355,0.5192294398177446,0.5961018012030994,0.9466020810767052
dualforce_control|05_effect_v3__dai|a2ec59abf7,GEN:dualforce_control:v3:effect:start,live_concert_0,store/gens/013_dualforce_control/05_effect_v3__dai/videos/G-unseen-cross__dualforce_control_effect_v3__live_concert_0__ref_plasma_explosion_2__s42.mp4,8,120,0.5839693121372251,0.4411097322991965,0.4417752059840464,0.6751123409084232
dualforce_control|05_effect_v3__dai|593dcb9ba7,GEN:dualforce_control:v3:effect:start,live_concert_0,store/gens/013_dualforce_control/05_effect_v3__dai/videos/G-unseen-cross__dualforce_control_effect_v3__live_concert_0__ref_plasma_explosion_2__s43.mp4,8,120,0.5637431885741031,0.6681763470250801,0.7343075421908842,0.6895178940957796
dualforce_control|05_effect_v3__dai|d23e102eec,GEN:dualforce_control:v3:effect:start,live_concert_4,store/gens/013_dualforce_control/05_effect_v3__dai/videos/G-unseen-cross__dualforce_control_effect_v3__live_concert_4__ref_gas_transformation_7__s42.mp4,8,120,0.6122137592823111,0.4656815392704082,0.5213006197794294,0.8597525468956788
dualforce_control|05_effect_v3__dai|1129c95497,GEN:dualforce_control:v3:effect:start,live_concert_4,store/gens/013_dualforce_control/05_effect_v3__dai/videos/G-unseen-cross__dualforce_control_effect_v3__live_concert_4__ref_gas_transformation_7__s43.mp4,8,120,0.6811420102105323,0.5282747544731798,0.6370455167986957,0.9098090312237076
dualforce_control|05_effect_v3__dai|925ba3ef75,GEN:dualforce_control:v3:effect:start,illustration_scene_4,store/gens/013_dualforce_control/05_effect_v3__dai/videos/G-unseen-cross__dualforce_control_effect_v3__illustration_scene_4__ref_earth_element_6__s42.mp4,8,120,0.5364123886220831,0.7039896625132883,0.7805102592275772,0.4708664472945157
dualforce_control|05_effect_v3__dai|a137d0b815,GEN:dualforce_control:v3:effect:start,illustration_scene_4,store/gens/013_dualforce_control/05_effect_v3__dai/videos/G-unseen-cross__dualforce_control_effect_v3__illustration_scene_4__ref_earth_element_6__s43.mp4,8,120,0.4779490007739388,0.5695836350036704,0.603925961985071,0.5073803999927854
dualforce_control|05_effect_v3__dai|1e59e88ec7,GEN:dualforce_control:v3:effect:start,money_rain_1,store/gens/013_dualforce_control/05_effect_v3__dai/videos/G-unseen-cross__dualforce_control_effect_v3__money_rain_1__ref_water_element_4__s42.mp4,8,120,0.6369311793766792,0.2759308662880715,0.2842971531615662,0.7388576844691627
dualforce_control|05_effect_v3__dai|2c71a6a2a8,GEN:dualforce_control:v3:effect:start,money_rain_1,store/gens/013_dualforce_control/05_effect_v3__dai/videos/G-unseen-cross__dualforce_control_effect_v3__money_rain_1__ref_water_element_4__s43.mp4,8,120,0.641994792176622,0.5246950671438455,0.6050381881394433,0.7062322325920888
dualforce_control|05_effect_v3__dai|4de80dede1,GEN:dualforce_control:v3:effect:start,shadow_10,store/gens/013_dualforce_control/05_effect_v3__dai/videos/G-unseen-cross__dualforce_control_effect_v3__shadow_10__ref_polygon_8__s42.mp4,8,120,0.8835364377070867,0.1579847001880856,0.1637415260497612,0.5898402055779458
dualforce_control|05_effect_v3__dai|f4c9d66bb4,GEN:dualforce_control:v3:effect:start,shadow_10,store/gens/013_dualforce_control/05_effect_v3__dai/videos/G-unseen-cross__dualforce_control_effect_v3__shadow_10__ref_polygon_8__s43.mp4,8,120,0.8050047594599641,0.2693862922372172,0.2423045253532389,0.5886145461675978
dualforce_control|05_effect_v3__dai|117ec8f2ea,GEN:dualforce_control:v3:effect:start,portal_1,store/gens/013_dualforce_control/05_effect_v3__dai/videos/G-unseen-cross__dualforce_control_effect_v3__portal_1__ref_money_rain_3__s42.mp4,8,120,0.6506893490412953,0.4652218138521528,0.5443411292889164,0.6449194523300099
dualforce_control|05_effect_v3__dai|359b5cc71f,GEN:dualforce_control:v3:effect:start,portal_1,store/gens/013_dualforce_control/05_effect_v3__dai/videos/G-unseen-cross__dualforce_control_effect_v3__portal_1__ref_money_rain_3__s43.mp4,8,120,0.5327095785515823,0.5161563381360735,0.5644392678761798,0.6975914689121601
dualforce_control|05_effect_v3__dai|047037d9b3,GEN:dualforce_control:v3:effect:start,plasma_explosion_2,store/gens/013_dualforce_control/05_effect_v3__dai/videos/G-unseen-cross__dualforce_control_effect_v3__plasma_explosion_2__ref_illustration_scene_7__s42.mp4,8,120,0.5721079420607451,0.3034525297421489,0.3041241658176253,0.8111064277395588
dualforce_control|05_effect_v3__dai|11ef442dcd,GEN:dualforce_control:v3:effect:start,plasma_explosion_2,store/gens/013_dualforce_control/05_effect_v3__dai/videos/G-unseen-cross__dualforce_control_effect_v3__plasma_explosion_2__ref_illustration_scene_7__s43.mp4,8,120,0.6544387361068797,0.577857899728906,0.6797356693519361,0.7835797893788313
dualforce_control|05_effect_v3__dai|9fe7012b9c,GEN:dualforce_control:v3:effect:start,super_fast_run_3,store/gens/013_dualforce_control/05_effect_v3__dai/videos/G-unseen-cross__dualforce_control_effect_v3__super_fast_run_3__ref_portal_4__s42.mp4,8,120,0.6224328164640025,1.5415599585076951,1.6869299295483648,0.873028782875888
dualforce_control|05_effect_v3__dai|f28162bd51,GEN:dualforce_control:v3:effect:start,super_fast_run_3,store/gens/013_dualforce_control/05_effect_v3__dai/videos/G-unseen-cross__dualforce_control_effect_v3__super_fast_run_3__ref_portal_4__s43.mp4,8,120,0.4473530200270053,1.7871419435551792,2.041121191706932,0.7050468958208322
dualforce_control|05_effect_v3__dai|4561bb7cd0,GEN:dualforce_control:v3:effect:both,water_bending_3,store/gens/013_dualforce_control/05_effect_v3__dai/videos/G-unseen-cross__dualforce_control_effect_v3__water_bending_3__ref_shadow_smoke_7__s42.mp4,8,113,0.4832375763320999,0.727344115918368,0.7810828447901671,0.7026502712924529
dualforce_control|05_effect_v3__dai|a86ebb9523,GEN:dualforce_control:v3:effect:both,water_bending_3,store/gens/013_dualforce_control/05_effect_v3__dai/videos/G-unseen-cross__dualforce_control_effect_v3__water_bending_3__ref_shadow_smoke_7__s43.mp4,8,113,0.5855567124485819,0.5700727140198244,0.6248180819856677,0.7046547870307232
dualforce_control|05_effect_v3__dai|e4f1d263eb,GEN:dualforce_control:v3:effect:start,wireframe_7,store/gens/013_dualforce_control/05_effect_v3__dai/videos/G-unseen-cross__dualforce_control_effect_v3__wireframe_7__ref_shadow_3__s42.mp4,8,120,0.4849731394344154,0.3513290661357275,0.352338766477952,0.8603528784402861
dualforce_control|05_effect_v3__dai|4db67d5d70,GEN:dualforce_control:v3:effect:start,wireframe_7,store/gens/013_dualforce_control/05_effect_v3__dai/videos/G-unseen-cross__dualforce_control_effect_v3__wireframe_7__ref_shadow_3__s43.mp4,8,120,0.4092413162903936,0.3179987498470621,0.3243949289278312,0.8956483579917731
dualforce_control|05_effect_v3__dai|dd1d05d5c4,GEN:dualforce_control:v3:effect:start,color_rain_0,store/gens/013_dualforce_control/05_effect_v3__dai/videos/G-unseen-same__dualforce_control_effect_v3__color_rain_0__ref_color_rain_2__s42.mp4,8,120,0.524253300849169,0.285440766912908,0.2906920998942315,0.2746778545235596
dualforce_control|05_effect_v3__dai|6986934b6e,GEN:dualforce_control:v3:effect:start,color_rain_0,store/gens/013_dualforce_control/05_effect_v3__dai/videos/G-unseen-same__dualforce_control_effect_v3__color_rain_0__ref_color_rain_2__s43.mp4,8,120,0.5462871519402619,0.4252896237167077,0.511520439153899,0.5532268832952977
dualforce_control|05_effect_v3__dai|00f5878308,GEN:dualforce_control:v3:effect:start,earth_element_4,store/gens/013_dualforce_control/05_effect_v3__dai/videos/G-unseen-same__dualforce_control_effect_v3__earth_element_4__ref_earth_element_6__s42.mp4,8,120,0.3616885107697773,0.3622925673025938,0.4069285409186459,0.584233214880971
dualforce_control|05_effect_v3__dai|cf46a3617d,GEN:dualforce_control:v3:effect:start,earth_element_4,store/gens/013_dualforce_control/05_effect_v3__dai/videos/G-unseen-same__dualforce_control_effect_v3__earth_element_4__ref_earth_element_6__s43.mp4,8,120,0.3657291181825943,0.3564893629952478,0.4178155815041663,0.5220574774142042
dualforce_control|05_effect_v3__dai|2a98f244fa,GEN:dualforce_control:v3:effect:start,animalization_0,store/gens/013_dualforce_control/05_effect_v3__dai/videos/G-unseen-same__dualforce_control_effect_v3__animalization_0__ref_animalization_2__s42.mp4,8,120,0.4035898765613961,0.6438295489534342,0.6709691867508587,0.8588284936330048
dualforce_control|05_effect_v3__dai|d57cfd9097,GEN:dualforce_control:v3:effect:start,animalization_0,store/gens/013_dualforce_control/05_effect_v3__dai/videos/G-unseen-same__dualforce_control_effect_v3__animalization_0__ref_animalization_2__s43.mp4,8,120,0.3555508442485242,0.5799755343545852,0.6190197224204116,0.9927460106205594
dualforce_control|05_effect_v3__dai|ef84443aa9,GEN:dualforce_control:v3:effect:both,flame_transition_2,store/gens/013_dualforce_control/05_effect_v3__dai/videos/G-unseen-same__dualforce_control_effect_v3__flame_transition_2__ref_flame_transition_3__s42.mp4,8,113,0.5150572830705722,0.9978301762840894,1.0222195693076157,0.5817562783311666
dualforce_control|05_effect_v3__dai|cd04b5127d,GEN:dualforce_control:v3:effect:both,flame_transition_2,store/gens/013_dualforce_control/05_effect_v3__dai/videos/G-unseen-same__dualforce_control_effect_v3__flame_transition_2__ref_flame_transition_3__s43.mp4,8,113,0.5843405764640588,0.905131452482612,0.9420042881582128,0.582258794547999
dualforce_control|05_effect_v3__dai|5ad2a312ce,GEN:dualforce_control:v3:effect:both,flame_transition_3,store/gens/013_dualforce_control/05_effect_v3__dai/videos/G-unseen-same__dualforce_control_effect_v3__flame_transition_3__ref_flame_transition_2__s42.mp4,8,113,0.5084999618776862,0.7035358918884735,0.7980628090312378,0.7035993266003084
dualforce_control|05_effect_v3__dai|6a1eac5672,GEN:dualforce_control:v3:effect:both,flame_transition_3,store/gens/013_dualforce_control/05_effect_v3__dai/videos/G-unseen-same__dualforce_control_effect_v3__flame_transition_3__ref_flame_transition_2__s43.mp4,8,113,0.5953990579631372,0.7177498848221888,0.7684817472788859,0.7071233947756967
dualforce_control|05_effect_v3__dai|94e973b6fa,GEN:dualforce_control:v3:effect:start,gas_transformation_6,store/gens/013_dualforce_control/05_effect_v3__dai/videos/G-unseen-same__dualforce_control_effect_v3__gas_transformation_6__ref_gas_transformation_7__s42.mp4,8,120,0.4618050821233648,0.422395554256553,0.4523406646359419,0.3846601472492965
dualforce_control|05_effect_v3__dai|da2c25566c,GEN:dualforce_control:v3:effect:start,gas_transformation_6,store/gens/013_dualforce_control/05_effect_v3__dai/videos/G-unseen-same__dualforce_control_effect_v3__gas_transformation_6__ref_gas_transformation_7__s43.mp4,8,120,0.4920909311366526,0.5333581585834021,0.5267650718064215,0.3840428730249639
dualforce_control|05_effect_v3__dai|7d22bdb530,GEN:dualforce_control:v3:effect:both,giant_grab_5,store/gens/013_dualforce_control/05_effect_v3__dai/videos/G-unseen-same__dualforce_control_effect_v3__giant_grab_5__ref_giant_grab_3__s42.mp4,8,113,0.5300610041162459,0.663231229565768,0.7114192666397513,0.4913800531982873
dualforce_control|05_effect_v3__dai|88e0a5cb53,GEN:dualforce_control:v3:effect:both,giant_grab_5,store/gens/013_dualforce_control/05_effect_v3__dai/videos/G-unseen-same__dualforce_control_effect_v3__giant_grab_5__ref_giant_grab_3__s43.mp4,8,113,0.634778939595736,0.5842298500942693,0.6234024041980919,0.4910655261029312
dualforce_control|05_effect_v3__dai|f2ef885e82,GEN:dualforce_control:v3:effect:both,hero_flight_5,store/gens/013_dualforce_control/05_effect_v3__dai/videos/G-unseen-same__dualforce_control_effect_v3__hero_flight_5__ref_hero_flight_6__s42.mp4,8,113,0.7162633504192761,0.497576371273492,0.5413723588649412,0.6758811538597301
dualforce_control|05_effect_v3__dai|234d38b761,GEN:dualforce_control:v3:effect:both,hero_flight_5,store/gens/013_dualforce_control/05_effect_v3__dai/videos/G-unseen-same__dualforce_control_effect_v3__hero_flight_5__ref_hero_flight_6__s43.mp4,8,113,0.7249073355918543,0.5557565700434595,0.5978107637249661,0.6730082905548691
dualforce_control|05_effect_v3__dai|57ba2ad835,GEN:dualforce_control:v3:effect:both,earth_wave_5,store/gens/013_dualforce_control/05_effect_v3__dai/videos/G-unseen-same__dualforce_control_effect_v3__earth_wave_5__ref_earth_wave_3__s42.mp4,8,113,0.4400165508167428,0.574458910733717,0.6548761082241197,0.9101545070528324
dualforce_control|05_effect_v3__dai|cfc7c39b55,GEN:dualforce_control:v3:effect:both,earth_wave_5,store/gens/013_dualforce_control/05_effect_v3__dai/videos/G-unseen-same__dualforce_control_effect_v3__earth_wave_5__ref_earth_wave_3__s43.mp4,8,113,0.481379487526087,0.5546921318166905,0.6127552938226237,0.9115322014860602
dualforce_control|05_effect_v3__dai|21a6f6a684,GEN:dualforce_control:v3:effect:start,fire_element_3,store/gens/013_dualforce_control/05_effect_v3__dai/videos/G-unseen-same__dualforce_control_effect_v3__fire_element_3__ref_fire_element_2__s42.mp4,8,120,0.2900906112184571,0.3967091545123295,0.4367984672717522,0.8582069380648302
dualforce_control|05_effect_v3__dai|7d1b4edde2,GEN:dualforce_control:v3:effect:start,fire_element_3,store/gens/013_dualforce_control/05_effect_v3__dai/videos/G-unseen-same__dualforce_control_effect_v3__fire_element_3__ref_fire_element_2__s43.mp4,8,120,0.4383513963442433,0.3969005008255618,0.4437121411615117,0.7508204835533943
dualforce_control|05_effect_v3__dai|a9963d0eec,GEN:dualforce_control:v3:effect:start,plasma_explosion_3,store/gens/013_dualforce_control/05_effect_v3__dai/videos/G-unseen-same__dualforce_control_effect_v3__plasma_explosion_3__ref_plasma_explosion_2__s42.mp4,8,120,0.3644312367182636,0.6529931730393895,0.6488736964010583,0.6056224225100028
dualforce_control|05_effect_v3__dai|c4a7de915e,GEN:dualforce_control:v3:effect:start,plasma_explosion_3,store/gens/013_dualforce_control/05_effect_v3__dai/videos/G-unseen-same__dualforce_control_effect_v3__plasma_explosion_3__ref_plasma_explosion_2__s43.mp4,8,120,0.5541074173881475,0.6331875992582777,0.6412103051384435,0.6434763603437155
dualforce_control|05_effect_v3__dai|de46aa2b6d,GEN:dualforce_control:v3:effect:start,illustration_scene_4,store/gens/013_dualforce_control/05_effect_v3__dai/videos/G-unseen-same__dualforce_control_effect_v3__illustration_scene_4__ref_illustration_scene_7__s42.mp4,8,120,0.6082047097714434,0.5314354213286058,0.5434729375657359,0.5644567334005239
dualforce_control|05_effect_v3__dai|0e411b0383,GEN:dualforce_control:v3:effect:start,illustration_scene_4,store/gens/013_dualforce_control/05_effect_v3__dai/videos/G-unseen-same__dualforce_control_effect_v3__illustration_scene_4__ref_illustration_scene_7__s43.mp4,8,120,0.5951238323520474,0.728895171651687,0.6535471160138598,0.592164690064404
dualforce_control|05_effect_v3__dai|b5a8a57878,GEN:dualforce_control:v3:effect:start,money_rain_1,store/gens/013_dualforce_control/05_effect_v3__dai/videos/G-unseen-same__dualforce_control_effect_v3__money_rain_1__ref_money_rain_3__s42.mp4,8,120,0.506515767120417,0.5722132632975034,0.5991351604746844,0.5629219854807727
dualforce_control|05_effect_v3__dai|744557e98d,GEN:dualforce_control:v3:effect:start,money_rain_1,store/gens/013_dualforce_control/05_effect_v3__dai/videos/G-unseen-same__dualforce_control_effect_v3__money_rain_1__ref_money_rain_3__s43.mp4,8,120,0.544938627786046,0.5325550475578655,0.6091188369801923,0.6721097167514507
dualforce_control|05_effect_v3__dai|d34f067c39,GEN:dualforce_control:v3:effect:start,mystification_1,store/gens/013_dualforce_control/05_effect_v3__dai/videos/G-unseen-same__dualforce_control_effect_v3__mystification_1__ref_mystification_0__s42.mp4,8,120,0.4736645805341124,0.3022459995354002,0.3042262306848509,0.5071804797839796
dualforce_control|05_effect_v3__dai|dc581f113e,GEN:dualforce_control:v3:effect:start,mystification_1,store/gens/013_dualforce_control/05_effect_v3__dai/videos/G-unseen-same__dualforce_control_effect_v3__mystification_1__ref_mystification_0__s43.mp4,8,120,0.4547512756965979,0.3013906571317752,0.3126691695519858,0.5049654437870663
dualforce_control|05_effect_v3__dai|90360f3efd,GEN:dualforce_control:v3:effect:start,shadow_10,store/gens/013_dualforce_control/05_effect_v3__dai/videos/G-unseen-same__dualforce_control_effect_v3__shadow_10__ref_shadow_3__s42.mp4,8,120,0.5379534737951899,0.3280157195541767,0.3655882300885261,1.01595706554412
dualforce_control|05_effect_v3__dai|28ee337313,GEN:dualforce_control:v3:effect:start,shadow_10,store/gens/013_dualforce_control/05_effect_v3__dai/videos/G-unseen-same__dualforce_control_effect_v3__shadow_10__ref_shadow_3__s43.mp4,8,120,0.4887184696242888,0.348500340323902,0.3726394692686676,0.7669063790880748
dualforce_control|05_effect_v3__dai|44fc39451a,GEN:dualforce_control:v3:effect:start,portal_1,store/gens/013_dualforce_control/05_effect_v3__dai/videos/G-unseen-same__dualforce_control_effect_v3__portal_1__ref_portal_4__s42.mp4,8,120,0.5120888067542619,0.7826788155120694,0.8800553200888174,0.6773302142670209
dualforce_control|05_effect_v3__dai|a497d440d7,GEN:dualforce_control:v3:effect:start,portal_1,store/gens/013_dualforce_control/05_effect_v3__dai/videos/G-unseen-same__dualforce_control_effect_v3__portal_1__ref_portal_4__s43.mp4,8,120,0.4883114646404327,1.2122492701803238,1.3177133919876332,0.6529117708591096
dualforce_control|05_effect_v3__dai|5efd15104c,GEN:dualforce_control:v3:effect:start,super_fast_run_0,store/gens/013_dualforce_control/05_effect_v3__dai/videos/G-unseen-same__dualforce_control_effect_v3__super_fast_run_0__ref_super_fast_run_3__s42.mp4,8,120,0.4880761646460974,0.566108400428867,0.5886394285914223,0.5524813798417929
dualforce_control|05_effect_v3__dai|5b5fd873ed,GEN:dualforce_control:v3:effect:start,super_fast_run_0,store/gens/013_dualforce_control/05_effect_v3__dai/videos/G-unseen-same__dualforce_control_effect_v3__super_fast_run_0__ref_super_fast_run_3__s43.mp4,8,120,0.4531802898194224,0.5997829501220829,0.6213639899276137,0.545866384611747
dualforce_control|05_effect_v3__dai|eba3071425,GEN:dualforce_control:v3:effect:both,air_bending_1,store/gens/013_dualforce_control/05_effect_v3__dai/videos/G-zs-cross__dualforce_control_effect_v3__air_bending_1__ref_firelava_1__s42.mp4,8,113,0.4845520676362991,0.7832640678211538,0.8522134536274328,1.0802868796295662
dualforce_control|05_effect_v3__dai|1b312a2f84,GEN:dualforce_control:v3:effect:both,air_bending_1,store/gens/013_dualforce_control/05_effect_v3__dai/videos/G-zs-cross__dualforce_control_effect_v3__air_bending_1__ref_firelava_1__s43.mp4,8,113,0.5341409081672868,1.0421620615228109,1.0764632645601075,1.0747119500407951
dualforce_control|05_effect_v3__dai|fec9cc5ba0,GEN:dualforce_control:v3:effect:start,water_element_3,store/gens/013_dualforce_control/05_effect_v3__dai/videos/G-unseen-same__dualforce_control_effect_v3__water_element_3__ref_water_element_4__s42.mp4,8,120,0.4946158344021636,0.4751356457505251,0.5685513992708338,0.190023080532445
dualforce_control|05_effect_v3__dai|5e2c53bae4,GEN:dualforce_control:v3:effect:start,water_element_3,store/gens/013_dualforce_control/05_effect_v3__dai/videos/G-unseen-same__dualforce_control_effect_v3__water_element_3__ref_water_element_4__s43.mp4,8,120,0.6116038765834308,0.3681222825051184,0.3884447620457775,0.2550826118091336
dualforce_control|05_effect_v3__dai|503ce64185,GEN:dualforce_control:v3:effect:start,wireframe_0,store/gens/013_dualforce_control/05_effect_v3__dai/videos/G-unseen-same__dualforce_control_effect_v3__wireframe_0__ref_wireframe_7__s42.mp4,8,120,0.6148180166946184,0.0946541186913544,0.0669677286676473,1.4187117018308866
dualforce_control|05_effect_v3__dai|9c9d3bd6d0,GEN:dualforce_control:v3:effect:start,wireframe_0,store/gens/013_dualforce_control/05_effect_v3__dai/videos/G-unseen-same__dualforce_control_effect_v3__wireframe_0__ref_wireframe_7__s43.mp4,8,120,0.5270789531038402,0.1190515698592539,0.1201374296837231,1.2390717998166132
dualforce_control|05_effect_v3__dai|abfd7fad5e,GEN:dualforce_control:v3:effect:both,shadow_smoke_0,store/gens/013_dualforce_control/05_effect_v3__dai/videos/G-unseen-same__dualforce_control_effect_v3__shadow_smoke_0__ref_shadow_smoke_7__s42.mp4,8,113,0.5070376952993236,0.8649938458583326,0.8200210289640334,0.5575753405995305
dualforce_control|05_effect_v3__dai|16f2873ceb,GEN:dualforce_control:v3:effect:both,shadow_smoke_0,store/gens/013_dualforce_control/05_effect_v3__dai/videos/G-unseen-same__dualforce_control_effect_v3__shadow_smoke_0__ref_shadow_smoke_7__s43.mp4,8,113,0.513642052874123,0.8920211136793227,0.8766495071794735,0.5528164209832851
dualforce_control|05_effect_v3__dai|59321b5322,GEN:dualforce_control:v3:effect:start,animalization_0,store/gens/013_dualforce_control/05_effect_v3__dai/videos/G-zs-cross__dualforce_control_effect_v3__animalization_0__ref_acid_0__s42.mp4,8,120,0.3545928979097501,0.4034668196195932,0.4582276085148308,0.7387026730726968
dualforce_control|05_effect_v3__dai|72ff4bf970,GEN:dualforce_control:v3:effect:start,animalization_0,store/gens/013_dualforce_control/05_effect_v3__dai/videos/G-zs-cross__dualforce_control_effect_v3__animalization_0__ref_acid_0__s43.mp4,8,120,0.3538709269640678,0.4984386378361468,0.5466022305725772,0.7057157078695191
dualforce_control|05_effect_v3__dai|1d7a606bef,GEN:dualforce_control:v3:effect:start,animalization_2,store/gens/013_dualforce_control/05_effect_v3__dai/videos/G-zs-cross__dualforce_control_effect_v3__animalization_2__ref_acid_1__s42.mp4,8,120,0.3389522447108313,0.4111618666440773,0.4719955745020023,0.3261927974942538
dualforce_control|05_effect_v3__dai|b8efb1c802,GEN:dualforce_control:v3:effect:start,animalization_2,store/gens/013_dualforce_control/05_effect_v3__dai/videos/G-zs-cross__dualforce_control_effect_v3__animalization_2__ref_acid_1__s43.mp4,8,120,0.3263598353977248,0.4411936124882123,0.5041046583531463,0.4055023977870771
dualforce_control|05_effect_v3__dai|d59200870d,GEN:dualforce_control:v3:effect:start,color_rain_0,store/gens/013_dualforce_control/05_effect_v3__dai/videos/G-zs-cross__dualforce_control_effect_v3__color_rain_0__ref_cotton_cloud_2__s42.mp4,8,120,0.5386189819571012,0.3705786755355992,0.2951169740630976,0.3763573076035765
dualforce_control|05_effect_v3__dai|0b2f4f483a,GEN:dualforce_control:v3:effect:start,color_rain_0,store/gens/013_dualforce_control/05_effect_v3__dai/videos/G-zs-cross__dualforce_control_effect_v3__color_rain_0__ref_cotton_cloud_2__s43.mp4,8,120,0.6058803872656819,0.3185746653616374,0.314923275639265,0.4129881957968461
dualforce_control|05_effect_v3__dai|7e0857ebc7,GEN:dualforce_control:v3:effect:start,earth_element_4,store/gens/013_dualforce_control/05_effect_v3__dai/videos/G-zs-cross__dualforce_control_effect_v3__earth_element_4__ref_explosion_1__s42.mp4,8,120,0.2416970792204971,0.3755247384122498,0.4322128399224907,0.4618833675804256
dualforce_control|05_effect_v3__dai|9a60e34668,GEN:dualforce_control:v3:effect:start,earth_element_4,store/gens/013_dualforce_control/05_effect_v3__dai/videos/G-zs-cross__dualforce_control_effect_v3__earth_element_4__ref_explosion_1__s43.mp4,8,120,0.3117577103445219,0.403011024492139,0.4879139164675368,0.6233196752137402
dualforce_control|05_effect_v3__dai|de55f998ed,GEN:dualforce_control:v3:effect:start,color_rain_2,store/gens/013_dualforce_control/05_effect_v3__dai/videos/G-zs-cross__dualforce_control_effect_v3__color_rain_2__ref_explosion_0__s42.mp4,8,120,0.3911096989826561,0.4241898503361599,0.4700353750247262,0.5539936281402247
dualforce_control|05_effect_v3__dai|86a0266342,GEN:dualforce_control:v3:effect:start,color_rain_2,store/gens/013_dualforce_control/05_effect_v3__dai/videos/G-zs-cross__dualforce_control_effect_v3__color_rain_2__ref_explosion_0__s43.mp4,8,120,0.3939770833845299,0.4201245244388942,0.5046318710696994,0.8887000170081175
dualforce_control|05_effect_v3__dai|d140a669ee,GEN:dualforce_control:v3:effect:start,color_rain_2,store/gens/013_dualforce_control/05_effect_v3__dai/videos/G-zs-cross__dualforce_control_effect_v3__color_rain_2__ref_saint_glow_1__s42.mp4,8,120,0.5128781873085544,0.3823076476273834,0.47149416008617,0.4315423811409373
dualforce_control|05_effect_v3__dai|62dd9ddd7f,GEN:dualforce_control:v3:effect:start,color_rain_2,store/gens/013_dualforce_control/05_effect_v3__dai/videos/G-zs-cross__dualforce_control_effect_v3__color_rain_2__ref_saint_glow_1__s43.mp4,8,120,0.5851412757137966,0.4317497071514033,0.5002384084207334,0.3990420672347521
dualforce_control|05_effect_v3__dai|3447b2300a,GEN:dualforce_control:v3:effect:start,fire_element_2,store/gens/013_dualforce_control/05_effect_v3__dai/videos/G-zs-cross__dualforce_control_effect_v3__fire_element_2__ref_glitch_0__s42.mp4,8,120,0.5083365862572995,0.3109403633414764,0.3619474880162892,0.5331773178744441
dualforce_control|05_effect_v3__dai|6dc685a1b4,GEN:dualforce_control:v3:effect:start,fire_element_2,store/gens/013_dualforce_control/05_effect_v3__dai/videos/G-zs-cross__dualforce_control_effect_v3__fire_element_2__ref_glitch_0__s43.mp4,8,120,0.5723953243722315,0.6937538169910272,0.6639639926742444,0.3723523817357648
dualforce_control|05_effect_v3__dai|288a3b573e,GEN:dualforce_control:v3:effect:start,fire_element_3,store/gens/013_dualforce_control/05_effect_v3__dai/videos/G-zs-cross__dualforce_control_effect_v3__fire_element_3__ref_glitch_1__s42.mp4,8,120,0.4410186872388284,0.3748474646002031,0.4245749478497764,0.795053749560225
dualforce_control|05_effect_v3__dai|acce2fb18f,GEN:dualforce_control:v3:effect:start,fire_element_3,store/gens/013_dualforce_control/05_effect_v3__dai/videos/G-zs-cross__dualforce_control_effect_v3__fire_element_3__ref_glitch_1__s43.mp4,8,120,0.5815022199765549,0.4583756489810563,0.5165906225220718,0.7873057056237356
dualforce_control|05_effect_v3__dai|0be048d817,GEN:dualforce_control:v3:effect:start,gas_transformation_7,store/gens/013_dualforce_control/05_effect_v3__dai/videos/G-zs-cross__dualforce_control_effect_v3__gas_transformation_7__ref_northern_lights_0__s42.mp4,8,120,0.4755054250657824,0.4228239010827752,0.5091625106271817,1.0131252643638753
dualforce_control|05_effect_v3__dai|d300610293,GEN:dualforce_control:v3:effect:start,gas_transformation_7,store/gens/013_dualforce_control/05_effect_v3__dai/videos/G-zs-cross__dualforce_control_effect_v3__gas_transformation_7__ref_northern_lights_0__s43.mp4,8,120,0.5269651352944416,0.5075012123195106,0.6152410389551264,0.966590643014219
dualforce_control|05_effect_v3__dai|a094dda334,GEN:dualforce_control:v3:effect:both,giant_grab_3,store/gens/013_dualforce_control/05_effect_v3__dai/videos/G-zs-cross__dualforce_control_effect_v3__giant_grab_3__ref_raven_transition_1__s42.mp4,8,113,0.5968733765421967,1.2384569209505545,1.4184421075728044,0.3377803117524423
dualforce_control|05_effect_v3__dai|d0060f0ec2,GEN:dualforce_control:v3:effect:both,giant_grab_3,store/gens/013_dualforce_control/05_effect_v3__dai/videos/G-zs-cross__dualforce_control_effect_v3__giant_grab_3__ref_raven_transition_1__s43.mp4,8,113,0.629516529662214,1.072211744120712,0.8298763550755495,0.3405122237454548
dualforce_control|05_effect_v3__dai|e639cc0ba9,GEN:dualforce_control:v3:effect:both,hero_flight_5,store/gens/013_dualforce_control/05_effect_v3__dai/videos/G-zs-cross__dualforce_control_effect_v3__hero_flight_5__ref_flying_cam_transition_2__s42.mp4,8,113,0.6356675114685164,0.4979132389052244,0.5238002804691866,0.6776293293382003
dualforce_control|05_effect_v3__dai|374498214c,GEN:dualforce_control:v3:effect:both,hero_flight_5,store/gens/013_dualforce_control/05_effect_v3__dai/videos/G-zs-cross__dualforce_control_effect_v3__hero_flight_5__ref_flying_cam_transition_2__s43.mp4,8,113,0.5269999800799454,0.5284727194705311,0.5503523865284732,0.6763981898285334
dualforce_control|05_effect_v3__dai|5bd92fa6d1,GEN:dualforce_control:v3:effect:both,hero_flight_6,store/gens/013_dualforce_control/05_effect_v3__dai/videos/G-zs-cross__dualforce_control_effect_v3__hero_flight_6__ref_melt_transition_3__s42.mp4,8,113,0.4478564819390169,0.56050124026795,0.5908375058057858,0.7197766590268548
dualforce_control|05_effect_v3__dai|f432eb562f,GEN:dualforce_control:v3:effect:both,hero_flight_6,store/gens/013_dualforce_control/05_effect_v3__dai/videos/G-zs-cross__dualforce_control_effect_v3__hero_flight_6__ref_melt_transition_3__s43.mp4,8,113,0.4071612777605642,0.6953156673702785,0.6267808728135843,0.7175523209670487
dualforce_control|05_effect_v3__dai|f9c292b1e7,GEN:dualforce_control:v3:effect:start,mystification_1,store/gens/013_dualforce_control/05_effect_v3__dai/videos/G-zs-cross__dualforce_control_effect_v3__mystification_1__ref_train_rush_0__s42.mp4,8,120,0.6666334931765556,0.8329258944175647,1.00409893558379,0.4934281331190159
dualforce_control|05_effect_v3__dai|2a855b39f9,GEN:dualforce_control:v3:effect:start,mystification_1,store/gens/013_dualforce_control/05_effect_v3__dai/videos/G-zs-cross__dualforce_control_effect_v3__mystification_1__ref_train_rush_0__s43.mp4,8,120,0.560569658786304,0.7580864150680422,0.8834572520425348,0.4311190128999141
dualforce_control|05_effect_v3__dai|2666c6af75,GEN:dualforce_control:v3:effect:start,plasma_explosion_2,store/gens/013_dualforce_control/05_effect_v3__dai/videos/G-zs-cross__dualforce_control_effect_v3__plasma_explosion_2__ref_live_concert_3__s42.mp4,8,120,0.4866790225217745,0.809309012175929,0.8553033815722683,0.6844545743593551
dualforce_control|05_effect_v3__dai|007e76e6de,GEN:dualforce_control:v3:effect:start,plasma_explosion_2,store/gens/013_dualforce_control/05_effect_v3__dai/videos/G-zs-cross__dualforce_control_effect_v3__plasma_explosion_2__ref_live_concert_3__s43.mp4,8,120,0.444418474229423,0.7228560397519201,0.7847141838577342,0.7687413476123147
dualforce_control|05_effect_v3__dai|7edf3bc8ed,GEN:dualforce_control:v3:effect:start,plasma_explosion_2,store/gens/013_dualforce_control/05_effect_v3__dai/videos/G-zs-cross__dualforce_control_effect_v3__plasma_explosion_2__ref_train_rush_1__s42.mp4,8,120,0.3794756342029053,0.3430768621140906,0.3478170105032107,0.7052120400436211
dualforce_control|05_effect_v3__dai|b2eb1f2510,GEN:dualforce_control:v3:effect:start,plasma_explosion_2,store/gens/013_dualforce_control/05_effect_v3__dai/videos/G-zs-cross__dualforce_control_effect_v3__plasma_explosion_2__ref_train_rush_1__s43.mp4,8,120,0.3807440973297638,0.4220394754086783,0.4496409661733946,0.7508541747207321
dualforce_control|05_effect_v3__dai|426ff0f9d3,GEN:dualforce_control:v3:effect:start,money_rain_3,store/gens/013_dualforce_control/05_effect_v3__dai/videos/G-zs-cross__dualforce_control_effect_v3__money_rain_3__ref_point_cloud_1__s42.mp4,8,120,0.7963720075459004,0.2805705956089096,0.2802951215263196,0.4949116139233357
dualforce_control|05_effect_v3__dai|235ff20530,GEN:dualforce_control:v3:effect:start,money_rain_3,store/gens/013_dualforce_control/05_effect_v3__dai/videos/G-zs-cross__dualforce_control_effect_v3__money_rain_3__ref_point_cloud_1__s43.mp4,8,120,0.6611092335356554,0.4998873320256043,0.5563010548475125,0.5232923155561036
dualforce_control|05_effect_v3__dai|5dd492f961,GEN:dualforce_control:v3:effect:start,illustration_scene_4,store/gens/013_dualforce_control/05_effect_v3__dai/videos/G-zs-cross__dualforce_control_effect_v3__illustration_scene_4__ref_northern_lights_1__s42.mp4,8,120,0.4823145565839242,0.4850400816690147,0.5163487266888862,0.5137405469950835
dualforce_control|05_effect_v3__dai|c290610d33,GEN:dualforce_control:v3:effect:start,illustration_scene_4,store/gens/013_dualforce_control/05_effect_v3__dai/videos/G-zs-cross__dualforce_control_effect_v3__illustration_scene_4__ref_northern_lights_1__s43.mp4,8,120,0.4161384222475377,0.5635192492768686,0.607774704171447,0.6095118748196168
dualforce_control|05_effect_v3__dai|5a68c408b7,GEN:dualforce_control:v3:effect:start,money_rain_1,store/gens/013_dualforce_control/05_effect_v3__dai/videos/G-zs-cross__dualforce_control_effect_v3__money_rain_1__ref_point_cloud_0__s42.mp4,8,120,0.3931279323926484,0.3963214201247085,0.4567951395061591,0.916035171666248
dualforce_control|05_effect_v3__dai|f4666ddb6c,GEN:dualforce_control:v3:effect:start,money_rain_1,store/gens/013_dualforce_control/05_effect_v3__dai/videos/G-zs-cross__dualforce_control_effect_v3__money_rain_1__ref_point_cloud_0__s43.mp4,8,120,0.7959814298886283,0.4435115519679911,0.4564892996485973,1.0569004141151357
dualforce_control|05_effect_v3__dai|4c3957c5c3,GEN:dualforce_control:v3:effect:start,polygon_8,store/gens/013_dualforce_control/05_effect_v3__dai/videos/G-zs-cross__dualforce_control_effect_v3__polygon_8__ref_x_ray_1__s42.mp4,8,120,0.7041118495573082,0.4351555928723187,0.4367336977040222,0.6018066492674753
dualforce_control|05_effect_v3__dai|4f4dce1dc5,GEN:dualforce_control:v3:effect:start,polygon_8,store/gens/013_dualforce_control/05_effect_v3__dai/videos/G-zs-cross__dualforce_control_effect_v3__polygon_8__ref_x_ray_1__s43.mp4,8,120,0.6064836922729495,0.4233818291034101,0.5106956130127597,0.4372111348730262
dualforce_control|05_effect_v3__dai|53d1ca80e3,GEN:dualforce_control:v3:effect:start,polygon_4,store/gens/013_dualforce_control/05_effect_v3__dai/videos/G-zs-cross__dualforce_control_effect_v3__polygon_4__ref_x_ray_0__s42.mp4,8,120,0.4496841407441279,0.4905815603801511,0.5266676813161402,0.5477819981383516
dualforce_control|05_effect_v3__dai|e2909923cb,GEN:dualforce_control:v3:effect:start,polygon_4,store/gens/013_dualforce_control/05_effect_v3__dai/videos/G-zs-cross__dualforce_control_effect_v3__polygon_4__ref_x_ray_0__s43.mp4,8,120,0.4164641015921357,0.4743616418629386,0.5298541691907575,0.5937659350155201
dualforce_control|05_effect_v3__dai|6a5b86a173,GEN:dualforce_control:v3:effect:start,portal_1,store/gens/013_dualforce_control/05_effect_v3__dai/videos/G-zs-cross__dualforce_control_effect_v3__portal_1__ref_luminous_gaze_1__s42.mp4,8,120,0.5449312266909783,0.3825961073349375,0.4637949956602112,0.7242654597553989
dualforce_control|05_effect_v3__dai|c7a56ed0a8,GEN:dualforce_control:v3:effect:start,portal_1,store/gens/013_dualforce_control/05_effect_v3__dai/videos/G-zs-cross__dualforce_control_effect_v3__portal_1__ref_luminous_gaze_1__s43.mp4,8,120,0.5966510341051621,0.3260839860459177,0.2822494785938772,0.9363790003578536
dualforce_control|05_effect_v3__dai|06b3f4be17,GEN:dualforce_control:v3:effect:both,shadow_smoke_0,store/gens/013_dualforce_control/05_effect_v3__dai/videos/G-zs-cross__dualforce_control_effect_v3__shadow_smoke_0__ref_display_transition_2__s42.mp4,8,113,0.529860813361543,0.7748865616543628,0.8505609458788356,0.5580437756261303
dualforce_control|05_effect_v3__dai|82a3385c22,GEN:dualforce_control:v3:effect:both,shadow_smoke_0,store/gens/013_dualforce_control/05_effect_v3__dai/videos/G-zs-cross__dualforce_control_effect_v3__shadow_smoke_0__ref_display_transition_2__s43.mp4,8,113,0.5116734446050804,0.834835038506324,0.9539779692007152,0.5552891342463337
dualforce_control|05_effect_v3__dai|f3dcd7d767,GEN:dualforce_control:v3:effect:start,water_element_4,store/gens/013_dualforce_control/05_effect_v3__dai/videos/G-zs-cross__dualforce_control_effect_v3__water_element_4__ref_monstrosity_1__s42.mp4,8,120,0.4628844628042163,0.4174690101079643,0.4546820630617927,0.4890288411579631
dualforce_control|05_effect_v3__dai|f27d626b68,GEN:dualforce_control:v3:effect:start,water_element_4,store/gens/013_dualforce_control/05_effect_v3__dai/videos/G-zs-cross__dualforce_control_effect_v3__water_element_4__ref_monstrosity_1__s43.mp4,8,120,0.3098164550625213,0.5718878321582846,0.6251711767577827,0.5005228746397122
dualforce_control|05_effect_v3__dai|bb422e7784,GEN:dualforce_control:v3:effect:start,acid_0,store/gens/013_dualforce_control/05_effect_v3__dai/videos/G-zs-same__dualforce_control_effect_v3__acid_0__ref_acid_1__s42.mp4,8,120,0.2701555875863091,0.4423867793644117,0.5147163854261376,0.8081093763796219
dualforce_control|05_effect_v3__dai|e9d0ac99b8,GEN:dualforce_control:v3:effect:start,acid_0,store/gens/013_dualforce_control/05_effect_v3__dai/videos/G-zs-same__dualforce_control_effect_v3__acid_0__ref_acid_1__s43.mp4,8,120,0.2303317339009696,0.4365879971793346,0.4803868839947199,0.8302175526732719
dualforce_control|05_effect_v3__dai|f8bfcfd765,GEN:dualforce_control:v3:effect:start,acid_1,store/gens/013_dualforce_control/05_effect_v3__dai/videos/G-zs-same__dualforce_control_effect_v3__acid_1__ref_acid_0__s42.mp4,8,120,0.2460458817072259,0.4461689391096824,0.5096959861988932,0.4526068159876354
dualforce_control|05_effect_v3__dai|adfa2297fa,GEN:dualforce_control:v3:effect:start,acid_1,store/gens/013_dualforce_control/05_effect_v3__dai/videos/G-zs-same__dualforce_control_effect_v3__acid_1__ref_acid_0__s43.mp4,8,120,0.298286391110337,0.475554169946538,0.5588331078326887,0.5817919306639573
dualforce_control|05_effect_v3__dai|5ac2e42685,GEN:dualforce_control:v3:effect:start,cotton_cloud_0,store/gens/013_dualforce_control/05_effect_v3__dai/videos/G-zs-same__dualforce_control_effect_v3__cotton_cloud_0__ref_cotton_cloud_2__s42.mp4,8,120,0.2829183092612184,0.2663110867028652,0.2845435299771424,0.9836714840129732
dualforce_control|05_effect_v3__dai|d12bc2ead6,GEN:dualforce_control:v3:effect:start,cotton_cloud_0,store/gens/013_dualforce_control/05_effect_v3__dai/videos/G-zs-same__dualforce_control_effect_v3__cotton_cloud_0__ref_cotton_cloud_2__s43.mp4,8,120,0.3212759443489148,0.2760123756154054,0.3049157584696081,0.9402435482832004
dualforce_control|05_effect_v3__dai|a8a449f393,GEN:dualforce_control:v3:effect:both,display_transition_1,store/gens/013_dualforce_control/05_effect_v3__dai/videos/G-zs-same__dualforce_control_effect_v3__display_transition_1__ref_display_transition_2__s42.mp4,8,113,0.6459900154898728,0.6988643419424646,0.7636127189509956,0.8623028766308684
dualforce_control|05_effect_v3__dai|3c61ade368,GEN:dualforce_control:v3:effect:both,display_transition_1,store/gens/013_dualforce_control/05_effect_v3__dai/videos/G-zs-same__dualforce_control_effect_v3__display_transition_1__ref_display_transition_2__s43.mp4,8,113,0.533949682234782,0.6962020277868033,0.7851204995451831,0.8053714570176976
dualforce_control|05_effect_v3__dai|9899643799,GEN:dualforce_control:v3:effect:both,firelava_4,store/gens/013_dualforce_control/05_effect_v3__dai/videos/G-zs-same__dualforce_control_effect_v3__firelava_4__ref_firelava_1__s42.mp4,8,113,0.6389143327002531,0.5197717991265463,0.5356989690839987,0.9572314365512118
dualforce_control|05_effect_v3__dai|c4b058e6fb,GEN:dualforce_control:v3:effect:both,firelava_4,store/gens/013_dualforce_control/05_effect_v3__dai/videos/G-zs-same__dualforce_control_effect_v3__firelava_4__ref_firelava_1__s43.mp4,8,113,0.5939630272198237,0.586733231145202,0.7041571278202278,0.95388911884696
dualforce_control|05_effect_v3__dai|0b330c003a,GEN:dualforce_control:v3:effect:both,flying_cam_transition_4,store/gens/013_dualforce_control/05_effect_v3__dai/videos/G-zs-same__dualforce_control_effect_v3__flying_cam_transition_4__ref_flying_cam_transition_2__s42.mp4,8,113,0.6068696345805495,0.630044799892169,0.7472703066970942,1.127193348518459
dualforce_control|05_effect_v3__dai|b63ef1bdf7,GEN:dualforce_control:v3:effect:both,flying_cam_transition_4,store/gens/013_dualforce_control/05_effect_v3__dai/videos/G-zs-same__dualforce_control_effect_v3__flying_cam_transition_4__ref_flying_cam_transition_2__s43.mp4,8,113,0.4879637903183287,0.5875575031643009,0.6273887410496528,1.1203100679818014
dualforce_control|05_effect_v3__dai|532fd14c63,GEN:dualforce_control:v3:effect:start,live_concert_0,store/gens/013_dualforce_control/05_effect_v3__dai/videos/G-zs-same__dualforce_control_effect_v3__live_concert_0__ref_live_concert_3__s42.mp4,8,120,0.693105266804545,0.4013063680987984,0.4205646636050039,1.3768985597155678
dualforce_control|05_effect_v3__dai|384298f259,GEN:dualforce_control:v3:effect:start,live_concert_0,store/gens/013_dualforce_control/05_effect_v3__dai/videos/G-zs-same__dualforce_control_effect_v3__live_concert_0__ref_live_concert_3__s43.mp4,8,120,0.5384818194737115,0.5704405298582895,0.6217031120539632,1.095630677926516
dualforce_control|05_effect_v3__dai|5e9dcccbf4,GEN:dualforce_control:v3:effect:start,luminous_gaze_3,store/gens/013_dualforce_control/05_effect_v3__dai/videos/G-zs-same__dualforce_control_effect_v3__luminous_gaze_3__ref_luminous_gaze_1__s42.mp4,8,120,0.6129559630331862,0.333023405370874,0.2354035190056299,0.8755991525580304
dualforce_control|05_effect_v3__dai|88c8ce12af,GEN:dualforce_control:v3:effect:start,luminous_gaze_3,store/gens/013_dualforce_control/05_effect_v3__dai/videos/G-zs-same__dualforce_control_effect_v3__luminous_gaze_3__ref_luminous_gaze_1__s43.mp4,8,120,0.6537540799352095,0.3208557140559227,0.3282902641062477,1.0080218890364154
dualforce_control|05_effect_v3__dai|798f4b77c1,GEN:dualforce_control:v3:effect:start,explosion_0,store/gens/013_dualforce_control/05_effect_v3__dai/videos/G-zs-same__dualforce_control_effect_v3__explosion_0__ref_explosion_1__s42.mp4,8,120,0.5780371950086869,0.6150809582222646,0.6518666695972013,0.6197562175967515
dualforce_control|05_effect_v3__dai|c62ec7fbd2,GEN:dualforce_control:v3:effect:start,explosion_0,store/gens/013_dualforce_control/05_effect_v3__dai/videos/G-zs-same__dualforce_control_effect_v3__explosion_0__ref_explosion_1__s43.mp4,8,120,0.5208389014108035,0.6524314724378456,0.7187154085389923,0.6314472729574233
dualforce_control|05_effect_v3__dai|d3d01965c0,GEN:dualforce_control:v3:effect:start,explosion_1,store/gens/013_dualforce_control/05_effect_v3__dai/videos/G-zs-same__dualforce_control_effect_v3__explosion_1__ref_explosion_0__s42.mp4,8,120,0.5436800616630002,0.6736437755305451,0.7629506333504208,1.018022942580507
dualforce_control|05_effect_v3__dai|e0450346ba,GEN:dualforce_control:v3:effect:start,explosion_1,store/gens/013_dualforce_control/05_effect_v3__dai/videos/G-zs-same__dualforce_control_effect_v3__explosion_1__ref_explosion_0__s43.mp4,8,120,0.4226814398456642,0.7849946165114646,0.7418131147126139,0.9266793164102668
dualforce_control|05_effect_v3__dai|11c1f2ee4a,GEN:dualforce_control:v3:effect:start,glitch_0,store/gens/013_dualforce_control/05_effect_v3__dai/videos/G-zs-same__dualforce_control_effect_v3__glitch_0__ref_glitch_1__s42.mp4,8,120,0.4452350637472515,0.6630789321450117,0.686736411472142,0.5536763117284792
dualforce_control|05_effect_v3__dai|a82e09f20b,GEN:dualforce_control:v3:effect:start,glitch_0,store/gens/013_dualforce_control/05_effect_v3__dai/videos/G-zs-same__dualforce_control_effect_v3__glitch_0__ref_glitch_1__s43.mp4,8,120,0.4623901586188288,0.5655202573038062,0.6118487080656727,0.5447420578233004
dualforce_control|05_effect_v3__dai|7314fdca93,GEN:dualforce_control:v3:effect:start,glitch_1,store/gens/013_dualforce_control/05_effect_v3__dai/videos/G-zs-same__dualforce_control_effect_v3__glitch_1__ref_glitch_0__s42.mp4,8,120,0.3481404329840496,0.4257968939353133,0.4264049383223178,0.3522179327736268
dualforce_control|05_effect_v3__dai|d0ac7473a6,GEN:dualforce_control:v3:effect:start,glitch_1,store/gens/013_dualforce_control/05_effect_v3__dai/videos/G-zs-same__dualforce_control_effect_v3__glitch_1__ref_glitch_0__s43.mp4,8,120,0.4337506555682502,0.409352484989002,0.4096203326726836,0.4423215295194682
dualforce_control|05_effect_v3__dai|94d5cc6df9,GEN:dualforce_control:v3:effect:both,melt_transition_2,store/gens/013_dualforce_control/05_effect_v3__dai/videos/G-zs-same__dualforce_control_effect_v3__melt_transition_2__ref_melt_transition_3__s42.mp4,8,113,0.6642304668310279,0.3214825664560412,0.2067293163308442,0.7664291337338798
dualforce_control|05_effect_v3__dai|6f45250030,GEN:dualforce_control:v3:effect:both,melt_transition_2,store/gens/013_dualforce_control/05_effect_v3__dai/videos/G-zs-same__dualforce_control_effect_v3__melt_transition_2__ref_melt_transition_3__s43.mp4,8,113,0.6364929057290678,0.3966466368179623,0.3702283754757011,0.7659536659853245
dualforce_control|05_effect_v3__dai|f3a04b332a,GEN:dualforce_control:v3:effect:start,monstrosity_0,store/gens/013_dualforce_control/05_effect_v3__dai/videos/G-zs-same__dualforce_control_effect_v3__monstrosity_0__ref_monstrosity_1__s42.mp4,8,120,0.2267154608991011,0.4543905594709286,0.5276994098498606,0.5203628091309253
dualforce_control|05_effect_v3__dai|62ea141f86,GEN:dualforce_control:v3:effect:start,monstrosity_0,store/gens/013_dualforce_control/05_effect_v3__dai/videos/G-zs-same__dualforce_control_effect_v3__monstrosity_0__ref_monstrosity_1__s43.mp4,8,120,0.3819492436431482,0.4676687045203427,0.5090700691965401,0.5524200144753824
dualforce_control|05_effect_v3__dai|2f9a5f2440,GEN:dualforce_control:v3:effect:start,northern_lights_0,store/gens/013_dualforce_control/05_effect_v3__dai/videos/G-zs-same__dualforce_control_effect_v3__northern_lights_0__ref_northern_lights_1__s42.mp4,8,120,0.3869884698919201,0.6247499590309742,0.6844750504944962,0.7870992987703803
dualforce_control|05_effect_v3__dai|ff176818a3,GEN:dualforce_control:v3:effect:start,northern_lights_0,store/gens/013_dualforce_control/05_effect_v3__dai/videos/G-zs-same__dualforce_control_effect_v3__northern_lights_0__ref_northern_lights_1__s43.mp4,8,120,0.3529198188927811,0.7251905009416693,0.7533160734429926,0.845055274988822
dualforce_control|05_effect_v3__dai|0b2d53daa7,GEN:dualforce_control:v3:effect:start,point_cloud_1,store/gens/013_dualforce_control/05_effect_v3__dai/videos/G-zs-same__dualforce_control_effect_v3__point_cloud_1__ref_point_cloud_0__s42.mp4,8,120,0.4778777971143191,0.2449600151367691,0.2797189484977423,0.8233636115768859
dualforce_control|05_effect_v3__dai|dd93dc3934,GEN:dualforce_control:v3:effect:start,point_cloud_1,store/gens/013_dualforce_control/05_effect_v3__dai/videos/G-zs-same__dualforce_control_effect_v3__point_cloud_1__ref_point_cloud_0__s43.mp4,8,120,0.4635300107156004,0.2020590669750411,0.196590510736529,1.3348242779557984
dualforce_control|05_effect_v3__dai|65e9cc0807,GEN:dualforce_control:v3:effect:start,x_ray_0,store/gens/013_dualforce_control/05_effect_v3__dai/videos/G-zs-same__dualforce_control_effect_v3__x_ray_0__ref_x_ray_1__s42.mp4,8,120,0.4888954794199214,0.4164749831199841,0.4443193577242182,0.901510286540279
dualforce_control|05_effect_v3__dai|77cec6b782,GEN:dualforce_control:v3:effect:start,x_ray_0,store/gens/013_dualforce_control/05_effect_v3__dai/videos/G-zs-same__dualforce_control_effect_v3__x_ray_0__ref_x_ray_1__s43.mp4,8,120,0.4405736446927608,0.4179604669361816,0.467284787863691,0.8807469009439299
dualforce_control|05_effect_v3__dai|0ac9b5a6a1,GEN:dualforce_control:v3:effect:start,x_ray_1,store/gens/013_dualforce_control/05_effect_v3__dai/videos/G-zs-same__dualforce_control_effect_v3__x_ray_1__ref_x_ray_0__s42.mp4,8,120,0.3259031235489118,0.31475486186319,0.3607649306026361,1.0330575963876296
dualforce_control|05_effect_v3__dai|771cf14eb3,GEN:dualforce_control:v3:effect:start,x_ray_1,store/gens/013_dualforce_control/05_effect_v3__dai/videos/G-zs-same__dualforce_control_effect_v3__x_ray_1__ref_x_ray_0__s43.mp4,8,120,0.369772601085103,0.4258486885004394,0.4720623771434894,0.9150405565809356
dualforce_control|05_effect_v3__dai|f6f799b261,GEN:dualforce_control:v3:effect:start,train_rush_0,store/gens/013_dualforce_control/05_effect_v3__dai/videos/G-zs-same__dualforce_control_effect_v3__train_rush_0__ref_train_rush_1__s42.mp4,8,120,0.5405982110877494,0.6961963660435052,0.7368960144324046,1.0756764181271183
dualforce_control|05_effect_v3__dai|f9d036d0eb,GEN:dualforce_control:v3:effect:start,train_rush_0,store/gens/013_dualforce_control/05_effect_v3__dai/videos/G-zs-same__dualforce_control_effect_v3__train_rush_0__ref_train_rush_1__s43.mp4,8,120,0.4383177802052731,0.9711900466486616,1.0385165032951398,0.6164223609008078
dualforce_control|05_effect_v3__dai|7f52b380eb,GEN:dualforce_control:v3:effect:start,train_rush_1,store/gens/013_dualforce_control/05_effect_v3__dai/videos/G-zs-same__dualforce_control_effect_v3__train_rush_1__ref_train_rush_0__s42.mp4,8,120,0.8063867016966568,0.7727929183608456,0.855070821011428,1.1132155852062846
dualforce_control|05_effect_v3__dai|a8ab6c8ee9,GEN:dualforce_control:v3:effect:start,saint_glow_3,store/gens/013_dualforce_control/05_effect_v3__dai/videos/G-zs-same__dualforce_control_effect_v3__saint_glow_3__ref_saint_glow_1__s42.mp4,8,120,0.6432004315977169,0.2890880480910256,0.2981700003187,0.6184188166475397
dualforce_control|05_effect_v3__dai|b780e10bce,GEN:dualforce_control:v3:effect:start,saint_glow_3,store/gens/013_dualforce_control/05_effect_v3__dai/videos/G-zs-same__dualforce_control_effect_v3__saint_glow_3__ref_saint_glow_1__s43.mp4,8,120,0.5924603289692483,0.4072352217721506,0.4151360351644209,0.5263399325693662
dualforce_control|05_effect_v3__dai|73c0e7837a,GEN:dualforce_control:v3:effect:start,northern_lights_1,store/gens/013_dualforce_control/05_effect_v3__dai/videos/G-zs-same__dualforce_control_effect_v3__northern_lights_1__ref_northern_lights_0__s42.mp4,8,120,0.2783713747277534,0.3347858383655632,0.3786294621844855,0.7607067263984572
dualforce_control|05_effect_v3__dai|f088a5075f,GEN:dualforce_control:v3:effect:start,northern_lights_1,store/gens/013_dualforce_control/05_effect_v3__dai/videos/G-zs-same__dualforce_control_effect_v3__northern_lights_1__ref_northern_lights_0__s43.mp4,8,120,0.2000183424217192,0.3906973093501303,0.4193131239389984,0.7268269931778865
dualforce_control|05_effect_v3__dai|1055062582,GEN:dualforce_control:v3:effect:start,point_cloud_0,store/gens/013_dualforce_control/05_effect_v3__dai/videos/G-zs-same__dualforce_control_effect_v3__point_cloud_0__ref_point_cloud_1__s42.mp4,8,120,0.5226537315524353,0.4418103495063908,0.4975223484927794,0.4750172443501768
dualforce_control|05_effect_v3__dai|3925bb896e,GEN:dualforce_control:v3:effect:start,point_cloud_0,store/gens/013_dualforce_control/05_effect_v3__dai/videos/G-zs-same__dualforce_control_effect_v3__point_cloud_0__ref_point_cloud_1__s43.mp4,8,120,0.7035253517324087,0.3670305736595077,0.3495096008572459,0.5565060164590838
dualforce_dcg_w6|01_neutral__dai|1b022b9aad,GEN:dualforce_dcg_w6:v2:neutral:start,animalization_3,store/gens/032_dualforce_dcg_w6/01_neutral__dai/videos/G-fit__ic_gen__animalization_3__ref_animalization_1__dfw6__s42.mp4,8,120,0.4305681319145085,0.5829034151248954,0.6745388490231984,0.753975564478157
dualforce_dcg_w6|01_neutral__dai|05b4135134,GEN:dualforce_dcg_w6:v2:neutral:start,color_rain_3,store/gens/032_dualforce_dcg_w6/01_neutral__dai/videos/G-fit__ic_gen__color_rain_3__ref_color_rain_1__dfw6__s42.mp4,8,120,0.4284236796717973,0.5760198673044123,0.6288627227401973,0.5599183725014002
dualforce_dcg_w6|01_neutral__dai|a1a4da9b67,GEN:dualforce_dcg_w6:v2:neutral:start,earth_element_1,store/gens/032_dualforce_dcg_w6/01_neutral__dai/videos/G-fit__ic_gen__earth_element_1__ref_earth_element_0__dfw6__s42.mp4,8,120,0.442167778010057,0.6117554714547149,0.727259746298896,0.7585722546279509
dualforce_dcg_w6|01_neutral__dai|4cb204f8e3,GEN:dualforce_dcg_w6:v2:neutral:start,gas_transformation_1,store/gens/032_dualforce_dcg_w6/01_neutral__dai/videos/G-fit__ic_gen__gas_transformation_1__ref_gas_transformation_0__dfw6__s42.mp4,8,120,0.4824083036106452,0.4033780181509997,0.4104774064499477,0.4554039052325183
dualforce_dcg_w6|01_neutral__dai|bed6623c06,GEN:dualforce_dcg_w6:v2:neutral:start,gas_transformation_6,store/gens/032_dualforce_dcg_w6/01_neutral__dai/videos/G-memo-probe__ic_gen__gas_transformation_6__ref_gas_transformation_0__dfw6__s42.mp4,8,120,0.5090093361719137,0.5558133972551559,0.5490046935182552,0.423258386474564
dualforce_dcg_w6|01_neutral__dai|bda70c63ad,GEN:dualforce_dcg_w6:v2:neutral:both,hero_flight_5,store/gens/032_dualforce_dcg_w6/01_neutral__dai/videos/G-memo-probe__ic_gen__hero_flight_5__ref_hero_flight_0__dfw6__s42.mp4,8,113,0.7117956329359114,0.6938443608652318,0.5993149388835386,0.6756509474534006
dualforce_dcg_w6|01_neutral__dai|3cdabfbc7b,GEN:dualforce_dcg_w6:v2:neutral:start,illustration_scene_4,store/gens/032_dualforce_dcg_w6/01_neutral__dai/videos/G-memo-probe__ic_gen__illustration_scene_4__ref_illustration_scene_0__dfw6__s42.mp4,8,120,0.5055814389421402,0.6780962115337733,0.6419314245733575,0.6634003742428055
dualforce_dcg_w6|01_neutral__dai|6f17a6a859,GEN:dualforce_dcg_w6:v2:neutral:start,money_rain_1,store/gens/032_dualforce_dcg_w6/01_neutral__dai/videos/G-memo-probe__ic_gen__money_rain_1__ref_money_rain_0__dfw6__s42.mp4,8,120,0.4234897825675605,0.5479814150697959,0.6432491842933087,0.7105482115934614
dualforce_dcg_w6|01_neutral__dai|9aac1d0ad1,GEN:dualforce_dcg_w6:v2:neutral:both,hero_flight_1,store/gens/032_dualforce_dcg_w6/01_neutral__dai/videos/G-fit__ic_gen__hero_flight_1__ref_hero_flight_0__dfw6__s42.mp4,8,113,0.7131005840360796,0.7423009458702446,0.8752978663004044,0.7492259044570453
dualforce_dcg_w6|01_neutral__dai|ede0f222fb,GEN:dualforce_dcg_w6:v2:neutral:start,illustration_scene_1,store/gens/032_dualforce_dcg_w6/01_neutral__dai/videos/G-fit__ic_gen__illustration_scene_1__ref_illustration_scene_0__dfw6__s42.mp4,8,120,0.4830641756434992,0.6157695489844937,0.6325709950221882,0.7466579322535357
dualforce_dcg_w6|01_neutral__dai|865435c8d6,GEN:dualforce_dcg_w6:v2:neutral:start,money_rain_2,store/gens/032_dualforce_dcg_w6/01_neutral__dai/videos/G-fit__ic_gen__money_rain_2__ref_money_rain_0__dfw6__s42.mp4,8,120,0.5469913293909332,0.499427418175405,0.5455918045485819,0.8289613328431491
dualforce_dcg_w6|01_neutral__dai|fdd24548fe,GEN:dualforce_dcg_w6:v2:neutral:start,polygon_1,store/gens/032_dualforce_dcg_w6/01_neutral__dai/videos/G-fit__ic_gen__polygon_1__ref_polygon_0__dfw6__s42.mp4,8,120,0.7830385980042123,0.2751245941466806,0.2611853223710774,0.6193321916818694
dualforce_dcg_w6|01_neutral__dai|1212976cd9,GEN:dualforce_dcg_w6:v2:neutral:start,portal_10,store/gens/032_dualforce_dcg_w6/01_neutral__dai/videos/G-fit__ic_gen__portal_10__ref_portal_0__dfw6__s42.mp4,8,120,0.5645451266124235,1.7494413221172205,2.008770660085255,0.603860780898604
dualforce_dcg_w6|01_neutral__dai|a69a2a0719,GEN:dualforce_dcg_w6:v2:neutral:start,shadow_1,store/gens/032_dualforce_dcg_w6/01_neutral__dai/videos/G-fit__ic_gen__shadow_1__ref_shadow_0__dfw6__s42.mp4,8,120,0.6051077626215817,0.2969325477133198,0.2455451475277479,0.641606659210928
dualforce_dcg_w6|01_neutral__dai|004df29cc7,GEN:dualforce_dcg_w6:v2:neutral:both,shadow_smoke_2,store/gens/032_dualforce_dcg_w6/01_neutral__dai/videos/G-fit__ic_gen__shadow_smoke_2__ref_shadow_smoke_1__dfw6__s42.mp4,8,113,0.423294716483199,0.6400166470972386,0.7467822633081347,0.8345040961141659
dualforce_dcg_w6|01_neutral__dai|41c50e53ce,GEN:dualforce_dcg_w6:v2:neutral:start,super_fast_run_10,store/gens/032_dualforce_dcg_w6/01_neutral__dai/videos/G-fit__ic_gen__super_fast_run_10__ref_super_fast_run_1__dfw6__s42.mp4,8,120,0.5814923332434327,0.7113378028419628,0.7743637633658662,0.6211251772756636
dualforce_dcg_w6|01_neutral__dai|25697c7933,GEN:dualforce_dcg_w6:v2:neutral:start,polygon_4,store/gens/032_dualforce_dcg_w6/01_neutral__dai/videos/G-memo-probe__ic_gen__polygon_4__ref_polygon_0__dfw6__s42.mp4,8,120,0.552420935754484,0.5205214392692511,0.5618790846961489,0.5371722084836812
dualforce_dcg_w6|01_neutral__dai|b2de299566,GEN:dualforce_dcg_w6:v2:neutral:start,portal_1,store/gens/032_dualforce_dcg_w6/01_neutral__dai/videos/G-memo-probe__ic_gen__portal_1__ref_portal_0__dfw6__s42.mp4,8,120,0.5174904330834782,0.8629763595599005,0.9813490211457624,0.6998253966320576
dualforce_dcg_w6|01_neutral__dai|e92362630a,GEN:dualforce_dcg_w6:v2:neutral:start,shadow_10,store/gens/032_dualforce_dcg_w6/01_neutral__dai/videos/G-memo-probe__ic_gen__shadow_10__ref_shadow_0__dfw6__s42.mp4,8,120,0.4742336468677821,0.320317108394522,0.3194842687599313,1.156796336112424
dualforce_dcg_w6|01_neutral__dai|0cedbc7a6f,GEN:dualforce_dcg_w6:v2:neutral:both,shadow_smoke_0,store/gens/032_dualforce_dcg_w6/01_neutral__dai/videos/G-memo-probe__ic_gen__shadow_smoke_0__ref_shadow_smoke_1__dfw6__s42.mp4,8,113,0.4173215497725224,0.9652710365821826,1.0900527946225953,0.5579679656092885
dualforce_dcg_w6|01_neutral__dai|2b2b594134,GEN:dualforce_dcg_w6:v2:neutral:start,wireframe_2,store/gens/032_dualforce_dcg_w6/01_neutral__dai/videos/G-fit__ic_gen__wireframe_2__ref_wireframe_1__dfw6__s42.mp4,8,120,0.7982830847246507,0.0320777359727226,0.0232218947034176,1.339881546550731
dualforce_dcg_w6|01_neutral__dai|2b5f47a21c,GEN:dualforce_dcg_w6:v2:neutral:start,animalization_0,store/gens/032_dualforce_dcg_w6/01_neutral__dai/videos/G-memo-probe__ic_gen__animalization_0__ref_animalization_1__dfw6__s42.mp4,8,120,0.4513436416597793,0.7666026527329499,0.7855932342776324,0.6732988207427806
dualforce_dcg_w6|01_neutral__dai|68ec4dbea3,GEN:dualforce_dcg_w6:v2:neutral:start,color_rain_0,store/gens/032_dualforce_dcg_w6/01_neutral__dai/videos/G-memo-probe__ic_gen__color_rain_0__ref_color_rain_1__dfw6__s42.mp4,8,120,0.4111607635199659,0.6680466903782765,0.6290842456189797,0.245412879283899
dualforce_dcg_w6|01_neutral__dai|7af807bae4,GEN:dualforce_dcg_w6:v2:neutral:start,earth_element_4,store/gens/032_dualforce_dcg_w6/01_neutral__dai/videos/G-memo-probe__ic_gen__earth_element_4__ref_earth_element_0__dfw6__s42.mp4,8,120,0.3782506942084089,0.5509219554264572,0.5897337642963626,0.707307888333128
dualforce_dcg_w6|01_neutral__dai|f9f0326f94,GEN:dualforce_dcg_w6:v2:neutral:start,earth_element_6,store/gens/032_dualforce_dcg_w6/01_neutral__dai/videos/G-ref-control__ic_gen__earth_element_6__ref_gas_transformation_6__dfw6__s42.mp4,8,120,0.5154407737117337,0.5970807262521303,0.6647817768128536,0.5688119761933552
dualforce_dcg_w6|01_neutral__dai|01e3aabd82,GEN:dualforce_dcg_w6:v2:neutral:start,gas_transformation_7,store/gens/032_dualforce_dcg_w6/01_neutral__dai/videos/G-ref-control__ic_gen__gas_transformation_7__ref_illustration_scene_4__dfw6__s42.mp4,8,120,0.7200835147711779,0.3879619730781583,0.1756548916145579,0.8505664662784022
dualforce_dcg_w6|01_neutral__dai|2b496e49eb,GEN:dualforce_dcg_w6:v2:neutral:both,hero_flight_6,store/gens/032_dualforce_dcg_w6/01_neutral__dai/videos/G-ref-control__ic_gen__hero_flight_6__ref_shadow_smoke_0__dfw6__s42.mp4,8,113,0.5775821402647174,0.9318210766555788,0.9756423768274836,0.7276287648617283
dualforce_dcg_w6|01_neutral__dai|133a31f04c,GEN:dualforce_dcg_w6:v2:neutral:start,illustration_scene_7,store/gens/032_dualforce_dcg_w6/01_neutral__dai/videos/G-ref-control__ic_gen__illustration_scene_7__ref_polygon_4__dfw6__s42.mp4,8,120,0.4072819410974724,0.5892007541445999,0.7099391771677023,0.8354541472338108
dualforce_dcg_w6|01_neutral__dai|6dd18df355,GEN:dualforce_dcg_w6:v2:neutral:both,shadow_smoke_7,store/gens/032_dualforce_dcg_w6/01_neutral__dai/videos/G-ref-control__ic_gen__shadow_smoke_7__ref_hero_flight_5__dfw6__s42.mp4,8,113,0.7722314637588914,0.7474832256463528,0.7005232697510151,0.922107959302644
dualforce_dcg_w6|01_neutral__dai|3c7f2f572d,GEN:dualforce_dcg_w6:v2:neutral:start,super_fast_run_3,store/gens/032_dualforce_dcg_w6/01_neutral__dai/videos/G-ref-control__ic_gen__super_fast_run_3__ref_color_rain_0__dfw6__s42.mp4,8,120,0.566504819330466,0.5681133479878194,0.585851008974248,0.8702389193303813
dualforce_dcg_w6|01_neutral__dai|0b3086b879,GEN:dualforce_dcg_w6:v2:neutral:start,wireframe_7,store/gens/032_dualforce_dcg_w6/01_neutral__dai/videos/G-ref-control__ic_gen__wireframe_7__ref_earth_element_4__dfw6__s42.mp4,8,120,0.469718073108279,0.6692133535208693,0.7364954387593668,0.803724620586595
dualforce_dcg_w6|01_neutral__dai|503be8a8f9,GEN:dualforce_dcg_w6:v2:neutral:start,color_rain_0,store/gens/032_dualforce_dcg_w6/01_neutral__dai/videos/G-unseen-cross__ic_gen__color_rain_0__ref_animalization_0__dfw6__s42.mp4,8,120,0.4832778045243928,0.7349525892046791,0.7983447693655182,0.5712126980654029
dualforce_dcg_w6|01_neutral__dai|258637cef4,GEN:dualforce_dcg_w6:v2:neutral:start,super_fast_run_0,store/gens/032_dualforce_dcg_w6/01_neutral__dai/videos/G-memo-probe__ic_gen__super_fast_run_0__ref_super_fast_run_1__dfw6__s42.mp4,8,120,0.4693063730705868,0.6230129759644704,0.6472944277925611,0.6384814008656222
dualforce_dcg_w6|01_neutral__dai|9304c8c0a6,GEN:dualforce_dcg_w6:v2:neutral:start,wireframe_0,store/gens/032_dualforce_dcg_w6/01_neutral__dai/videos/G-memo-probe__ic_gen__wireframe_0__ref_wireframe_1__dfw6__s42.mp4,8,120,0.913075516045182,0.1308913761958534,0.1599142036682108,1.4767769675333977
dualforce_dcg_w6|01_neutral__dai|7e21f423f3,GEN:dualforce_dcg_w6:v2:neutral:start,animalization_2,store/gens/032_dualforce_dcg_w6/01_neutral__dai/videos/G-ref-control__ic_gen__animalization_2__ref_color_rain_0__dfw6__s42.mp4,8,120,0.6402306929795241,0.3219497227669056,0.3652415628223655,0.6712169091378822
dualforce_dcg_w6|01_neutral__dai|a2a2950a0a,GEN:dualforce_dcg_w6:v2:neutral:start,color_rain_2,store/gens/032_dualforce_dcg_w6/01_neutral__dai/videos/G-ref-control__ic_gen__color_rain_2__ref_earth_element_4__dfw6__s42.mp4,8,120,0.5337170077414408,0.666131677200233,0.7302948225655503,0.5383048259988668
dualforce_dcg_w6|01_neutral__dai|182d3cf121,GEN:dualforce_dcg_w6:v2:neutral:start,live_concert_0,store/gens/032_dualforce_dcg_w6/01_neutral__dai/videos/G-unseen-cross__ic_gen__live_concert_0__ref_gas_transformation_6__dfw6__s42.mp4,8,120,0.8045390410697866,0.4231505522942771,0.4553622624671506,0.5115923839096994
dualforce_dcg_w6|01_neutral__dai|bb1d425591,GEN:dualforce_dcg_w6:v2:neutral:both,melt_transition_2,store/gens/032_dualforce_dcg_w6/01_neutral__dai/videos/G-unseen-cross__ic_gen__melt_transition_2__ref_shadow_smoke_0__dfw6__s42.mp4,8,113,0.518465510438274,0.7161924847970428,0.8379738894910174,0.7636724065787179
dualforce_dcg_w6|01_neutral__dai|23e0ede3f9,GEN:dualforce_dcg_w6:v2:neutral:start,monstrosity_0,store/gens/032_dualforce_dcg_w6/01_neutral__dai/videos/G-unseen-cross__ic_gen__monstrosity_0__ref_illustration_scene_4__dfw6__s42.mp4,8,120,0.6764336169437193,0.4189770165919039,0.4386655421113333,0.7306657793509435
dualforce_dcg_w6|01_neutral__dai|dc56dd8628,GEN:dualforce_dcg_w6:v2:neutral:start,mystification_0,store/gens/032_dualforce_dcg_w6/01_neutral__dai/videos/G-unseen-cross__ic_gen__mystification_0__ref_illustration_scene_4__dfw6__s42.mp4,8,120,0.7651310107233735,0.520531054331443,0.44640069792691,0.5008290680060291
dualforce_dcg_w6|01_neutral__dai|ef1223a613,GEN:dualforce_dcg_w6:v2:neutral:start,money_rain_3,store/gens/032_dualforce_dcg_w6/01_neutral__dai/videos/G-ref-control__ic_gen__money_rain_3__ref_portal_1__dfw6__s42.mp4,8,120,0.5208991943270602,1.0528176459201746,1.1467915450041448,0.6772350202823857
dualforce_dcg_w6|01_neutral__dai|b2c24d8cd8,GEN:dualforce_dcg_w6:v2:neutral:start,polygon_8,store/gens/032_dualforce_dcg_w6/01_neutral__dai/videos/G-ref-control__ic_gen__polygon_8__ref_shadow_10__dfw6__s42.mp4,8,120,0.4186534317450423,0.4729270888507431,0.5415073901679809,1.3234200579173958
dualforce_dcg_w6|01_neutral__dai|00bee8cc60,GEN:dualforce_dcg_w6:v2:neutral:start,portal_4,store/gens/032_dualforce_dcg_w6/01_neutral__dai/videos/G-ref-control__ic_gen__portal_4__ref_super_fast_run_0__dfw6__s42.mp4,8,120,0.465300178493828,1.0810873779902122,0.9741421709573028,0.862776132121806
dualforce_dcg_w6|01_neutral__dai|264c1fd188,GEN:dualforce_dcg_w6:v2:neutral:start,shadow_3,store/gens/032_dualforce_dcg_w6/01_neutral__dai/videos/G-ref-control__ic_gen__shadow_3__ref_wireframe_0__dfw6__s42.mp4,8,120,0.5743922910308064,0.8239511437984608,0.9165274048945052,0.9200438715112064
dualforce_dcg_w6|01_neutral__dai|e58bfcdaae,GEN:dualforce_dcg_w6:v2:neutral:start,saint_glow_3,store/gens/032_dualforce_dcg_w6/01_neutral__dai/videos/G-unseen-cross__ic_gen__saint_glow_3__ref_polygon_4__dfw6__s42.mp4,8,120,0.4213416459261618,0.4711055167817414,0.5210349797499699,0.8762597631562136
dualforce_dcg_w6|01_neutral__dai|1035e36577,GEN:dualforce_dcg_w6:v2:neutral:start,shadow_3,store/gens/032_dualforce_dcg_w6/01_neutral__dai/videos/G-unseen-cross__ic_gen__shadow_3__ref_portal_1__dfw6__s42.mp4,8,120,0.4727141927678389,0.8712267829109255,0.9771284156833212,0.9674449101808276
dualforce_dcg_w6|01_neutral__dai|ea2f650b8d,GEN:dualforce_dcg_w6:v2:neutral:start,super_fast_run_0,store/gens/032_dualforce_dcg_w6/01_neutral__dai/videos/G-unseen-cross__ic_gen__super_fast_run_0__ref_portal_1__dfw6__s42.mp4,8,120,0.5430846297785188,1.5676616871532374,1.741663885332588,0.4579449714379691
dualforce_dcg_w6|01_neutral__dai|fb1973f5ee,GEN:dualforce_dcg_w6:v2:neutral:start,water_element_4,store/gens/032_dualforce_dcg_w6/01_neutral__dai/videos/G-unseen-cross__ic_gen__water_element_4__ref_shadow_10__dfw6__s42.mp4,8,120,0.320457822407848,0.3875017414013404,0.4261100139370182,0.576905560861248
dualforce_dcg_w6|01_neutral__dai|de31f0c1f5,GEN:dualforce_dcg_w6:v2:neutral:start,color_rain_2,store/gens/032_dualforce_dcg_w6/01_neutral__dai/videos/G-unseen-cross__ic_gen__color_rain_2__ref_animalization_0__dfw6__s42.mp4,8,120,0.4290549097020675,0.8234463190942239,0.8469021474859744,0.5676134756810922
dualforce_dcg_w6|01_neutral__dai|f221442896,GEN:dualforce_dcg_w6:v2:neutral:start,color_rain_2,store/gens/032_dualforce_dcg_w6/01_neutral__dai/videos/G-unseen-cross__ic_gen__color_rain_2__ref_super_fast_run_0__dfw6__s42.mp4,8,120,0.4966350540523283,0.5569386874461854,0.569840022259386,0.6772985497047761
dualforce_dcg_w6|01_neutral__dai|d42fd53cc0,GEN:dualforce_dcg_w6:v2:neutral:start,cotton_cloud_0,store/gens/032_dualforce_dcg_w6/01_neutral__dai/videos/G-unseen-cross__ic_gen__cotton_cloud_0__ref_super_fast_run_0__dfw6__s42.mp4,8,120,0.497526733752083,0.7352758011856604,0.7648086794381729,0.9785865604758408
dualforce_dcg_w6|01_neutral__dai|ac0580a244,GEN:dualforce_dcg_w6:v2:neutral:both,display_transition_1,store/gens/032_dualforce_dcg_w6/01_neutral__dai/videos/G-unseen-cross__ic_gen__display_transition_1__ref_hero_flight_5__dfw6__s42.mp4,8,113,0.7294619799775441,1.791233562107253,2.4164239503673834,0.9085101282664236
dualforce_dcg_w6|01_neutral__dai|68f4a71fed,GEN:dualforce_dcg_w6:v2:neutral:start,earth_element_4,store/gens/032_dualforce_dcg_w6/01_neutral__dai/videos/G-unseen-cross__ic_gen__earth_element_4__ref_color_rain_0__dfw6__s42.mp4,8,120,0.3782473224852989,0.4456683438826647,0.4957279353519809,0.4910224665383345
dualforce_dcg_w6|01_neutral__dai|5005633aaf,GEN:dualforce_dcg_w6:v2:neutral:start,earth_element_6,store/gens/032_dualforce_dcg_w6/01_neutral__dai/videos/G-unseen-cross__ic_gen__earth_element_6__ref_color_rain_0__dfw6__s42.mp4,8,120,0.4812700204668887,0.6287809877581206,0.6614652254159709,0.7003685308963492
dualforce_dcg_w6|01_neutral__dai|9d327d3b8f,GEN:dualforce_dcg_w6:v2:neutral:start,earth_element_6,store/gens/032_dualforce_dcg_w6/01_neutral__dai/videos/G-unseen-cross__ic_gen__earth_element_6__ref_wireframe_0__dfw6__s42.mp4,8,120,0.6044522305101174,1.019211040390079,1.1156920767188954,0.6626550734182122
dualforce_dcg_w6|01_neutral__dai|8b63adafd0,GEN:dualforce_dcg_w6:v2:neutral:both,earth_wave_3,store/gens/032_dualforce_dcg_w6/01_neutral__dai/videos/G-unseen-cross__ic_gen__earth_wave_3__ref_hero_flight_5__dfw6__s42.mp4,8,113,0.6494285130077135,0.8527496718463408,0.8277687783794994,0.7804980065423018
dualforce_dcg_w6|01_neutral__dai|9ad8a68c04,GEN:dualforce_dcg_w6:v2:neutral:start,polygon_4,store/gens/032_dualforce_dcg_w6/01_neutral__dai/videos/G-unseen-cross__ic_gen__polygon_4__ref_money_rain_1__dfw6__s42.mp4,8,120,0.5220124864294455,0.6326522969858691,0.6896246141748382,0.5397187494932628
dualforce_dcg_w6|01_neutral__dai|902d9e748a,GEN:dualforce_dcg_w6:v2:neutral:start,polygon_8,store/gens/032_dualforce_dcg_w6/01_neutral__dai/videos/G-unseen-cross__ic_gen__polygon_8__ref_money_rain_1__dfw6__s42.mp4,8,120,0.5739551847341366,0.7710273532315238,0.7872833969927463,0.4476514497616636
dualforce_dcg_w6|01_neutral__dai|58ac1e6de0,GEN:dualforce_dcg_w6:v2:neutral:start,portal_4,store/gens/032_dualforce_dcg_w6/01_neutral__dai/videos/G-unseen-cross__ic_gen__portal_4__ref_polygon_4__dfw6__s42.mp4,8,120,0.5476653686237896,0.5340725433598108,0.5736527685607052,0.8725337902193726
dualforce_dcg_w6|01_neutral__dai|73e171b3eb,GEN:dualforce_dcg_w6:v2:neutral:both,raven_transition_2,store/gens/032_dualforce_dcg_w6/01_neutral__dai/videos/G-unseen-cross__ic_gen__raven_transition_2__ref_shadow_smoke_0__dfw6__s42.mp4,8,113,0.4528796416029317,0.6093169632272667,0.630612133493542,1.0180129621141334
dualforce_dcg_w6|01_neutral__dai|42bb9cab84,GEN:dualforce_dcg_w6:v2:neutral:start,fire_element_2,store/gens/032_dualforce_dcg_w6/01_neutral__dai/videos/G-unseen-cross__ic_gen__fire_element_2__ref_wireframe_0__dfw6__s42.mp4,8,120,0.5932803342661199,0.7336301199592751,0.7719502692547858,0.5969495165922027
dualforce_dcg_w6|01_neutral__dai|ef78d4b74e,GEN:dualforce_dcg_w6:v2:neutral:start,gas_transformation_6,store/gens/032_dualforce_dcg_w6/01_neutral__dai/videos/G-unseen-cross__ic_gen__gas_transformation_6__ref_earth_element_4__dfw6__s42.mp4,8,120,0.4835653762317744,0.6846231575331012,0.7288585337778244,0.6665837098477363
dualforce_dcg_w6|01_neutral__dai|eef067faa8,GEN:dualforce_dcg_w6:v2:neutral:start,gas_transformation_7,store/gens/032_dualforce_dcg_w6/01_neutral__dai/videos/G-unseen-cross__ic_gen__gas_transformation_7__ref_earth_element_4__dfw6__s42.mp4,8,120,0.3823686924249747,0.5309920520074976,0.5991822638242456,1.075500040508696
dualforce_dcg_w6|01_neutral__dai|2fc5245cf3,GEN:dualforce_dcg_w6:v2:neutral:start,illustration_scene_7,store/gens/032_dualforce_dcg_w6/01_neutral__dai/videos/G-unseen-cross__ic_gen__illustration_scene_7__ref_gas_transformation_6__dfw6__s42.mp4,8,120,0.3811428354707815,0.5011539285640899,0.5652079569399137,0.652002364003694
dualforce_dcg_w6|01_neutral__dai|4038be8667,GEN:dualforce_dcg_w6:v2:neutral:start,wireframe_0,store/gens/032_dualforce_dcg_w6/01_neutral__dai/videos/G-unseen-cross__ic_gen__wireframe_0__ref_shadow_10__dfw6__s42.mp4,8,120,0.3761586394256988,0.4023997526259548,0.4340622525729758,1.0092566366266944
dualforce_dcg_w6|01_neutral__dai|5ae6e502a3,GEN:dualforce_dcg_w6:v2:neutral:start,shadow_3,store/gens/032_dualforce_dcg_w6/01_neutral__dai/videos/G-unseen-same__ic_gen__shadow_3__ref_shadow_10__dfw6__s42.mp4,8,120,0.4088168300706383,0.4265869528050119,0.4234090843483341,1.0051342734895232
dualforce_dcg_w6|01_neutral__dai|5aae8d87f5,GEN:dualforce_dcg_w6:v2:neutral:both,shadow_smoke_7,store/gens/032_dualforce_dcg_w6/01_neutral__dai/videos/G-unseen-same__ic_gen__shadow_smoke_7__ref_shadow_smoke_0__dfw6__s42.mp4,8,113,0.4756519712881313,0.748746933144873,0.8099217761785853,0.9206295075806574
dualforce_dcg_w6|01_neutral__dai|c2e7b23f10,GEN:dualforce_dcg_w6:v2:neutral:start,super_fast_run_3,store/gens/032_dualforce_dcg_w6/01_neutral__dai/videos/G-unseen-same__ic_gen__super_fast_run_3__ref_super_fast_run_0__dfw6__s42.mp4,8,120,0.4370487408860657,0.7279571548158392,0.7533410831806004,1.0181176876166484
dualforce_dcg_w6|01_neutral__dai|dcc837b14f,GEN:dualforce_dcg_w6:v2:neutral:start,wireframe_7,store/gens/032_dualforce_dcg_w6/01_neutral__dai/videos/G-unseen-same__ic_gen__wireframe_7__ref_wireframe_0__dfw6__s42.mp4,8,120,0.6738103534153155,0.5373545866182892,0.5886495245386792,1.0553524305724549
dualforce_dcg_w6|01_neutral__dai|f75681801f,GEN:dualforce_dcg_w6:v2:neutral:start,illustration_scene_7,store/gens/032_dualforce_dcg_w6/01_neutral__dai/videos/G-unseen-same__ic_gen__illustration_scene_7__ref_illustration_scene_4__dfw6__s42.mp4,8,120,0.589928382232829,0.4712413111571035,0.5168158097647187,0.7979749200300242
dualforce_dcg_w6|01_neutral__dai|81cf5a2c80,GEN:dualforce_dcg_w6:v2:neutral:start,money_rain_3,store/gens/032_dualforce_dcg_w6/01_neutral__dai/videos/G-unseen-same__ic_gen__money_rain_3__ref_money_rain_1__dfw6__s42.mp4,8,120,0.5810079420596175,0.7113142260651321,0.7811642347052925,0.6055333010570225
dualforce_dcg_w6|01_neutral__dai|756bc253ad,GEN:dualforce_dcg_w6:v2:neutral:start,polygon_8,store/gens/032_dualforce_dcg_w6/01_neutral__dai/videos/G-unseen-same__ic_gen__polygon_8__ref_polygon_4__dfw6__s42.mp4,8,120,0.4535414796862038,0.5833736703841147,0.5952647187364112,0.5166404931556168
dualforce_dcg_w6|01_neutral__dai|aa53b77658,GEN:dualforce_dcg_w6:v2:neutral:start,portal_4,store/gens/032_dualforce_dcg_w6/01_neutral__dai/videos/G-unseen-same__ic_gen__portal_4__ref_portal_1__dfw6__s42.mp4,8,120,0.6005938770807793,1.522195820829238,1.5672732567621876,0.999845381230004
dualforce_dcg_w6|01_neutral__dai|6634907736,GEN:dualforce_dcg_w6:v2:neutral:start,animalization_2,store/gens/032_dualforce_dcg_w6/01_neutral__dai/videos/G-unseen-same__ic_gen__animalization_2__ref_animalization_0__dfw6__s42.mp4,8,120,0.4682252510626388,0.8249240111876944,0.8788530867022811,0.3588912530130841
dualforce_dcg_w6|01_neutral__dai|970515bba8,GEN:dualforce_dcg_w6:v2:neutral:both,air_bending_1,store/gens/032_dualforce_dcg_w6/01_neutral__dai/videos/G-zs-cross__ic_gen__air_bending_1__ref_raven_transition_0__dfw6__s42.mp4,8,113,0.5085570764732898,0.8471440132781727,0.7316308678033927,1.0893314421771727
dualforce_dcg_w6|01_neutral__dai|7771521d5b,GEN:dualforce_dcg_w6:v2:neutral:start,animalization_0,store/gens/032_dualforce_dcg_w6/01_neutral__dai/videos/G-zs-cross__ic_gen__animalization_0__ref_cotton_cloud_1__dfw6__s42.mp4,8,120,0.4293015575759573,0.4461803166329983,0.4348393146811665,0.8561275546412479
dualforce_dcg_w6|01_neutral__dai|6eec58dbd3,GEN:dualforce_dcg_w6:v2:neutral:start,animalization_2,store/gens/032_dualforce_dcg_w6/01_neutral__dai/videos/G-zs-cross__ic_gen__animalization_2__ref_cotton_cloud_1__dfw6__s42.mp4,8,120,0.4648083293335039,0.5181308132987883,0.5982109764900135,0.6455108422733845
dualforce_dcg_w6|01_neutral__dai|df562b9098,GEN:dualforce_dcg_w6:v2:neutral:start,animalization_2,store/gens/032_dualforce_dcg_w6/01_neutral__dai/videos/G-zs-cross__ic_gen__animalization_2__ref_saint_glow_0__dfw6__s42.mp4,8,120,0.4760975645370784,0.6026560601873195,0.6276757936535469,0.3424621991153913
dualforce_dcg_w6|01_neutral__dai|7dac9f634d,GEN:dualforce_dcg_w6:v2:neutral:start,color_rain_2,store/gens/032_dualforce_dcg_w6/01_neutral__dai/videos/G-unseen-same__ic_gen__color_rain_2__ref_color_rain_0__dfw6__s42.mp4,8,120,0.5732689698592288,0.3754321107822613,0.4381282507594717,0.6898714878258088
dualforce_dcg_w6|01_neutral__dai|46debb4a16,GEN:dualforce_dcg_w6:v2:neutral:start,earth_element_6,store/gens/032_dualforce_dcg_w6/01_neutral__dai/videos/G-unseen-same__ic_gen__earth_element_6__ref_earth_element_4__dfw6__s42.mp4,8,120,0.4715291198233771,0.7604547031993248,0.8004828518797301,0.659312747304043
dualforce_dcg_w6|01_neutral__dai|6ff25b1dfc,GEN:dualforce_dcg_w6:v2:neutral:start,gas_transformation_7,store/gens/032_dualforce_dcg_w6/01_neutral__dai/videos/G-unseen-same__ic_gen__gas_transformation_7__ref_gas_transformation_6__dfw6__s42.mp4,8,120,0.4596184666395599,0.5180035187932358,0.523981103997901,0.7587735247614336
dualforce_dcg_w6|01_neutral__dai|8da8da30ae,GEN:dualforce_dcg_w6:v2:neutral:both,hero_flight_6,store/gens/032_dualforce_dcg_w6/01_neutral__dai/videos/G-unseen-same__ic_gen__hero_flight_6__ref_hero_flight_5__dfw6__s42.mp4,8,113,0.5862901261791598,0.8200908634181437,0.6762982522998178,0.7227765110228832
dualforce_dcg_w6|01_neutral__dai|163eddb4a8,GEN:dualforce_dcg_w6:v2:neutral:start,color_rain_0,store/gens/032_dualforce_dcg_w6/01_neutral__dai/videos/G-zs-cross__ic_gen__color_rain_0__ref_saint_glow_0__dfw6__s42.mp4,8,120,0.5222217008375925,0.4975275250670601,0.5417151367480542,0.3828793145981357
dualforce_dcg_w6|01_neutral__dai|ea570e0a49,GEN:dualforce_dcg_w6:v2:neutral:both,earth_wave_3,store/gens/032_dualforce_dcg_w6/01_neutral__dai/videos/G-zs-cross__ic_gen__earth_wave_3__ref_flying_cam_transition_1__dfw6__s42.mp4,8,113,0.5400740762158343,0.8273493698868182,0.8185515172591966,0.776259214923825
dualforce_dcg_w6|01_neutral__dai|0296c6e9f6,GEN:dualforce_dcg_w6:v2:neutral:both,earth_wave_3,store/gens/032_dualforce_dcg_w6/01_neutral__dai/videos/G-zs-cross__ic_gen__earth_wave_3__ref_raven_transition_0__dfw6__s42.mp4,8,113,0.4981469025015095,1.0759535255382895,1.0724124523180474,0.7715750159437239
dualforce_dcg_w6|01_neutral__dai|6f8f0cbe20,GEN:dualforce_dcg_w6:v2:neutral:both,giant_grab_3,store/gens/032_dualforce_dcg_w6/01_neutral__dai/videos/G-zs-cross__ic_gen__giant_grab_3__ref_flying_cam_transition_1__dfw6__s42.mp4,8,113,0.5024027961907094,1.3816109692057752,1.142052520840469,0.339867488549594
dualforce_dcg_w6|01_neutral__dai|85974e97b2,GEN:dualforce_dcg_w6:v2:neutral:both,giant_grab_3,store/gens/032_dualforce_dcg_w6/01_neutral__dai/videos/G-zs-cross__ic_gen__giant_grab_3__ref_melt_transition_1__dfw6__s42.mp4,8,113,0.5961662691091822,1.2376095132335323,1.2545691649148374,0.3381563415849661
dualforce_dcg_w6|01_neutral__dai|a5198a90f7,GEN:dualforce_dcg_w6:v2:neutral:both,hero_flight_5,store/gens/032_dualforce_dcg_w6/01_neutral__dai/videos/G-zs-cross__ic_gen__hero_flight_5__ref_display_transition_1__dfw6__s42.mp4,8,113,0.4605411202743565,0.8137772804774813,0.8794822636265547,0.6906545709278387
dualforce_dcg_w6|01_neutral__dai|2555a8f7b6,GEN:dualforce_dcg_w6:v2:neutral:both,hero_flight_5,store/gens/032_dualforce_dcg_w6/01_neutral__dai/videos/G-zs-cross__ic_gen__hero_flight_5__ref_melt_transition_1__dfw6__s42.mp4,8,113,0.5692983024029583,0.6563429736848415,0.5417731464260289,0.6799172099235257
dualforce_dcg_w6|01_neutral__dai|e5d19df07c,GEN:dualforce_dcg_w6:v2:neutral:both,hero_flight_6,store/gens/032_dualforce_dcg_w6/01_neutral__dai/videos/G-zs-cross__ic_gen__hero_flight_6__ref_display_transition_1__dfw6__s42.mp4,8,113,0.421630659801756,0.7815615440932911,0.8576376454089698,0.7246719587758899
dualforce_dcg_w6|01_neutral__dai|28022310b1,GEN:dualforce_dcg_w6:v2:neutral:start,money_rain_3,store/gens/032_dualforce_dcg_w6/01_neutral__dai/videos/G-zs-cross__ic_gen__money_rain_3__ref_live_concert_1__dfw6__s42.mp4,8,120,0.6075662106461659,0.552493759053669,0.5051277742308778,0.8354386647221593
dualforce_dcg_w6|01_neutral__dai|bc22832d6d,GEN:dualforce_dcg_w6:v2:neutral:start,mystification_0,store/gens/032_dualforce_dcg_w6/01_neutral__dai/videos/G-zs-cross__ic_gen__mystification_0__ref_live_concert_1__dfw6__s42.mp4,8,120,0.5586446483315,0.6044279350166382,0.6671629690822886,0.974000141777958
dualforce_dcg_w6|01_neutral__dai|07df4e2d30,GEN:dualforce_dcg_w6:v2:neutral:start,polygon_4,store/gens/032_dualforce_dcg_w6/01_neutral__dai/videos/G-zs-cross__ic_gen__polygon_4__ref_luminous_gaze_0__dfw6__s42.mp4,8,120,0.4719884682606281,0.4662535958858682,0.4617688515965851,0.8525119259008015
dualforce_dcg_w6|01_neutral__dai|81756aae7b,GEN:dualforce_dcg_w6:v2:neutral:start,polygon_8,store/gens/032_dualforce_dcg_w6/01_neutral__dai/videos/G-zs-cross__ic_gen__polygon_8__ref_luminous_gaze_0__dfw6__s42.mp4,8,120,0.5108311639112655,0.3890581902539898,0.3934483402941085,1.130882857548452
dualforce_dcg_w6|01_neutral__dai|bb60237faa,GEN:dualforce_dcg_w6:v2:neutral:both,shadow_smoke_7,store/gens/032_dualforce_dcg_w6/01_neutral__dai/videos/G-zs-cross__ic_gen__shadow_smoke_7__ref_firelava_0__dfw6__s42.mp4,8,113,0.3886008243377483,0.9469574341014408,1.1469005314605725,0.9209977864768096
dualforce_dcg_w6|01_neutral__dai|e43b9be464,GEN:dualforce_dcg_w6:v2:neutral:start,super_fast_run_0,store/gens/032_dualforce_dcg_w6/01_neutral__dai/videos/G-zs-cross__ic_gen__super_fast_run_0__ref_monstrosity_0__dfw6__s42.mp4,8,120,0.4210536008423629,0.5841756498164664,0.6097092678671723,0.6233840121807417
dualforce_dcg_w6|01_neutral__dai|4bd7c82ba9,GEN:dualforce_dcg_w6:v2:neutral:start,super_fast_run_3,store/gens/032_dualforce_dcg_w6/01_neutral__dai/videos/G-zs-cross__ic_gen__super_fast_run_3__ref_monstrosity_0__dfw6__s42.mp4,8,120,0.4349415551234454,0.3608855006158861,0.376423838740068,0.9501706228554068
dualforce_dcg_w6|01_neutral__dai|41106dd8af,GEN:dualforce_dcg_w6:v2:neutral:both,water_bending_3,store/gens/032_dualforce_dcg_w6/01_neutral__dai/videos/G-zs-cross__ic_gen__water_bending_3__ref_firelava_0__dfw6__s42.mp4,8,113,0.4327689811600379,0.9410817498594783,1.080839472762825,0.7002205708262997
dualforce_dcg_w6|02_effect__dai|0a0d4ab6e9,GEN:dualforce_dcg_w6:v2:effect:start,portal_10,store/gens/032_dualforce_dcg_w6/02_effect__dai/videos/G-fit__ic_gen__portal_10__ref_portal_0__dfw6_e__s42.mp4,8,120,0.5745706210191706,1.7563671602215802,2.020221371174004,0.6009307268883352
dualforce_dcg_w6|02_effect__dai|b6af25a55c,GEN:dualforce_dcg_w6:v2:effect:start,shadow_1,store/gens/032_dualforce_dcg_w6/02_effect__dai/videos/G-fit__ic_gen__shadow_1__ref_shadow_0__dfw6_e__s42.mp4,8,120,0.5189435143799772,0.4420295889593587,0.4624233264184381,0.5988035810648978
dualforce_dcg_w6|02_effect__dai|fd1fb22970,GEN:dualforce_dcg_w6:v2:effect:both,shadow_smoke_2,store/gens/032_dualforce_dcg_w6/02_effect__dai/videos/G-fit__ic_gen__shadow_smoke_2__ref_shadow_smoke_1__dfw6_e__s42.mp4,8,113,0.6613215585319125,0.5960015741059184,0.6361229985587394,0.8303474689725426
dualforce_dcg_w6|02_effect__dai|c7daa74509,GEN:dualforce_dcg_w6:v2:effect:start,super_fast_run_10,store/gens/032_dualforce_dcg_w6/02_effect__dai/videos/G-fit__ic_gen__super_fast_run_10__ref_super_fast_run_1__dfw6_e__s42.mp4,8,120,0.6075736727159671,0.7608648760997874,0.8345165565949946,0.8046804208771321
dualforce_dcg_w6|01_neutral__dai|8d8edd091e,GEN:dualforce_dcg_w6:v2:neutral:start,luminous_gaze_3,store/gens/032_dualforce_dcg_w6/01_neutral__dai/videos/G-zs-same__ic_gen__luminous_gaze_3__ref_luminous_gaze_0__dfw6__s42.mp4,8,120,0.4886041823624567,0.4196273914000762,0.5046249900969444,0.7193591899102788
dualforce_dcg_w6|01_neutral__dai|3d2724bc9d,GEN:dualforce_dcg_w6:v2:neutral:both,melt_transition_2,store/gens/032_dualforce_dcg_w6/01_neutral__dai/videos/G-zs-same__ic_gen__melt_transition_2__ref_melt_transition_1__dfw6__s42.mp4,8,113,0.5829015378159501,0.6383737744449458,0.6265106753240931,0.7663680513189166
dualforce_dcg_w6|01_neutral__dai|415c3689b1,GEN:dualforce_dcg_w6:v2:neutral:both,raven_transition_2,store/gens/032_dualforce_dcg_w6/01_neutral__dai/videos/G-zs-same__ic_gen__raven_transition_2__ref_raven_transition_0__dfw6__s42.mp4,8,113,0.5158391290999134,0.7249760587224964,0.8314397959261616,1.017623506658095
dualforce_dcg_w6|01_neutral__dai|d9e922fdd0,GEN:dualforce_dcg_w6:v2:neutral:start,saint_glow_3,store/gens/032_dualforce_dcg_w6/01_neutral__dai/videos/G-zs-same__ic_gen__saint_glow_3__ref_saint_glow_0__dfw6__s42.mp4,8,120,0.5221774685907179,0.6451434212683897,0.6817262619074748,0.4474647456490433
dualforce_dcg_w6|02_effect__dai|5c42b0bd18,GEN:dualforce_dcg_w6:v2:effect:both,hero_flight_1,store/gens/032_dualforce_dcg_w6/02_effect__dai/videos/G-fit__ic_gen__hero_flight_1__ref_hero_flight_0__dfw6_e__s42.mp4,8,113,0.6694166128297963,0.7308656280249951,0.8350530758713273,0.7440909542160841
dualforce_dcg_w6|02_effect__dai|e3138b2899,GEN:dualforce_dcg_w6:v2:effect:start,illustration_scene_1,store/gens/032_dualforce_dcg_w6/02_effect__dai/videos/G-fit__ic_gen__illustration_scene_1__ref_illustration_scene_0__dfw6_e__s42.mp4,8,120,0.6796934069125073,0.4892622119110304,0.4927173175224003,0.9792251054698508
dualforce_dcg_w6|02_effect__dai|ab0bbddc3e,GEN:dualforce_dcg_w6:v2:effect:start,money_rain_2,store/gens/032_dualforce_dcg_w6/02_effect__dai/videos/G-fit__ic_gen__money_rain_2__ref_money_rain_0__dfw6_e__s42.mp4,8,120,0.5356789034616425,0.5141586807035953,0.5694267152668285,0.7755936328094972
dualforce_dcg_w6|02_effect__dai|9831df3621,GEN:dualforce_dcg_w6:v2:effect:start,polygon_1,store/gens/032_dualforce_dcg_w6/02_effect__dai/videos/G-fit__ic_gen__polygon_1__ref_polygon_0__dfw6_e__s42.mp4,8,120,0.6546970218011299,0.29698098762242,0.2838331988962461,0.5866504472010532
dualforce_dcg_w6|02_effect__dai|f8eb1d2bf1,GEN:dualforce_dcg_w6:v2:effect:start,animalization_3,store/gens/032_dualforce_dcg_w6/02_effect__dai/videos/G-fit__ic_gen__animalization_3__ref_animalization_1__dfw6_e__s42.mp4,8,120,0.3874208698746775,0.5260607239995815,0.6056859203478528,0.7752671365075684
dualforce_dcg_w6|02_effect__dai|d46b7dcdbf,GEN:dualforce_dcg_w6:v2:effect:start,color_rain_3,store/gens/032_dualforce_dcg_w6/02_effect__dai/videos/G-fit__ic_gen__color_rain_3__ref_color_rain_1__dfw6_e__s42.mp4,8,120,0.4028130334950444,0.599688480874451,0.6293661987405641,0.5680302906451893
dualforce_dcg_w6|02_effect__dai|3aa7f4831a,GEN:dualforce_dcg_w6:v2:effect:start,earth_element_1,store/gens/032_dualforce_dcg_w6/02_effect__dai/videos/G-fit__ic_gen__earth_element_1__ref_earth_element_0__dfw6_e__s42.mp4,8,120,0.5575697663984898,0.5967429211047314,0.6218497507574695,0.7441892833973087
dualforce_dcg_w6|02_effect__dai|54a688c19c,GEN:dualforce_dcg_w6:v2:effect:start,gas_transformation_1,store/gens/032_dualforce_dcg_w6/02_effect__dai/videos/G-fit__ic_gen__gas_transformation_1__ref_gas_transformation_0__dfw6_e__s42.mp4,8,120,0.5428941594562529,0.474508230886602,0.5485275545459742,0.3772285250371314
dualforce_dcg_w6|01_neutral__dai|9bd423d52d,GEN:dualforce_dcg_w6:v2:neutral:start,cotton_cloud_0,store/gens/032_dualforce_dcg_w6/01_neutral__dai/videos/G-zs-same__ic_gen__cotton_cloud_0__ref_cotton_cloud_1__dfw6__s42.mp4,8,120,0.4677549853275542,0.2943998889673242,0.3047933895234165,0.9397248773077908
dualforce_dcg_w6|01_neutral__dai|ff2e8a510c,GEN:dualforce_dcg_w6:v2:neutral:both,firelava_4,store/gens/032_dualforce_dcg_w6/01_neutral__dai/videos/G-zs-same__ic_gen__firelava_4__ref_firelava_0__dfw6__s42.mp4,8,113,0.5205493338434155,0.7223919671103348,0.815954074402989,0.9544609698469942
dualforce_dcg_w6|01_neutral__dai|828e8a402e,GEN:dualforce_dcg_w6:v2:neutral:both,flying_cam_transition_4,store/gens/032_dualforce_dcg_w6/01_neutral__dai/videos/G-zs-same__ic_gen__flying_cam_transition_4__ref_flying_cam_transition_1__dfw6__s42.mp4,8,113,0.5372866940818106,0.9919120552586288,1.1620962115446127,1.1309496864022466
dualforce_dcg_w6|01_neutral__dai|cc1904b654,GEN:dualforce_dcg_w6:v2:neutral:start,live_concert_0,store/gens/032_dualforce_dcg_w6/01_neutral__dai/videos/G-zs-same__ic_gen__live_concert_0__ref_live_concert_1__dfw6__s42.mp4,8,120,0.5657164718106009,0.8426977481037133,0.8021868657286855,0.942478726482755
dualforce_dcg_w6|02_effect__dai|ab21c57387,GEN:dualforce_dcg_w6:v2:effect:start,wireframe_2,store/gens/032_dualforce_dcg_w6/02_effect__dai/videos/G-fit__ic_gen__wireframe_2__ref_wireframe_1__dfw6_e__s42.mp4,8,120,0.8817457081758382,0.0385905703235947,0.0381563188717916,1.356491017150837
dualforce_dcg_w6|02_effect__dai|5d2b43ba18,GEN:dualforce_dcg_w6:v2:effect:start,animalization_0,store/gens/032_dualforce_dcg_w6/02_effect__dai/videos/G-memo-probe__ic_gen__animalization_0__ref_animalization_1__dfw6_e__s42.mp4,8,120,0.4502751266503513,0.7609269331676078,0.7751574460278794,0.6974168997679681
dualforce_dcg_w6|02_effect__dai|d6db3e8874,GEN:dualforce_dcg_w6:v2:effect:start,color_rain_0,store/gens/032_dualforce_dcg_w6/02_effect__dai/videos/G-memo-probe__ic_gen__color_rain_0__ref_color_rain_1__dfw6_e__s42.mp4,8,120,0.3898473866795122,0.6809071621423521,0.6442536455535999,0.2074737213764037
dualforce_dcg_w6|02_effect__dai|05dcd55f92,GEN:dualforce_dcg_w6:v2:effect:start,earth_element_4,store/gens/032_dualforce_dcg_w6/02_effect__dai/videos/G-memo-probe__ic_gen__earth_element_4__ref_earth_element_0__dfw6_e__s42.mp4,8,120,0.5246282089353222,0.62509136203334,0.7177406320386073,0.7289034123490798
dualforce_dcg_w6|02_effect__dai|03b9d4fa71,GEN:dualforce_dcg_w6:v2:effect:start,gas_transformation_6,store/gens/032_dualforce_dcg_w6/02_effect__dai/videos/G-memo-probe__ic_gen__gas_transformation_6__ref_gas_transformation_0__dfw6_e__s42.mp4,8,120,0.4589243951909827,0.5323632272352837,0.5451916060289151,0.4517181530430283
dualforce_dcg_w6|02_effect__dai|4d8c39ceb5,GEN:dualforce_dcg_w6:v2:effect:both,hero_flight_5,store/gens/032_dualforce_dcg_w6/02_effect__dai/videos/G-memo-probe__ic_gen__hero_flight_5__ref_hero_flight_0__dfw6_e__s42.mp4,8,113,0.7147997065353331,0.6831645685837875,0.6121977750086094,0.675134428273006
dualforce_dcg_w6|02_effect__dai|2db81be3ff,GEN:dualforce_dcg_w6:v2:effect:start,illustration_scene_4,store/gens/032_dualforce_dcg_w6/02_effect__dai/videos/G-memo-probe__ic_gen__illustration_scene_4__ref_illustration_scene_0__dfw6_e__s42.mp4,8,120,0.5568704072908235,0.6612667940806762,0.6143917527841501,0.7309493508963089
dualforce_dcg_w6|02_effect__dai|fe6b6de29a,GEN:dualforce_dcg_w6:v2:effect:start,money_rain_1,store/gens/032_dualforce_dcg_w6/02_effect__dai/videos/G-memo-probe__ic_gen__money_rain_1__ref_money_rain_0__dfw6_e__s42.mp4,8,120,0.5626084886418374,0.657738025363141,0.8136505931109781,0.6266221511574489
dualforce_dcg_w6|02_effect__dai|4501aa20b0,GEN:dualforce_dcg_w6:v2:effect:start,earth_element_6,store/gens/032_dualforce_dcg_w6/02_effect__dai/videos/G-ref-control__ic_gen__earth_element_6__ref_gas_transformation_6__dfw6_e__s42.mp4,8,120,0.5581301916773764,0.5645209607737106,0.6563768352765299,0.50577113275052
dualforce_dcg_w6|02_effect__dai|0873704324,GEN:dualforce_dcg_w6:v2:effect:start,gas_transformation_7,store/gens/032_dualforce_dcg_w6/02_effect__dai/videos/G-ref-control__ic_gen__gas_transformation_7__ref_illustration_scene_4__dfw6_e__s42.mp4,8,120,0.7242295715499598,0.3482308567102791,0.1874226611366896,0.874044535963313
dualforce_dcg_w6|02_effect__dai|398bc2e79b,GEN:dualforce_dcg_w6:v2:effect:both,hero_flight_6,store/gens/032_dualforce_dcg_w6/02_effect__dai/videos/G-ref-control__ic_gen__hero_flight_6__ref_shadow_smoke_0__dfw6_e__s42.mp4,8,113,0.4791963127539942,0.92408126367412,0.9373355686214974,0.7178510734073155
dualforce_dcg_w6|02_effect__dai|33ee4a95d5,GEN:dualforce_dcg_w6:v2:effect:start,illustration_scene_7,store/gens/032_dualforce_dcg_w6/02_effect__dai/videos/G-ref-control__ic_gen__illustration_scene_7__ref_polygon_4__dfw6_e__s42.mp4,8,120,0.3994413771731262,0.5522863585288729,0.6473810805858837,0.8938843384585434
dualforce_dcg_w6|02_effect__dai|f3ff3c12f5,GEN:dualforce_dcg_w6:v2:effect:start,super_fast_run_0,store/gens/032_dualforce_dcg_w6/02_effect__dai/videos/G-memo-probe__ic_gen__super_fast_run_0__ref_super_fast_run_1__dfw6_e__s42.mp4,8,120,0.5001221890140564,0.608876931460245,0.6357524270584346,0.6563798372571653
dualforce_dcg_w6|02_effect__dai|3ab0895ec4,GEN:dualforce_dcg_w6:v2:effect:start,wireframe_0,store/gens/032_dualforce_dcg_w6/02_effect__dai/videos/G-memo-probe__ic_gen__wireframe_0__ref_wireframe_1__dfw6_e__s42.mp4,8,120,0.9126639034887348,0.0640680130027714,0.0726411108276238,1.6220958169898565
dualforce_dcg_w6|02_effect__dai|4126b7283c,GEN:dualforce_dcg_w6:v2:effect:start,animalization_2,store/gens/032_dualforce_dcg_w6/02_effect__dai/videos/G-ref-control__ic_gen__animalization_2__ref_color_rain_0__dfw6_e__s42.mp4,8,120,0.7137554571389928,0.2646122036314302,0.2986538879606646,0.7883159255058447
dualforce_dcg_w6|02_effect__dai|01899182ae,GEN:dualforce_dcg_w6:v2:effect:start,color_rain_2,store/gens/032_dualforce_dcg_w6/02_effect__dai/videos/G-ref-control__ic_gen__color_rain_2__ref_earth_element_4__dfw6_e__s42.mp4,8,120,0.446484016681326,0.7479710403685779,0.8346171121584263,0.5164033926917975
dualforce_dcg_w6|02_effect__dai|0817faff37,GEN:dualforce_dcg_w6:v2:effect:start,polygon_4,store/gens/032_dualforce_dcg_w6/02_effect__dai/videos/G-memo-probe__ic_gen__polygon_4__ref_polygon_0__dfw6_e__s42.mp4,8,120,0.7103373044686139,0.3990812877450417,0.3548666848833111,0.5756011621789909
dualforce_dcg_w6|02_effect__dai|c206533fd6,GEN:dualforce_dcg_w6:v2:effect:start,portal_1,store/gens/032_dualforce_dcg_w6/02_effect__dai/videos/G-memo-probe__ic_gen__portal_1__ref_portal_0__dfw6_e__s42.mp4,8,120,0.4680143801622629,0.8695886528055464,0.9920823287405832,0.6766812271560078
dualforce_dcg_w6|02_effect__dai|4cf0b4446a,GEN:dualforce_dcg_w6:v2:effect:start,shadow_10,store/gens/032_dualforce_dcg_w6/02_effect__dai/videos/G-memo-probe__ic_gen__shadow_10__ref_shadow_0__dfw6_e__s42.mp4,8,120,0.5633175288744192,0.294572592033493,0.2927433147207086,1.183485355553896
dualforce_dcg_w6|02_effect__dai|a9305e2d41,GEN:dualforce_dcg_w6:v2:effect:both,shadow_smoke_0,store/gens/032_dualforce_dcg_w6/02_effect__dai/videos/G-memo-probe__ic_gen__shadow_smoke_0__ref_shadow_smoke_1__dfw6_e__s42.mp4,8,113,0.4780367697305439,0.9050644341034536,1.0422447104852954,0.5611356506599936
dualforce_dcg_w6|02_effect__dai|52ef9c2d57,GEN:dualforce_dcg_w6:v2:effect:start,money_rain_3,store/gens/032_dualforce_dcg_w6/02_effect__dai/videos/G-ref-control__ic_gen__money_rain_3__ref_portal_1__dfw6_e__s42.mp4,8,120,0.5224854507546659,2.067262453647665,2.165138751538493,0.4276906832696042
dualforce_dcg_w6|02_effect__dai|bcb03a0b4d,GEN:dualforce_dcg_w6:v2:effect:start,polygon_8,store/gens/032_dualforce_dcg_w6/02_effect__dai/videos/G-ref-control__ic_gen__polygon_8__ref_shadow_10__dfw6_e__s42.mp4,8,120,0.4183293342460716,0.4737462409278684,0.5418580749919096,1.358095275591187
dualforce_dcg_w6|02_effect__dai|b5971fca77,GEN:dualforce_dcg_w6:v2:effect:start,portal_4,store/gens/032_dualforce_dcg_w6/02_effect__dai/videos/G-ref-control__ic_gen__portal_4__ref_super_fast_run_0__dfw6_e__s42.mp4,8,120,0.4956698259213556,0.7543211102727801,0.7323077368326679,0.9814591759852292
dualforce_dcg_w6|02_effect__dai|f95330510a,GEN:dualforce_dcg_w6:v2:effect:start,shadow_3,store/gens/032_dualforce_dcg_w6/02_effect__dai/videos/G-ref-control__ic_gen__shadow_3__ref_wireframe_0__dfw6_e__s42.mp4,8,120,0.5449949255979492,0.9745419985583894,1.0599013524667498,1.0703525253961197
dualforce_dcg_w6|02_effect__dai|2e42a1d629,GEN:dualforce_dcg_w6:v2:effect:both,shadow_smoke_7,store/gens/032_dualforce_dcg_w6/02_effect__dai/videos/G-ref-control__ic_gen__shadow_smoke_7__ref_hero_flight_5__dfw6_e__s42.mp4,8,113,0.7839952502008227,0.6856804342108155,0.7300567947533207,0.9228274202675802
dualforce_dcg_w6|02_effect__dai|86a9cf6eaa,GEN:dualforce_dcg_w6:v2:effect:start,super_fast_run_3,store/gens/032_dualforce_dcg_w6/02_effect__dai/videos/G-ref-control__ic_gen__super_fast_run_3__ref_color_rain_0__dfw6_e__s42.mp4,8,120,0.5419992165934804,0.5697685770767325,0.5876145323427784,0.8540977609998301
dualforce_dcg_w6|02_effect__dai|7b9f3b88fa,GEN:dualforce_dcg_w6:v2:effect:start,wireframe_7,store/gens/032_dualforce_dcg_w6/02_effect__dai/videos/G-ref-control__ic_gen__wireframe_7__ref_earth_element_4__dfw6_e__s42.mp4,8,120,0.5018228931899442,0.6708208240856901,0.7573940338503676,0.7841551288110701
dualforce_dcg_w6|02_effect__dai|3cb03c15bf,GEN:dualforce_dcg_w6:v2:effect:start,color_rain_0,store/gens/032_dualforce_dcg_w6/02_effect__dai/videos/G-unseen-cross__ic_gen__color_rain_0__ref_animalization_0__dfw6_e__s42.mp4,8,120,0.4851452485248999,0.6262985978879604,0.6720168535351573,0.6035354489601404
dualforce_dcg_w6|02_effect__dai|4f9181feee,GEN:dualforce_dcg_w6:v2:effect:start,earth_element_4,store/gens/032_dualforce_dcg_w6/02_effect__dai/videos/G-unseen-cross__ic_gen__earth_element_4__ref_color_rain_0__dfw6_e__s42.mp4,8,120,0.401828734390603,0.45601553161427,0.5014070088690267,0.5371532546079861
dualforce_dcg_w6|02_effect__dai|d05fb320a1,GEN:dualforce_dcg_w6:v2:effect:start,earth_element_6,store/gens/032_dualforce_dcg_w6/02_effect__dai/videos/G-unseen-cross__ic_gen__earth_element_6__ref_color_rain_0__dfw6_e__s42.mp4,8,120,0.4856342966308962,0.6529120022515431,0.7263593664966499,0.6942556042679081
dualforce_dcg_w6|02_effect__dai|5d354a1a29,GEN:dualforce_dcg_w6:v2:effect:start,earth_element_6,store/gens/032_dualforce_dcg_w6/02_effect__dai/videos/G-unseen-cross__ic_gen__earth_element_6__ref_wireframe_0__dfw6_e__s42.mp4,8,120,0.6408725449229271,0.43256836166191,0.474008962001241,1.5766582266463276
dualforce_dcg_w6|02_effect__dai|b0439eefff,GEN:dualforce_dcg_w6:v2:effect:both,earth_wave_3,store/gens/032_dualforce_dcg_w6/02_effect__dai/videos/G-unseen-cross__ic_gen__earth_wave_3__ref_hero_flight_5__dfw6_e__s42.mp4,8,113,0.6726076394201592,0.702004030060053,0.7723934063589994,0.7800835219265447
dualforce_dcg_w6|02_effect__dai|6db86d33a1,GEN:dualforce_dcg_w6:v2:effect:start,color_rain_2,store/gens/032_dualforce_dcg_w6/02_effect__dai/videos/G-unseen-cross__ic_gen__color_rain_2__ref_animalization_0__dfw6_e__s42.mp4,8,120,0.443030859436321,0.7624460224828097,0.792325561522151,0.4816194966275815
dualforce_dcg_w6|02_effect__dai|e7e740206e,GEN:dualforce_dcg_w6:v2:effect:start,color_rain_2,store/gens/032_dualforce_dcg_w6/02_effect__dai/videos/G-unseen-cross__ic_gen__color_rain_2__ref_super_fast_run_0__dfw6_e__s42.mp4,8,120,0.5374826140381239,0.6531290641861835,0.599278021379943,0.9507417775778488
dualforce_dcg_w6|02_effect__dai|5a05ca286c,GEN:dualforce_dcg_w6:v2:effect:start,cotton_cloud_0,store/gens/032_dualforce_dcg_w6/02_effect__dai/videos/G-unseen-cross__ic_gen__cotton_cloud_0__ref_super_fast_run_0__dfw6_e__s42.mp4,8,120,0.514754509464284,0.6593500396050379,0.7070939789449547,0.9849085272766158
dualforce_dcg_w6|02_effect__dai|73c0eb09e4,GEN:dualforce_dcg_w6:v2:effect:both,display_transition_1,store/gens/032_dualforce_dcg_w6/02_effect__dai/videos/G-unseen-cross__ic_gen__display_transition_1__ref_hero_flight_5__dfw6_e__s42.mp4,8,113,0.7600318608238292,1.8501259296153028,2.319270394232557,0.9123256323103516
dualforce_dcg_w6|02_effect__dai|b402dc0fba,GEN:dualforce_dcg_w6:v2:effect:start,fire_element_2,store/gens/032_dualforce_dcg_w6/02_effect__dai/videos/G-unseen-cross__ic_gen__fire_element_2__ref_wireframe_0__dfw6_e__s42.mp4,8,120,0.7122937329835952,0.3226681186810611,0.3636627193376578,1.4632174539545122
dualforce_dcg_w6|02_effect__dai|310240e2ad,GEN:dualforce_dcg_w6:v2:effect:start,gas_transformation_6,store/gens/032_dualforce_dcg_w6/02_effect__dai/videos/G-unseen-cross__ic_gen__gas_transformation_6__ref_earth_element_4__dfw6_e__s42.mp4,8,120,0.4217063930155071,0.6885714518168123,0.7516386878708043,0.6156972630400611
dualforce_dcg_w6|02_effect__dai|42b9fb0f8a,GEN:dualforce_dcg_w6:v2:effect:start,gas_transformation_7,store/gens/032_dualforce_dcg_w6/02_effect__dai/videos/G-unseen-cross__ic_gen__gas_transformation_7__ref_earth_element_4__dfw6_e__s42.mp4,8,120,0.4264670921201747,0.5646476209260333,0.6049907349591707,1.000639374847882
dualforce_dcg_w6|02_effect__dai|8af7fd747e,GEN:dualforce_dcg_w6:v2:effect:start,illustration_scene_7,store/gens/032_dualforce_dcg_w6/02_effect__dai/videos/G-unseen-cross__ic_gen__illustration_scene_7__ref_gas_transformation_6__dfw6_e__s42.mp4,8,120,0.4213519622969561,0.5065917970801258,0.5755187116526121,0.5823692783232484
dualforce_dcg_w6|02_effect__dai|002e869628,GEN:dualforce_dcg_w6:v2:effect:start,live_concert_0,store/gens/032_dualforce_dcg_w6/02_effect__dai/videos/G-unseen-cross__ic_gen__live_concert_0__ref_gas_transformation_6__dfw6_e__s42.mp4,8,120,0.5945498537876854,0.5027457720558174,0.5589064724931901,0.4772958966576228
dualforce_dcg_w6|02_effect__dai|cfff360b93,GEN:dualforce_dcg_w6:v2:effect:both,melt_transition_2,store/gens/032_dualforce_dcg_w6/02_effect__dai/videos/G-unseen-cross__ic_gen__melt_transition_2__ref_shadow_smoke_0__dfw6_e__s42.mp4,8,113,0.4868639967158887,0.8270160693928961,0.9136638445867822,0.7591182938375665
dualforce_dcg_w6|02_effect__dai|a13cee7ebd,GEN:dualforce_dcg_w6:v2:effect:start,monstrosity_0,store/gens/032_dualforce_dcg_w6/02_effect__dai/videos/G-unseen-cross__ic_gen__monstrosity_0__ref_illustration_scene_4__dfw6_e__s42.mp4,8,120,0.7262928202968766,0.5410882953481997,0.6419322584240219,0.7116868307577225
dualforce_dcg_w6|02_effect__dai|59b36f8c02,GEN:dualforce_dcg_w6:v2:effect:start,mystification_0,store/gens/032_dualforce_dcg_w6/02_effect__dai/videos/G-unseen-cross__ic_gen__mystification_0__ref_illustration_scene_4__dfw6_e__s42.mp4,8,120,0.7250385299022115,1.0299125073323947,1.398310166791543,0.4250078005070982
dualforce_dcg_w6|02_effect__dai|ed893f4ff3,GEN:dualforce_dcg_w6:v2:effect:start,saint_glow_3,store/gens/032_dualforce_dcg_w6/02_effect__dai/videos/G-unseen-cross__ic_gen__saint_glow_3__ref_polygon_4__dfw6_e__s42.mp4,8,120,0.4047332592543438,0.4268220666010482,0.4917142849705719,0.8878858397955901
dualforce_dcg_w6|02_effect__dai|a3ce53d27c,GEN:dualforce_dcg_w6:v2:effect:start,shadow_3,store/gens/032_dualforce_dcg_w6/02_effect__dai/videos/G-unseen-cross__ic_gen__shadow_3__ref_portal_1__dfw6_e__s42.mp4,8,120,0.4546957703558809,0.89333940807772,0.9948695400366736,0.9798402435293836
dualforce_dcg_w6|02_effect__dai|cd6270d735,GEN:dualforce_dcg_w6:v2:effect:start,super_fast_run_0,store/gens/032_dualforce_dcg_w6/02_effect__dai/videos/G-unseen-cross__ic_gen__super_fast_run_0__ref_portal_1__dfw6_e__s42.mp4,8,120,0.5332587529126447,1.5146308741420509,1.6644557160186777,0.477481926669407
dualforce_dcg_w6|02_effect__dai|e0d2f323d4,GEN:dualforce_dcg_w6:v2:effect:start,water_element_4,store/gens/032_dualforce_dcg_w6/02_effect__dai/videos/G-unseen-cross__ic_gen__water_element_4__ref_shadow_10__dfw6_e__s42.mp4,8,120,0.3602060199326677,0.3755774922776125,0.4090549042255446,0.5671933218130252
dualforce_dcg_w6|02_effect__dai|b8dbfbf297,GEN:dualforce_dcg_w6:v2:effect:start,polygon_4,store/gens/032_dualforce_dcg_w6/02_effect__dai/videos/G-unseen-cross__ic_gen__polygon_4__ref_money_rain_1__dfw6_e__s42.mp4,8,120,0.47225098978499,0.5906870854461602,0.6332633021472026,0.4641273037140893
dualforce_dcg_w6|02_effect__dai|afea3cd297,GEN:dualforce_dcg_w6:v2:effect:start,polygon_8,store/gens/032_dualforce_dcg_w6/02_effect__dai/videos/G-unseen-cross__ic_gen__polygon_8__ref_money_rain_1__dfw6_e__s42.mp4,8,120,0.6364821074734026,0.927305565900127,0.8423567492066933,0.3407794875123094
dualforce_dcg_w6|02_effect__dai|c0486c1056,GEN:dualforce_dcg_w6:v2:effect:start,portal_4,store/gens/032_dualforce_dcg_w6/02_effect__dai/videos/G-unseen-cross__ic_gen__portal_4__ref_polygon_4__dfw6_e__s42.mp4,8,120,0.3512760469463907,0.4450898892919225,0.5026575525830014,1.1477994662261062
dualforce_dcg_w6|02_effect__dai|c8608748fe,GEN:dualforce_dcg_w6:v2:effect:both,raven_transition_2,store/gens/032_dualforce_dcg_w6/02_effect__dai/videos/G-unseen-cross__ic_gen__raven_transition_2__ref_shadow_smoke_0__dfw6_e__s42.mp4,8,113,0.4217882404930599,0.6195826136502122,0.6559062419492737,1.0174917331225144
dualforce_dcg_w6|02_effect__dai|17df27ab50,GEN:dualforce_dcg_w6:v2:effect:start,wireframe_0,store/gens/032_dualforce_dcg_w6/02_effect__dai/videos/G-unseen-cross__ic_gen__wireframe_0__ref_shadow_10__dfw6_e__s42.mp4,8,120,0.4349742496645361,0.3608303923303179,0.4011852787010149,1.0091561915197111
dualforce_dcg_w6|02_effect__dai|d464a15209,GEN:dualforce_dcg_w6:v2:effect:start,color_rain_2,store/gens/032_dualforce_dcg_w6/02_effect__dai/videos/G-unseen-same__ic_gen__color_rain_2__ref_color_rain_0__dfw6_e__s42.mp4,8,120,0.576825446995423,0.3827638243155262,0.4421838220783607,0.7044494105640282
dualforce_dcg_w6|02_effect__dai|7450a0baf3,GEN:dualforce_dcg_w6:v2:effect:start,earth_element_6,store/gens/032_dualforce_dcg_w6/02_effect__dai/videos/G-unseen-same__ic_gen__earth_element_6__ref_earth_element_4__dfw6_e__s42.mp4,8,120,0.4860008246860248,0.6940021396448236,0.7133782604558593,0.6645490140734118
dualforce_dcg_w6|02_effect__dai|1d38c46472,GEN:dualforce_dcg_w6:v2:effect:start,gas_transformation_7,store/gens/032_dualforce_dcg_w6/02_effect__dai/videos/G-unseen-same__ic_gen__gas_transformation_7__ref_gas_transformation_6__dfw6_e__s42.mp4,8,120,0.3988229873778937,0.5719320273152672,0.5768741667504449,0.7037281159650525
dualforce_dcg_w6|02_effect__dai|9c3dd66410,GEN:dualforce_dcg_w6:v2:effect:both,hero_flight_6,store/gens/032_dualforce_dcg_w6/02_effect__dai/videos/G-unseen-same__ic_gen__hero_flight_6__ref_hero_flight_5__dfw6_e__s42.mp4,8,113,0.6256959765913324,0.8022679718965271,0.6538417310879825,0.7215408186547844
dualforce_dcg_w6|02_effect__dai|dae3f92b2f,GEN:dualforce_dcg_w6:v2:effect:start,animalization_2,store/gens/032_dualforce_dcg_w6/02_effect__dai/videos/G-unseen-same__ic_gen__animalization_2__ref_animalization_0__dfw6_e__s42.mp4,8,120,0.5133148429305687,0.799004276644592,0.8382942964836769,0.3489507514116359
dualforce_dcg_w6|02_effect__dai|bbf2fb1764,GEN:dualforce_dcg_w6:v2:effect:start,illustration_scene_7,store/gens/032_dualforce_dcg_w6/02_effect__dai/videos/G-unseen-same__ic_gen__illustration_scene_7__ref_illustration_scene_4__dfw6_e__s42.mp4,8,120,0.7331542174261894,0.531169264581009,0.3516005534277263,0.8473805210700871
dualforce_dcg_w6|02_effect__dai|3c155283b7,GEN:dualforce_dcg_w6:v2:effect:start,money_rain_3,store/gens/032_dualforce_dcg_w6/02_effect__dai/videos/G-unseen-same__ic_gen__money_rain_3__ref_money_rain_1__dfw6_e__s42.mp4,8,120,0.5234936650268593,0.6132966951687758,0.6575318370200847,0.5762867712485017
dualforce_dcg_w6|02_effect__dai|0b75961ef4,GEN:dualforce_dcg_w6:v2:effect:start,polygon_8,store/gens/032_dualforce_dcg_w6/02_effect__dai/videos/G-unseen-same__ic_gen__polygon_8__ref_polygon_4__dfw6_e__s42.mp4,8,120,0.5348454533871014,0.5235821878722731,0.5224111985715097,0.5747465184326884
dualforce_dcg_w6|02_effect__dai|22664ae4e4,GEN:dualforce_dcg_w6:v2:effect:start,portal_4,store/gens/032_dualforce_dcg_w6/02_effect__dai/videos/G-unseen-same__ic_gen__portal_4__ref_portal_1__dfw6_e__s42.mp4,8,120,0.5555704422481496,1.4891966522545674,1.5367885389753364,0.9511106104639936
dualforce_dcg_w6|02_effect__dai|8c3bc6dd32,GEN:dualforce_dcg_w6:v2:effect:start,shadow_3,store/gens/032_dualforce_dcg_w6/02_effect__dai/videos/G-unseen-same__ic_gen__shadow_3__ref_shadow_10__dfw6_e__s42.mp4,8,120,0.4372303510921795,0.4124132965287198,0.4023180248122932,0.9958758309517234
dualforce_dcg_w6|02_effect__dai|dd87e8293d,GEN:dualforce_dcg_w6:v2:effect:both,shadow_smoke_7,store/gens/032_dualforce_dcg_w6/02_effect__dai/videos/G-unseen-same__ic_gen__shadow_smoke_7__ref_shadow_smoke_0__dfw6_e__s42.mp4,8,113,0.4607054142700597,0.8361527413038418,0.8217546477728699,0.9187474576578868
dualforce_dcg_w6|02_effect__dai|7733b85813,GEN:dualforce_dcg_w6:v2:effect:start,super_fast_run_3,store/gens/032_dualforce_dcg_w6/02_effect__dai/videos/G-unseen-same__ic_gen__super_fast_run_3__ref_super_fast_run_0__dfw6_e__s42.mp4,8,120,0.4948059497202608,0.7404564618908689,0.7707247466560584,1.0064928908729078
dualforce_dcg_w6|02_effect__dai|7bcd53059a,GEN:dualforce_dcg_w6:v2:effect:start,wireframe_7,store/gens/032_dualforce_dcg_w6/02_effect__dai/videos/G-unseen-same__ic_gen__wireframe_7__ref_wireframe_0__dfw6_e__s42.mp4,8,120,0.6751314765794165,0.4545383605895395,0.4819577567518011,0.977712725012955
dualforce_dcg_w6|02_effect__dai|8ba0298ebb,GEN:dualforce_dcg_w6:v2:effect:start,color_rain_0,store/gens/032_dualforce_dcg_w6/02_effect__dai/videos/G-zs-cross__ic_gen__color_rain_0__ref_saint_glow_0__dfw6_e__s42.mp4,8,120,0.5798492718008355,0.5330175636173282,0.5763954021793256,0.3709996132167606
dualforce_dcg_w6|02_effect__dai|dee7d4a09c,GEN:dualforce_dcg_w6:v2:effect:both,earth_wave_3,store/gens/032_dualforce_dcg_w6/02_effect__dai/videos/G-zs-cross__ic_gen__earth_wave_3__ref_flying_cam_transition_1__dfw6_e__s42.mp4,8,113,0.6279869309264543,0.9494593283244304,0.9683499813323916,0.7762966544210155
dualforce_dcg_w6|02_effect__dai|da8d054c68,GEN:dualforce_dcg_w6:v2:effect:both,earth_wave_3,store/gens/032_dualforce_dcg_w6/02_effect__dai/videos/G-zs-cross__ic_gen__earth_wave_3__ref_raven_transition_0__dfw6_e__s42.mp4,8,113,0.4915065230620399,1.0787732325696893,1.0955195177769477,0.7780364944341769
dualforce_dcg_w6|02_effect__dai|fcdb1fd0af,GEN:dualforce_dcg_w6:v2:effect:both,giant_grab_3,store/gens/032_dualforce_dcg_w6/02_effect__dai/videos/G-zs-cross__ic_gen__giant_grab_3__ref_flying_cam_transition_1__dfw6_e__s42.mp4,8,113,0.5476784553556773,1.3862726343500111,1.1624663583286925,0.3351871907763654
dualforce_dcg_w6|02_effect__dai|4f9ef5b257,GEN:dualforce_dcg_w6:v2:effect:both,shadow_smoke_7,store/gens/032_dualforce_dcg_w6/02_effect__dai/videos/G-zs-cross__ic_gen__shadow_smoke_7__ref_firelava_0__dfw6_e__s42.mp4,8,113,0.3982106435700545,0.9376091105001374,1.095047010433706,0.9213571463308368
dualforce_dcg_w6|02_effect__dai|a9f96707bd,GEN:dualforce_dcg_w6:v2:effect:start,super_fast_run_0,store/gens/032_dualforce_dcg_w6/02_effect__dai/videos/G-zs-cross__ic_gen__super_fast_run_0__ref_monstrosity_0__dfw6_e__s42.mp4,8,120,0.3114071212732365,0.4703911122039945,0.5169304922196182,0.6592318022810237
dualforce_dcg_w6|02_effect__dai|272ab5ef9b,GEN:dualforce_dcg_w6:v2:effect:start,super_fast_run_3,store/gens/032_dualforce_dcg_w6/02_effect__dai/videos/G-zs-cross__ic_gen__super_fast_run_3__ref_monstrosity_0__dfw6_e__s42.mp4,8,120,0.3320266535342238,0.589592905117264,0.621914360180337,0.906623892391846
dualforce_dcg_w6|02_effect__dai|fe84e2822a,GEN:dualforce_dcg_w6:v2:effect:both,water_bending_3,store/gens/032_dualforce_dcg_w6/02_effect__dai/videos/G-zs-cross__ic_gen__water_bending_3__ref_firelava_0__dfw6_e__s42.mp4,8,113,0.4369807388722051,0.9157505311591342,1.051347560923216,0.699192213416223
dualforce_dcg_w6|02_effect__dai|9c099884c9,GEN:dualforce_dcg_w6:v2:effect:start,cotton_cloud_0,store/gens/032_dualforce_dcg_w6/02_effect__dai/videos/G-zs-same__ic_gen__cotton_cloud_0__ref_cotton_cloud_1__dfw6_e__s42.mp4,8,120,0.4283376818194979,0.2904096324442142,0.3145321102687038,0.9682075795732809
dualforce_dcg_w6|02_effect__dai|af2e5caf43,GEN:dualforce_dcg_w6:v2:effect:both,firelava_4,store/gens/032_dualforce_dcg_w6/02_effect__dai/videos/G-zs-same__ic_gen__firelava_4__ref_firelava_0__dfw6_e__s42.mp4,8,113,0.5450048455230809,0.6890585757179374,0.7831156719747099,0.9575447568698692
dualforce_dcg_w6|02_effect__dai|17bc1b05ce,GEN:dualforce_dcg_w6:v2:effect:both,flying_cam_transition_4,store/gens/032_dualforce_dcg_w6/02_effect__dai/videos/G-zs-same__ic_gen__flying_cam_transition_4__ref_flying_cam_transition_1__dfw6_e__s42.mp4,8,113,0.6416581552713072,0.7425648716810156,0.6972709636095681,1.1269532715461
dualforce_dcg_w6|02_effect__dai|098ed14d7f,GEN:dualforce_dcg_w6:v2:effect:start,live_concert_0,store/gens/032_dualforce_dcg_w6/02_effect__dai/videos/G-zs-same__ic_gen__live_concert_0__ref_live_concert_1__dfw6_e__s42.mp4,8,120,0.54688507784641,0.8091307473991459,0.7566384393738105,0.8844424495108137
dualforce_dcg_w6|02_effect__dai|f3417adb66,GEN:dualforce_dcg_w6:v2:effect:start,luminous_gaze_3,store/gens/032_dualforce_dcg_w6/02_effect__dai/videos/G-zs-same__ic_gen__luminous_gaze_3__ref_luminous_gaze_0__dfw6_e__s42.mp4,8,120,0.5202293647820166,0.4573901989428961,0.5588009776881004,1.1083692905912066
dualforce_dcg_w6|02_effect__dai|84f49cc188,GEN:dualforce_dcg_w6:v2:effect:both,melt_transition_2,store/gens/032_dualforce_dcg_w6/02_effect__dai/videos/G-zs-same__ic_gen__melt_transition_2__ref_melt_transition_1__dfw6_e__s42.mp4,8,113,0.60555462396693,0.6253634181937573,0.5926744712323526,0.7661252947019775
dualforce_dcg_w6|02_effect__dai|932743d53f,GEN:dualforce_dcg_w6:v2:effect:both,raven_transition_2,store/gens/032_dualforce_dcg_w6/02_effect__dai/videos/G-zs-same__ic_gen__raven_transition_2__ref_raven_transition_0__dfw6_e__s42.mp4,8,113,0.5032260413731973,0.714293033821174,0.8108801141359614,1.0193235046731417
dualforce_dcg_w6|02_effect__dai|11f13c3a67,GEN:dualforce_dcg_w6:v2:effect:start,saint_glow_3,store/gens/032_dualforce_dcg_w6/02_effect__dai/videos/G-zs-same__ic_gen__saint_glow_3__ref_saint_glow_0__dfw6_e__s42.mp4,8,120,0.6315400338283468,0.5731246393078666,0.5663561091363511,0.4665366449700509
dualforce_dcg_w6|02_effect__dai|db979a5cab,GEN:dualforce_dcg_w6:v2:effect:start,money_rain_3,store/gens/032_dualforce_dcg_w6/02_effect__dai/videos/G-zs-cross__ic_gen__money_rain_3__ref_live_concert_1__dfw6_e__s42.mp4,8,120,0.5441151076790378,0.8361731376263851,0.7713561886864433,0.6152597878817985
dualforce_dcg_w6|02_effect__dai|ab65bc0505,GEN:dualforce_dcg_w6:v2:effect:start,mystification_0,store/gens/032_dualforce_dcg_w6/02_effect__dai/videos/G-zs-cross__ic_gen__mystification_0__ref_live_concert_1__dfw6_e__s42.mp4,8,120,0.5605287021875931,0.5715339248083999,0.6181003369094218,1.0871658634761825
dualforce_dcg_w6|02_effect__dai|fa00bc04ae,GEN:dualforce_dcg_w6:v2:effect:start,polygon_4,store/gens/032_dualforce_dcg_w6/02_effect__dai/videos/G-zs-cross__ic_gen__polygon_4__ref_luminous_gaze_0__dfw6_e__s42.mp4,8,120,0.5210532397498933,0.4651449576790396,0.4716977257457587,1.1171925838244408
dualforce_dcg_w6|02_effect__dai|7c72498f93,GEN:dualforce_dcg_w6:v2:effect:start,polygon_8,store/gens/032_dualforce_dcg_w6/02_effect__dai/videos/G-zs-cross__ic_gen__polygon_8__ref_luminous_gaze_0__dfw6_e__s42.mp4,8,120,0.6279292265130472,0.3703270927221262,0.387777518544467,1.183159725414365
dualforce_dcg_w6|02_effect__dai|3a5456c247,GEN:dualforce_dcg_w6:v2:effect:both,air_bending_1,store/gens/032_dualforce_dcg_w6/02_effect__dai/videos/G-zs-cross__ic_gen__air_bending_1__ref_raven_transition_0__dfw6_e__s42.mp4,8,113,0.5465758527419862,0.8894685544236077,0.7369451843985179,1.0887877545296072
dualforce_dcg_w6|02_effect__dai|d3bfee1bd3,GEN:dualforce_dcg_w6:v2:effect:start,animalization_2,store/gens/032_dualforce_dcg_w6/02_effect__dai/videos/G-zs-cross__ic_gen__animalization_2__ref_cotton_cloud_1__dfw6_e__s42.mp4,8,120,0.2874329307326615,0.4775796263302089,0.5494773703085294,0.6340677136729591
dualforce_dcg_w6|02_effect__dai|9e0f85dabf,GEN:dualforce_dcg_w6:v2:effect:start,animalization_2,store/gens/032_dualforce_dcg_w6/02_effect__dai/videos/G-zs-cross__ic_gen__animalization_2__ref_saint_glow_0__dfw6_e__s42.mp4,8,120,0.5823474521546816,0.4848809878831169,0.5589187516922053,0.3609386627227691
dualforce_dcg_w6|02_effect__dai|4a37937e3a,GEN:dualforce_dcg_w6:v2:effect:both,giant_grab_3,store/gens/032_dualforce_dcg_w6/02_effect__dai/videos/G-zs-cross__ic_gen__giant_grab_3__ref_melt_transition_1__dfw6_e__s42.mp4,8,113,0.5680315028925795,1.484096379902689,1.5889298486616878,0.337251761336591
dualforce_dcg_w6|02_effect__dai|f8c1089159,GEN:dualforce_dcg_w6:v2:effect:both,hero_flight_5,store/gens/032_dualforce_dcg_w6/02_effect__dai/videos/G-zs-cross__ic_gen__hero_flight_5__ref_display_transition_1__dfw6_e__s42.mp4,8,113,0.5148394300057122,0.8215583427305849,0.8703065309939497,0.6876417847712123
dualforce_dcg_w6|02_effect__dai|f61b0bb911,GEN:dualforce_dcg_w6:v2:effect:both,hero_flight_5,store/gens/032_dualforce_dcg_w6/02_effect__dai/videos/G-zs-cross__ic_gen__hero_flight_5__ref_melt_transition_1__dfw6_e__s42.mp4,8,113,0.6161494374537493,0.6406910420524947,0.5307202670734184,0.680861045253064
dualforce_dcg_w6|02_effect__dai|7507a2e597,GEN:dualforce_dcg_w6:v2:effect:both,hero_flight_6,store/gens/032_dualforce_dcg_w6/02_effect__dai/videos/G-zs-cross__ic_gen__hero_flight_6__ref_display_transition_1__dfw6_e__s42.mp4,8,113,0.4274783615193342,0.8028012109234173,0.8651561863504404,0.7303377210006445
dualforce_dcg_w6|03_neutral_v3__dai|8bd294362a,GEN:dualforce_dcg_w6:v3:neutral:both,hero_flight_1,store/gens/032_dualforce_dcg_w6/03_neutral_v3__dai/videos/G-fit__dualforce_dcg_w6_neutral_v3__hero_flight_1__ref_hero_flight_0__s43.mp4,8,113,0.7261587327715922,0.6051022185119922,0.5722926717560144,0.7503092413532491
dualforce_dcg_w6|03_neutral_v3__dai|7085744f36,GEN:dualforce_dcg_w6:v3:neutral:start,illustration_scene_1,store/gens/032_dualforce_dcg_w6/03_neutral_v3__dai/videos/G-fit__dualforce_dcg_w6_neutral_v3__illustration_scene_1__ref_illustration_scene_0__s43.mp4,8,120,0.4770975216227548,0.4953673779556966,0.5227926393642407,0.7916554141742157
dualforce_dcg_w6|03_neutral_v3__dai|9af2428e8f,GEN:dualforce_dcg_w6:v3:neutral:start,money_rain_2,store/gens/032_dualforce_dcg_w6/03_neutral_v3__dai/videos/G-fit__dualforce_dcg_w6_neutral_v3__money_rain_2__ref_money_rain_0__s43.mp4,8,120,0.4646090078560623,0.4799822011899277,0.5091492162069629,0.9829931133670876
dualforce_dcg_w6|03_neutral_v3__dai|00e16e8244,GEN:dualforce_dcg_w6:v3:neutral:start,polygon_1,store/gens/032_dualforce_dcg_w6/03_neutral_v3__dai/videos/G-fit__dualforce_dcg_w6_neutral_v3__polygon_1__ref_polygon_0__s43.mp4,8,120,0.7150202659030047,0.2859084932974962,0.2897732481422361,0.6272394480748663
dualforce_dcg_w6|03_neutral_v3__dai|7147a31aa3,GEN:dualforce_dcg_w6:v3:neutral:start,animalization_3,store/gens/032_dualforce_dcg_w6/03_neutral_v3__dai/videos/G-fit__dualforce_dcg_w6_neutral_v3__animalization_3__ref_animalization_1__s43.mp4,8,120,0.3829090748646202,0.5965395493964328,0.6730374376723287,0.7438120218122921
dualforce_dcg_w6|03_neutral_v3__dai|ca63c0f441,GEN:dualforce_dcg_w6:v3:neutral:start,color_rain_3,store/gens/032_dualforce_dcg_w6/03_neutral_v3__dai/videos/G-fit__dualforce_dcg_w6_neutral_v3__color_rain_3__ref_color_rain_1__s43.mp4,8,120,0.4154819362456607,0.5762976137494801,0.5733454972627868,0.4459346732034145
dualforce_dcg_w6|03_neutral_v3__dai|7e108f2965,GEN:dualforce_dcg_w6:v3:neutral:start,earth_element_1,store/gens/032_dualforce_dcg_w6/03_neutral_v3__dai/videos/G-fit__dualforce_dcg_w6_neutral_v3__earth_element_1__ref_earth_element_0__s43.mp4,8,120,0.4911630855471094,0.6867141650356388,0.7408574287353309,0.736977705535891
dualforce_dcg_w6|03_neutral_v3__dai|aed3da4814,GEN:dualforce_dcg_w6:v3:neutral:start,gas_transformation_1,store/gens/032_dualforce_dcg_w6/03_neutral_v3__dai/videos/G-fit__dualforce_dcg_w6_neutral_v3__gas_transformation_1__ref_gas_transformation_0__s43.mp4,8,120,0.5147035139612837,0.5014353105707763,0.5771371507878951,0.3927985986972067
dualforce_dcg_w6|03_neutral_v3__dai|eb501ada7d,GEN:dualforce_dcg_w6:v3:neutral:start,wireframe_2,store/gens/032_dualforce_dcg_w6/03_neutral_v3__dai/videos/G-fit__dualforce_dcg_w6_neutral_v3__wireframe_2__ref_wireframe_1__s43.mp4,8,120,0.7645669353823166,0.0434981387625637,0.036845987785026,1.1905536690212637
dualforce_dcg_w6|03_neutral_v3__dai|df0fd282c2,GEN:dualforce_dcg_w6:v3:neutral:start,animalization_0,store/gens/032_dualforce_dcg_w6/03_neutral_v3__dai/videos/G-memo-probe__dualforce_dcg_w6_neutral_v3__animalization_0__ref_animalization_1__s43.mp4,8,120,0.4308269764425856,0.7238755036026685,0.7391217336845359,0.6929970715460804
dualforce_dcg_w6|03_neutral_v3__dai|76fd28a8a5,GEN:dualforce_dcg_w6:v3:neutral:start,portal_10,store/gens/032_dualforce_dcg_w6/03_neutral_v3__dai/videos/G-fit__dualforce_dcg_w6_neutral_v3__portal_10__ref_portal_0__s43.mp4,8,120,0.6580222681989223,1.79261344049334,2.0851259444006005,0.5655131396357174
dualforce_dcg_w6|03_neutral_v3__dai|1ebfb5ecef,GEN:dualforce_dcg_w6:v3:neutral:start,shadow_1,store/gens/032_dualforce_dcg_w6/03_neutral_v3__dai/videos/G-fit__dualforce_dcg_w6_neutral_v3__shadow_1__ref_shadow_0__s43.mp4,8,120,0.5532234812838632,0.3303212390603894,0.3113105150655567,0.637122258473842
dualforce_dcg_w6|03_neutral_v3__dai|a752889450,GEN:dualforce_dcg_w6:v3:neutral:both,shadow_smoke_2,store/gens/032_dualforce_dcg_w6/03_neutral_v3__dai/videos/G-fit__dualforce_dcg_w6_neutral_v3__shadow_smoke_2__ref_shadow_smoke_1__s43.mp4,8,113,0.4757161110381938,0.5588145193632041,0.5853270647601932,0.8347864664791941
dualforce_dcg_w6|03_neutral_v3__dai|93abc9f034,GEN:dualforce_dcg_w6:v3:neutral:start,super_fast_run_10,store/gens/032_dualforce_dcg_w6/03_neutral_v3__dai/videos/G-fit__dualforce_dcg_w6_neutral_v3__super_fast_run_10__ref_super_fast_run_1__s43.mp4,8,120,0.4779289427243585,0.499458115050138,0.5172203213270159,0.6497415661682796
dualforce_dcg_w6|03_neutral_v3__dai|99956a57ee,GEN:dualforce_dcg_w6:v3:neutral:start,gas_transformation_6,store/gens/032_dualforce_dcg_w6/03_neutral_v3__dai/videos/G-memo-probe__dualforce_dcg_w6_neutral_v3__gas_transformation_6__ref_gas_transformation_0__s43.mp4,8,120,0.3923813332902559,0.5790450989669849,0.6146765516604419,0.4200506497758045
dualforce_dcg_w6|03_neutral_v3__dai|c8125b7ec6,GEN:dualforce_dcg_w6:v3:neutral:both,hero_flight_5,store/gens/032_dualforce_dcg_w6/03_neutral_v3__dai/videos/G-memo-probe__dualforce_dcg_w6_neutral_v3__hero_flight_5__ref_hero_flight_0__s43.mp4,8,113,0.7521666716479884,0.8376722368569843,0.8846464050207073,0.6781995184818875
dualforce_dcg_w6|03_neutral_v3__dai|6eb43ec568,GEN:dualforce_dcg_w6:v3:neutral:start,super_fast_run_0,store/gens/032_dualforce_dcg_w6/03_neutral_v3__dai/videos/G-memo-probe__dualforce_dcg_w6_neutral_v3__super_fast_run_0__ref_super_fast_run_1__s43.mp4,8,120,0.4749333547964689,0.7058849456536077,0.7793047795274367,0.6052291663384329
dualforce_dcg_w6|03_neutral_v3__dai|5590dd6477,GEN:dualforce_dcg_w6:v3:neutral:start,wireframe_0,store/gens/032_dualforce_dcg_w6/03_neutral_v3__dai/videos/G-memo-probe__dualforce_dcg_w6_neutral_v3__wireframe_0__ref_wireframe_1__s43.mp4,8,120,0.9376204987928948,0.0317151354160299,0.0269478967836815,1.448372311901728
dualforce_dcg_w6|03_neutral_v3__dai|41b85c897c,GEN:dualforce_dcg_w6:v3:neutral:start,color_rain_0,store/gens/032_dualforce_dcg_w6/03_neutral_v3__dai/videos/G-memo-probe__dualforce_dcg_w6_neutral_v3__color_rain_0__ref_color_rain_1__s43.mp4,8,120,0.5073862498780435,0.4152876767330286,0.4355974029285094,0.3319717598727837
dualforce_dcg_w6|03_neutral_v3__dai|ee8b6262b2,GEN:dualforce_dcg_w6:v3:neutral:start,earth_element_4,store/gens/032_dualforce_dcg_w6/03_neutral_v3__dai/videos/G-memo-probe__dualforce_dcg_w6_neutral_v3__earth_element_4__ref_earth_element_0__s43.mp4,8,120,0.4691635742594364,0.5037029759936714,0.5046470755356691,0.8214346964455652
dualforce_dcg_w6|03_neutral_v3__dai|0b197a9a8a,GEN:dualforce_dcg_w6:v3:neutral:start,polygon_4,store/gens/032_dualforce_dcg_w6/03_neutral_v3__dai/videos/G-memo-probe__dualforce_dcg_w6_neutral_v3__polygon_4__ref_polygon_0__s43.mp4,8,120,0.6246230425783732,0.5171463501122805,0.4994131875307553,0.5305505866247255
dualforce_dcg_w6|03_neutral_v3__dai|87094afdd5,GEN:dualforce_dcg_w6:v3:neutral:start,portal_1,store/gens/032_dualforce_dcg_w6/03_neutral_v3__dai/videos/G-memo-probe__dualforce_dcg_w6_neutral_v3__portal_1__ref_portal_0__s43.mp4,8,120,0.4653037029247553,1.0519310746517996,1.1989384120541184,0.6622242080406097
dualforce_dcg_w6|03_neutral_v3__dai|011fcd792c,GEN:dualforce_dcg_w6:v3:neutral:start,shadow_10,store/gens/032_dualforce_dcg_w6/03_neutral_v3__dai/videos/G-memo-probe__dualforce_dcg_w6_neutral_v3__shadow_10__ref_shadow_0__s43.mp4,8,120,0.4533497072498256,0.2947528338760614,0.2590430407678808,1.212513822759283
dualforce_dcg_w6|03_neutral_v3__dai|bc1792847a,GEN:dualforce_dcg_w6:v3:neutral:both,shadow_smoke_0,store/gens/032_dualforce_dcg_w6/03_neutral_v3__dai/videos/G-memo-probe__dualforce_dcg_w6_neutral_v3__shadow_smoke_0__ref_shadow_smoke_1__s43.mp4,8,113,0.5670790681302253,1.1033383141704969,1.2403720259705775,0.5561302223502521
dualforce_dcg_w6|03_neutral_v3__dai|c15d78226b,GEN:dualforce_dcg_w6:v3:neutral:start,illustration_scene_4,store/gens/032_dualforce_dcg_w6/03_neutral_v3__dai/videos/G-memo-probe__dualforce_dcg_w6_neutral_v3__illustration_scene_4__ref_illustration_scene_0__s43.mp4,8,120,0.5134975791847114,0.8163411429370234,0.9623799904496616,0.6855908542840448
dualforce_dcg_w6|03_neutral_v3__dai|db561f0120,GEN:dualforce_dcg_w6:v3:neutral:start,money_rain_1,store/gens/032_dualforce_dcg_w6/03_neutral_v3__dai/videos/G-memo-probe__dualforce_dcg_w6_neutral_v3__money_rain_1__ref_money_rain_0__s43.mp4,8,120,0.4244046989322172,0.5414490697428257,0.5924716351633812,0.636132584171072
dualforce_dcg_w6|03_neutral_v3__dai|b621aab607,GEN:dualforce_dcg_w6:v3:neutral:start,acid_0,store/gens/032_dualforce_dcg_w6/03_neutral_v3__dai/videos/G-unseen-cross__dualforce_dcg_w6_neutral_v3__acid_0__ref_nature_bloom_1__s42.mp4,8,120,0.376789954299128,0.4191635082637963,0.4604191650685189,0.7781567048319823
dualforce_dcg_w6|03_neutral_v3__dai|61734f9c16,GEN:dualforce_dcg_w6:v3:neutral:start,acid_0,store/gens/032_dualforce_dcg_w6/03_neutral_v3__dai/videos/G-unseen-cross__dualforce_dcg_w6_neutral_v3__acid_0__ref_nature_bloom_1__s43.mp4,8,120,0.2948922143700396,0.4956619973007299,0.5320697024789883,0.7136677890509815
dualforce_dcg_w6|03_neutral_v3__dai|11a4a52ee2,GEN:dualforce_dcg_w6:v3:neutral:both,air_bending_1,store/gens/032_dualforce_dcg_w6/03_neutral_v3__dai/videos/G-unseen-cross__dualforce_dcg_w6_neutral_v3__air_bending_1__ref_earth_wave_3__s42.mp4,8,113,0.4454518967989498,0.901556159034236,0.8183220087086853,1.085565889374345
dualforce_dcg_w6|03_neutral_v3__dai|40990dae7b,GEN:dualforce_dcg_w6:v3:neutral:both,air_bending_1,store/gens/032_dualforce_dcg_w6/03_neutral_v3__dai/videos/G-unseen-cross__dualforce_dcg_w6_neutral_v3__air_bending_1__ref_earth_wave_3__s43.mp4,8,113,0.3970384770116513,1.00891446257543,0.9728367162913644,1.0831889799838468
dualforce_dcg_w6|03_neutral_v3__dai|f0ac02ea22,GEN:dualforce_dcg_w6:v3:neutral:start,color_rain_0,store/gens/032_dualforce_dcg_w6/03_neutral_v3__dai/videos/G-unseen-cross__dualforce_dcg_w6_neutral_v3__color_rain_0__ref_animalization_0__s43.mp4,8,120,0.5379157959003862,0.7580453516976656,0.8209939731686396,0.5803850513017901
dualforce_dcg_w6|03_neutral_v3__dai|1aca65619f,GEN:dualforce_dcg_w6:v3:neutral:start,color_rain_2,store/gens/032_dualforce_dcg_w6/03_neutral_v3__dai/videos/G-unseen-cross__dualforce_dcg_w6_neutral_v3__color_rain_2__ref_animalization_0__s43.mp4,8,120,0.5334740049996749,0.6793885627618446,0.769174898802817,0.7071443136570862
dualforce_dcg_w6|03_neutral_v3__dai|d814c0cf8b,GEN:dualforce_dcg_w6:v3:neutral:both,air_bending_1,store/gens/032_dualforce_dcg_w6/03_neutral_v3__dai/videos/G-unseen-cross__dualforce_dcg_w6_neutral_v3__air_bending_1__ref_flame_transition_2__s42.mp4,8,113,0.626857553180785,1.077390005907899,1.032851252696331,1.0864276921848113
dualforce_dcg_w6|03_neutral_v3__dai|ed69bd5116,GEN:dualforce_dcg_w6:v3:neutral:both,air_bending_1,store/gens/032_dualforce_dcg_w6/03_neutral_v3__dai/videos/G-unseen-cross__dualforce_dcg_w6_neutral_v3__air_bending_1__ref_flame_transition_2__s43.mp4,8,113,0.7037011971953215,1.1505852865997626,1.0892547260846213,1.085637081132329
dualforce_dcg_w6|03_neutral_v3__dai|d6a34a4782,GEN:dualforce_dcg_w6:v3:neutral:start,animalization_2,store/gens/032_dualforce_dcg_w6/03_neutral_v3__dai/videos/G-unseen-cross__dualforce_dcg_w6_neutral_v3__animalization_2__ref_sakura_petals_1__s42.mp4,8,120,0.49937972612484,1.1475733140538869,1.2696910935678238,0.2591141448326266
dualforce_dcg_w6|03_neutral_v3__dai|4b0478c6b8,GEN:dualforce_dcg_w6:v3:neutral:start,animalization_2,store/gens/032_dualforce_dcg_w6/03_neutral_v3__dai/videos/G-unseen-cross__dualforce_dcg_w6_neutral_v3__animalization_2__ref_sakura_petals_1__s43.mp4,8,120,0.4695935537447013,0.9671251019762822,1.126699352754198,0.3339365313498812
dualforce_dcg_w6|03_neutral_v3__dai|de70678646,GEN:dualforce_dcg_w6:v3:neutral:start,color_rain_2,store/gens/032_dualforce_dcg_w6/03_neutral_v3__dai/videos/G-unseen-cross__dualforce_dcg_w6_neutral_v3__color_rain_2__ref_fire_element_2__s42.mp4,8,120,0.5817614976381382,0.6018857089688159,0.6840436593707259,0.517812534392006
dualforce_dcg_w6|03_neutral_v3__dai|eb770f5fee,GEN:dualforce_dcg_w6:v3:neutral:start,color_rain_2,store/gens/032_dualforce_dcg_w6/03_neutral_v3__dai/videos/G-unseen-cross__dualforce_dcg_w6_neutral_v3__color_rain_2__ref_fire_element_2__s43.mp4,8,120,0.6037882183627536,0.6801511105587756,0.7142797443855534,0.5878658159919287
dualforce_dcg_w6|03_neutral_v3__dai|a394263d8c,GEN:dualforce_dcg_w6:v3:neutral:start,color_rain_2,store/gens/032_dualforce_dcg_w6/03_neutral_v3__dai/videos/G-unseen-cross__dualforce_dcg_w6_neutral_v3__color_rain_2__ref_super_fast_run_0__s43.mp4,8,120,0.4677031626835266,0.6760924771013445,0.6635848145526725,0.6121386448000132
dualforce_dcg_w6|03_neutral_v3__dai|76d4811308,GEN:dualforce_dcg_w6:v3:neutral:both,display_transition_1,store/gens/032_dualforce_dcg_w6/03_neutral_v3__dai/videos/G-unseen-cross__dualforce_dcg_w6_neutral_v3__display_transition_1__ref_hero_flight_5__s43.mp4,8,113,0.7655379398034692,1.6887602681890976,2.232868989056326,0.8341895316125677
dualforce_dcg_w6|03_neutral_v3__dai|7fa7b38982,GEN:dualforce_dcg_w6:v3:neutral:start,earth_element_4,store/gens/032_dualforce_dcg_w6/03_neutral_v3__dai/videos/G-unseen-cross__dualforce_dcg_w6_neutral_v3__earth_element_4__ref_color_rain_0__s43.mp4,8,120,0.4685400495660023,0.3853435225907993,0.4355063512230696,0.6686216695211098
dualforce_dcg_w6|03_neutral_v3__dai|127d17ce53,GEN:dualforce_dcg_w6:v3:neutral:start,gas_transformation_6,store/gens/032_dualforce_dcg_w6/03_neutral_v3__dai/videos/G-unseen-cross__dualforce_dcg_w6_neutral_v3__gas_transformation_6__ref_wireframe_7__s42.mp4,8,120,0.7197677398414519,0.1550884699647698,0.1027745012320938,1.392455032670384
dualforce_dcg_w6|03_neutral_v3__dai|d615b8cbef,GEN:dualforce_dcg_w6:v3:neutral:start,gas_transformation_6,store/gens/032_dualforce_dcg_w6/03_neutral_v3__dai/videos/G-unseen-cross__dualforce_dcg_w6_neutral_v3__gas_transformation_6__ref_wireframe_7__s43.mp4,8,120,0.7300908621259401,0.1811644954817819,0.1473691253822957,1.3715024288382858
dualforce_dcg_w6|03_neutral_v3__dai|8f4c9a4f07,GEN:dualforce_dcg_w6:v3:neutral:start,gas_transformation_7,store/gens/032_dualforce_dcg_w6/03_neutral_v3__dai/videos/G-unseen-cross__dualforce_dcg_w6_neutral_v3__gas_transformation_7__ref_earth_element_4__s43.mp4,8,120,0.4313157834879162,0.5680177248801223,0.6257059169110992,0.9903561735103366
dualforce_dcg_w6|03_neutral_v3__dai|a35fb1705f,GEN:dualforce_dcg_w6:v3:neutral:start,earth_element_6,store/gens/032_dualforce_dcg_w6/03_neutral_v3__dai/videos/G-unseen-cross__dualforce_dcg_w6_neutral_v3__earth_element_6__ref_wireframe_0__s43.mp4,8,120,0.4988290271995967,1.0280824414169427,1.0857563593716713,0.6686742726251659
dualforce_dcg_w6|03_neutral_v3__dai|51e02f28ca,GEN:dualforce_dcg_w6:v3:neutral:both,earth_wave_3,store/gens/032_dualforce_dcg_w6/03_neutral_v3__dai/videos/G-unseen-cross__dualforce_dcg_w6_neutral_v3__earth_wave_3__ref_hero_flight_5__s43.mp4,8,113,0.6083443066946275,0.9650005931922144,1.0686738954630388,0.7718140375913174
dualforce_dcg_w6|03_neutral_v3__dai|543cdeafc2,GEN:dualforce_dcg_w6:v3:neutral:start,cotton_cloud_0,store/gens/032_dualforce_dcg_w6/03_neutral_v3__dai/videos/G-unseen-cross__dualforce_dcg_w6_neutral_v3__cotton_cloud_0__ref_wonderland_1__s42.mp4,8,120,0.5719189006941126,0.6221227053200148,0.7434169281765227,0.8909512087707037
dualforce_dcg_w6|03_neutral_v3__dai|eb91219afd,GEN:dualforce_dcg_w6:v3:neutral:start,cotton_cloud_0,store/gens/032_dualforce_dcg_w6/03_neutral_v3__dai/videos/G-unseen-cross__dualforce_dcg_w6_neutral_v3__cotton_cloud_0__ref_wonderland_1__s43.mp4,8,120,0.5548588490318198,0.6656697402855962,0.7724903147882931,0.8707700730092357
dualforce_dcg_w6|03_neutral_v3__dai|7027d69cc6,GEN:dualforce_dcg_w6:v3:neutral:both,display_transition_1,store/gens/032_dualforce_dcg_w6/03_neutral_v3__dai/videos/G-unseen-cross__dualforce_dcg_w6_neutral_v3__display_transition_1__ref_air_bending_1__s42.mp4,8,113,0.469097644224004,2.185158540091872,2.3100116109758533,0.8515290215663336
dualforce_dcg_w6|03_neutral_v3__dai|34ffde7496,GEN:dualforce_dcg_w6:v3:neutral:both,display_transition_1,store/gens/032_dualforce_dcg_w6/03_neutral_v3__dai/videos/G-unseen-cross__dualforce_dcg_w6_neutral_v3__display_transition_1__ref_air_bending_1__s43.mp4,8,113,0.5146951982929988,2.1319947805466786,2.087943922006973,0.7964543561950596
dualforce_dcg_w6|03_neutral_v3__dai|6b7b42ad72,GEN:dualforce_dcg_w6:v3:neutral:start,gas_transformation_7,store/gens/032_dualforce_dcg_w6/03_neutral_v3__dai/videos/G-unseen-cross__dualforce_dcg_w6_neutral_v3__gas_transformation_7__ref_mystification_0__s42.mp4,8,120,0.4485038343442924,0.7167106069000836,0.7350368821414605,0.81007555737721
dualforce_dcg_w6|03_neutral_v3__dai|d76bbed79c,GEN:dualforce_dcg_w6:v3:neutral:start,gas_transformation_7,store/gens/032_dualforce_dcg_w6/03_neutral_v3__dai/videos/G-unseen-cross__dualforce_dcg_w6_neutral_v3__gas_transformation_7__ref_mystification_0__s43.mp4,8,120,0.4619334283958212,0.727986468631619,0.7877165315288991,0.8188858284411471
dualforce_dcg_w6|03_neutral_v3__dai|5a54ccf29f,GEN:dualforce_dcg_w6:v3:neutral:both,hero_flight_6,store/gens/032_dualforce_dcg_w6/03_neutral_v3__dai/videos/G-unseen-cross__dualforce_dcg_w6_neutral_v3__hero_flight_6__ref_giant_grab_3__s42.mp4,8,113,0.640285722370846,0.7962239629970074,0.7199815005851389,0.715733254945292
dualforce_dcg_w6|03_neutral_v3__dai|ef67bf443c,GEN:dualforce_dcg_w6:v3:neutral:both,hero_flight_6,store/gens/032_dualforce_dcg_w6/03_neutral_v3__dai/videos/G-unseen-cross__dualforce_dcg_w6_neutral_v3__hero_flight_6__ref_giant_grab_3__s43.mp4,8,113,0.418854145235672,0.943107906276262,0.9764432069024116,0.7124452968224343
dualforce_dcg_w6|03_neutral_v3__dai|08991ffb3e,GEN:dualforce_dcg_w6:v3:neutral:start,earth_element_4,store/gens/032_dualforce_dcg_w6/03_neutral_v3__dai/videos/G-unseen-cross__dualforce_dcg_w6_neutral_v3__earth_element_4__ref_super_fast_run_3__s42.mp4,8,120,0.5023162587576158,0.5694854972189188,0.552727462650762,0.7266583560095261
dualforce_dcg_w6|03_neutral_v3__dai|1ba6c9b126,GEN:dualforce_dcg_w6:v3:neutral:start,earth_element_4,store/gens/032_dualforce_dcg_w6/03_neutral_v3__dai/videos/G-unseen-cross__dualforce_dcg_w6_neutral_v3__earth_element_4__ref_super_fast_run_3__s43.mp4,8,120,0.6248348394585179,0.4178982046456491,0.4295820256618124,0.7670820289444983
dualforce_dcg_w6|03_neutral_v3__dai|923862a3f2,GEN:dualforce_dcg_w6:v3:neutral:start,earth_element_6,store/gens/032_dualforce_dcg_w6/03_neutral_v3__dai/videos/G-unseen-cross__dualforce_dcg_w6_neutral_v3__earth_element_6__ref_color_rain_0__s43.mp4,8,120,0.5577033306394181,0.6514883887526384,0.6843123449890532,0.688510621384377
dualforce_dcg_w6|03_neutral_v3__dai|79e1730415,GEN:dualforce_dcg_w6:v3:neutral:start,cotton_cloud_0,store/gens/032_dualforce_dcg_w6/03_neutral_v3__dai/videos/G-unseen-cross__dualforce_dcg_w6_neutral_v3__cotton_cloud_0__ref_animalization_2__s42.mp4,8,120,0.5121458798670504,0.7107594809217792,0.7338885436804995,0.792412098832761
dualforce_dcg_w6|03_neutral_v3__dai|de41345692,GEN:dualforce_dcg_w6:v3:neutral:start,cotton_cloud_0,store/gens/032_dualforce_dcg_w6/03_neutral_v3__dai/videos/G-unseen-cross__dualforce_dcg_w6_neutral_v3__cotton_cloud_0__ref_animalization_2__s43.mp4,8,120,0.6033428078649496,0.6401295137209628,0.6502051703157443,0.8970804865847368
dualforce_dcg_w6|03_neutral_v3__dai|84004fe137,GEN:dualforce_dcg_w6:v3:neutral:start,cotton_cloud_0,store/gens/032_dualforce_dcg_w6/03_neutral_v3__dai/videos/G-unseen-cross__dualforce_dcg_w6_neutral_v3__cotton_cloud_0__ref_super_fast_run_0__s43.mp4,8,120,0.5208415130706869,0.5752659213905325,0.597697194785918,0.9587448487905984
dualforce_dcg_w6|03_neutral_v3__dai|4289ad134d,GEN:dualforce_dcg_w6:v3:neutral:start,illustration_scene_4,store/gens/032_dualforce_dcg_w6/03_neutral_v3__dai/videos/G-unseen-cross__dualforce_dcg_w6_neutral_v3__illustration_scene_4__ref_earth_element_6__s42.mp4,8,120,0.5257311695708495,0.7796696402972784,0.832686173580451,0.6077186307076342
dualforce_dcg_w6|03_neutral_v3__dai|269aea8ff6,GEN:dualforce_dcg_w6:v3:neutral:start,illustration_scene_4,store/gens/032_dualforce_dcg_w6/03_neutral_v3__dai/videos/G-unseen-cross__dualforce_dcg_w6_neutral_v3__illustration_scene_4__ref_earth_element_6__s43.mp4,8,120,0.5204640509444889,0.78323726795216,0.804103198015571,0.6514968509930569
dualforce_dcg_w6|03_neutral_v3__dai|172c5366d3,GEN:dualforce_dcg_w6:v3:neutral:start,illustration_scene_7,store/gens/032_dualforce_dcg_w6/03_neutral_v3__dai/videos/G-unseen-cross__dualforce_dcg_w6_neutral_v3__illustration_scene_7__ref_gas_transformation_6__s43.mp4,8,120,0.3715057162912956,0.4666102079420972,0.499573944113136,0.6601128324216291
dualforce_dcg_w6|03_neutral_v3__dai|cc8531f3d3,GEN:dualforce_dcg_w6:v3:neutral:both,earth_wave_5,store/gens/032_dualforce_dcg_w6/03_neutral_v3__dai/videos/G-unseen-cross__dualforce_dcg_w6_neutral_v3__earth_wave_5__ref_flame_transition_3__s42.mp4,8,113,0.5552008750323791,0.7057244603688524,0.7350845360940812,0.9120053749231718
dualforce_dcg_w6|03_neutral_v3__dai|c77e736d8e,GEN:dualforce_dcg_w6:v3:neutral:both,earth_wave_5,store/gens/032_dualforce_dcg_w6/03_neutral_v3__dai/videos/G-unseen-cross__dualforce_dcg_w6_neutral_v3__earth_wave_5__ref_flame_transition_3__s43.mp4,8,113,0.5494214737196179,0.7482104593711126,0.80274359319617,0.9120300456046138
dualforce_dcg_w6|03_neutral_v3__dai|9c93a5b440,GEN:dualforce_dcg_w6:v3:neutral:start,fire_element_2,store/gens/032_dualforce_dcg_w6/03_neutral_v3__dai/videos/G-unseen-cross__dualforce_dcg_w6_neutral_v3__fire_element_2__ref_color_rain_2__s42.mp4,8,120,0.4263869615292119,0.3748073748606742,0.4178685639163516,0.6369310262807442
dualforce_dcg_w6|03_neutral_v3__dai|40d35c3336,GEN:dualforce_dcg_w6:v3:neutral:start,fire_element_2,store/gens/032_dualforce_dcg_w6/03_neutral_v3__dai/videos/G-unseen-cross__dualforce_dcg_w6_neutral_v3__fire_element_2__ref_color_rain_2__s43.mp4,8,120,0.3294818140880007,0.3564252853869598,0.3202311808032885,0.6421603467475648
dualforce_dcg_w6|03_neutral_v3__dai|4bc62341cc,GEN:dualforce_dcg_w6:v3:neutral:both,firelava_4,store/gens/032_dualforce_dcg_w6/03_neutral_v3__dai/videos/G-unseen-cross__dualforce_dcg_w6_neutral_v3__firelava_4__ref_water_bending_3__s42.mp4,8,113,0.6006604175138295,0.6351160421395858,0.7447799945415048,0.951567681418868
dualforce_dcg_w6|03_neutral_v3__dai|9a7c79edb2,GEN:dualforce_dcg_w6:v3:neutral:both,firelava_4,store/gens/032_dualforce_dcg_w6/03_neutral_v3__dai/videos/G-unseen-cross__dualforce_dcg_w6_neutral_v3__firelava_4__ref_water_bending_3__s43.mp4,8,113,0.5115654788559585,0.6808908635377785,0.7952999995415119,0.9492160055109012
dualforce_dcg_w6|03_neutral_v3__dai|a0c09f2b6d,GEN:dualforce_dcg_w6:v3:neutral:start,gas_transformation_6,store/gens/032_dualforce_dcg_w6/03_neutral_v3__dai/videos/G-unseen-cross__dualforce_dcg_w6_neutral_v3__gas_transformation_6__ref_earth_element_4__s43.mp4,8,120,0.4857690101169181,0.7170490131650714,0.7661615293291643,0.5705591209721009
dualforce_dcg_w6|03_neutral_v3__dai|dcf11c1265,GEN:dualforce_dcg_w6:v3:neutral:start,live_concert_4,store/gens/032_dualforce_dcg_w6/03_neutral_v3__dai/videos/G-unseen-cross__dualforce_dcg_w6_neutral_v3__live_concert_4__ref_gas_transformation_7__s42.mp4,8,120,0.5506225087001426,0.5730863321795552,0.6343452862173556,0.9383363802062752
dualforce_dcg_w6|03_neutral_v3__dai|5a69e7b58d,GEN:dualforce_dcg_w6:v3:neutral:start,live_concert_4,store/gens/032_dualforce_dcg_w6/03_neutral_v3__dai/videos/G-unseen-cross__dualforce_dcg_w6_neutral_v3__live_concert_4__ref_gas_transformation_7__s43.mp4,8,120,0.6083010109031901,0.5672087175180925,0.6334963362386705,0.9058228053729778
dualforce_dcg_w6|03_neutral_v3__dai|de18228afe,GEN:dualforce_dcg_w6:v3:neutral:both,melt_transition_2,store/gens/032_dualforce_dcg_w6/03_neutral_v3__dai/videos/G-unseen-cross__dualforce_dcg_w6_neutral_v3__melt_transition_2__ref_shadow_smoke_0__s43.mp4,8,113,0.4512870630161425,0.8216182493837697,0.8634487669368524,0.7668024665047382
dualforce_dcg_w6|03_neutral_v3__dai|0b08e1a55a,GEN:dualforce_dcg_w6:v3:neutral:start,live_concert_0,store/gens/032_dualforce_dcg_w6/03_neutral_v3__dai/videos/G-unseen-cross__dualforce_dcg_w6_neutral_v3__live_concert_0__ref_gas_transformation_6__s43.mp4,8,120,0.6885528403349812,0.3977157435316497,0.4963993978972258,0.5179730307437941
dualforce_dcg_w6|03_neutral_v3__dai|fec4e8ac17,GEN:dualforce_dcg_w6:v3:neutral:start,live_concert_0,store/gens/032_dualforce_dcg_w6/03_neutral_v3__dai/videos/G-unseen-cross__dualforce_dcg_w6_neutral_v3__live_concert_0__ref_plasma_explosion_2__s42.mp4,8,120,0.4958111551311477,0.8263722115973369,0.9010313800439052,0.8032704204380595
dualforce_dcg_w6|03_neutral_v3__dai|87312bc890,GEN:dualforce_dcg_w6:v3:neutral:start,live_concert_0,store/gens/032_dualforce_dcg_w6/03_neutral_v3__dai/videos/G-unseen-cross__dualforce_dcg_w6_neutral_v3__live_concert_0__ref_plasma_explosion_2__s43.mp4,8,120,0.4229201062622285,1.0901054702828838,1.183200839485638,0.7752574210467851
dualforce_dcg_w6|03_neutral_v3__dai|601f635838,GEN:dualforce_dcg_w6:v3:neutral:start,fire_element_2,store/gens/032_dualforce_dcg_w6/03_neutral_v3__dai/videos/G-unseen-cross__dualforce_dcg_w6_neutral_v3__fire_element_2__ref_wireframe_0__s43.mp4,8,120,0.6411266320722804,0.3855645278513461,0.4226191084375247,1.533589746126898
dualforce_dcg_w6|03_neutral_v3__dai|1cfbb7f395,GEN:dualforce_dcg_w6:v3:neutral:both,firelava_4,store/gens/032_dualforce_dcg_w6/03_neutral_v3__dai/videos/G-unseen-cross__dualforce_dcg_w6_neutral_v3__firelava_4__ref_hero_flight_6__s42.mp4,8,113,0.9088899883398164,0.4871742281764594,0.6250661647575966,0.970398015578716
dualforce_dcg_w6|03_neutral_v3__dai|63e8c530d2,GEN:dualforce_dcg_w6:v3:neutral:both,firelava_4,store/gens/032_dualforce_dcg_w6/03_neutral_v3__dai/videos/G-unseen-cross__dualforce_dcg_w6_neutral_v3__firelava_4__ref_hero_flight_6__s43.mp4,8,113,0.8712552025692413,0.5378405638723297,0.7466912553369018,0.9640265082837056
dualforce_dcg_w6|03_neutral_v3__dai|dd13518e0a,GEN:dualforce_dcg_w6:v3:neutral:both,raven_transition_2,store/gens/032_dualforce_dcg_w6/03_neutral_v3__dai/videos/G-unseen-cross__dualforce_dcg_w6_neutral_v3__raven_transition_2__ref_shadow_smoke_0__s43.mp4,8,113,0.4630387420127066,0.6017927607411033,0.6509530421968441,1.0222868510656995
dualforce_dcg_w6|03_neutral_v3__dai|107a788130,GEN:dualforce_dcg_w6:v3:neutral:start,saint_glow_3,store/gens/032_dualforce_dcg_w6/03_neutral_v3__dai/videos/G-unseen-cross__dualforce_dcg_w6_neutral_v3__saint_glow_3__ref_polygon_4__s43.mp4,8,120,0.3948991623718265,0.4475026480094333,0.5303710002206757,0.8773073315394907
dualforce_dcg_w6|03_neutral_v3__dai|438e43547c,GEN:dualforce_dcg_w6:v3:neutral:start,portal_1,store/gens/032_dualforce_dcg_w6/03_neutral_v3__dai/videos/G-unseen-cross__dualforce_dcg_w6_neutral_v3__portal_1__ref_money_rain_3__s42.mp4,8,120,0.5185127207618256,0.6146190783546562,0.6563566112251425,0.6579510105996832
dualforce_dcg_w6|03_neutral_v3__dai|3640b45b3f,GEN:dualforce_dcg_w6:v3:neutral:start,portal_1,store/gens/032_dualforce_dcg_w6/03_neutral_v3__dai/videos/G-unseen-cross__dualforce_dcg_w6_neutral_v3__portal_1__ref_money_rain_3__s43.mp4,8,120,0.4909499296442947,0.5730008691395726,0.6231563073755773,0.6698883578987818
dualforce_dcg_w6|03_neutral_v3__dai|2380566526,GEN:dualforce_dcg_w6:v3:neutral:start,portal_4,store/gens/032_dualforce_dcg_w6/03_neutral_v3__dai/videos/G-unseen-cross__dualforce_dcg_w6_neutral_v3__portal_4__ref_polygon_4__s43.mp4,8,120,0.6062420327625055,0.6522081716426495,0.7600099018515722,0.6866711386621085
dualforce_dcg_w6|03_neutral_v3__dai|b55e2eb170,GEN:dualforce_dcg_w6:v3:neutral:start,polygon_4,store/gens/032_dualforce_dcg_w6/03_neutral_v3__dai/videos/G-unseen-cross__dualforce_dcg_w6_neutral_v3__polygon_4__ref_money_rain_1__s43.mp4,8,120,0.4934137605824615,0.6645877843374847,0.70022563984875,0.5290089377403371
dualforce_dcg_w6|03_neutral_v3__dai|f83478f6f0,GEN:dualforce_dcg_w6:v3:neutral:start,polygon_8,store/gens/032_dualforce_dcg_w6/03_neutral_v3__dai/videos/G-unseen-cross__dualforce_dcg_w6_neutral_v3__polygon_8__ref_money_rain_1__s43.mp4,8,120,0.6088103715282549,0.7557298703856267,0.7902718855919114,0.4253786715142358
dualforce_dcg_w6|03_neutral_v3__dai|cd00e33f65,GEN:dualforce_dcg_w6:v3:neutral:start,shadow_10,store/gens/032_dualforce_dcg_w6/03_neutral_v3__dai/videos/G-unseen-cross__dualforce_dcg_w6_neutral_v3__shadow_10__ref_polygon_8__s42.mp4,8,120,0.5017810720727418,0.6530981497714187,0.7170031752160223,0.5529773689782209
dualforce_dcg_w6|03_neutral_v3__dai|72d6ab77d4,GEN:dualforce_dcg_w6:v3:neutral:start,shadow_10,store/gens/032_dualforce_dcg_w6/03_neutral_v3__dai/videos/G-unseen-cross__dualforce_dcg_w6_neutral_v3__shadow_10__ref_polygon_8__s43.mp4,8,120,0.7813195767218215,0.4183950531578423,0.460412015760535,0.7008815217721628
dualforce_dcg_w6|03_neutral_v3__dai|822d67b26b,GEN:dualforce_dcg_w6:v3:neutral:start,shadow_3,store/gens/032_dualforce_dcg_w6/03_neutral_v3__dai/videos/G-unseen-cross__dualforce_dcg_w6_neutral_v3__shadow_3__ref_portal_1__s43.mp4,8,120,0.4475096270327718,0.8399080832889817,0.9329127664284708,0.9757771594345304
dualforce_dcg_w6|03_neutral_v3__dai|0e317ce00f,GEN:dualforce_dcg_w6:v3:neutral:start,super_fast_run_0,store/gens/032_dualforce_dcg_w6/03_neutral_v3__dai/videos/G-unseen-cross__dualforce_dcg_w6_neutral_v3__super_fast_run_0__ref_portal_1__s43.mp4,8,120,0.6185190303725085,1.6030177975842244,1.7847698318805454,0.4355282689589877
dualforce_dcg_w6|03_neutral_v3__dai|e76556fe1c,GEN:dualforce_dcg_w6:v3:neutral:start,super_fast_run_3,store/gens/032_dualforce_dcg_w6/03_neutral_v3__dai/videos/G-unseen-cross__dualforce_dcg_w6_neutral_v3__super_fast_run_3__ref_portal_4__s42.mp4,8,120,0.5914177425218579,1.6095098296960384,1.661734651170368,0.8202919084321687
dualforce_dcg_w6|03_neutral_v3__dai|a664b94a75,GEN:dualforce_dcg_w6:v3:neutral:start,super_fast_run_3,store/gens/032_dualforce_dcg_w6/03_neutral_v3__dai/videos/G-unseen-cross__dualforce_dcg_w6_neutral_v3__super_fast_run_3__ref_portal_4__s43.mp4,8,120,0.5534408632190437,1.281369318440986,1.3279039350194073,0.8647457750673204
dualforce_dcg_w6|03_neutral_v3__dai|4f33985456,GEN:dualforce_dcg_w6:v3:neutral:start,money_rain_1,store/gens/032_dualforce_dcg_w6/03_neutral_v3__dai/videos/G-unseen-cross__dualforce_dcg_w6_neutral_v3__money_rain_1__ref_water_element_4__s42.mp4,8,120,0.4592602822392404,0.793782725272223,0.768236708875667,0.6714494044590185
dualforce_dcg_w6|03_neutral_v3__dai|98e2b004f2,GEN:dualforce_dcg_w6:v3:neutral:start,money_rain_1,store/gens/032_dualforce_dcg_w6/03_neutral_v3__dai/videos/G-unseen-cross__dualforce_dcg_w6_neutral_v3__money_rain_1__ref_water_element_4__s43.mp4,8,120,0.4156160344702941,1.0407827390889848,1.1253982515837917,0.6104945569258825
dualforce_dcg_w6|03_neutral_v3__dai|a92e11cf66,GEN:dualforce_dcg_w6:v3:neutral:start,monstrosity_0,store/gens/032_dualforce_dcg_w6/03_neutral_v3__dai/videos/G-unseen-cross__dualforce_dcg_w6_neutral_v3__monstrosity_0__ref_illustration_scene_4__s43.mp4,8,120,0.6674909763068926,0.669225286874645,0.7184712089741716,0.7515395465974753
dualforce_dcg_w6|03_neutral_v3__dai|698e8ccc57,GEN:dualforce_dcg_w6:v3:neutral:start,mystification_0,store/gens/032_dualforce_dcg_w6/03_neutral_v3__dai/videos/G-unseen-cross__dualforce_dcg_w6_neutral_v3__mystification_0__ref_illustration_scene_4__s43.mp4,8,120,0.6594065384512746,0.6748105555332746,0.7887689054535001,0.6296940140044125
dualforce_dcg_w6|03_neutral_v3__dai|9f5f6fb0a5,GEN:dualforce_dcg_w6:v3:neutral:start,plasma_explosion_2,store/gens/032_dualforce_dcg_w6/03_neutral_v3__dai/videos/G-unseen-cross__dualforce_dcg_w6_neutral_v3__plasma_explosion_2__ref_illustration_scene_7__s42.mp4,8,120,0.6095020945226528,0.6601133225660676,0.5707805512388311,0.799142421208123
dualforce_dcg_w6|03_neutral_v3__dai|5825874971,GEN:dualforce_dcg_w6:v3:neutral:start,plasma_explosion_2,store/gens/032_dualforce_dcg_w6/03_neutral_v3__dai/videos/G-unseen-cross__dualforce_dcg_w6_neutral_v3__plasma_explosion_2__ref_illustration_scene_7__s43.mp4,8,120,0.6532128447732366,0.4594143355048097,0.4892806344034749,0.8548339202383181
dualforce_dcg_w6|03_neutral_v3__dai|2e572bd2b8,GEN:dualforce_dcg_w6:v3:neutral:start,wireframe_0,store/gens/032_dualforce_dcg_w6/03_neutral_v3__dai/videos/G-unseen-cross__dualforce_dcg_w6_neutral_v3__wireframe_0__ref_shadow_10__s43.mp4,8,120,0.3512587217585161,0.4041516407526919,0.4473355408434861,1.073626408868139
dualforce_dcg_w6|03_neutral_v3__dai|afef6142bd,GEN:dualforce_dcg_w6:v3:neutral:start,wireframe_7,store/gens/032_dualforce_dcg_w6/03_neutral_v3__dai/videos/G-unseen-cross__dualforce_dcg_w6_neutral_v3__wireframe_7__ref_shadow_3__s42.mp4,8,120,0.3873378220094272,0.4122458428829323,0.4249519713903089,0.8432912060850802
dualforce_dcg_w6|03_neutral_v3__dai|764cb91f35,GEN:dualforce_dcg_w6:v3:neutral:start,wireframe_7,store/gens/032_dualforce_dcg_w6/03_neutral_v3__dai/videos/G-unseen-cross__dualforce_dcg_w6_neutral_v3__wireframe_7__ref_shadow_3__s43.mp4,8,120,0.3997566469925011,0.4244610959570762,0.4414587757419794,0.8641228287939617
dualforce_dcg_w6|03_neutral_v3__dai|ce8be94162,GEN:dualforce_dcg_w6:v3:neutral:both,water_bending_3,store/gens/032_dualforce_dcg_w6/03_neutral_v3__dai/videos/G-unseen-cross__dualforce_dcg_w6_neutral_v3__water_bending_3__ref_shadow_smoke_7__s42.mp4,8,113,0.5193673151522806,0.7884794764110412,0.8699461478055404,0.7038673760788181
dualforce_dcg_w6|03_neutral_v3__dai|d75d024aec,GEN:dualforce_dcg_w6:v3:neutral:both,water_bending_3,store/gens/032_dualforce_dcg_w6/03_neutral_v3__dai/videos/G-unseen-cross__dualforce_dcg_w6_neutral_v3__water_bending_3__ref_shadow_smoke_7__s43.mp4,8,113,0.5537150851324031,0.8200291741024309,0.9052579033127908,0.7042503769159313
dualforce_dcg_w6|03_neutral_v3__dai|243b80751c,GEN:dualforce_dcg_w6:v3:neutral:start,water_element_4,store/gens/032_dualforce_dcg_w6/03_neutral_v3__dai/videos/G-unseen-cross__dualforce_dcg_w6_neutral_v3__water_element_4__ref_shadow_10__s43.mp4,8,120,0.4104405312322015,0.3414831994431506,0.3697329759876989,0.5961252403210056
dualforce_dcg_w6|03_neutral_v3__dai|e8694d9304,GEN:dualforce_dcg_w6:v3:neutral:start,color_rain_0,store/gens/032_dualforce_dcg_w6/03_neutral_v3__dai/videos/G-unseen-same__dualforce_dcg_w6_neutral_v3__color_rain_0__ref_color_rain_2__s42.mp4,8,120,0.5156654735755826,0.3679537750829703,0.4304426983558496,0.4449819380065374
dualforce_dcg_w6|03_neutral_v3__dai|d2dedd5b3a,GEN:dualforce_dcg_w6:v3:neutral:start,color_rain_0,store/gens/032_dualforce_dcg_w6/03_neutral_v3__dai/videos/G-unseen-same__dualforce_dcg_w6_neutral_v3__color_rain_0__ref_color_rain_2__s43.mp4,8,120,0.4415069684650987,0.4396618316812778,0.4892363419598989,0.4990578513865017
dualforce_dcg_w6|03_neutral_v3__dai|00385069d4,GEN:dualforce_dcg_w6:v3:neutral:start,color_rain_2,store/gens/032_dualforce_dcg_w6/03_neutral_v3__dai/videos/G-unseen-same__dualforce_dcg_w6_neutral_v3__color_rain_2__ref_color_rain_0__s43.mp4,8,120,0.612351469236549,0.4291744862711343,0.4920286540577678,0.749653040909652
dualforce_dcg_w6|03_neutral_v3__dai|bd1247ed91,GEN:dualforce_dcg_w6:v3:neutral:start,animalization_0,store/gens/032_dualforce_dcg_w6/03_neutral_v3__dai/videos/G-unseen-same__dualforce_dcg_w6_neutral_v3__animalization_0__ref_animalization_2__s42.mp4,8,120,0.4578344267590686,0.6918091152833469,0.7427498967589994,0.900058223144881
dualforce_dcg_w6|03_neutral_v3__dai|e93aac0235,GEN:dualforce_dcg_w6:v3:neutral:start,animalization_0,store/gens/032_dualforce_dcg_w6/03_neutral_v3__dai/videos/G-unseen-same__dualforce_dcg_w6_neutral_v3__animalization_0__ref_animalization_2__s43.mp4,8,120,0.4969740443848198,0.6334717800469457,0.7034362938938931,0.9312469475920496
dualforce_dcg_w6|03_neutral_v3__dai|e6d99e645a,GEN:dualforce_dcg_w6:v3:neutral:start,animalization_2,store/gens/032_dualforce_dcg_w6/03_neutral_v3__dai/videos/G-unseen-same__dualforce_dcg_w6_neutral_v3__animalization_2__ref_animalization_0__s43.mp4,8,120,0.5016945014023477,0.8233296206304228,0.8394292667914777,0.3392642832007271
dualforce_dcg_w6|03_neutral_v3__dai|087f58adf9,GEN:dualforce_dcg_w6:v3:neutral:start,earth_element_4,store/gens/032_dualforce_dcg_w6/03_neutral_v3__dai/videos/G-unseen-same__dualforce_dcg_w6_neutral_v3__earth_element_4__ref_earth_element_6__s42.mp4,8,120,0.4532694556787522,0.6214692117094495,0.6677266646689267,0.5650993697579813
dualforce_dcg_w6|03_neutral_v3__dai|1545e4702e,GEN:dualforce_dcg_w6:v3:neutral:start,earth_element_4,store/gens/032_dualforce_dcg_w6/03_neutral_v3__dai/videos/G-unseen-same__dualforce_dcg_w6_neutral_v3__earth_element_4__ref_earth_element_6__s43.mp4,8,120,0.5250929982414092,0.6450820967234722,0.7127360606577443,0.621659145425194
dualforce_dcg_w6|03_neutral_v3__dai|2b9bca1699,GEN:dualforce_dcg_w6:v3:neutral:start,earth_element_6,store/gens/032_dualforce_dcg_w6/03_neutral_v3__dai/videos/G-unseen-same__dualforce_dcg_w6_neutral_v3__earth_element_6__ref_earth_element_4__s43.mp4,8,120,0.4497448699206441,0.6945128025162143,0.7367267017131272,0.7263739498959203
dualforce_dcg_w6|03_neutral_v3__dai|4ac5012a7f,GEN:dualforce_dcg_w6:v3:neutral:both,earth_wave_5,store/gens/032_dualforce_dcg_w6/03_neutral_v3__dai/videos/G-unseen-same__dualforce_dcg_w6_neutral_v3__earth_wave_5__ref_earth_wave_3__s42.mp4,8,113,0.4685268901869517,0.6644018911381605,0.7068490828215669,0.9140328824995868
dualforce_dcg_w6|03_neutral_v3__dai|07f666019b,GEN:dualforce_dcg_w6:v3:neutral:both,earth_wave_5,store/gens/032_dualforce_dcg_w6/03_neutral_v3__dai/videos/G-unseen-same__dualforce_dcg_w6_neutral_v3__earth_wave_5__ref_earth_wave_3__s43.mp4,8,113,0.496368689549076,0.648592195292422,0.7145117479828744,0.9150138232761962
dualforce_dcg_w6|03_neutral_v3__dai|6b3e0f9cce,GEN:dualforce_dcg_w6:v3:neutral:start,fire_element_3,store/gens/032_dualforce_dcg_w6/03_neutral_v3__dai/videos/G-unseen-same__dualforce_dcg_w6_neutral_v3__fire_element_3__ref_fire_element_2__s42.mp4,8,120,0.4528814450212559,0.559875902078292,0.6027051752155597,0.9323732574479812
dualforce_dcg_w6|03_neutral_v3__dai|37dfa5736d,GEN:dualforce_dcg_w6:v3:neutral:start,fire_element_3,store/gens/032_dualforce_dcg_w6/03_neutral_v3__dai/videos/G-unseen-same__dualforce_dcg_w6_neutral_v3__fire_element_3__ref_fire_element_2__s43.mp4,8,120,0.4036985722196782,0.6665743282744654,0.6952818497864636,0.7875753393923459
dualforce_dcg_w6|03_neutral_v3__dai|b1719ee42c,GEN:dualforce_dcg_w6:v3:neutral:both,flame_transition_2,store/gens/032_dualforce_dcg_w6/03_neutral_v3__dai/videos/G-unseen-same__dualforce_dcg_w6_neutral_v3__flame_transition_2__ref_flame_transition_3__s42.mp4,8,113,0.5276906480332335,1.0327906841707244,0.9892843935068124,0.585937577863388
dualforce_dcg_w6|03_neutral_v3__dai|a6add4b55e,GEN:dualforce_dcg_w6:v3:neutral:both,flame_transition_2,store/gens/032_dualforce_dcg_w6/03_neutral_v3__dai/videos/G-unseen-same__dualforce_dcg_w6_neutral_v3__flame_transition_2__ref_flame_transition_3__s43.mp4,8,113,0.6120887604829979,0.995631079774696,0.9216278155565092,0.5856475504764185
dualforce_dcg_w6|03_neutral_v3__dai|c292b58196,GEN:dualforce_dcg_w6:v3:neutral:both,flame_transition_3,store/gens/032_dualforce_dcg_w6/03_neutral_v3__dai/videos/G-unseen-same__dualforce_dcg_w6_neutral_v3__flame_transition_3__ref_flame_transition_2__s42.mp4,8,113,0.5675948895127954,0.909662737719402,1.0097250403228832,0.7058687248991475
dualforce_dcg_w6|03_neutral_v3__dai|9b8d159cf5,GEN:dualforce_dcg_w6:v3:neutral:both,flame_transition_3,store/gens/032_dualforce_dcg_w6/03_neutral_v3__dai/videos/G-unseen-same__dualforce_dcg_w6_neutral_v3__flame_transition_3__ref_flame_transition_2__s43.mp4,8,113,0.5346961938645274,0.8294370487385373,0.873879387611489,0.70936834892052
dualforce_dcg_w6|03_neutral_v3__dai|0d053d6744,GEN:dualforce_dcg_w6:v3:neutral:start,gas_transformation_6,store/gens/032_dualforce_dcg_w6/03_neutral_v3__dai/videos/G-unseen-same__dualforce_dcg_w6_neutral_v3__gas_transformation_6__ref_gas_transformation_7__s42.mp4,8,120,0.5451306197596575,0.4954371736640365,0.5536345765896947,0.3764366369442274
dualforce_dcg_w6|03_neutral_v3__dai|a45106ff8a,GEN:dualforce_dcg_w6:v3:neutral:start,gas_transformation_6,store/gens/032_dualforce_dcg_w6/03_neutral_v3__dai/videos/G-unseen-same__dualforce_dcg_w6_neutral_v3__gas_transformation_6__ref_gas_transformation_7__s43.mp4,8,120,0.5154921189326909,0.5781167377386248,0.6832617927520913,0.372069202098801
dualforce_dcg_w6|03_neutral_v3__dai|936a2cf307,GEN:dualforce_dcg_w6:v3:neutral:start,gas_transformation_7,store/gens/032_dualforce_dcg_w6/03_neutral_v3__dai/videos/G-unseen-same__dualforce_dcg_w6_neutral_v3__gas_transformation_7__ref_gas_transformation_6__s43.mp4,8,120,0.6284089062615104,0.359702359921438,0.3115409421988002,0.8780098319026348
dualforce_dcg_w6|03_neutral_v3__dai|7dee9d65c1,GEN:dualforce_dcg_w6:v3:neutral:both,hero_flight_6,store/gens/032_dualforce_dcg_w6/03_neutral_v3__dai/videos/G-unseen-same__dualforce_dcg_w6_neutral_v3__hero_flight_6__ref_hero_flight_5__s43.mp4,8,113,0.6687810553369264,0.8026031831741094,0.946775536551922,0.7206822834056538
dualforce_dcg_w6|03_neutral_v3__dai|63593f2a77,GEN:dualforce_dcg_w6:v3:neutral:start,illustration_scene_4,store/gens/032_dualforce_dcg_w6/03_neutral_v3__dai/videos/G-unseen-same__dualforce_dcg_w6_neutral_v3__illustration_scene_4__ref_illustration_scene_7__s42.mp4,8,120,0.6768130159689862,0.7891540777449434,0.6968103825479386,0.6107859593533851
dualforce_dcg_w6|03_neutral_v3__dai|a659b54e5f,GEN:dualforce_dcg_w6:v3:neutral:start,illustration_scene_4,store/gens/032_dualforce_dcg_w6/03_neutral_v3__dai/videos/G-unseen-same__dualforce_dcg_w6_neutral_v3__illustration_scene_4__ref_illustration_scene_7__s43.mp4,8,120,0.7431647579158323,0.7054502845211957,0.8731391858751993,0.6743306004624227
dualforce_dcg_w6|03_neutral_v3__dai|506385533c,GEN:dualforce_dcg_w6:v3:neutral:both,giant_grab_5,store/gens/032_dualforce_dcg_w6/03_neutral_v3__dai/videos/G-unseen-same__dualforce_dcg_w6_neutral_v3__giant_grab_5__ref_giant_grab_3__s42.mp4,8,113,0.4055861576112307,0.8086804718291487,0.8437680435628778,0.4909620362775381
dualforce_dcg_w6|03_neutral_v3__dai|dbe1336752,GEN:dualforce_dcg_w6:v3:neutral:both,giant_grab_5,store/gens/032_dualforce_dcg_w6/03_neutral_v3__dai/videos/G-unseen-same__dualforce_dcg_w6_neutral_v3__giant_grab_5__ref_giant_grab_3__s43.mp4,8,113,0.5817280757930283,1.085557105333528,1.3085618493133713,0.4943005879821346
dualforce_dcg_w6|03_neutral_v3__dai|b3b1998f67,GEN:dualforce_dcg_w6:v3:neutral:both,hero_flight_5,store/gens/032_dualforce_dcg_w6/03_neutral_v3__dai/videos/G-unseen-same__dualforce_dcg_w6_neutral_v3__hero_flight_5__ref_hero_flight_6__s42.mp4,8,113,0.6073847233522367,0.6904079678362737,0.6445937149210348,0.6773492632068049
dualforce_dcg_w6|03_neutral_v3__dai|02143ecb07,GEN:dualforce_dcg_w6:v3:neutral:both,hero_flight_5,store/gens/032_dualforce_dcg_w6/03_neutral_v3__dai/videos/G-unseen-same__dualforce_dcg_w6_neutral_v3__hero_flight_5__ref_hero_flight_6__s43.mp4,8,113,0.6943199645519529,0.7599052920775734,0.8657030632671274,0.6763158499746486
dualforce_dcg_w6|03_neutral_v3__dai|6c049226f7,GEN:dualforce_dcg_w6:v3:neutral:start,illustration_scene_7,store/gens/032_dualforce_dcg_w6/03_neutral_v3__dai/videos/G-unseen-same__dualforce_dcg_w6_neutral_v3__illustration_scene_7__ref_illustration_scene_4__s43.mp4,8,120,0.6257694543275556,0.4172022394591203,0.5171620708646605,0.97015699423728
dualforce_dcg_w6|03_neutral_v3__dai|4c6870aaae,GEN:dualforce_dcg_w6:v3:neutral:start,money_rain_1,store/gens/032_dualforce_dcg_w6/03_neutral_v3__dai/videos/G-unseen-same__dualforce_dcg_w6_neutral_v3__money_rain_1__ref_money_rain_3__s42.mp4,8,120,0.4576662117378416,0.5887637246109652,0.6664389694943431,0.6804432869653201
dualforce_dcg_w6|03_neutral_v3__dai|a9e9032443,GEN:dualforce_dcg_w6:v3:neutral:start,money_rain_1,store/gens/032_dualforce_dcg_w6/03_neutral_v3__dai/videos/G-unseen-same__dualforce_dcg_w6_neutral_v3__money_rain_1__ref_money_rain_3__s43.mp4,8,120,0.3947419455885028,0.6759522598549266,0.7401559826177044,0.6248501115277479
dualforce_dcg_w6|03_neutral_v3__dai|5b3481806b,GEN:dualforce_dcg_w6:v3:neutral:start,money_rain_3,store/gens/032_dualforce_dcg_w6/03_neutral_v3__dai/videos/G-unseen-same__dualforce_dcg_w6_neutral_v3__money_rain_3__ref_money_rain_1__s43.mp4,8,120,0.511911957919631,0.6010794053214659,0.6593213593178934,0.5080735506557343
dualforce_dcg_w6|03_neutral_v3__dai|89f3b1cf54,GEN:dualforce_dcg_w6:v3:neutral:start,mystification_1,store/gens/032_dualforce_dcg_w6/03_neutral_v3__dai/videos/G-unseen-same__dualforce_dcg_w6_neutral_v3__mystification_1__ref_mystification_0__s42.mp4,8,120,0.4263012757466364,0.4358299550726468,0.5109230319454394,0.4827660313820265
dualforce_dcg_w6|03_neutral_v3__dai|d842371412,GEN:dualforce_dcg_w6:v3:neutral:start,mystification_1,store/gens/032_dualforce_dcg_w6/03_neutral_v3__dai/videos/G-unseen-same__dualforce_dcg_w6_neutral_v3__mystification_1__ref_mystification_0__s43.mp4,8,120,0.3741556270079336,0.4167506429799299,0.5033388635581757,0.4915661322417015
dualforce_dcg_w6|03_neutral_v3__dai|fd963ba5b6,GEN:dualforce_dcg_w6:v3:neutral:start,shadow_10,store/gens/032_dualforce_dcg_w6/03_neutral_v3__dai/videos/G-unseen-same__dualforce_dcg_w6_neutral_v3__shadow_10__ref_shadow_3__s42.mp4,8,120,0.4091438502581421,0.3944622363548033,0.4290401065660587,1.0393277956405562
dualforce_dcg_w6|03_neutral_v3__dai|7d862606be,GEN:dualforce_dcg_w6:v3:neutral:start,shadow_10,store/gens/032_dualforce_dcg_w6/03_neutral_v3__dai/videos/G-unseen-same__dualforce_dcg_w6_neutral_v3__shadow_10__ref_shadow_3__s43.mp4,8,120,0.4048647482860075,0.4075685494101207,0.4429147804329369,1.0080337104785648
dualforce_dcg_w6|03_neutral_v3__dai|89294f0201,GEN:dualforce_dcg_w6:v3:neutral:start,shadow_3,store/gens/032_dualforce_dcg_w6/03_neutral_v3__dai/videos/G-unseen-same__dualforce_dcg_w6_neutral_v3__shadow_3__ref_shadow_10__s43.mp4,8,120,0.5033645303609444,0.449118799490028,0.4729841791637021,1.0119171347752134
dualforce_dcg_w6|03_neutral_v3__dai|959e92d116,GEN:dualforce_dcg_w6:v3:neutral:start,plasma_explosion_3,store/gens/032_dualforce_dcg_w6/03_neutral_v3__dai/videos/G-unseen-same__dualforce_dcg_w6_neutral_v3__plasma_explosion_3__ref_plasma_explosion_2__s42.mp4,8,120,0.465029524071314,1.2131332614228625,1.3604590596169188,0.6457494239216945
dualforce_dcg_w6|03_neutral_v3__dai|744c969195,GEN:dualforce_dcg_w6:v3:neutral:start,plasma_explosion_3,store/gens/032_dualforce_dcg_w6/03_neutral_v3__dai/videos/G-unseen-same__dualforce_dcg_w6_neutral_v3__plasma_explosion_3__ref_plasma_explosion_2__s43.mp4,8,120,0.4585580329197207,1.1936227225888172,1.2791615281260924,0.7086928865997423
dualforce_dcg_w6|03_neutral_v3__dai|8c3a69a65c,GEN:dualforce_dcg_w6:v3:neutral:start,polygon_8,store/gens/032_dualforce_dcg_w6/03_neutral_v3__dai/videos/G-unseen-same__dualforce_dcg_w6_neutral_v3__polygon_8__ref_polygon_4__s43.mp4,8,120,0.543316075756263,0.5136908871787592,0.5512316740159942,0.5698015709233268
dualforce_dcg_w6|03_neutral_v3__dai|676e0c42d3,GEN:dualforce_dcg_w6:v3:neutral:start,portal_1,store/gens/032_dualforce_dcg_w6/03_neutral_v3__dai/videos/G-unseen-same__dualforce_dcg_w6_neutral_v3__portal_1__ref_portal_4__s42.mp4,8,120,0.5472075999049331,0.953608148960656,0.9730098586497504,0.7716588473273656
dualforce_dcg_w6|03_neutral_v3__dai|d940eb4311,GEN:dualforce_dcg_w6:v3:neutral:start,portal_1,store/gens/032_dualforce_dcg_w6/03_neutral_v3__dai/videos/G-unseen-same__dualforce_dcg_w6_neutral_v3__portal_1__ref_portal_4__s43.mp4,8,120,0.5542786158328308,0.9230955514159014,0.9559485580038236,0.7804144274722523
dualforce_dcg_w6|03_neutral_v3__dai|41831e9fa8,GEN:dualforce_dcg_w6:v3:neutral:start,portal_4,store/gens/032_dualforce_dcg_w6/03_neutral_v3__dai/videos/G-unseen-same__dualforce_dcg_w6_neutral_v3__portal_4__ref_portal_1__s43.mp4,8,120,0.5226148985477166,1.4954625471353762,1.5207677965797308,1.0854954676405566
dualforce_dcg_w6|03_neutral_v3__dai|d41ea0f3d0,GEN:dualforce_dcg_w6:v3:neutral:start,wireframe_7,store/gens/032_dualforce_dcg_w6/03_neutral_v3__dai/videos/G-unseen-same__dualforce_dcg_w6_neutral_v3__wireframe_7__ref_wireframe_0__s43.mp4,8,120,0.6572622620418629,0.550135662556084,0.6173336196195492,1.215158795262283
dualforce_dcg_w6|03_neutral_v3__dai|3c83290238,GEN:dualforce_dcg_w6:v3:neutral:both,air_bending_1,store/gens/032_dualforce_dcg_w6/03_neutral_v3__dai/videos/G-zs-cross__dualforce_dcg_w6_neutral_v3__air_bending_1__ref_firelava_1__s42.mp4,8,113,0.51911032762669,1.2619848205003985,1.428315165236087,1.0819563662084153
dualforce_dcg_w6|03_neutral_v3__dai|6f7ba96f40,GEN:dualforce_dcg_w6:v3:neutral:both,air_bending_1,store/gens/032_dualforce_dcg_w6/03_neutral_v3__dai/videos/G-zs-cross__dualforce_dcg_w6_neutral_v3__air_bending_1__ref_firelava_1__s43.mp4,8,113,0.544875088354644,1.2144508926854298,1.2532166654206858,1.0784576020732757
dualforce_dcg_w6|03_neutral_v3__dai|c4a2d4d602,GEN:dualforce_dcg_w6:v3:neutral:both,shadow_smoke_0,store/gens/032_dualforce_dcg_w6/03_neutral_v3__dai/videos/G-unseen-same__dualforce_dcg_w6_neutral_v3__shadow_smoke_0__ref_shadow_smoke_7__s42.mp4,8,113,0.4849960506463635,0.9852933605384422,1.0570884431098264,0.557364543530102
dualforce_dcg_w6|03_neutral_v3__dai|866d38d3d3,GEN:dualforce_dcg_w6:v3:neutral:both,shadow_smoke_0,store/gens/032_dualforce_dcg_w6/03_neutral_v3__dai/videos/G-unseen-same__dualforce_dcg_w6_neutral_v3__shadow_smoke_0__ref_shadow_smoke_7__s43.mp4,8,113,0.4494202593994718,1.0018851079557505,1.0112059696675508,0.5524387504179902
dualforce_dcg_w6|03_neutral_v3__dai|a5c5aa3764,GEN:dualforce_dcg_w6:v3:neutral:both,shadow_smoke_7,store/gens/032_dualforce_dcg_w6/03_neutral_v3__dai/videos/G-unseen-same__dualforce_dcg_w6_neutral_v3__shadow_smoke_7__ref_shadow_smoke_0__s43.mp4,8,113,0.4392101259673413,0.7545959969465674,0.8489722991089876,0.9218198405382784
dualforce_dcg_w6|03_neutral_v3__dai|25c7b93510,GEN:dualforce_dcg_w6:v3:neutral:start,animalization_0,store/gens/032_dualforce_dcg_w6/03_neutral_v3__dai/videos/G-zs-cross__dualforce_dcg_w6_neutral_v3__animalization_0__ref_cotton_cloud_1__s43.mp4,8,120,0.3696619002792889,0.488389059926923,0.5197871401448422,0.8369763474718453
dualforce_dcg_w6|03_neutral_v3__dai|2e0b5112ed,GEN:dualforce_dcg_w6:v3:neutral:start,animalization_2,store/gens/032_dualforce_dcg_w6/03_neutral_v3__dai/videos/G-zs-cross__dualforce_dcg_w6_neutral_v3__animalization_2__ref_acid_1__s42.mp4,8,120,0.5034951154462783,0.5894203720274019,0.6394352049091587,0.3383627610985076
dualforce_dcg_w6|03_neutral_v3__dai|7eb023a435,GEN:dualforce_dcg_w6:v3:neutral:start,animalization_2,store/gens/032_dualforce_dcg_w6/03_neutral_v3__dai/videos/G-zs-cross__dualforce_dcg_w6_neutral_v3__animalization_2__ref_acid_1__s43.mp4,8,120,0.4648672753174354,0.5550971278187661,0.6310098181818712,0.4453222777799835
dualforce_dcg_w6|03_neutral_v3__dai|a37e3f564d,GEN:dualforce_dcg_w6:v3:neutral:both,air_bending_1,store/gens/032_dualforce_dcg_w6/03_neutral_v3__dai/videos/G-zs-cross__dualforce_dcg_w6_neutral_v3__air_bending_1__ref_raven_transition_0__s43.mp4,8,113,0.5231490579369766,0.7887360639737226,0.7163867508070758,1.0888040371396166
dualforce_dcg_w6|03_neutral_v3__dai|8deaa5180f,GEN:dualforce_dcg_w6:v3:neutral:start,animalization_0,store/gens/032_dualforce_dcg_w6/03_neutral_v3__dai/videos/G-zs-cross__dualforce_dcg_w6_neutral_v3__animalization_0__ref_acid_0__s42.mp4,8,120,0.467200140489701,0.5784839376838052,0.6415839196446137,0.6803092218558681
dualforce_dcg_w6|03_neutral_v3__dai|58339993f9,GEN:dualforce_dcg_w6:v3:neutral:start,animalization_0,store/gens/032_dualforce_dcg_w6/03_neutral_v3__dai/videos/G-zs-cross__dualforce_dcg_w6_neutral_v3__animalization_0__ref_acid_0__s43.mp4,8,120,0.7164213169829192,0.6790129329512118,0.720144606104303,0.6075477506714344
dualforce_dcg_w6|03_neutral_v3__dai|db7fb3f9c4,GEN:dualforce_dcg_w6:v3:neutral:start,color_rain_0,store/gens/032_dualforce_dcg_w6/03_neutral_v3__dai/videos/G-zs-cross__dualforce_dcg_w6_neutral_v3__color_rain_0__ref_cotton_cloud_2__s42.mp4,8,120,0.4659758384391217,0.5332546107063663,0.5785531604442881,0.6110224489288016
dualforce_dcg_w6|03_neutral_v3__dai|552429123b,GEN:dualforce_dcg_w6:v3:neutral:start,color_rain_0,store/gens/032_dualforce_dcg_w6/03_neutral_v3__dai/videos/G-zs-cross__dualforce_dcg_w6_neutral_v3__color_rain_0__ref_cotton_cloud_2__s43.mp4,8,120,0.5499108197140523,0.7452959011882294,0.8168031614870311,0.6290524384784207
dualforce_dcg_w6|03_neutral_v3__dai|db1169e785,GEN:dualforce_dcg_w6:v3:neutral:start,color_rain_0,store/gens/032_dualforce_dcg_w6/03_neutral_v3__dai/videos/G-zs-cross__dualforce_dcg_w6_neutral_v3__color_rain_0__ref_saint_glow_0__s43.mp4,8,120,0.5660298676136637,0.6184912270283447,0.6771391999521451,0.4016451925829916
dualforce_dcg_w6|03_neutral_v3__dai|1b9a3a6391,GEN:dualforce_dcg_w6:v3:neutral:start,super_fast_run_0,store/gens/032_dualforce_dcg_w6/03_neutral_v3__dai/videos/G-unseen-same__dualforce_dcg_w6_neutral_v3__super_fast_run_0__ref_super_fast_run_3__s42.mp4,8,120,0.4846536270664068,0.5142191153760107,0.5496011566235915,0.8172258564748334
dualforce_dcg_w6|03_neutral_v3__dai|f4227c1f9a,GEN:dualforce_dcg_w6:v3:neutral:start,super_fast_run_0,store/gens/032_dualforce_dcg_w6/03_neutral_v3__dai/videos/G-unseen-same__dualforce_dcg_w6_neutral_v3__super_fast_run_0__ref_super_fast_run_3__s43.mp4,8,120,0.4875349416558097,0.5436684784071358,0.620842979658194,0.7806025679658695
dualforce_dcg_w6|03_neutral_v3__dai|c678ac9217,GEN:dualforce_dcg_w6:v3:neutral:start,super_fast_run_3,store/gens/032_dualforce_dcg_w6/03_neutral_v3__dai/videos/G-unseen-same__dualforce_dcg_w6_neutral_v3__super_fast_run_3__ref_super_fast_run_0__s43.mp4,8,120,0.4481958518840168,0.5297462491221828,0.5532561157866007,1.0727394884919186
dualforce_dcg_w6|03_neutral_v3__dai|04bcd78fa3,GEN:dualforce_dcg_w6:v3:neutral:start,animalization_2,store/gens/032_dualforce_dcg_w6/03_neutral_v3__dai/videos/G-zs-cross__dualforce_dcg_w6_neutral_v3__animalization_2__ref_cotton_cloud_1__s43.mp4,8,120,0.4749064394899469,0.5111553103893137,0.5685030749471042,0.6628456299697736
dualforce_dcg_w6|03_neutral_v3__dai|e3617dd73d,GEN:dualforce_dcg_w6:v3:neutral:start,animalization_2,store/gens/032_dualforce_dcg_w6/03_neutral_v3__dai/videos/G-zs-cross__dualforce_dcg_w6_neutral_v3__animalization_2__ref_saint_glow_0__s43.mp4,8,120,0.5383994643226431,0.6259019212375104,0.6207563011106871,0.3816555273550246
dualforce_dcg_w6|03_neutral_v3__dai|4f43191bef,GEN:dualforce_dcg_w6:v3:neutral:start,water_element_3,store/gens/032_dualforce_dcg_w6/03_neutral_v3__dai/videos/G-unseen-same__dualforce_dcg_w6_neutral_v3__water_element_3__ref_water_element_4__s42.mp4,8,120,0.5357734162911401,0.5864518426308992,0.6941821199284764,0.3723481364543137
dualforce_dcg_w6|03_neutral_v3__dai|8cad47aece,GEN:dualforce_dcg_w6:v3:neutral:start,water_element_3,store/gens/032_dualforce_dcg_w6/03_neutral_v3__dai/videos/G-unseen-same__dualforce_dcg_w6_neutral_v3__water_element_3__ref_water_element_4__s43.mp4,8,120,0.4361931837556956,0.7257226681201925,0.8386709898364886,0.2833628450820142
dualforce_dcg_w6|03_neutral_v3__dai|29397012a6,GEN:dualforce_dcg_w6:v3:neutral:start,wireframe_0,store/gens/032_dualforce_dcg_w6/03_neutral_v3__dai/videos/G-unseen-same__dualforce_dcg_w6_neutral_v3__wireframe_0__ref_wireframe_7__s42.mp4,8,120,0.6720878686222895,0.2168003524090123,0.2195042909083695,1.3646857238926886
dualforce_dcg_w6|03_neutral_v3__dai|cbfdef34b5,GEN:dualforce_dcg_w6:v3:neutral:start,wireframe_0,store/gens/032_dualforce_dcg_w6/03_neutral_v3__dai/videos/G-unseen-same__dualforce_dcg_w6_neutral_v3__wireframe_0__ref_wireframe_7__s43.mp4,8,120,0.752255006454273,0.176619503074882,0.1581556351338644,1.4214413964589578
dualforce_dcg_w6|03_neutral_v3__dai|4de6a50950,GEN:dualforce_dcg_w6:v3:neutral:start,color_rain_2,store/gens/032_dualforce_dcg_w6/03_neutral_v3__dai/videos/G-zs-cross__dualforce_dcg_w6_neutral_v3__color_rain_2__ref_explosion_0__s42.mp4,8,120,0.503606526567209,0.9157122291136764,0.9621407677988868,0.4763621708427485
dualforce_dcg_w6|03_neutral_v3__dai|02e56a6f7c,GEN:dualforce_dcg_w6:v3:neutral:start,color_rain_2,store/gens/032_dualforce_dcg_w6/03_neutral_v3__dai/videos/G-zs-cross__dualforce_dcg_w6_neutral_v3__color_rain_2__ref_explosion_0__s43.mp4,8,120,0.5126131047396112,1.043958383961071,1.1879349903210166,0.4533529835589562
dualforce_dcg_w6|03_neutral_v3__dai|1dce60288b,GEN:dualforce_dcg_w6:v3:neutral:start,color_rain_2,store/gens/032_dualforce_dcg_w6/03_neutral_v3__dai/videos/G-zs-cross__dualforce_dcg_w6_neutral_v3__color_rain_2__ref_saint_glow_1__s42.mp4,8,120,0.5543422719560342,0.5035190661616978,0.5518356803496702,0.4149059354168798
dualforce_dcg_w6|03_neutral_v3__dai|6bc8a8a341,GEN:dualforce_dcg_w6:v3:neutral:start,color_rain_2,store/gens/032_dualforce_dcg_w6/03_neutral_v3__dai/videos/G-zs-cross__dualforce_dcg_w6_neutral_v3__color_rain_2__ref_saint_glow_1__s43.mp4,8,120,0.6190734533193543,0.5712326075495621,0.5968918140832756,0.3849121351913246
dualforce_dcg_w6|03_neutral_v3__dai|eaab9f048d,GEN:dualforce_dcg_w6:v3:neutral:both,earth_wave_3,store/gens/032_dualforce_dcg_w6/03_neutral_v3__dai/videos/G-zs-cross__dualforce_dcg_w6_neutral_v3__earth_wave_3__ref_raven_transition_0__s43.mp4,8,113,0.4356905338995127,1.0558230913884792,1.2132471630137658,0.7670694428334875
dualforce_dcg_w6|03_neutral_v3__dai|578e2f395b,GEN:dualforce_dcg_w6:v3:neutral:start,fire_element_2,store/gens/032_dualforce_dcg_w6/03_neutral_v3__dai/videos/G-zs-cross__dualforce_dcg_w6_neutral_v3__fire_element_2__ref_glitch_0__s42.mp4,8,120,0.4660597076234938,0.510992206970285,0.5116811401007015,0.3335214119987991
dualforce_dcg_w6|03_neutral_v3__dai|d9ccfd615b,GEN:dualforce_dcg_w6:v3:neutral:start,fire_element_2,store/gens/032_dualforce_dcg_w6/03_neutral_v3__dai/videos/G-zs-cross__dualforce_dcg_w6_neutral_v3__fire_element_2__ref_glitch_0__s43.mp4,8,120,0.5016919269781008,0.5055011290032836,0.524891601733898,0.3997501142211515
dualforce_dcg_w6|03_neutral_v3__dai|5df760b3b0,GEN:dualforce_dcg_w6:v3:neutral:both,giant_grab_3,store/gens/032_dualforce_dcg_w6/03_neutral_v3__dai/videos/G-zs-cross__dualforce_dcg_w6_neutral_v3__giant_grab_3__ref_flying_cam_transition_1__s43.mp4,8,113,0.5367274382780483,1.186090243981363,0.9861019171100937,0.3384430485186023
dualforce_dcg_w6|03_neutral_v3__dai|821215502e,GEN:dualforce_dcg_w6:v3:neutral:both,giant_grab_3,store/gens/032_dualforce_dcg_w6/03_neutral_v3__dai/videos/G-zs-cross__dualforce_dcg_w6_neutral_v3__giant_grab_3__ref_melt_transition_1__s43.mp4,8,113,0.5168563970437938,1.2097114947087662,0.9938893848884132,0.3348948724801919
dualforce_dcg_w6|03_neutral_v3__dai|140e0bc385,GEN:dualforce_dcg_w6:v3:neutral:start,earth_element_4,store/gens/032_dualforce_dcg_w6/03_neutral_v3__dai/videos/G-zs-cross__dualforce_dcg_w6_neutral_v3__earth_element_4__ref_explosion_1__s42.mp4,8,120,0.5516057229232099,0.3636041504471982,0.3960531045361335,0.6745715186163076
dualforce_dcg_w6|03_neutral_v3__dai|403864baf5,GEN:dualforce_dcg_w6:v3:neutral:start,earth_element_4,store/gens/032_dualforce_dcg_w6/03_neutral_v3__dai/videos/G-zs-cross__dualforce_dcg_w6_neutral_v3__earth_element_4__ref_explosion_1__s43.mp4,8,120,0.5255983693460662,0.4877576089731232,0.5123350356268185,0.6743614333850357
dualforce_dcg_w6|03_neutral_v3__dai|d5f7d637fd,GEN:dualforce_dcg_w6:v3:neutral:both,earth_wave_3,store/gens/032_dualforce_dcg_w6/03_neutral_v3__dai/videos/G-zs-cross__dualforce_dcg_w6_neutral_v3__earth_wave_3__ref_flying_cam_transition_1__s43.mp4,8,113,0.5054934079915288,0.9082376346361012,0.8899415771556249,0.7738575924252269
dualforce_dcg_w6|03_neutral_v3__dai|c61faff039,GEN:dualforce_dcg_w6:v3:neutral:start,fire_element_3,store/gens/032_dualforce_dcg_w6/03_neutral_v3__dai/videos/G-zs-cross__dualforce_dcg_w6_neutral_v3__fire_element_3__ref_glitch_1__s42.mp4,8,120,0.355397386740421,0.8439009825723852,0.8779455460890101,0.6906095739320461
dualforce_dcg_w6|03_neutral_v3__dai|d38e1efc54,GEN:dualforce_dcg_w6:v3:neutral:start,fire_element_3,store/gens/032_dualforce_dcg_w6/03_neutral_v3__dai/videos/G-zs-cross__dualforce_dcg_w6_neutral_v3__fire_element_3__ref_glitch_1__s43.mp4,8,120,0.6350439204161824,0.4763199593241852,0.5007856809436179,0.7490318079717586
dualforce_dcg_w6|03_neutral_v3__dai|9a910bed1d,GEN:dualforce_dcg_w6:v3:neutral:start,gas_transformation_7,store/gens/032_dualforce_dcg_w6/03_neutral_v3__dai/videos/G-zs-cross__dualforce_dcg_w6_neutral_v3__gas_transformation_7__ref_northern_lights_0__s42.mp4,8,120,0.4389285355738974,0.5546657281047092,0.6852830472819477,0.652716746394471
dualforce_dcg_w6|03_neutral_v3__dai|565180fd27,GEN:dualforce_dcg_w6:v3:neutral:start,gas_transformation_7,store/gens/032_dualforce_dcg_w6/03_neutral_v3__dai/videos/G-zs-cross__dualforce_dcg_w6_neutral_v3__gas_transformation_7__ref_northern_lights_0__s43.mp4,8,120,0.4571444088342953,0.4539537758997896,0.5437661874500573,0.7881812786409496
dualforce_dcg_w6|03_neutral_v3__dai|3513c6fb37,GEN:dualforce_dcg_w6:v3:neutral:both,hero_flight_5,store/gens/032_dualforce_dcg_w6/03_neutral_v3__dai/videos/G-zs-cross__dualforce_dcg_w6_neutral_v3__hero_flight_5__ref_flying_cam_transition_2__s42.mp4,8,113,0.5657054586308607,0.721016032438005,0.7690167884197359,0.6824839532942641
dualforce_dcg_w6|03_neutral_v3__dai|3f8d05971a,GEN:dualforce_dcg_w6:v3:neutral:both,hero_flight_5,store/gens/032_dualforce_dcg_w6/03_neutral_v3__dai/videos/G-zs-cross__dualforce_dcg_w6_neutral_v3__hero_flight_5__ref_flying_cam_transition_2__s43.mp4,8,113,0.6353925980559763,0.7772208327270042,0.8422131425993052,0.679688383685318
dualforce_dcg_w6|03_neutral_v3__dai|a1e9c22299,GEN:dualforce_dcg_w6:v3:neutral:both,hero_flight_5,store/gens/032_dualforce_dcg_w6/03_neutral_v3__dai/videos/G-zs-cross__dualforce_dcg_w6_neutral_v3__hero_flight_5__ref_melt_transition_1__s43.mp4,8,113,0.442650429915707,0.8000198723266622,0.8791887966994704,0.6785544448645063
dualforce_dcg_w6|03_neutral_v3__dai|d6314e748f,GEN:dualforce_dcg_w6:v3:neutral:both,giant_grab_3,store/gens/032_dualforce_dcg_w6/03_neutral_v3__dai/videos/G-zs-cross__dualforce_dcg_w6_neutral_v3__giant_grab_3__ref_raven_transition_1__s42.mp4,8,113,0.5412794345999321,1.080391941739722,1.114534513624149,0.3407571359549201
dualforce_dcg_w6|03_neutral_v3__dai|c22ed46407,GEN:dualforce_dcg_w6:v3:neutral:both,giant_grab_3,store/gens/032_dualforce_dcg_w6/03_neutral_v3__dai/videos/G-zs-cross__dualforce_dcg_w6_neutral_v3__giant_grab_3__ref_raven_transition_1__s43.mp4,8,113,0.6123594694584806,1.0640389498481222,1.055296710205449,0.3420940183492995
dualforce_dcg_w6|03_neutral_v3__dai|c3b3b1c61a,GEN:dualforce_dcg_w6:v3:neutral:both,hero_flight_5,store/gens/032_dualforce_dcg_w6/03_neutral_v3__dai/videos/G-zs-cross__dualforce_dcg_w6_neutral_v3__hero_flight_5__ref_display_transition_1__s43.mp4,8,113,0.5120384189719194,0.8646813729834018,0.9618492878246776,0.6753130956554739
dualforce_dcg_w6|03_neutral_v3__dai|65cc35966b,GEN:dualforce_dcg_w6:v3:neutral:both,hero_flight_6,store/gens/032_dualforce_dcg_w6/03_neutral_v3__dai/videos/G-zs-cross__dualforce_dcg_w6_neutral_v3__hero_flight_6__ref_display_transition_1__s43.mp4,8,113,0.4277047476932538,0.8407849249324986,0.8893850186944294,0.7151330937148624
dualforce_dcg_w6|03_neutral_v3__dai|ce71a69ad0,GEN:dualforce_dcg_w6:v3:neutral:both,hero_flight_6,store/gens/032_dualforce_dcg_w6/03_neutral_v3__dai/videos/G-zs-cross__dualforce_dcg_w6_neutral_v3__hero_flight_6__ref_melt_transition_3__s42.mp4,8,113,0.4570127083613171,0.7061280457783976,0.7208078977996532,0.7205388634870195
dualforce_dcg_w6|03_neutral_v3__dai|2fa137f9cb,GEN:dualforce_dcg_w6:v3:neutral:both,hero_flight_6,store/gens/032_dualforce_dcg_w6/03_neutral_v3__dai/videos/G-zs-cross__dualforce_dcg_w6_neutral_v3__hero_flight_6__ref_melt_transition_3__s43.mp4,8,113,0.5123260449055633,0.8124229737323135,0.8272822878759767,0.714518827571963
dualforce_dcg_w6|03_neutral_v3__dai|fb5805ad24,GEN:dualforce_dcg_w6:v3:neutral:start,mystification_0,store/gens/032_dualforce_dcg_w6/03_neutral_v3__dai/videos/G-zs-cross__dualforce_dcg_w6_neutral_v3__mystification_0__ref_live_concert_1__s43.mp4,8,120,0.5832337773069545,0.6061991057190059,0.582820351739696,0.9558252046221958
dualforce_dcg_w6|03_neutral_v3__dai|066da3be4c,GEN:dualforce_dcg_w6:v3:neutral:start,mystification_1,store/gens/032_dualforce_dcg_w6/03_neutral_v3__dai/videos/G-zs-cross__dualforce_dcg_w6_neutral_v3__mystification_1__ref_train_rush_0__s42.mp4,8,120,0.5242939273959069,0.5239797105778096,0.5216171919574235,0.1632494699383412
dualforce_dcg_w6|03_neutral_v3__dai|7e2291e889,GEN:dualforce_dcg_w6:v3:neutral:start,mystification_1,store/gens/032_dualforce_dcg_w6/03_neutral_v3__dai/videos/G-zs-cross__dualforce_dcg_w6_neutral_v3__mystification_1__ref_train_rush_0__s43.mp4,8,120,0.4015659013441088,5.362715563056026,5.752273882231199,0.0915464692678713
dualforce_dcg_w6|03_neutral_v3__dai|316a0e1bb6,GEN:dualforce_dcg_w6:v3:neutral:start,illustration_scene_4,store/gens/032_dualforce_dcg_w6/03_neutral_v3__dai/videos/G-zs-cross__dualforce_dcg_w6_neutral_v3__illustration_scene_4__ref_northern_lights_1__s42.mp4,8,120,0.596530745485295,0.4992580193778919,0.5552746367448428,0.6006987758584037
dualforce_dcg_w6|03_neutral_v3__dai|e6eec57cb3,GEN:dualforce_dcg_w6:v3:neutral:start,illustration_scene_4,store/gens/032_dualforce_dcg_w6/03_neutral_v3__dai/videos/G-zs-cross__dualforce_dcg_w6_neutral_v3__illustration_scene_4__ref_northern_lights_1__s43.mp4,8,120,0.4216592523537199,0.5918533960577236,0.6728698021834919,0.6756436457479676
dualforce_dcg_w6|03_neutral_v3__dai|284ea017aa,GEN:dualforce_dcg_w6:v3:neutral:start,money_rain_1,store/gens/032_dualforce_dcg_w6/03_neutral_v3__dai/videos/G-zs-cross__dualforce_dcg_w6_neutral_v3__money_rain_1__ref_point_cloud_0__s42.mp4,8,120,0.4593783184526785,0.3928674560529164,0.4467610783482608,0.5851030247980175
dualforce_dcg_w6|03_neutral_v3__dai|49b912b107,GEN:dualforce_dcg_w6:v3:neutral:start,money_rain_1,store/gens/032_dualforce_dcg_w6/03_neutral_v3__dai/videos/G-zs-cross__dualforce_dcg_w6_neutral_v3__money_rain_1__ref_point_cloud_0__s43.mp4,8,120,0.6794890996909706,1.0891502759920964,1.1423405987307096,0.5796751462915158
dualforce_dcg_w6|03_neutral_v3__dai|7525a3ef77,GEN:dualforce_dcg_w6:v3:neutral:start,money_rain_3,store/gens/032_dualforce_dcg_w6/03_neutral_v3__dai/videos/G-zs-cross__dualforce_dcg_w6_neutral_v3__money_rain_3__ref_live_concert_1__s43.mp4,8,120,0.4375098947903748,0.5281090744431778,0.4774947598353464,1.0289170906287093
dualforce_dcg_w6|03_neutral_v3__dai|700e3c7d29,GEN:dualforce_dcg_w6:v3:neutral:start,money_rain_3,store/gens/032_dualforce_dcg_w6/03_neutral_v3__dai/videos/G-zs-cross__dualforce_dcg_w6_neutral_v3__money_rain_3__ref_point_cloud_1__s42.mp4,8,120,0.5354547178371856,0.7190743355041731,0.761734710902057,0.5639662319633238
dualforce_dcg_w6|03_neutral_v3__dai|eeecd56708,GEN:dualforce_dcg_w6:v3:neutral:start,money_rain_3,store/gens/032_dualforce_dcg_w6/03_neutral_v3__dai/videos/G-zs-cross__dualforce_dcg_w6_neutral_v3__money_rain_3__ref_point_cloud_1__s43.mp4,8,120,0.8714479707496043,0.433950922430136,0.4887594663032458,0.555704751267764
dualforce_dcg_w6|03_neutral_v3__dai|55b60f818d,GEN:dualforce_dcg_w6:v3:neutral:start,polygon_8,store/gens/032_dualforce_dcg_w6/03_neutral_v3__dai/videos/G-zs-cross__dualforce_dcg_w6_neutral_v3__polygon_8__ref_luminous_gaze_0__s43.mp4,8,120,0.5908653369014887,0.2909361950283844,0.2925745585420158,1.2855517673094072
dualforce_dcg_w6|03_neutral_v3__dai|808b7b0a3f,GEN:dualforce_dcg_w6:v3:neutral:start,polygon_8,store/gens/032_dualforce_dcg_w6/03_neutral_v3__dai/videos/G-zs-cross__dualforce_dcg_w6_neutral_v3__polygon_8__ref_x_ray_1__s42.mp4,8,120,0.7248212041793951,0.4227134620726731,0.4504203119342971,0.555653128039431
dualforce_dcg_w6|03_neutral_v3__dai|a3423a49f4,GEN:dualforce_dcg_w6:v3:neutral:start,polygon_8,store/gens/032_dualforce_dcg_w6/03_neutral_v3__dai/videos/G-zs-cross__dualforce_dcg_w6_neutral_v3__polygon_8__ref_x_ray_1__s43.mp4,8,120,0.6755668426259169,0.4194091948036231,0.493849898794074,0.5259404763343264
dualforce_dcg_w6|03_neutral_v3__dai|0edc64c2a7,GEN:dualforce_dcg_w6:v3:neutral:both,shadow_smoke_7,store/gens/032_dualforce_dcg_w6/03_neutral_v3__dai/videos/G-zs-cross__dualforce_dcg_w6_neutral_v3__shadow_smoke_7__ref_firelava_0__s43.mp4,8,113,0.4595846492074147,1.0276134283212426,1.204548654232399,0.9202411615964956
dualforce_dcg_w6|03_neutral_v3__dai|d64c592b3e,GEN:dualforce_dcg_w6:v3:neutral:start,super_fast_run_0,store/gens/032_dualforce_dcg_w6/03_neutral_v3__dai/videos/G-zs-cross__dualforce_dcg_w6_neutral_v3__super_fast_run_0__ref_monstrosity_0__s43.mp4,8,120,0.380837236398809,0.6497628092858879,0.7454366342234378,0.566116577044715
dualforce_dcg_w6|03_neutral_v3__dai|91a02e87aa,GEN:dualforce_dcg_w6:v3:neutral:start,plasma_explosion_2,store/gens/032_dualforce_dcg_w6/03_neutral_v3__dai/videos/G-zs-cross__dualforce_dcg_w6_neutral_v3__plasma_explosion_2__ref_live_concert_3__s42.mp4,8,120,0.5589255283244039,0.8129555978467126,0.7889387496671146,0.7113590888700522
dualforce_dcg_w6|03_neutral_v3__dai|5c76a1eada,GEN:dualforce_dcg_w6:v3:neutral:start,plasma_explosion_2,store/gens/032_dualforce_dcg_w6/03_neutral_v3__dai/videos/G-zs-cross__dualforce_dcg_w6_neutral_v3__plasma_explosion_2__ref_live_concert_3__s43.mp4,8,120,0.4875002022260513,0.7484554412340205,0.7595932117356125,0.8461364102928639
dualforce_dcg_w6|03_neutral_v3__dai|a3ce862238,GEN:dualforce_dcg_w6:v3:neutral:start,plasma_explosion_2,store/gens/032_dualforce_dcg_w6/03_neutral_v3__dai/videos/G-zs-cross__dualforce_dcg_w6_neutral_v3__plasma_explosion_2__ref_train_rush_1__s42.mp4,8,120,0.4920267351996621,0.4589833378616677,0.5095904684592406,0.7275553911395661
dualforce_dcg_w6|03_neutral_v3__dai|d4b7162edb,GEN:dualforce_dcg_w6:v3:neutral:start,plasma_explosion_2,store/gens/032_dualforce_dcg_w6/03_neutral_v3__dai/videos/G-zs-cross__dualforce_dcg_w6_neutral_v3__plasma_explosion_2__ref_train_rush_1__s43.mp4,8,120,0.4684256175080019,0.5566285919021682,0.5867044056445924,0.8002506888897803
dualforce_dcg_w6|03_neutral_v3__dai|c29c4299a2,GEN:dualforce_dcg_w6:v3:neutral:start,polygon_4,store/gens/032_dualforce_dcg_w6/03_neutral_v3__dai/videos/G-zs-cross__dualforce_dcg_w6_neutral_v3__polygon_4__ref_luminous_gaze_0__s43.mp4,8,120,0.4516636622873458,0.5189522304855773,0.5712356048898787,0.9752790520984784
dualforce_dcg_w6|03_neutral_v3__dai|daf7183364,GEN:dualforce_dcg_w6:v3:neutral:start,polygon_4,store/gens/032_dualforce_dcg_w6/03_neutral_v3__dai/videos/G-zs-cross__dualforce_dcg_w6_neutral_v3__polygon_4__ref_x_ray_0__s42.mp4,8,120,0.3572490482085473,0.5610751805615548,0.53118414645257,0.5785873813523937
dualforce_dcg_w6|03_neutral_v3__dai|68751e96be,GEN:dualforce_dcg_w6:v3:neutral:start,polygon_4,store/gens/032_dualforce_dcg_w6/03_neutral_v3__dai/videos/G-zs-cross__dualforce_dcg_w6_neutral_v3__polygon_4__ref_x_ray_0__s43.mp4,8,120,0.4331621062860737,0.5503725078108912,0.5368005488507952,0.5877563916395833
dualforce_dcg_w6|03_neutral_v3__dai|34bb00c372,GEN:dualforce_dcg_w6:v3:neutral:start,super_fast_run_3,store/gens/032_dualforce_dcg_w6/03_neutral_v3__dai/videos/G-zs-cross__dualforce_dcg_w6_neutral_v3__super_fast_run_3__ref_monstrosity_0__s43.mp4,8,120,0.4664625282523256,0.7229149486390133,0.8124137937737715,0.8137063950899799
dualforce_dcg_w6|03_neutral_v3__dai|c95329ddb9,GEN:dualforce_dcg_w6:v3:neutral:both,water_bending_3,store/gens/032_dualforce_dcg_w6/03_neutral_v3__dai/videos/G-zs-cross__dualforce_dcg_w6_neutral_v3__water_bending_3__ref_firelava_0__s43.mp4,8,113,0.4033625842189796,0.9547561253157972,1.070868001816911,0.6971685480625432
dualforce_dcg_w6|03_neutral_v3__dai|1825784654,GEN:dualforce_dcg_w6:v3:neutral:start,portal_1,store/gens/032_dualforce_dcg_w6/03_neutral_v3__dai/videos/G-zs-cross__dualforce_dcg_w6_neutral_v3__portal_1__ref_luminous_gaze_1__s42.mp4,8,120,0.4834060519371175,0.6229808736109534,0.6100840846220209,1.0468140374110682
dualforce_dcg_w6|03_neutral_v3__dai|ca61974bd8,GEN:dualforce_dcg_w6:v3:neutral:start,portal_1,store/gens/032_dualforce_dcg_w6/03_neutral_v3__dai/videos/G-zs-cross__dualforce_dcg_w6_neutral_v3__portal_1__ref_luminous_gaze_1__s43.mp4,8,120,0.5264333417745217,0.6838206368653961,0.7358266867803978,0.8230636517604665
dualforce_dcg_w6|03_neutral_v3__dai|58b4ba0a47,GEN:dualforce_dcg_w6:v3:neutral:both,shadow_smoke_0,store/gens/032_dualforce_dcg_w6/03_neutral_v3__dai/videos/G-zs-cross__dualforce_dcg_w6_neutral_v3__shadow_smoke_0__ref_display_transition_2__s42.mp4,8,113,0.460671620761742,0.8435524915821009,0.8454983460813364,0.5574791002589797
dualforce_dcg_w6|03_neutral_v3__dai|38943782bb,GEN:dualforce_dcg_w6:v3:neutral:both,shadow_smoke_0,store/gens/032_dualforce_dcg_w6/03_neutral_v3__dai/videos/G-zs-cross__dualforce_dcg_w6_neutral_v3__shadow_smoke_0__ref_display_transition_2__s43.mp4,8,113,0.5001935899535075,0.7785748729945989,0.8094525025253778,0.5562053846229221
dualforce_dcg_w6|03_neutral_v3__dai|bfcd8c026b,GEN:dualforce_dcg_w6:v3:neutral:start,water_element_4,store/gens/032_dualforce_dcg_w6/03_neutral_v3__dai/videos/G-zs-cross__dualforce_dcg_w6_neutral_v3__water_element_4__ref_monstrosity_1__s42.mp4,8,120,0.3501386780297391,0.4669860042815587,0.5019275945567907,0.7158624025522733
dualforce_dcg_w6|03_neutral_v3__dai|634f54baea,GEN:dualforce_dcg_w6:v3:neutral:start,water_element_4,store/gens/032_dualforce_dcg_w6/03_neutral_v3__dai/videos/G-zs-cross__dualforce_dcg_w6_neutral_v3__water_element_4__ref_monstrosity_1__s43.mp4,8,120,0.3227075154612921,0.479576583360549,0.5423444099119527,0.7145075468833894
dualforce_dcg_w6|03_neutral_v3__dai|efa02583a6,GEN:dualforce_dcg_w6:v3:neutral:start,acid_0,store/gens/032_dualforce_dcg_w6/03_neutral_v3__dai/videos/G-zs-same__dualforce_dcg_w6_neutral_v3__acid_0__ref_acid_1__s42.mp4,8,120,0.3470524444345171,0.5154845949478661,0.5638953524009036,0.8249238877804485
dualforce_dcg_w6|03_neutral_v3__dai|665d21e763,GEN:dualforce_dcg_w6:v3:neutral:start,acid_0,store/gens/032_dualforce_dcg_w6/03_neutral_v3__dai/videos/G-zs-same__dualforce_dcg_w6_neutral_v3__acid_0__ref_acid_1__s43.mp4,8,120,0.3142449981650497,0.4880404004436837,0.5333011022719709,0.8149154037123783
dualforce_dcg_w6|03_neutral_v3__dai|fb3a7ec10f,GEN:dualforce_dcg_w6:v3:neutral:start,cotton_cloud_0,store/gens/032_dualforce_dcg_w6/03_neutral_v3__dai/videos/G-zs-same__dualforce_dcg_w6_neutral_v3__cotton_cloud_0__ref_cotton_cloud_2__s42.mp4,8,120,0.2773624615249326,0.3074483289009648,0.3158806842730142,0.9434958532594392
dualforce_dcg_w6|03_neutral_v3__dai|e7eeb32f97,GEN:dualforce_dcg_w6:v3:neutral:start,cotton_cloud_0,store/gens/032_dualforce_dcg_w6/03_neutral_v3__dai/videos/G-zs-same__dualforce_dcg_w6_neutral_v3__cotton_cloud_0__ref_cotton_cloud_2__s43.mp4,8,120,0.2828148742411274,0.3106807838656964,0.356190242231075,0.929264376323616
dualforce_dcg_w6|03_neutral_v3__dai|4bf2c8eab0,GEN:dualforce_dcg_w6:v3:neutral:both,display_transition_1,store/gens/032_dualforce_dcg_w6/03_neutral_v3__dai/videos/G-zs-same__dualforce_dcg_w6_neutral_v3__display_transition_1__ref_display_transition_2__s42.mp4,8,113,0.480438086926571,1.30338841165929,1.1540588941755463,0.8558897182644941
dualforce_dcg_w6|03_neutral_v3__dai|1abc4eec9f,GEN:dualforce_dcg_w6:v3:neutral:both,display_transition_1,store/gens/032_dualforce_dcg_w6/03_neutral_v3__dai/videos/G-zs-same__dualforce_dcg_w6_neutral_v3__display_transition_1__ref_display_transition_2__s43.mp4,8,113,0.3664855544213075,1.0183457779365188,1.1253305217276488,0.8095255757183747
dualforce_dcg_w6|03_neutral_v3__dai|3ad457c085,GEN:dualforce_dcg_w6:v3:neutral:both,firelava_4,store/gens/032_dualforce_dcg_w6/03_neutral_v3__dai/videos/G-zs-same__dualforce_dcg_w6_neutral_v3__firelava_4__ref_firelava_0__s43.mp4,8,113,0.5574312355344109,0.7169844632237132,0.8446531416464611,0.9553364457209688
dualforce_dcg_w6|03_neutral_v3__dai|accfc2b26b,GEN:dualforce_dcg_w6:v3:neutral:both,firelava_4,store/gens/032_dualforce_dcg_w6/03_neutral_v3__dai/videos/G-zs-same__dualforce_dcg_w6_neutral_v3__firelava_4__ref_firelava_1__s42.mp4,8,113,0.6021867978564208,0.6614651543090297,0.7434173114762432,0.9543189397559924
dualforce_dcg_w6|03_neutral_v3__dai|a200079b35,GEN:dualforce_dcg_w6:v3:neutral:both,firelava_4,store/gens/032_dualforce_dcg_w6/03_neutral_v3__dai/videos/G-zs-same__dualforce_dcg_w6_neutral_v3__firelava_4__ref_firelava_1__s43.mp4,8,113,0.5543975629879092,0.7103768980887466,0.7862751963720258,0.9536741648432436
dualforce_dcg_w6|03_neutral_v3__dai|24698f0e9d,GEN:dualforce_dcg_w6:v3:neutral:start,acid_1,store/gens/032_dualforce_dcg_w6/03_neutral_v3__dai/videos/G-zs-same__dualforce_dcg_w6_neutral_v3__acid_1__ref_acid_0__s42.mp4,8,120,0.4425689110817756,0.6649140897612572,0.7527457355501799,0.7304523814584863
dualforce_dcg_w6|03_neutral_v3__dai|9e56a345dc,GEN:dualforce_dcg_w6:v3:neutral:start,acid_1,store/gens/032_dualforce_dcg_w6/03_neutral_v3__dai/videos/G-zs-same__dualforce_dcg_w6_neutral_v3__acid_1__ref_acid_0__s43.mp4,8,120,0.389023177812781,0.6614493489276521,0.7219291944499932,0.80843140569376
dualforce_dcg_w6|03_neutral_v3__dai|2e94c5bf21,GEN:dualforce_dcg_w6:v3:neutral:start,cotton_cloud_0,store/gens/032_dualforce_dcg_w6/03_neutral_v3__dai/videos/G-zs-same__dualforce_dcg_w6_neutral_v3__cotton_cloud_0__ref_cotton_cloud_1__s43.mp4,8,120,0.4984079231189087,0.2480430463857119,0.1876006667239693,0.9175098258131242
dualforce_dcg_w6|03_neutral_v3__dai|8301f02512,GEN:dualforce_dcg_w6:v3:neutral:both,flying_cam_transition_4,store/gens/032_dualforce_dcg_w6/03_neutral_v3__dai/videos/G-zs-same__dualforce_dcg_w6_neutral_v3__flying_cam_transition_4__ref_flying_cam_transition_1__s43.mp4,8,113,0.5251078426608302,1.0920735911140973,1.2999633602474503,1.1217847798474525
dualforce_dcg_w6|03_neutral_v3__dai|ba52307013,GEN:dualforce_dcg_w6:v3:neutral:both,flying_cam_transition_4,store/gens/032_dualforce_dcg_w6/03_neutral_v3__dai/videos/G-zs-same__dualforce_dcg_w6_neutral_v3__flying_cam_transition_4__ref_flying_cam_transition_2__s42.mp4,8,113,0.6409789993295072,0.8299286207944796,0.8491746401078789,1.193977694385496
dualforce_dcg_w6|03_neutral_v3__dai|289ee32f4e,GEN:dualforce_dcg_w6:v3:neutral:both,flying_cam_transition_4,store/gens/032_dualforce_dcg_w6/03_neutral_v3__dai/videos/G-zs-same__dualforce_dcg_w6_neutral_v3__flying_cam_transition_4__ref_flying_cam_transition_2__s43.mp4,8,113,0.4205387560490343,0.6249881917767101,0.6948412678966163,1.1292452410631248
dualforce_dcg_w6|03_neutral_v3__dai|d236c0335a,GEN:dualforce_dcg_w6:v3:neutral:start,glitch_0,store/gens/032_dualforce_dcg_w6/03_neutral_v3__dai/videos/G-zs-same__dualforce_dcg_w6_neutral_v3__glitch_0__ref_glitch_1__s42.mp4,8,120,0.3768566310308967,0.4048997437887172,0.4425844838171311,0.7681055463093901
dualforce_dcg_w6|03_neutral_v3__dai|de6303541a,GEN:dualforce_dcg_w6:v3:neutral:start,glitch_0,store/gens/032_dualforce_dcg_w6/03_neutral_v3__dai/videos/G-zs-same__dualforce_dcg_w6_neutral_v3__glitch_0__ref_glitch_1__s43.mp4,8,120,0.3744166635379118,0.4925623057048863,0.551005929971785,0.3924399141175307
dualforce_dcg_w6|03_neutral_v3__dai|c601704685,GEN:dualforce_dcg_w6:v3:neutral:start,glitch_1,store/gens/032_dualforce_dcg_w6/03_neutral_v3__dai/videos/G-zs-same__dualforce_dcg_w6_neutral_v3__glitch_1__ref_glitch_0__s42.mp4,8,120,0.3226805152564802,0.4110674919228485,0.4369526402689593,0.4803014182798145
dualforce_dcg_w6|03_neutral_v3__dai|a977c9459c,GEN:dualforce_dcg_w6:v3:neutral:start,glitch_1,store/gens/032_dualforce_dcg_w6/03_neutral_v3__dai/videos/G-zs-same__dualforce_dcg_w6_neutral_v3__glitch_1__ref_glitch_0__s43.mp4,8,120,0.3030228706764832,0.4170132231790926,0.4551264945638853,0.466339764941431
dualforce_dcg_w6|03_neutral_v3__dai|3245ecbdc1,GEN:dualforce_dcg_w6:v3:neutral:start,explosion_0,store/gens/032_dualforce_dcg_w6/03_neutral_v3__dai/videos/G-zs-same__dualforce_dcg_w6_neutral_v3__explosion_0__ref_explosion_1__s42.mp4,8,120,0.413099011946614,0.9759448831485776,1.0706268456118269,0.5890378922659519
dualforce_dcg_w6|03_neutral_v3__dai|8faecb42f3,GEN:dualforce_dcg_w6:v3:neutral:start,explosion_0,store/gens/032_dualforce_dcg_w6/03_neutral_v3__dai/videos/G-zs-same__dualforce_dcg_w6_neutral_v3__explosion_0__ref_explosion_1__s43.mp4,8,120,0.4683162949006372,0.795882896514305,0.8226050625315063,0.6767764965838741
dualforce_dcg_w6|03_neutral_v3__dai|b6f0d81fbf,GEN:dualforce_dcg_w6:v3:neutral:start,explosion_1,store/gens/032_dualforce_dcg_w6/03_neutral_v3__dai/videos/G-zs-same__dualforce_dcg_w6_neutral_v3__explosion_1__ref_explosion_0__s42.mp4,8,120,0.6400877396998219,0.4779471836507668,0.5196848962875927,1.1580669012136002
dualforce_dcg_w6|03_neutral_v3__dai|b5e7b8ef2c,GEN:dualforce_dcg_w6:v3:neutral:start,explosion_1,store/gens/032_dualforce_dcg_w6/03_neutral_v3__dai/videos/G-zs-same__dualforce_dcg_w6_neutral_v3__explosion_1__ref_explosion_0__s43.mp4,8,120,0.612252198478787,0.7663448142700867,0.8343731100566378,0.9864961622117993
dualforce_dcg_w6|03_neutral_v3__dai|d65e704dba,GEN:dualforce_dcg_w6:v3:neutral:start,live_concert_0,store/gens/032_dualforce_dcg_w6/03_neutral_v3__dai/videos/G-zs-same__dualforce_dcg_w6_neutral_v3__live_concert_0__ref_live_concert_1__s43.mp4,8,120,0.4461009216577987,0.7379057940163264,0.7355923156332944,0.9135399209558952
dualforce_dcg_w6|03_neutral_v3__dai|d554903bc2,GEN:dualforce_dcg_w6:v3:neutral:start,live_concert_0,store/gens/032_dualforce_dcg_w6/03_neutral_v3__dai/videos/G-zs-same__dualforce_dcg_w6_neutral_v3__live_concert_0__ref_live_concert_3__s42.mp4,8,120,0.5411230756230228,0.7711770585954568,0.6952212203607079,0.8513193659608901
dualforce_dcg_w6|03_neutral_v3__dai|114471171a,GEN:dualforce_dcg_w6:v3:neutral:start,live_concert_0,store/gens/032_dualforce_dcg_w6/03_neutral_v3__dai/videos/G-zs-same__dualforce_dcg_w6_neutral_v3__live_concert_0__ref_live_concert_3__s43.mp4,8,120,0.5312433861554808,0.7292410652978143,0.7416974619573086,0.9559571120280408
dualforce_dcg_w6|03_neutral_v3__dai|f48a191712,GEN:dualforce_dcg_w6:v3:neutral:start,luminous_gaze_3,store/gens/032_dualforce_dcg_w6/03_neutral_v3__dai/videos/G-zs-same__dualforce_dcg_w6_neutral_v3__luminous_gaze_3__ref_luminous_gaze_0__s43.mp4,8,120,0.5537864621090489,0.3887474061367758,0.4557311956077905,0.9419757079920192
dualforce_dcg_w6|03_neutral_v3__dai|6ace66ea04,GEN:dualforce_dcg_w6:v3:neutral:start,luminous_gaze_3,store/gens/032_dualforce_dcg_w6/03_neutral_v3__dai/videos/G-zs-same__dualforce_dcg_w6_neutral_v3__luminous_gaze_3__ref_luminous_gaze_1__s42.mp4,8,120,0.4275925471911737,0.661845419138321,0.7361343715261748,0.8596928992834417
dualforce_dcg_w6|03_neutral_v3__dai|9763e8a5c3,GEN:dualforce_dcg_w6:v3:neutral:start,luminous_gaze_3,store/gens/032_dualforce_dcg_w6/03_neutral_v3__dai/videos/G-zs-same__dualforce_dcg_w6_neutral_v3__luminous_gaze_3__ref_luminous_gaze_1__s43.mp4,8,120,0.5613290358892726,0.5045327337022187,0.5328669994709605,0.8656544189920797
dualforce_dcg_w6|03_neutral_v3__dai|424aa68d1d,GEN:dualforce_dcg_w6:v3:neutral:both,melt_transition_2,store/gens/032_dualforce_dcg_w6/03_neutral_v3__dai/videos/G-zs-same__dualforce_dcg_w6_neutral_v3__melt_transition_2__ref_melt_transition_1__s43.mp4,8,113,0.5234646788820525,0.7020454679514194,0.760521292019884,0.7677004677891512
dualforce_dcg_w6|03_neutral_v3__dai|b6ebfdc2f7,GEN:dualforce_dcg_w6:v3:neutral:both,melt_transition_2,store/gens/032_dualforce_dcg_w6/03_neutral_v3__dai/videos/G-zs-same__dualforce_dcg_w6_neutral_v3__melt_transition_2__ref_melt_transition_3__s42.mp4,8,113,0.602235209010985,0.4591207828861495,0.4727843461522812,0.7680595321506607
dualforce_dcg_w6|03_neutral_v3__dai|08f42e2e8e,GEN:dualforce_dcg_w6:v3:neutral:both,melt_transition_2,store/gens/032_dualforce_dcg_w6/03_neutral_v3__dai/videos/G-zs-same__dualforce_dcg_w6_neutral_v3__melt_transition_2__ref_melt_transition_3__s43.mp4,8,113,0.6660650379455351,0.4450760201566972,0.4961320338254497,0.7689656851816233
dualforce_dcg_w6|03_neutral_v3__dai|2ff5a50567,GEN:dualforce_dcg_w6:v3:neutral:start,point_cloud_1,store/gens/032_dualforce_dcg_w6/03_neutral_v3__dai/videos/G-zs-same__dualforce_dcg_w6_neutral_v3__point_cloud_1__ref_point_cloud_0__s42.mp4,8,120,0.540851637124421,0.307037989001262,0.3216082818496679,0.832754651563385
dualforce_dcg_w6|03_neutral_v3__dai|0469d28df0,GEN:dualforce_dcg_w6:v3:neutral:start,point_cloud_1,store/gens/032_dualforce_dcg_w6/03_neutral_v3__dai/videos/G-zs-same__dualforce_dcg_w6_neutral_v3__point_cloud_1__ref_point_cloud_0__s43.mp4,8,120,0.7142817470486262,0.3248052807582368,0.289039295439129,0.7941451803491314
dualforce_dcg_w6|03_neutral_v3__dai|bed1f9f8da,GEN:dualforce_dcg_w6:v3:neutral:both,raven_transition_2,store/gens/032_dualforce_dcg_w6/03_neutral_v3__dai/videos/G-zs-same__dualforce_dcg_w6_neutral_v3__raven_transition_2__ref_raven_transition_0__s43.mp4,8,113,0.5911501628296374,0.7016809843583396,0.8205787394704891,1.0153633620336795
dualforce_dcg_w6|03_neutral_v3__dai|2c675251d1,GEN:dualforce_dcg_w6:v3:neutral:start,monstrosity_0,store/gens/032_dualforce_dcg_w6/03_neutral_v3__dai/videos/G-zs-same__dualforce_dcg_w6_neutral_v3__monstrosity_0__ref_monstrosity_1__s42.mp4,8,120,0.3372664213176715,0.6714225147380811,0.6629003943652639,0.5416004485097116
dualforce_dcg_w6|03_neutral_v3__dai|e1e37eee59,GEN:dualforce_dcg_w6:v3:neutral:start,monstrosity_0,store/gens/032_dualforce_dcg_w6/03_neutral_v3__dai/videos/G-zs-same__dualforce_dcg_w6_neutral_v3__monstrosity_0__ref_monstrosity_1__s43.mp4,8,120,0.3939923040711965,0.5701979057559831,0.6101423320511633,0.7797567511313543
dualforce_dcg_w6|03_neutral_v3__dai|a316841f2f,GEN:dualforce_dcg_w6:v3:neutral:start,northern_lights_0,store/gens/032_dualforce_dcg_w6/03_neutral_v3__dai/videos/G-zs-same__dualforce_dcg_w6_neutral_v3__northern_lights_0__ref_northern_lights_1__s42.mp4,8,120,0.4514003327374796,0.6303274459564904,0.6665518712810274,0.9270280252566736
dualforce_dcg_w6|03_neutral_v3__dai|de5a4e186f,GEN:dualforce_dcg_w6:v3:neutral:start,northern_lights_0,store/gens/032_dualforce_dcg_w6/03_neutral_v3__dai/videos/G-zs-same__dualforce_dcg_w6_neutral_v3__northern_lights_0__ref_northern_lights_1__s43.mp4,8,120,0.322303066796431,0.6448560472312621,0.6972487946799292,0.964580963428375
dualforce_dcg_w6|03_neutral_v3__dai|57690d5dcc,GEN:dualforce_dcg_w6:v3:neutral:start,saint_glow_3,store/gens/032_dualforce_dcg_w6/03_neutral_v3__dai/videos/G-zs-same__dualforce_dcg_w6_neutral_v3__saint_glow_3__ref_saint_glow_0__s43.mp4,8,120,0.4983199024551064,0.6485232218235513,0.661270638275682,0.5246614513002853
dualforce_dcg_w6|03_neutral_v3__dai|5d8d74e73d,GEN:dualforce_dcg_w6:v3:neutral:start,saint_glow_3,store/gens/032_dualforce_dcg_w6/03_neutral_v3__dai/videos/G-zs-same__dualforce_dcg_w6_neutral_v3__saint_glow_3__ref_saint_glow_1__s42.mp4,8,120,0.5935410568203725,0.6015805386007972,0.613884904120893,0.5225088758313237
dualforce_dcg_w6|03_neutral_v3__dai|e7111247f3,GEN:dualforce_dcg_w6:v3:neutral:start,saint_glow_3,store/gens/032_dualforce_dcg_w6/03_neutral_v3__dai/videos/G-zs-same__dualforce_dcg_w6_neutral_v3__saint_glow_3__ref_saint_glow_1__s43.mp4,8,120,0.5582867907260349,0.6589159637312374,0.686634918163182,0.4934879934502321
dualforce_dcg_w6|03_neutral_v3__dai|358fe6dc48,GEN:dualforce_dcg_w6:v3:neutral:start,northern_lights_1,store/gens/032_dualforce_dcg_w6/03_neutral_v3__dai/videos/G-zs-same__dualforce_dcg_w6_neutral_v3__northern_lights_1__ref_northern_lights_0__s42.mp4,8,120,0.2420244858876545,0.4293495157419287,0.4783130081433956,0.6581601381373534
dualforce_dcg_w6|03_neutral_v3__dai|6e784e741c,GEN:dualforce_dcg_w6:v3:neutral:start,northern_lights_1,store/gens/032_dualforce_dcg_w6/03_neutral_v3__dai/videos/G-zs-same__dualforce_dcg_w6_neutral_v3__northern_lights_1__ref_northern_lights_0__s43.mp4,8,120,0.2902292064346341,0.4251556756881736,0.4758504681411044,0.8409452097318653
dualforce_dcg_w6|03_neutral_v3__dai|b0bafc6672,GEN:dualforce_dcg_w6:v3:neutral:start,point_cloud_0,store/gens/032_dualforce_dcg_w6/03_neutral_v3__dai/videos/G-zs-same__dualforce_dcg_w6_neutral_v3__point_cloud_0__ref_point_cloud_1__s42.mp4,8,120,0.4731378959024959,0.4133018674492913,0.430685615579407,0.3317697938588146
dualforce_dcg_w6|03_neutral_v3__dai|7c9f2c5fa8,GEN:dualforce_dcg_w6:v3:neutral:start,point_cloud_0,store/gens/032_dualforce_dcg_w6/03_neutral_v3__dai/videos/G-zs-same__dualforce_dcg_w6_neutral_v3__point_cloud_0__ref_point_cloud_1__s43.mp4,8,120,0.6077761146763758,0.744737562790489,0.6767870656507212,0.4007289372969816
dualforce_dcg_w6|03_neutral_v3__dai|3d7aa748f5,GEN:dualforce_dcg_w6:v3:neutral:start,train_rush_0,store/gens/032_dualforce_dcg_w6/03_neutral_v3__dai/videos/G-zs-same__dualforce_dcg_w6_neutral_v3__train_rush_0__ref_train_rush_1__s42.mp4,8,120,0.504249814426722,1.8138560365853256,2.056194672450804,0.5686857794836496
dualforce_dcg_w6|03_neutral_v3__dai|06524b2143,GEN:dualforce_dcg_w6:v3:neutral:start,train_rush_0,store/gens/032_dualforce_dcg_w6/03_neutral_v3__dai/videos/G-zs-same__dualforce_dcg_w6_neutral_v3__train_rush_0__ref_train_rush_1__s43.mp4,8,120,0.4824726273816713,1.530320083308606,1.74198410906709,0.7430813475306086
dualforce_dcg_w6|03_neutral_v3__dai|50d40b5590,GEN:dualforce_dcg_w6:v3:neutral:start,train_rush_1,store/gens/032_dualforce_dcg_w6/03_neutral_v3__dai/videos/G-zs-same__dualforce_dcg_w6_neutral_v3__train_rush_1__ref_train_rush_0__s42.mp4,8,120,0.3880916471540014,5.200175392015546,5.838596361406385,0.4125990421469389
dualforce_dcg_w6|03_neutral_v3__dai|a207b79d0d,GEN:dualforce_dcg_w6:v3:neutral:start,train_rush_1,store/gens/032_dualforce_dcg_w6/03_neutral_v3__dai/videos/G-zs-same__dualforce_dcg_w6_neutral_v3__train_rush_1__ref_train_rush_0__s43.mp4,8,120,0.4884549914229721,3.899762263639349,4.692167731230732,0.5603365399041115
dualforce_dcg_w6|03_neutral_v3__dai|862662e847,GEN:dualforce_dcg_w6:v3:neutral:start,x_ray_0,store/gens/032_dualforce_dcg_w6/03_neutral_v3__dai/videos/G-zs-same__dualforce_dcg_w6_neutral_v3__x_ray_0__ref_x_ray_1__s42.mp4,8,120,0.3722784563503161,0.4618876155640321,0.4955110558360383,0.9096293435633062
dualforce_dcg_w6|03_neutral_v3__dai|a2e02f9478,GEN:dualforce_dcg_w6:v3:neutral:start,x_ray_0,store/gens/032_dualforce_dcg_w6/03_neutral_v3__dai/videos/G-zs-same__dualforce_dcg_w6_neutral_v3__x_ray_0__ref_x_ray_1__s43.mp4,8,120,0.3408412875514448,0.4565092546400075,0.5004884402525854,0.9188724456975343
dualforce_dcg_w6|03_neutral_v3__dai|4814a6a876,GEN:dualforce_dcg_w6:v3:neutral:start,x_ray_1,store/gens/032_dualforce_dcg_w6/03_neutral_v3__dai/videos/G-zs-same__dualforce_dcg_w6_neutral_v3__x_ray_1__ref_x_ray_0__s42.mp4,8,120,0.4156362569677625,0.3328882228619759,0.3563310404760674,1.178289511610425
dualforce_dcg_w6|03_neutral_v3__dai|8ae83b428a,GEN:dualforce_dcg_w6:v3:neutral:start,x_ray_1,store/gens/032_dualforce_dcg_w6/03_neutral_v3__dai/videos/G-zs-same__dualforce_dcg_w6_neutral_v3__x_ray_1__ref_x_ray_0__s43.mp4,8,120,0.4669434857112302,0.4188137732984449,0.4249667651962526,1.0139322774351904
dualforce_dcg_w6|05_effect_v3__dai|d61e5e0377,GEN:dualforce_dcg_w6:v3:effect:both,shadow_smoke_2,store/gens/032_dualforce_dcg_w6/05_effect_v3__dai/videos/G-fit__dualforce_dcg_w6_effect_v3__shadow_smoke_2__ref_shadow_smoke_1__s43.mp4,8,113,0.5341803911599852,0.5723870817637425,0.6754558079363333,0.8291955965737677
dualforce_dcg_w6|05_effect_v3__dai|f9257544b0,GEN:dualforce_dcg_w6:v3:effect:start,super_fast_run_10,store/gens/032_dualforce_dcg_w6/05_effect_v3__dai/videos/G-fit__dualforce_dcg_w6_effect_v3__super_fast_run_10__ref_super_fast_run_1__s43.mp4,8,120,0.5479225099260021,0.4988420040875195,0.4868153805926952,0.6759701006302683
dualforce_dcg_w6|05_effect_v3__dai|d8b225a6bb,GEN:dualforce_dcg_w6:v3:effect:start,portal_10,store/gens/032_dualforce_dcg_w6/05_effect_v3__dai/videos/G-fit__dualforce_dcg_w6_effect_v3__portal_10__ref_portal_0__s43.mp4,8,120,0.6154353501908301,1.82478564981146,2.125495605447878,0.5567440662761842
dualforce_dcg_w6|05_effect_v3__dai|7dc23bef7d,GEN:dualforce_dcg_w6:v3:effect:start,shadow_1,store/gens/032_dualforce_dcg_w6/05_effect_v3__dai/videos/G-fit__dualforce_dcg_w6_effect_v3__shadow_1__ref_shadow_0__s43.mp4,8,120,0.5224972661909426,0.3419598388061704,0.3314982220276171,0.684462221426473
dualforce_dcg_w6|05_effect_v3__dai|d2b459c4d0,GEN:dualforce_dcg_w6:v3:effect:start,color_rain_0,store/gens/032_dualforce_dcg_w6/05_effect_v3__dai/videos/G-memo-probe__dualforce_dcg_w6_effect_v3__color_rain_0__ref_color_rain_1__s43.mp4,8,120,0.4545843449090052,0.581211920267011,0.515305400330561,0.2343958070884956
dualforce_dcg_w6|05_effect_v3__dai|457fa43671,GEN:dualforce_dcg_w6:v3:effect:start,earth_element_4,store/gens/032_dualforce_dcg_w6/05_effect_v3__dai/videos/G-memo-probe__dualforce_dcg_w6_effect_v3__earth_element_4__ref_earth_element_0__s43.mp4,8,120,0.5510875185350745,0.5445422548701858,0.5976380664786309,0.8506407725618166
dualforce_dcg_w6|05_effect_v3__dai|f57404ad06,GEN:dualforce_dcg_w6:v3:effect:start,money_rain_2,store/gens/032_dualforce_dcg_w6/05_effect_v3__dai/videos/G-fit__dualforce_dcg_w6_effect_v3__money_rain_2__ref_money_rain_0__s43.mp4,8,120,0.5630313511648908,0.7533033964208816,0.8584403980057222,0.6710674229789542
dualforce_dcg_w6|05_effect_v3__dai|6323d64998,GEN:dualforce_dcg_w6:v3:effect:start,polygon_1,store/gens/032_dualforce_dcg_w6/05_effect_v3__dai/videos/G-fit__dualforce_dcg_w6_effect_v3__polygon_1__ref_polygon_0__s43.mp4,8,120,0.6895917434512433,0.2949498307323823,0.2834632750269071,0.6222534925972066
dualforce_dcg_w6|05_effect_v3__dai|3ec9801da1,GEN:dualforce_dcg_w6:v3:effect:start,earth_element_1,store/gens/032_dualforce_dcg_w6/05_effect_v3__dai/videos/G-fit__dualforce_dcg_w6_effect_v3__earth_element_1__ref_earth_element_0__s43.mp4,8,120,0.5670801209224199,0.6087492144319024,0.6675781827442465,0.7354129299915338
dualforce_dcg_w6|05_effect_v3__dai|ce549907f5,GEN:dualforce_dcg_w6:v3:effect:start,gas_transformation_1,store/gens/032_dualforce_dcg_w6/05_effect_v3__dai/videos/G-fit__dualforce_dcg_w6_effect_v3__gas_transformation_1__ref_gas_transformation_0__s43.mp4,8,120,0.5419662801117042,0.5561489290891476,0.6351793509909628,0.3721080114459121
dualforce_dcg_w6|05_effect_v3__dai|e67b95cbba,GEN:dualforce_dcg_w6:v3:effect:start,animalization_3,store/gens/032_dualforce_dcg_w6/05_effect_v3__dai/videos/G-fit__dualforce_dcg_w6_effect_v3__animalization_3__ref_animalization_1__s43.mp4,8,120,0.2669341768280369,0.6818495116072153,0.7832550293604174,0.7287499608430372
dualforce_dcg_w6|05_effect_v3__dai|8e9434f970,GEN:dualforce_dcg_w6:v3:effect:start,color_rain_3,store/gens/032_dualforce_dcg_w6/05_effect_v3__dai/videos/G-fit__dualforce_dcg_w6_effect_v3__color_rain_3__ref_color_rain_1__s43.mp4,8,120,0.468854675633769,0.7341119411643924,0.7314358625350216,0.4168734758819977
dualforce_dcg_w6|05_effect_v3__dai|44c1bf6e57,GEN:dualforce_dcg_w6:v3:effect:start,wireframe_2,store/gens/032_dualforce_dcg_w6/05_effect_v3__dai/videos/G-fit__dualforce_dcg_w6_effect_v3__wireframe_2__ref_wireframe_1__s43.mp4,8,120,0.8214594785225291,0.037033981826,0.0298673169874172,1.3526731930003832
dualforce_dcg_w6|05_effect_v3__dai|708b42d3e9,GEN:dualforce_dcg_w6:v3:effect:start,animalization_0,store/gens/032_dualforce_dcg_w6/05_effect_v3__dai/videos/G-memo-probe__dualforce_dcg_w6_effect_v3__animalization_0__ref_animalization_1__s43.mp4,8,120,0.4311738077516678,0.7732348043132355,0.785177257149525,0.6592429166790077
dualforce_dcg_w6|05_effect_v3__dai|492f7a2472,GEN:dualforce_dcg_w6:v3:effect:start,gas_transformation_6,store/gens/032_dualforce_dcg_w6/05_effect_v3__dai/videos/G-memo-probe__dualforce_dcg_w6_effect_v3__gas_transformation_6__ref_gas_transformation_0__s43.mp4,8,120,0.4126526858024557,0.6295351531683997,0.654030277858778,0.4159869888183126
dualforce_dcg_w6|05_effect_v3__dai|77a7da3769,GEN:dualforce_dcg_w6:v3:effect:both,hero_flight_5,store/gens/032_dualforce_dcg_w6/05_effect_v3__dai/videos/G-memo-probe__dualforce_dcg_w6_effect_v3__hero_flight_5__ref_hero_flight_0__s43.mp4,8,113,0.6049594192364542,0.7501880999201519,0.7771439414764688,0.6747186943459166
dualforce_dcg_w6|05_effect_v3__dai|382b13473a,GEN:dualforce_dcg_w6:v3:effect:both,hero_flight_1,store/gens/032_dualforce_dcg_w6/05_effect_v3__dai/videos/G-fit__dualforce_dcg_w6_effect_v3__hero_flight_1__ref_hero_flight_0__s43.mp4,8,113,0.6136564585235296,0.7777420005074186,0.7978257885481332,0.7492258090089485
dualforce_dcg_w6|05_effect_v3__dai|19889d9910,GEN:dualforce_dcg_w6:v3:effect:start,illustration_scene_1,store/gens/032_dualforce_dcg_w6/05_effect_v3__dai/videos/G-fit__dualforce_dcg_w6_effect_v3__illustration_scene_1__ref_illustration_scene_0__s43.mp4,8,120,0.6052600018275447,0.5309675317253013,0.5771709157541475,0.922440207035572
dualforce_dcg_w6|05_effect_v3__dai|341691bc8d,GEN:dualforce_dcg_w6:v3:effect:start,illustration_scene_4,store/gens/032_dualforce_dcg_w6/05_effect_v3__dai/videos/G-memo-probe__dualforce_dcg_w6_effect_v3__illustration_scene_4__ref_illustration_scene_0__s43.mp4,8,120,0.4650486508383877,0.6707107864915487,0.7092109129604283,0.8132913340072182
dualforce_dcg_w6|05_effect_v3__dai|0dc67d4e09,GEN:dualforce_dcg_w6:v3:effect:start,money_rain_1,store/gens/032_dualforce_dcg_w6/05_effect_v3__dai/videos/G-memo-probe__dualforce_dcg_w6_effect_v3__money_rain_1__ref_money_rain_0__s43.mp4,8,120,0.4623641420627635,0.624999814400278,0.7136185114347129,0.5668774544294498
dualforce_dcg_w6|05_effect_v3__dai|34e31b95bd,GEN:dualforce_dcg_w6:v3:effect:start,polygon_4,store/gens/032_dualforce_dcg_w6/05_effect_v3__dai/videos/G-memo-probe__dualforce_dcg_w6_effect_v3__polygon_4__ref_polygon_0__s43.mp4,8,120,0.6606939697122434,0.4955653544835731,0.5184059613557832,0.5678104025953822
dualforce_dcg_w6|05_effect_v3__dai|9073eb060e,GEN:dualforce_dcg_w6:v3:effect:start,portal_1,store/gens/032_dualforce_dcg_w6/05_effect_v3__dai/videos/G-memo-probe__dualforce_dcg_w6_effect_v3__portal_1__ref_portal_0__s43.mp4,8,120,0.4590062069576504,1.0793966757799835,1.2509129458686965,0.658080124243505
dualforce_dcg_w6|05_effect_v3__dai|d27d4c3e62,GEN:dualforce_dcg_w6:v3:effect:start,super_fast_run_0,store/gens/032_dualforce_dcg_w6/05_effect_v3__dai/videos/G-memo-probe__dualforce_dcg_w6_effect_v3__super_fast_run_0__ref_super_fast_run_1__s43.mp4,8,120,0.457338834633596,0.6240699914197703,0.6943015758211031,0.6657750241873739
dualforce_dcg_w6|05_effect_v3__dai|c789ca67ce,GEN:dualforce_dcg_w6:v3:effect:start,wireframe_0,store/gens/032_dualforce_dcg_w6/05_effect_v3__dai/videos/G-memo-probe__dualforce_dcg_w6_effect_v3__wireframe_0__ref_wireframe_1__s43.mp4,8,120,0.9201638055179416,0.029197103829974,0.021053012476057,1.478045604440273
dualforce_dcg_w6|05_effect_v3__dai|8c9dd0b1ba,GEN:dualforce_dcg_w6:v3:effect:start,color_rain_0,store/gens/032_dualforce_dcg_w6/05_effect_v3__dai/videos/G-unseen-cross__dualforce_dcg_w6_effect_v3__color_rain_0__ref_animalization_0__s43.mp4,8,120,0.4648603191230793,0.6806470403443777,0.7266059838769456,0.5891415476456439
dualforce_dcg_w6|05_effect_v3__dai|8462f6db62,GEN:dualforce_dcg_w6:v3:effect:start,color_rain_2,store/gens/032_dualforce_dcg_w6/05_effect_v3__dai/videos/G-unseen-cross__dualforce_dcg_w6_effect_v3__color_rain_2__ref_animalization_0__s43.mp4,8,120,0.5089839931945193,0.742534887217521,0.7447479398710676,0.4890726676961554
dualforce_dcg_w6|05_effect_v3__dai|0cf95f3ad4,GEN:dualforce_dcg_w6:v3:effect:both,air_bending_1,store/gens/032_dualforce_dcg_w6/05_effect_v3__dai/videos/G-unseen-cross__dualforce_dcg_w6_effect_v3__air_bending_1__ref_flame_transition_2__s42.mp4,8,113,0.61293639944431,1.0550885614945136,1.0075010379233025,1.0859863150412223
dualforce_dcg_w6|05_effect_v3__dai|40b097a467,GEN:dualforce_dcg_w6:v3:effect:both,air_bending_1,store/gens/032_dualforce_dcg_w6/05_effect_v3__dai/videos/G-unseen-cross__dualforce_dcg_w6_effect_v3__air_bending_1__ref_flame_transition_2__s43.mp4,8,113,0.7012152439301658,1.1063829890938046,1.0397079739490174,1.0858900771879416
dualforce_dcg_w6|05_effect_v3__dai|d7fc7e73d8,GEN:dualforce_dcg_w6:v3:effect:start,animalization_2,store/gens/032_dualforce_dcg_w6/05_effect_v3__dai/videos/G-unseen-cross__dualforce_dcg_w6_effect_v3__animalization_2__ref_sakura_petals_1__s42.mp4,8,120,0.5113334598725947,0.7529886872744066,0.8564506540988243,0.2574180974274545
dualforce_dcg_w6|05_effect_v3__dai|99fbf047d2,GEN:dualforce_dcg_w6:v3:effect:start,animalization_2,store/gens/032_dualforce_dcg_w6/05_effect_v3__dai/videos/G-unseen-cross__dualforce_dcg_w6_effect_v3__animalization_2__ref_sakura_petals_1__s43.mp4,8,120,0.4247430010550035,0.97990867124746,1.1098855937955328,0.2517727102428543
dualforce_dcg_w6|05_effect_v3__dai|c05a524ce1,GEN:dualforce_dcg_w6:v3:effect:both,display_transition_1,store/gens/032_dualforce_dcg_w6/05_effect_v3__dai/videos/G-unseen-cross__dualforce_dcg_w6_effect_v3__display_transition_1__ref_hero_flight_5__s43.mp4,8,113,0.7258641524649039,2.0522477025753485,2.6559066676561978,0.8238773400554444
dualforce_dcg_w6|05_effect_v3__dai|61a4d650d3,GEN:dualforce_dcg_w6:v3:effect:start,earth_element_4,store/gens/032_dualforce_dcg_w6/05_effect_v3__dai/videos/G-unseen-cross__dualforce_dcg_w6_effect_v3__earth_element_4__ref_color_rain_0__s43.mp4,8,120,0.4718892731175044,0.3889939437818812,0.4275773661290186,0.723342812922807
dualforce_dcg_w6|05_effect_v3__dai|0a43d1053b,GEN:dualforce_dcg_w6:v3:effect:start,color_rain_2,store/gens/032_dualforce_dcg_w6/05_effect_v3__dai/videos/G-unseen-cross__dualforce_dcg_w6_effect_v3__color_rain_2__ref_fire_element_2__s42.mp4,8,120,0.4616056600651419,0.6593353813671778,0.7421593677065994,0.5207664219546493
dualforce_dcg_w6|05_effect_v3__dai|c08ff81af4,GEN:dualforce_dcg_w6:v3:effect:start,color_rain_2,store/gens/032_dualforce_dcg_w6/05_effect_v3__dai/videos/G-unseen-cross__dualforce_dcg_w6_effect_v3__color_rain_2__ref_fire_element_2__s43.mp4,8,120,0.4584451095753274,0.6931411324023254,0.7479598069632208,0.5832923940276928
dualforce_dcg_w6|05_effect_v3__dai|033285b098,GEN:dualforce_dcg_w6:v3:effect:start,color_rain_2,store/gens/032_dualforce_dcg_w6/05_effect_v3__dai/videos/G-unseen-cross__dualforce_dcg_w6_effect_v3__color_rain_2__ref_super_fast_run_0__s43.mp4,8,120,0.4633736525226051,0.5479538588025458,0.5681440353861541,0.9954693630044514
dualforce_dcg_w6|05_effect_v3__dai|1dad1b2d9f,GEN:dualforce_dcg_w6:v3:effect:start,shadow_10,store/gens/032_dualforce_dcg_w6/05_effect_v3__dai/videos/G-memo-probe__dualforce_dcg_w6_effect_v3__shadow_10__ref_shadow_0__s43.mp4,8,120,0.5216422904482034,0.2808594847458187,0.2458920900085913,1.2595759519067458
dualforce_dcg_w6|05_effect_v3__dai|51a7bb030d,GEN:dualforce_dcg_w6:v3:effect:both,shadow_smoke_0,store/gens/032_dualforce_dcg_w6/05_effect_v3__dai/videos/G-memo-probe__dualforce_dcg_w6_effect_v3__shadow_smoke_0__ref_shadow_smoke_1__s43.mp4,8,113,0.505495297851507,1.0413124057227063,1.1999390096934013,0.5546800592209332
dualforce_dcg_w6|05_effect_v3__dai|d8c30dc6b0,GEN:dualforce_dcg_w6:v3:effect:start,cotton_cloud_0,store/gens/032_dualforce_dcg_w6/05_effect_v3__dai/videos/G-unseen-cross__dualforce_dcg_w6_effect_v3__cotton_cloud_0__ref_animalization_2__s42.mp4,8,120,0.568330711994171,0.712835453276521,0.7259122696783008,0.8899913618767231
dualforce_dcg_w6|05_effect_v3__dai|2e69dbd10b,GEN:dualforce_dcg_w6:v3:effect:start,cotton_cloud_0,store/gens/032_dualforce_dcg_w6/05_effect_v3__dai/videos/G-unseen-cross__dualforce_dcg_w6_effect_v3__cotton_cloud_0__ref_animalization_2__s43.mp4,8,120,0.504051747420825,0.6982942498675866,0.7196077754124787,0.8128005270135568
dualforce_dcg_w6|05_effect_v3__dai|6fedb778cc,GEN:dualforce_dcg_w6:v3:effect:start,cotton_cloud_0,store/gens/032_dualforce_dcg_w6/05_effect_v3__dai/videos/G-unseen-cross__dualforce_dcg_w6_effect_v3__cotton_cloud_0__ref_super_fast_run_0__s43.mp4,8,120,0.4897999629039877,0.4855586990614716,0.5289285426779899,0.9900427427796148
dualforce_dcg_w6|05_effect_v3__dai|21726147e8,GEN:dualforce_dcg_w6:v3:effect:start,cotton_cloud_0,store/gens/032_dualforce_dcg_w6/05_effect_v3__dai/videos/G-unseen-cross__dualforce_dcg_w6_effect_v3__cotton_cloud_0__ref_wonderland_1__s42.mp4,8,120,0.5461359441891473,0.6857186729363459,0.7529891440639247,0.8619956065868866
dualforce_dcg_w6|05_effect_v3__dai|8e266259a7,GEN:dualforce_dcg_w6:v3:effect:start,cotton_cloud_0,store/gens/032_dualforce_dcg_w6/05_effect_v3__dai/videos/G-unseen-cross__dualforce_dcg_w6_effect_v3__cotton_cloud_0__ref_wonderland_1__s43.mp4,8,120,0.5787339142811605,0.6109790274385083,0.597301311760855,0.8718005096778076
dualforce_dcg_w6|05_effect_v3__dai|6a02e08555,GEN:dualforce_dcg_w6:v3:effect:both,display_transition_1,store/gens/032_dualforce_dcg_w6/05_effect_v3__dai/videos/G-unseen-cross__dualforce_dcg_w6_effect_v3__display_transition_1__ref_air_bending_1__s42.mp4,8,113,0.5148553909747029,2.103694327686462,2.31331588280356,0.8555080123778891
dualforce_dcg_w6|05_effect_v3__dai|f6fc5135d1,GEN:dualforce_dcg_w6:v3:effect:both,display_transition_1,store/gens/032_dualforce_dcg_w6/05_effect_v3__dai/videos/G-unseen-cross__dualforce_dcg_w6_effect_v3__display_transition_1__ref_air_bending_1__s43.mp4,8,113,0.5003210935568356,2.08371626170604,2.0289701829857165,0.8053785645755451
dualforce_dcg_w6|05_effect_v3__dai|e347d66f37,GEN:dualforce_dcg_w6:v3:effect:start,acid_0,store/gens/032_dualforce_dcg_w6/05_effect_v3__dai/videos/G-unseen-cross__dualforce_dcg_w6_effect_v3__acid_0__ref_nature_bloom_1__s42.mp4,8,120,0.3611383712148592,0.4276770200562187,0.4887168680496997,0.7719520701973005
dualforce_dcg_w6|05_effect_v3__dai|70411b4a79,GEN:dualforce_dcg_w6:v3:effect:start,acid_0,store/gens/032_dualforce_dcg_w6/05_effect_v3__dai/videos/G-unseen-cross__dualforce_dcg_w6_effect_v3__acid_0__ref_nature_bloom_1__s43.mp4,8,120,0.4128591054389661,0.5813694109289936,0.6713315443075656,0.675098129576885
dualforce_dcg_w6|05_effect_v3__dai|7d475aeb41,GEN:dualforce_dcg_w6:v3:effect:both,air_bending_1,store/gens/032_dualforce_dcg_w6/05_effect_v3__dai/videos/G-unseen-cross__dualforce_dcg_w6_effect_v3__air_bending_1__ref_earth_wave_3__s42.mp4,8,113,0.4538147935731176,0.8969768131421364,0.7927994012309929,1.0847671156084393
dualforce_dcg_w6|05_effect_v3__dai|d0930ca64b,GEN:dualforce_dcg_w6:v3:effect:both,air_bending_1,store/gens/032_dualforce_dcg_w6/05_effect_v3__dai/videos/G-unseen-cross__dualforce_dcg_w6_effect_v3__air_bending_1__ref_earth_wave_3__s43.mp4,8,113,0.3845141589502381,0.9622587246272644,0.8660754288268716,1.081613182346144
dualforce_dcg_w6|05_effect_v3__dai|2f092645d2,GEN:dualforce_dcg_w6:v3:effect:start,earth_element_4,store/gens/032_dualforce_dcg_w6/05_effect_v3__dai/videos/G-unseen-cross__dualforce_dcg_w6_effect_v3__earth_element_4__ref_super_fast_run_3__s42.mp4,8,120,0.48163313599342,0.5772245760818976,0.5845062529182817,0.8059419840569729
dualforce_dcg_w6|05_effect_v3__dai|4bbd7ff8a1,GEN:dualforce_dcg_w6:v3:effect:start,earth_element_4,store/gens/032_dualforce_dcg_w6/05_effect_v3__dai/videos/G-unseen-cross__dualforce_dcg_w6_effect_v3__earth_element_4__ref_super_fast_run_3__s43.mp4,8,120,0.5740714802875588,0.4855457804320639,0.5476918202547595,0.760968201877838
dualforce_dcg_w6|05_effect_v3__dai|e1da09f037,GEN:dualforce_dcg_w6:v3:effect:start,earth_element_6,store/gens/032_dualforce_dcg_w6/05_effect_v3__dai/videos/G-unseen-cross__dualforce_dcg_w6_effect_v3__earth_element_6__ref_color_rain_0__s43.mp4,8,120,0.5429668807138084,0.6329395323493194,0.6808477913568547,0.7752448715120748
dualforce_dcg_w6|05_effect_v3__dai|1471e9e267,GEN:dualforce_dcg_w6:v3:effect:start,earth_element_6,store/gens/032_dualforce_dcg_w6/05_effect_v3__dai/videos/G-unseen-cross__dualforce_dcg_w6_effect_v3__earth_element_6__ref_wireframe_0__s43.mp4,8,120,0.6822757489807427,0.4916442385489625,0.5506304132958942,1.297298698988772
dualforce_dcg_w6|05_effect_v3__dai|74cd06da05,GEN:dualforce_dcg_w6:v3:effect:both,earth_wave_3,store/gens/032_dualforce_dcg_w6/05_effect_v3__dai/videos/G-unseen-cross__dualforce_dcg_w6_effect_v3__earth_wave_3__ref_hero_flight_5__s43.mp4,8,113,0.567234363419516,0.9511409939939556,1.0664943881772455,0.767174286691302
dualforce_dcg_w6|05_effect_v3__dai|46b5421d48,GEN:dualforce_dcg_w6:v3:effect:start,fire_element_2,store/gens/032_dualforce_dcg_w6/05_effect_v3__dai/videos/G-unseen-cross__dualforce_dcg_w6_effect_v3__fire_element_2__ref_wireframe_0__s43.mp4,8,120,0.6955144486747229,0.351209890575156,0.4064647136121976,1.4952324760473032
dualforce_dcg_w6|05_effect_v3__dai|0d25bfc67b,GEN:dualforce_dcg_w6:v3:effect:both,firelava_4,store/gens/032_dualforce_dcg_w6/05_effect_v3__dai/videos/G-unseen-cross__dualforce_dcg_w6_effect_v3__firelava_4__ref_hero_flight_6__s42.mp4,8,113,0.7626092426708586,0.6336458931019998,0.8462376377376973,0.9702400946666594
dualforce_dcg_w6|05_effect_v3__dai|bb3b361d9b,GEN:dualforce_dcg_w6:v3:effect:both,firelava_4,store/gens/032_dualforce_dcg_w6/05_effect_v3__dai/videos/G-unseen-cross__dualforce_dcg_w6_effect_v3__firelava_4__ref_hero_flight_6__s43.mp4,8,113,0.8672960046626279,0.5022047232521109,0.6114473992145133,0.9669241516857734
dualforce_dcg_w6|05_effect_v3__dai|27640994d2,GEN:dualforce_dcg_w6:v3:effect:start,gas_transformation_6,store/gens/032_dualforce_dcg_w6/05_effect_v3__dai/videos/G-unseen-cross__dualforce_dcg_w6_effect_v3__gas_transformation_6__ref_wireframe_7__s42.mp4,8,120,0.7228007721691969,0.1631064227677399,0.1106978437517735,1.3951027483194416
dualforce_dcg_w6|05_effect_v3__dai|94b4814b47,GEN:dualforce_dcg_w6:v3:effect:start,gas_transformation_6,store/gens/032_dualforce_dcg_w6/05_effect_v3__dai/videos/G-unseen-cross__dualforce_dcg_w6_effect_v3__gas_transformation_6__ref_wireframe_7__s43.mp4,8,120,0.7705195245269643,0.2144549532304381,0.1932777197457405,1.1768783736065327
dualforce_dcg_w6|05_effect_v3__dai|1f7289e775,GEN:dualforce_dcg_w6:v3:effect:start,gas_transformation_7,store/gens/032_dualforce_dcg_w6/05_effect_v3__dai/videos/G-unseen-cross__dualforce_dcg_w6_effect_v3__gas_transformation_7__ref_earth_element_4__s43.mp4,8,120,0.4458765439994674,0.5793383459455362,0.6488695512151175,0.9664263711650316
dualforce_dcg_w6|05_effect_v3__dai|ef399166c8,GEN:dualforce_dcg_w6:v3:effect:both,earth_wave_5,store/gens/032_dualforce_dcg_w6/05_effect_v3__dai/videos/G-unseen-cross__dualforce_dcg_w6_effect_v3__earth_wave_5__ref_flame_transition_3__s42.mp4,8,113,0.5842236214448806,0.712076583677682,0.7933157030228466,0.9124593661139933
dualforce_dcg_w6|05_effect_v3__dai|19703fbb84,GEN:dualforce_dcg_w6:v3:effect:both,earth_wave_5,store/gens/032_dualforce_dcg_w6/05_effect_v3__dai/videos/G-unseen-cross__dualforce_dcg_w6_effect_v3__earth_wave_5__ref_flame_transition_3__s43.mp4,8,113,0.6105961180655897,0.7639927121101567,0.7524845957974817,0.9122942037115964
dualforce_dcg_w6|05_effect_v3__dai|e3c6f5b86d,GEN:dualforce_dcg_w6:v3:effect:start,fire_element_2,store/gens/032_dualforce_dcg_w6/05_effect_v3__dai/videos/G-unseen-cross__dualforce_dcg_w6_effect_v3__fire_element_2__ref_color_rain_2__s42.mp4,8,120,0.3331683863292387,0.3524495463315004,0.3731579686188345,0.6374243458090552
dualforce_dcg_w6|05_effect_v3__dai|1d6b8e0aea,GEN:dualforce_dcg_w6:v3:effect:start,fire_element_2,store/gens/032_dualforce_dcg_w6/05_effect_v3__dai/videos/G-unseen-cross__dualforce_dcg_w6_effect_v3__fire_element_2__ref_color_rain_2__s43.mp4,8,120,0.3522010086681675,0.3154862093934077,0.3240319700657422,0.6517909516857993
dualforce_dcg_w6|05_effect_v3__dai|038d7a5ce2,GEN:dualforce_dcg_w6:v3:effect:both,firelava_4,store/gens/032_dualforce_dcg_w6/05_effect_v3__dai/videos/G-unseen-cross__dualforce_dcg_w6_effect_v3__firelava_4__ref_water_bending_3__s42.mp4,8,113,0.6001376350867518,0.6302363216592463,0.7453697030946622,0.9553297797475084
dualforce_dcg_w6|05_effect_v3__dai|79022328c5,GEN:dualforce_dcg_w6:v3:effect:both,firelava_4,store/gens/032_dualforce_dcg_w6/05_effect_v3__dai/videos/G-unseen-cross__dualforce_dcg_w6_effect_v3__firelava_4__ref_water_bending_3__s43.mp4,8,113,0.6187389839993627,0.6583780959680248,0.7918055912251929,0.9451772453265042
dualforce_dcg_w6|05_effect_v3__dai|3bd175dd51,GEN:dualforce_dcg_w6:v3:effect:start,gas_transformation_6,store/gens/032_dualforce_dcg_w6/05_effect_v3__dai/videos/G-unseen-cross__dualforce_dcg_w6_effect_v3__gas_transformation_6__ref_earth_element_4__s43.mp4,8,120,0.4321213384827351,0.7540644070331299,0.8050542771085162,0.592649853523155
dualforce_dcg_w6|05_effect_v3__dai|f60bc9b7ec,GEN:dualforce_dcg_w6:v3:effect:start,gas_transformation_7,store/gens/032_dualforce_dcg_w6/05_effect_v3__dai/videos/G-unseen-cross__dualforce_dcg_w6_effect_v3__gas_transformation_7__ref_mystification_0__s42.mp4,8,120,0.4464070945069056,0.62179062727575,0.6502546184340585,0.8162306380525681
dualforce_dcg_w6|05_effect_v3__dai|fe6133493c,GEN:dualforce_dcg_w6:v3:effect:start,gas_transformation_7,store/gens/032_dualforce_dcg_w6/05_effect_v3__dai/videos/G-unseen-cross__dualforce_dcg_w6_effect_v3__gas_transformation_7__ref_mystification_0__s43.mp4,8,120,0.4675493311167149,0.6704271395642621,0.6848834158440922,0.8061582297875951
dualforce_dcg_w6|05_effect_v3__dai|99e718ce1a,GEN:dualforce_dcg_w6:v3:effect:both,hero_flight_6,store/gens/032_dualforce_dcg_w6/05_effect_v3__dai/videos/G-unseen-cross__dualforce_dcg_w6_effect_v3__hero_flight_6__ref_giant_grab_3__s42.mp4,8,113,0.5738892856957569,0.6683751001488052,0.6766778901789087,0.7133623068286955
dualforce_dcg_w6|05_effect_v3__dai|773c4795ee,GEN:dualforce_dcg_w6:v3:effect:both,hero_flight_6,store/gens/032_dualforce_dcg_w6/05_effect_v3__dai/videos/G-unseen-cross__dualforce_dcg_w6_effect_v3__hero_flight_6__ref_giant_grab_3__s43.mp4,8,113,0.374849153839071,0.7835327052814087,0.8182247543992573,0.7135366980351618
dualforce_dcg_w6|05_effect_v3__dai|a71ea897d2,GEN:dualforce_dcg_w6:v3:effect:start,live_concert_0,store/gens/032_dualforce_dcg_w6/05_effect_v3__dai/videos/G-unseen-cross__dualforce_dcg_w6_effect_v3__live_concert_0__ref_gas_transformation_6__s43.mp4,8,120,0.7221929820137429,0.4469155515136277,0.5440284130766736,0.6398572582717268
dualforce_dcg_w6|05_effect_v3__dai|4310879e46,GEN:dualforce_dcg_w6:v3:effect:start,live_concert_0,store/gens/032_dualforce_dcg_w6/05_effect_v3__dai/videos/G-unseen-cross__dualforce_dcg_w6_effect_v3__live_concert_0__ref_plasma_explosion_2__s42.mp4,8,120,0.4614213755904404,0.8060750073154547,0.8538717386418306,0.7762405834758896
dualforce_dcg_w6|05_effect_v3__dai|039c382a64,GEN:dualforce_dcg_w6:v3:effect:start,live_concert_0,store/gens/032_dualforce_dcg_w6/05_effect_v3__dai/videos/G-unseen-cross__dualforce_dcg_w6_effect_v3__live_concert_0__ref_plasma_explosion_2__s43.mp4,8,120,0.4643773460485216,1.225307864724542,1.279258463258856,0.6832057875937814
dualforce_dcg_w6|05_effect_v3__dai|4e95342f55,GEN:dualforce_dcg_w6:v3:effect:start,live_concert_4,store/gens/032_dualforce_dcg_w6/05_effect_v3__dai/videos/G-unseen-cross__dualforce_dcg_w6_effect_v3__live_concert_4__ref_gas_transformation_7__s42.mp4,8,120,0.5329002272002223,0.706359823252784,0.7716002083873785,0.9491627115028148
dualforce_dcg_w6|05_effect_v3__dai|c269865d73,GEN:dualforce_dcg_w6:v3:effect:start,live_concert_4,store/gens/032_dualforce_dcg_w6/05_effect_v3__dai/videos/G-unseen-cross__dualforce_dcg_w6_effect_v3__live_concert_4__ref_gas_transformation_7__s43.mp4,8,120,0.5502897357740113,0.7455190443538455,0.7163331056223994,0.9514587640905364
dualforce_dcg_w6|05_effect_v3__dai|51efdb9bc0,GEN:dualforce_dcg_w6:v3:effect:both,melt_transition_2,store/gens/032_dualforce_dcg_w6/05_effect_v3__dai/videos/G-unseen-cross__dualforce_dcg_w6_effect_v3__melt_transition_2__ref_shadow_smoke_0__s43.mp4,8,113,0.4580890349290809,0.8556532390003532,0.8713803254863318,0.7672012748393903
dualforce_dcg_w6|05_effect_v3__dai|04ac1763a9,GEN:dualforce_dcg_w6:v3:effect:start,illustration_scene_4,store/gens/032_dualforce_dcg_w6/05_effect_v3__dai/videos/G-unseen-cross__dualforce_dcg_w6_effect_v3__illustration_scene_4__ref_earth_element_6__s42.mp4,8,120,0.4355769089828341,0.7761648105745523,0.802569490917048,0.589235964600814
dualforce_dcg_w6|05_effect_v3__dai|affa371261,GEN:dualforce_dcg_w6:v3:effect:start,illustration_scene_4,store/gens/032_dualforce_dcg_w6/05_effect_v3__dai/videos/G-unseen-cross__dualforce_dcg_w6_effect_v3__illustration_scene_4__ref_earth_element_6__s43.mp4,8,120,0.4838391313339019,0.8159680259198261,0.8666121571631629,0.6028938214755488
dualforce_dcg_w6|05_effect_v3__dai|06d6657247,GEN:dualforce_dcg_w6:v3:effect:start,illustration_scene_7,store/gens/032_dualforce_dcg_w6/05_effect_v3__dai/videos/G-unseen-cross__dualforce_dcg_w6_effect_v3__illustration_scene_7__ref_gas_transformation_6__s43.mp4,8,120,0.6402792696242678,0.5192978839317436,0.5667589368720579,0.6732033914310251
dualforce_dcg_w6|05_effect_v3__dai|c6f9136286,GEN:dualforce_dcg_w6:v3:effect:both,water_bending_3,store/gens/032_dualforce_dcg_w6/05_effect_v3__dai/videos/G-unseen-cross__dualforce_dcg_w6_effect_v3__water_bending_3__ref_shadow_smoke_7__s42.mp4,8,113,0.4579612454646131,0.979826870718036,1.1129534880905008,0.7140700919023987
dualforce_dcg_w6|05_effect_v3__dai|8895cfd3e5,GEN:dualforce_dcg_w6:v3:effect:both,water_bending_3,store/gens/032_dualforce_dcg_w6/05_effect_v3__dai/videos/G-unseen-cross__dualforce_dcg_w6_effect_v3__water_bending_3__ref_shadow_smoke_7__s43.mp4,8,113,0.5282091917861191,0.7797995855015707,0.8553006710840894,0.7040077434142883
dualforce_dcg_w6|05_effect_v3__dai|eca38976ec,GEN:dualforce_dcg_w6:v3:effect:start,water_element_4,store/gens/032_dualforce_dcg_w6/05_effect_v3__dai/videos/G-unseen-cross__dualforce_dcg_w6_effect_v3__water_element_4__ref_shadow_10__s43.mp4,8,120,0.4086583685990219,0.3150981477553649,0.3403943495788183,0.6260518362296374
dualforce_dcg_w6|05_effect_v3__dai|b70e35f19e,GEN:dualforce_dcg_w6:v3:effect:start,money_rain_1,store/gens/032_dualforce_dcg_w6/05_effect_v3__dai/videos/G-unseen-cross__dualforce_dcg_w6_effect_v3__money_rain_1__ref_water_element_4__s42.mp4,8,120,0.4524357490078938,0.8673140198542293,0.939910497189678,0.6875607885273772
dualforce_dcg_w6|05_effect_v3__dai|7d3ba807e5,GEN:dualforce_dcg_w6:v3:effect:start,money_rain_1,store/gens/032_dualforce_dcg_w6/05_effect_v3__dai/videos/G-unseen-cross__dualforce_dcg_w6_effect_v3__money_rain_1__ref_water_element_4__s43.mp4,8,120,0.515579439659493,0.6622226756484422,0.6838860927652402,0.7440549662890233
dualforce_dcg_w6|05_effect_v3__dai|fed6102d9a,GEN:dualforce_dcg_w6:v3:effect:start,monstrosity_0,store/gens/032_dualforce_dcg_w6/05_effect_v3__dai/videos/G-unseen-cross__dualforce_dcg_w6_effect_v3__monstrosity_0__ref_illustration_scene_4__s43.mp4,8,120,0.7025287349114422,0.596770485956229,0.6437853616284771,0.7488622276268561
dualforce_dcg_w6|05_effect_v3__dai|c025be4d2e,GEN:dualforce_dcg_w6:v3:effect:start,polygon_4,store/gens/032_dualforce_dcg_w6/05_effect_v3__dai/videos/G-unseen-cross__dualforce_dcg_w6_effect_v3__polygon_4__ref_money_rain_1__s43.mp4,8,120,0.4972013882572754,0.6700492122782244,0.7187570611972364,0.4526022131293056
dualforce_dcg_w6|05_effect_v3__dai|d4088e35d3,GEN:dualforce_dcg_w6:v3:effect:start,polygon_8,store/gens/032_dualforce_dcg_w6/05_effect_v3__dai/videos/G-unseen-cross__dualforce_dcg_w6_effect_v3__polygon_8__ref_money_rain_1__s43.mp4,8,120,0.616302929352287,1.0834360703658648,1.131747295126071,0.3478675148839726
dualforce_dcg_w6|05_effect_v3__dai|82f2bc0f79,GEN:dualforce_dcg_w6:v3:effect:start,portal_1,store/gens/032_dualforce_dcg_w6/05_effect_v3__dai/videos/G-unseen-cross__dualforce_dcg_w6_effect_v3__portal_1__ref_money_rain_3__s42.mp4,8,120,0.5413964004249547,0.7053612743950887,0.7503749409190122,0.5723922672301226
dualforce_dcg_w6|05_effect_v3__dai|30fd5a6bf0,GEN:dualforce_dcg_w6:v3:effect:start,portal_1,store/gens/032_dualforce_dcg_w6/05_effect_v3__dai/videos/G-unseen-cross__dualforce_dcg_w6_effect_v3__portal_1__ref_money_rain_3__s43.mp4,8,120,0.5220549919939408,0.6114028329541732,0.6808836483564613,0.6363243052843266
dualforce_dcg_w6|05_effect_v3__dai|1f329815ef,GEN:dualforce_dcg_w6:v3:effect:start,portal_4,store/gens/032_dualforce_dcg_w6/05_effect_v3__dai/videos/G-unseen-cross__dualforce_dcg_w6_effect_v3__portal_4__ref_polygon_4__s43.mp4,8,120,0.43652923621514,0.5463849075742373,0.6168518197969413,1.0953765948295786
dualforce_dcg_w6|05_effect_v3__dai|c9c9cf865d,GEN:dualforce_dcg_w6:v3:effect:both,raven_transition_2,store/gens/032_dualforce_dcg_w6/05_effect_v3__dai/videos/G-unseen-cross__dualforce_dcg_w6_effect_v3__raven_transition_2__ref_shadow_smoke_0__s43.mp4,8,113,0.513946937557934,0.6018451076190038,0.6767617598691245,1.0204483933073714
dualforce_dcg_w6|05_effect_v3__dai|0b3f872688,GEN:dualforce_dcg_w6:v3:effect:start,saint_glow_3,store/gens/032_dualforce_dcg_w6/05_effect_v3__dai/videos/G-unseen-cross__dualforce_dcg_w6_effect_v3__saint_glow_3__ref_polygon_4__s43.mp4,8,120,0.4654392381741117,0.4349790214394439,0.4843527516606614,0.9025220028313768
dualforce_dcg_w6|05_effect_v3__dai|a0c31c8578,GEN:dualforce_dcg_w6:v3:effect:start,shadow_10,store/gens/032_dualforce_dcg_w6/05_effect_v3__dai/videos/G-unseen-cross__dualforce_dcg_w6_effect_v3__shadow_10__ref_polygon_8__s42.mp4,8,120,0.7950458159876663,0.4283998538225154,0.4693213757724159,0.6413885625507956
dualforce_dcg_w6|05_effect_v3__dai|3d8a2b7abd,GEN:dualforce_dcg_w6:v3:effect:start,shadow_10,store/gens/032_dualforce_dcg_w6/05_effect_v3__dai/videos/G-unseen-cross__dualforce_dcg_w6_effect_v3__shadow_10__ref_polygon_8__s43.mp4,8,120,0.8212474726737831,0.6007009044747625,0.6637347018000466,0.6270302614806903
dualforce_dcg_w6|05_effect_v3__dai|5f5f937b55,GEN:dualforce_dcg_w6:v3:effect:start,shadow_3,store/gens/032_dualforce_dcg_w6/05_effect_v3__dai/videos/G-unseen-cross__dualforce_dcg_w6_effect_v3__shadow_3__ref_portal_1__s43.mp4,8,120,0.4247582835994701,0.9231504976457184,1.031764986196318,0.9657587371661884
dualforce_dcg_w6|05_effect_v3__dai|5b8fa17801,GEN:dualforce_dcg_w6:v3:effect:start,mystification_0,store/gens/032_dualforce_dcg_w6/05_effect_v3__dai/videos/G-unseen-cross__dualforce_dcg_w6_effect_v3__mystification_0__ref_illustration_scene_4__s43.mp4,8,120,0.6794128499380292,0.5301232610998273,0.6681927012771856,0.7716070190477305
dualforce_dcg_w6|05_effect_v3__dai|b3e4511ffb,GEN:dualforce_dcg_w6:v3:effect:start,plasma_explosion_2,store/gens/032_dualforce_dcg_w6/05_effect_v3__dai/videos/G-unseen-cross__dualforce_dcg_w6_effect_v3__plasma_explosion_2__ref_illustration_scene_7__s42.mp4,8,120,0.7011782203632286,0.6542340114824676,0.4206762604566966,0.8190869362248202
dualforce_dcg_w6|05_effect_v3__dai|b53b429d66,GEN:dualforce_dcg_w6:v3:effect:start,plasma_explosion_2,store/gens/032_dualforce_dcg_w6/05_effect_v3__dai/videos/G-unseen-cross__dualforce_dcg_w6_effect_v3__plasma_explosion_2__ref_illustration_scene_7__s43.mp4,8,120,0.7142721229342064,0.6908960642970983,0.6856713161319917,0.7813466526926824
dualforce_dcg_w6|05_effect_v3__dai|7051d74059,GEN:dualforce_dcg_w6:v3:effect:start,wireframe_0,store/gens/032_dualforce_dcg_w6/05_effect_v3__dai/videos/G-unseen-cross__dualforce_dcg_w6_effect_v3__wireframe_0__ref_shadow_10__s43.mp4,8,120,0.3420628165785437,0.3712208304914772,0.419044537827221,1.064892030128443
dualforce_dcg_w6|05_effect_v3__dai|7cfa92b75d,GEN:dualforce_dcg_w6:v3:effect:start,wireframe_7,store/gens/032_dualforce_dcg_w6/05_effect_v3__dai/videos/G-unseen-cross__dualforce_dcg_w6_effect_v3__wireframe_7__ref_shadow_3__s42.mp4,8,120,0.5097417554529438,0.4108815252545362,0.4097911830171644,0.8629581369482429
dualforce_dcg_w6|05_effect_v3__dai|0a22d113d1,GEN:dualforce_dcg_w6:v3:effect:start,wireframe_7,store/gens/032_dualforce_dcg_w6/05_effect_v3__dai/videos/G-unseen-cross__dualforce_dcg_w6_effect_v3__wireframe_7__ref_shadow_3__s43.mp4,8,120,0.3735364442239788,0.428234922344849,0.4605008090616902,0.8093067678834538
dualforce_dcg_w6|05_effect_v3__dai|08445632c6,GEN:dualforce_dcg_w6:v3:effect:start,super_fast_run_0,store/gens/032_dualforce_dcg_w6/05_effect_v3__dai/videos/G-unseen-cross__dualforce_dcg_w6_effect_v3__super_fast_run_0__ref_portal_1__s43.mp4,8,120,0.580219419355885,1.6360667653129002,1.7698622614953194,0.4438462537859771
dualforce_dcg_w6|05_effect_v3__dai|7eceab096e,GEN:dualforce_dcg_w6:v3:effect:start,super_fast_run_3,store/gens/032_dualforce_dcg_w6/05_effect_v3__dai/videos/G-unseen-cross__dualforce_dcg_w6_effect_v3__super_fast_run_3__ref_portal_4__s42.mp4,8,120,0.4687676547424504,2.696505778489489,2.922335168964556,0.7300025643784931
dualforce_dcg_w6|05_effect_v3__dai|88d9fa98d1,GEN:dualforce_dcg_w6:v3:effect:start,super_fast_run_3,store/gens/032_dualforce_dcg_w6/05_effect_v3__dai/videos/G-unseen-cross__dualforce_dcg_w6_effect_v3__super_fast_run_3__ref_portal_4__s43.mp4,8,120,0.5651684897236893,1.5622197882314464,1.640259837806732,0.8266839959947692
dualforce_dcg_w6|05_effect_v3__dai|3c49e1755a,GEN:dualforce_dcg_w6:v3:effect:start,animalization_0,store/gens/032_dualforce_dcg_w6/05_effect_v3__dai/videos/G-unseen-same__dualforce_dcg_w6_effect_v3__animalization_0__ref_animalization_2__s42.mp4,8,120,0.5711541837916496,0.73273404074163,0.7764225646171686,1.0055753159311784
dualforce_dcg_w6|05_effect_v3__dai|e8b21b6cca,GEN:dualforce_dcg_w6:v3:effect:start,animalization_0,store/gens/032_dualforce_dcg_w6/05_effect_v3__dai/videos/G-unseen-same__dualforce_dcg_w6_effect_v3__animalization_0__ref_animalization_2__s43.mp4,8,120,0.4965194952962717,0.7616541766585117,0.835598372195542,1.0885403934495224
dualforce_dcg_w6|05_effect_v3__dai|6d2f04cdbf,GEN:dualforce_dcg_w6:v3:effect:start,animalization_2,store/gens/032_dualforce_dcg_w6/05_effect_v3__dai/videos/G-unseen-same__dualforce_dcg_w6_effect_v3__animalization_2__ref_animalization_0__s43.mp4,8,120,0.4328592982489703,0.8571547418636337,0.8759924193121803,0.347728472088452
dualforce_dcg_w6|05_effect_v3__dai|47c42c9fc7,GEN:dualforce_dcg_w6:v3:effect:both,earth_wave_5,store/gens/032_dualforce_dcg_w6/05_effect_v3__dai/videos/G-unseen-same__dualforce_dcg_w6_effect_v3__earth_wave_5__ref_earth_wave_3__s42.mp4,8,113,0.4479474089750026,0.662346702737348,0.6943840925297746,0.9155897973275134
dualforce_dcg_w6|05_effect_v3__dai|1c7ee0e0c5,GEN:dualforce_dcg_w6:v3:effect:both,earth_wave_5,store/gens/032_dualforce_dcg_w6/05_effect_v3__dai/videos/G-unseen-same__dualforce_dcg_w6_effect_v3__earth_wave_5__ref_earth_wave_3__s43.mp4,8,113,0.5037354037742212,0.6645912423013471,0.68746503466582,0.9145260313252054
dualforce_dcg_w6|05_effect_v3__dai|dd186c8173,GEN:dualforce_dcg_w6:v3:effect:start,fire_element_3,store/gens/032_dualforce_dcg_w6/05_effect_v3__dai/videos/G-unseen-same__dualforce_dcg_w6_effect_v3__fire_element_3__ref_fire_element_2__s42.mp4,8,120,0.4500529883686699,0.5251034095235482,0.5665322846346932,0.9537878966876246
dualforce_dcg_w6|05_effect_v3__dai|e12b04de5a,GEN:dualforce_dcg_w6:v3:effect:start,fire_element_3,store/gens/032_dualforce_dcg_w6/05_effect_v3__dai/videos/G-unseen-same__dualforce_dcg_w6_effect_v3__fire_element_3__ref_fire_element_2__s43.mp4,8,120,0.4795047044043929,0.5849989590578214,0.6088502271142097,0.856158949564265
dualforce_dcg_w6|05_effect_v3__dai|2eef78ee06,GEN:dualforce_dcg_w6:v3:effect:start,color_rain_0,store/gens/032_dualforce_dcg_w6/05_effect_v3__dai/videos/G-unseen-same__dualforce_dcg_w6_effect_v3__color_rain_0__ref_color_rain_2__s42.mp4,8,120,0.5009166390977027,0.4284021477765452,0.4818175624731381,0.3829541292222366
dualforce_dcg_w6|05_effect_v3__dai|a52f00a890,GEN:dualforce_dcg_w6:v3:effect:start,color_rain_0,store/gens/032_dualforce_dcg_w6/05_effect_v3__dai/videos/G-unseen-same__dualforce_dcg_w6_effect_v3__color_rain_0__ref_color_rain_2__s43.mp4,8,120,0.4978611113583335,0.3915051787064373,0.4562059268960405,0.5075316619926832
dualforce_dcg_w6|05_effect_v3__dai|e4852b18da,GEN:dualforce_dcg_w6:v3:effect:start,color_rain_2,store/gens/032_dualforce_dcg_w6/05_effect_v3__dai/videos/G-unseen-same__dualforce_dcg_w6_effect_v3__color_rain_2__ref_color_rain_0__s43.mp4,8,120,0.5867221310821722,0.351350976547525,0.3992724660743968,0.927202114596186
dualforce_dcg_w6|05_effect_v3__dai|ab2bb6933b,GEN:dualforce_dcg_w6:v3:effect:both,flame_transition_2,store/gens/032_dualforce_dcg_w6/05_effect_v3__dai/videos/G-unseen-same__dualforce_dcg_w6_effect_v3__flame_transition_2__ref_flame_transition_3__s42.mp4,8,113,0.5537774412114589,1.0243397815085935,0.959423598359759,0.5865062873906637
dualforce_dcg_w6|05_effect_v3__dai|5003eaf83e,GEN:dualforce_dcg_w6:v3:effect:both,flame_transition_2,store/gens/032_dualforce_dcg_w6/05_effect_v3__dai/videos/G-unseen-same__dualforce_dcg_w6_effect_v3__flame_transition_2__ref_flame_transition_3__s43.mp4,8,113,0.5886133485061886,0.9969156176455896,0.938734242201626,0.5851807959219029
dualforce_dcg_w6|05_effect_v3__dai|978ce94162,GEN:dualforce_dcg_w6:v3:effect:both,flame_transition_3,store/gens/032_dualforce_dcg_w6/05_effect_v3__dai/videos/G-unseen-same__dualforce_dcg_w6_effect_v3__flame_transition_3__ref_flame_transition_2__s42.mp4,8,113,0.5540132304449137,0.8932491442071581,0.9628494353915392,0.7073295200679451
dualforce_dcg_w6|05_effect_v3__dai|383833fdf0,GEN:dualforce_dcg_w6:v3:effect:both,flame_transition_3,store/gens/032_dualforce_dcg_w6/05_effect_v3__dai/videos/G-unseen-same__dualforce_dcg_w6_effect_v3__flame_transition_3__ref_flame_transition_2__s43.mp4,8,113,0.5802887991468335,0.8030979506151219,0.7627218886813566,0.7104836725716641
dualforce_dcg_w6|05_effect_v3__dai|b8a9b232af,GEN:dualforce_dcg_w6:v3:effect:start,earth_element_4,store/gens/032_dualforce_dcg_w6/05_effect_v3__dai/videos/G-unseen-same__dualforce_dcg_w6_effect_v3__earth_element_4__ref_earth_element_6__s42.mp4,8,120,0.508323174741085,0.5622294760556603,0.6110253541155882,0.6263944416957999
dualforce_dcg_w6|05_effect_v3__dai|b43e0ba5e0,GEN:dualforce_dcg_w6:v3:effect:start,earth_element_4,store/gens/032_dualforce_dcg_w6/05_effect_v3__dai/videos/G-unseen-same__dualforce_dcg_w6_effect_v3__earth_element_4__ref_earth_element_6__s43.mp4,8,120,0.4392247191350533,0.5023515284924207,0.5532241646305338,0.6535142256432639
dualforce_dcg_w6|05_effect_v3__dai|8a97244feb,GEN:dualforce_dcg_w6:v3:effect:start,earth_element_6,store/gens/032_dualforce_dcg_w6/05_effect_v3__dai/videos/G-unseen-same__dualforce_dcg_w6_effect_v3__earth_element_6__ref_earth_element_4__s43.mp4,8,120,0.4964946791331301,0.635706869681257,0.6535851090695353,0.7785034569150694
dualforce_dcg_w6|05_effect_v3__dai|bee5a1dc05,GEN:dualforce_dcg_w6:v3:effect:start,gas_transformation_6,store/gens/032_dualforce_dcg_w6/05_effect_v3__dai/videos/G-unseen-same__dualforce_dcg_w6_effect_v3__gas_transformation_6__ref_gas_transformation_7__s42.mp4,8,120,0.5668946001107431,0.5318058753034354,0.6410902297244585,0.3694856772697316
dualforce_dcg_w6|05_effect_v3__dai|98bdac9808,GEN:dualforce_dcg_w6:v3:effect:start,gas_transformation_6,store/gens/032_dualforce_dcg_w6/05_effect_v3__dai/videos/G-unseen-same__dualforce_dcg_w6_effect_v3__gas_transformation_6__ref_gas_transformation_7__s43.mp4,8,120,0.4494361501835384,0.532167950512289,0.6403009107345684,0.3914735830283675
dualforce_dcg_w6|05_effect_v3__dai|898633b9b6,GEN:dualforce_dcg_w6:v3:effect:start,gas_transformation_7,store/gens/032_dualforce_dcg_w6/05_effect_v3__dai/videos/G-unseen-same__dualforce_dcg_w6_effect_v3__gas_transformation_7__ref_gas_transformation_6__s43.mp4,8,120,0.5977165618397839,0.4530087923685593,0.4253218478885557,0.7436232406450893
dualforce_dcg_w6|05_effect_v3__dai|451712b870,GEN:dualforce_dcg_w6:v3:effect:both,giant_grab_5,store/gens/032_dualforce_dcg_w6/05_effect_v3__dai/videos/G-unseen-same__dualforce_dcg_w6_effect_v3__giant_grab_5__ref_giant_grab_3__s42.mp4,8,113,0.5202607141776787,0.6658116235033712,0.7404944174878008,0.4916845984460826
dualforce_dcg_w6|05_effect_v3__dai|e003dbed5e,GEN:dualforce_dcg_w6:v3:effect:both,giant_grab_5,store/gens/032_dualforce_dcg_w6/05_effect_v3__dai/videos/G-unseen-same__dualforce_dcg_w6_effect_v3__giant_grab_5__ref_giant_grab_3__s43.mp4,8,113,0.6503186751016323,0.5165296597138991,0.5959829151836986,0.4936865399258344
dualforce_dcg_w6|05_effect_v3__dai|13bab1af24,GEN:dualforce_dcg_w6:v3:effect:both,hero_flight_5,store/gens/032_dualforce_dcg_w6/05_effect_v3__dai/videos/G-unseen-same__dualforce_dcg_w6_effect_v3__hero_flight_5__ref_hero_flight_6__s42.mp4,8,113,0.6579808968884873,0.6485704378578319,0.6473114488762872,0.6782493561165267
dualforce_dcg_w6|05_effect_v3__dai|9bdf35ff7d,GEN:dualforce_dcg_w6:v3:effect:both,hero_flight_5,store/gens/032_dualforce_dcg_w6/05_effect_v3__dai/videos/G-unseen-same__dualforce_dcg_w6_effect_v3__hero_flight_5__ref_hero_flight_6__s43.mp4,8,113,0.6296397988931004,0.6538140668408151,0.6943028673661034,0.6755867954575836
dualforce_dcg_w6|05_effect_v3__dai|a2ea112b05,GEN:dualforce_dcg_w6:v3:effect:both,hero_flight_6,store/gens/032_dualforce_dcg_w6/05_effect_v3__dai/videos/G-unseen-same__dualforce_dcg_w6_effect_v3__hero_flight_6__ref_hero_flight_5__s43.mp4,8,113,0.7238668136607718,0.7545311279946565,0.8668180201645088,0.724844282872619
dualforce_dcg_w6|05_effect_v3__dai|c60d37fe73,GEN:dualforce_dcg_w6:v3:effect:start,illustration_scene_4,store/gens/032_dualforce_dcg_w6/05_effect_v3__dai/videos/G-unseen-same__dualforce_dcg_w6_effect_v3__illustration_scene_4__ref_illustration_scene_7__s42.mp4,8,120,0.7588355646152276,0.7762130382300286,0.6500919952038869,0.6575880612907684
dualforce_dcg_w6|05_effect_v3__dai|c252492343,GEN:dualforce_dcg_w6:v3:effect:start,illustration_scene_4,store/gens/032_dualforce_dcg_w6/05_effect_v3__dai/videos/G-unseen-same__dualforce_dcg_w6_effect_v3__illustration_scene_4__ref_illustration_scene_7__s43.mp4,8,120,0.7279152617556885,0.7546471854686556,0.7559218868443897,0.7042195735269773
dualforce_dcg_w6|05_effect_v3__dai|b96103157d,GEN:dualforce_dcg_w6:v3:effect:start,money_rain_3,store/gens/032_dualforce_dcg_w6/05_effect_v3__dai/videos/G-unseen-same__dualforce_dcg_w6_effect_v3__money_rain_3__ref_money_rain_1__s43.mp4,8,120,0.5396741404070529,0.6470277753709407,0.7295555204672676,0.510311922037739
dualforce_dcg_w6|05_effect_v3__dai|2b231cf8c2,GEN:dualforce_dcg_w6:v3:effect:start,mystification_1,store/gens/032_dualforce_dcg_w6/05_effect_v3__dai/videos/G-unseen-same__dualforce_dcg_w6_effect_v3__mystification_1__ref_mystification_0__s42.mp4,8,120,0.4781903399485363,0.4184680714176949,0.5068118159480505,0.4864144668579839
dualforce_dcg_w6|05_effect_v3__dai|cc108a85e5,GEN:dualforce_dcg_w6:v3:effect:start,mystification_1,store/gens/032_dualforce_dcg_w6/05_effect_v3__dai/videos/G-unseen-same__dualforce_dcg_w6_effect_v3__mystification_1__ref_mystification_0__s43.mp4,8,120,0.4469206747195584,0.3815018853815409,0.4629745582430353,0.4865357499866118
dualforce_dcg_w6|05_effect_v3__dai|ac0d75f684,GEN:dualforce_dcg_w6:v3:effect:start,plasma_explosion_3,store/gens/032_dualforce_dcg_w6/05_effect_v3__dai/videos/G-unseen-same__dualforce_dcg_w6_effect_v3__plasma_explosion_3__ref_plasma_explosion_2__s42.mp4,8,120,0.4792983154463048,1.2251482812724654,1.351663094596629,0.6816865821097762
dualforce_dcg_w6|05_effect_v3__dai|864b8ae763,GEN:dualforce_dcg_w6:v3:effect:start,plasma_explosion_3,store/gens/032_dualforce_dcg_w6/05_effect_v3__dai/videos/G-unseen-same__dualforce_dcg_w6_effect_v3__plasma_explosion_3__ref_plasma_explosion_2__s43.mp4,8,120,0.5056420187336423,1.1626281489859558,1.2313779512597638,0.6182554027030152
dualforce_dcg_w6|05_effect_v3__dai|3be62fe70c,GEN:dualforce_dcg_w6:v3:effect:start,polygon_8,store/gens/032_dualforce_dcg_w6/05_effect_v3__dai/videos/G-unseen-same__dualforce_dcg_w6_effect_v3__polygon_8__ref_polygon_4__s43.mp4,8,120,0.4212666967583756,0.5291840714609772,0.5485356901165735,0.5626926032113767
dualforce_dcg_w6|05_effect_v3__dai|a962dd1526,GEN:dualforce_dcg_w6:v3:effect:start,illustration_scene_7,store/gens/032_dualforce_dcg_w6/05_effect_v3__dai/videos/G-unseen-same__dualforce_dcg_w6_effect_v3__illustration_scene_7__ref_illustration_scene_4__s43.mp4,8,120,0.627902148458612,0.9571750946575496,1.1106380271544465,0.7667483295037151
dualforce_dcg_w6|05_effect_v3__dai|80d2be007d,GEN:dualforce_dcg_w6:v3:effect:start,money_rain_1,store/gens/032_dualforce_dcg_w6/05_effect_v3__dai/videos/G-unseen-same__dualforce_dcg_w6_effect_v3__money_rain_1__ref_money_rain_3__s42.mp4,8,120,0.5444540764461314,0.7333718244710297,0.8392443508925783,0.6143217067856669
dualforce_dcg_w6|05_effect_v3__dai|b3a05b35b2,GEN:dualforce_dcg_w6:v3:effect:start,money_rain_1,store/gens/032_dualforce_dcg_w6/05_effect_v3__dai/videos/G-unseen-same__dualforce_dcg_w6_effect_v3__money_rain_1__ref_money_rain_3__s43.mp4,8,120,0.5582344155787593,0.6356930222882723,0.7151421643319801,0.628815231014035
dualforce_dcg_w6|05_effect_v3__dai|ac681d590c,GEN:dualforce_dcg_w6:v3:effect:start,shadow_10,store/gens/032_dualforce_dcg_w6/05_effect_v3__dai/videos/G-unseen-same__dualforce_dcg_w6_effect_v3__shadow_10__ref_shadow_3__s42.mp4,8,120,0.3541282363936384,0.4404275615917009,0.4933935838807296,0.8654715496179414
dualforce_dcg_w6|05_effect_v3__dai|470911cf7e,GEN:dualforce_dcg_w6:v3:effect:start,shadow_10,store/gens/032_dualforce_dcg_w6/05_effect_v3__dai/videos/G-unseen-same__dualforce_dcg_w6_effect_v3__shadow_10__ref_shadow_3__s43.mp4,8,120,0.3436428620652114,0.3869248039586189,0.4236094238225968,0.849451163703399
dualforce_dcg_w6|05_effect_v3__dai|6eff7f7702,GEN:dualforce_dcg_w6:v3:effect:start,shadow_3,store/gens/032_dualforce_dcg_w6/05_effect_v3__dai/videos/G-unseen-same__dualforce_dcg_w6_effect_v3__shadow_3__ref_shadow_10__s43.mp4,8,120,0.4816941681291922,0.392446874478935,0.3924347634053638,1.0051273609113085
dualforce_dcg_w6|05_effect_v3__dai|a802ffc096,GEN:dualforce_dcg_w6:v3:effect:start,wireframe_7,store/gens/032_dualforce_dcg_w6/05_effect_v3__dai/videos/G-unseen-same__dualforce_dcg_w6_effect_v3__wireframe_7__ref_wireframe_0__s43.mp4,8,120,0.5693443036217465,0.6324901344377705,0.707754067461346,0.990195988122942
dualforce_dcg_w6|05_effect_v3__dai|b6eeaff414,GEN:dualforce_dcg_w6:v3:effect:both,air_bending_1,store/gens/032_dualforce_dcg_w6/05_effect_v3__dai/videos/G-zs-cross__dualforce_dcg_w6_effect_v3__air_bending_1__ref_firelava_1__s42.mp4,8,113,0.545204410877471,1.109913535982178,1.182655394110427,1.0849759198393625
dualforce_dcg_w6|05_effect_v3__dai|079f3ddd69,GEN:dualforce_dcg_w6:v3:effect:both,air_bending_1,store/gens/032_dualforce_dcg_w6/05_effect_v3__dai/videos/G-zs-cross__dualforce_dcg_w6_effect_v3__air_bending_1__ref_firelava_1__s43.mp4,8,113,0.5259373753641994,1.1327283924558438,1.1072345445116416,1.0786326287422134
dualforce_dcg_w6|05_effect_v3__dai|ba9ef88f5f,GEN:dualforce_dcg_w6:v3:effect:start,super_fast_run_0,store/gens/032_dualforce_dcg_w6/05_effect_v3__dai/videos/G-unseen-same__dualforce_dcg_w6_effect_v3__super_fast_run_0__ref_super_fast_run_3__s42.mp4,8,120,0.4828908072311755,0.5569322247312672,0.5928553823499377,0.7622795612925285
dualforce_dcg_w6|05_effect_v3__dai|8963a3974d,GEN:dualforce_dcg_w6:v3:effect:start,super_fast_run_0,store/gens/032_dualforce_dcg_w6/05_effect_v3__dai/videos/G-unseen-same__dualforce_dcg_w6_effect_v3__super_fast_run_0__ref_super_fast_run_3__s43.mp4,8,120,0.4532689325819521,0.5728632979082605,0.640091171483742,0.7791489473788645
dualforce_dcg_w6|05_effect_v3__dai|f105bf14d1,GEN:dualforce_dcg_w6:v3:effect:start,super_fast_run_3,store/gens/032_dualforce_dcg_w6/05_effect_v3__dai/videos/G-unseen-same__dualforce_dcg_w6_effect_v3__super_fast_run_3__ref_super_fast_run_0__s43.mp4,8,120,0.4885078270068843,0.5987430393487126,0.6130073794186593,1.0869752743012056
dualforce_dcg_w6|05_effect_v3__dai|9feb603f2c,GEN:dualforce_dcg_w6:v3:effect:start,portal_1,store/gens/032_dualforce_dcg_w6/05_effect_v3__dai/videos/G-unseen-same__dualforce_dcg_w6_effect_v3__portal_1__ref_portal_4__s42.mp4,8,120,0.4989277284807314,1.061001142396126,1.0851744612559595,0.7188598266513985
dualforce_dcg_w6|05_effect_v3__dai|e23ca5c894,GEN:dualforce_dcg_w6:v3:effect:start,portal_1,store/gens/032_dualforce_dcg_w6/05_effect_v3__dai/videos/G-unseen-same__dualforce_dcg_w6_effect_v3__portal_1__ref_portal_4__s43.mp4,8,120,0.5374056446597326,0.9965661726455416,1.0308785779742995,0.7645186978626914
dualforce_dcg_w6|05_effect_v3__dai|f3759805ae,GEN:dualforce_dcg_w6:v3:effect:start,portal_4,store/gens/032_dualforce_dcg_w6/05_effect_v3__dai/videos/G-unseen-same__dualforce_dcg_w6_effect_v3__portal_4__ref_portal_1__s43.mp4,8,120,0.523920487886764,1.4033666387610764,1.4362788725011837,1.013627201164781
dualforce_dcg_w6|05_effect_v3__dai|2c39069b71,GEN:dualforce_dcg_w6:v3:effect:both,shadow_smoke_0,store/gens/032_dualforce_dcg_w6/05_effect_v3__dai/videos/G-unseen-same__dualforce_dcg_w6_effect_v3__shadow_smoke_0__ref_shadow_smoke_7__s42.mp4,8,113,0.5193783862956793,0.9360302924114656,1.0356358681101328,0.5565069402739075
dualforce_dcg_w6|05_effect_v3__dai|992e5dc96d,GEN:dualforce_dcg_w6:v3:effect:both,shadow_smoke_0,store/gens/032_dualforce_dcg_w6/05_effect_v3__dai/videos/G-unseen-same__dualforce_dcg_w6_effect_v3__shadow_smoke_0__ref_shadow_smoke_7__s43.mp4,8,113,0.4368182337384192,1.022447151300116,1.05921575528865,0.5538230962191204
dualforce_dcg_w6|05_effect_v3__dai|b0d6b0f6e2,GEN:dualforce_dcg_w6:v3:effect:both,shadow_smoke_7,store/gens/032_dualforce_dcg_w6/05_effect_v3__dai/videos/G-unseen-same__dualforce_dcg_w6_effect_v3__shadow_smoke_7__ref_shadow_smoke_0__s43.mp4,8,113,0.4699970518241201,0.8026592482609511,0.8093237769386189,0.9212181423692076
dualforce_dcg_w6|05_effect_v3__dai|80dc394d4a,GEN:dualforce_dcg_w6:v3:effect:start,water_element_3,store/gens/032_dualforce_dcg_w6/05_effect_v3__dai/videos/G-unseen-same__dualforce_dcg_w6_effect_v3__water_element_3__ref_water_element_4__s42.mp4,8,120,0.3826669906892435,0.8132842577372864,0.924449090052958,0.2649320130395093
dualforce_dcg_w6|05_effect_v3__dai|99e494c148,GEN:dualforce_dcg_w6:v3:effect:start,water_element_3,store/gens/032_dualforce_dcg_w6/05_effect_v3__dai/videos/G-unseen-same__dualforce_dcg_w6_effect_v3__water_element_3__ref_water_element_4__s43.mp4,8,120,0.4284290128580144,0.8171078734741568,0.9177739049094532,0.2792142421878643
dualforce_dcg_w6|05_effect_v3__dai|a29b08ca51,GEN:dualforce_dcg_w6:v3:effect:start,wireframe_0,store/gens/032_dualforce_dcg_w6/05_effect_v3__dai/videos/G-unseen-same__dualforce_dcg_w6_effect_v3__wireframe_0__ref_wireframe_7__s42.mp4,8,120,0.691027346007344,0.1650440491853745,0.1148608789377896,1.4126063346476336
dualforce_dcg_w6|05_effect_v3__dai|33d3b1bddd,GEN:dualforce_dcg_w6:v3:effect:start,wireframe_0,store/gens/032_dualforce_dcg_w6/05_effect_v3__dai/videos/G-unseen-same__dualforce_dcg_w6_effect_v3__wireframe_0__ref_wireframe_7__s43.mp4,8,120,0.701885930459986,0.162219538350077,0.1112615374268602,1.4488492445670764
dualforce_dcg_w6|05_effect_v3__dai|caf97500fe,GEN:dualforce_dcg_w6:v3:effect:both,air_bending_1,store/gens/032_dualforce_dcg_w6/05_effect_v3__dai/videos/G-zs-cross__dualforce_dcg_w6_effect_v3__air_bending_1__ref_raven_transition_0__s43.mp4,8,113,0.4963233405834026,0.869821121553194,0.7910881537221947,1.0865284984549213
dualforce_dcg_w6|05_effect_v3__dai|8bd695108e,GEN:dualforce_dcg_w6:v3:effect:start,animalization_0,store/gens/032_dualforce_dcg_w6/05_effect_v3__dai/videos/G-zs-cross__dualforce_dcg_w6_effect_v3__animalization_0__ref_acid_0__s42.mp4,8,120,0.3553310283533593,0.626789948498387,0.7084964346733491,0.7262397589543848
dualforce_dcg_w6|05_effect_v3__dai|b1c9ecf938,GEN:dualforce_dcg_w6:v3:effect:start,animalization_0,store/gens/032_dualforce_dcg_w6/05_effect_v3__dai/videos/G-zs-cross__dualforce_dcg_w6_effect_v3__animalization_0__ref_acid_0__s43.mp4,8,120,0.419749610387939,0.6858850192491341,0.7492254897385987,0.6613367747160146
dualforce_dcg_w6|05_effect_v3__dai|9ddcbca806,GEN:dualforce_dcg_w6:v3:effect:start,animalization_2,store/gens/032_dualforce_dcg_w6/05_effect_v3__dai/videos/G-zs-cross__dualforce_dcg_w6_effect_v3__animalization_2__ref_cotton_cloud_1__s43.mp4,8,120,0.4456654293124684,0.5157719158424577,0.6106660798864555,0.6459919358375672
dualforce_dcg_w6|05_effect_v3__dai|6332ef7ac0,GEN:dualforce_dcg_w6:v3:effect:start,animalization_2,store/gens/032_dualforce_dcg_w6/05_effect_v3__dai/videos/G-zs-cross__dualforce_dcg_w6_effect_v3__animalization_2__ref_saint_glow_0__s43.mp4,8,120,0.4836286102934761,0.5728056035489232,0.6124817972116308,0.4315286935592172
dualforce_dcg_w6|05_effect_v3__dai|154de1fd03,GEN:dualforce_dcg_w6:v3:effect:start,color_rain_0,store/gens/032_dualforce_dcg_w6/05_effect_v3__dai/videos/G-zs-cross__dualforce_dcg_w6_effect_v3__color_rain_0__ref_cotton_cloud_2__s42.mp4,8,120,0.4709688289740608,0.4458102872501689,0.4276084684351105,0.459387063093191
dualforce_dcg_w6|05_effect_v3__dai|be436ac2bf,GEN:dualforce_dcg_w6:v3:effect:start,color_rain_0,store/gens/032_dualforce_dcg_w6/05_effect_v3__dai/videos/G-zs-cross__dualforce_dcg_w6_effect_v3__color_rain_0__ref_cotton_cloud_2__s43.mp4,8,120,0.4359748812088377,0.4184725326001422,0.3547619266357972,0.442887805586022
dualforce_dcg_w6|05_effect_v3__dai|2b685992bf,GEN:dualforce_dcg_w6:v3:effect:start,color_rain_0,store/gens/032_dualforce_dcg_w6/05_effect_v3__dai/videos/G-zs-cross__dualforce_dcg_w6_effect_v3__color_rain_0__ref_saint_glow_0__s43.mp4,8,120,0.5992189814627131,0.5320393859947232,0.5676507988459918,0.4288898873071958
dualforce_dcg_w6|05_effect_v3__dai|0cbd4562aa,GEN:dualforce_dcg_w6:v3:effect:start,animalization_0,store/gens/032_dualforce_dcg_w6/05_effect_v3__dai/videos/G-zs-cross__dualforce_dcg_w6_effect_v3__animalization_0__ref_cotton_cloud_1__s42.mp4,8,120,0.3676803799938124,0.4260090357796401,0.4310959961951351,0.8156885296010287
dualforce_dcg_w6|05_effect_v3__dai|1e2df826f0,GEN:dualforce_dcg_w6:v3:effect:start,animalization_0,store/gens/032_dualforce_dcg_w6/05_effect_v3__dai/videos/G-zs-cross__dualforce_dcg_w6_effect_v3__animalization_0__ref_cotton_cloud_1__s43.mp4,8,120,0.3380303871059109,0.4986046200629842,0.5441776623772367,0.8227471897923253
dualforce_dcg_w6|05_effect_v3__dai|b55cdc993a,GEN:dualforce_dcg_w6:v3:effect:start,animalization_2,store/gens/032_dualforce_dcg_w6/05_effect_v3__dai/videos/G-zs-cross__dualforce_dcg_w6_effect_v3__animalization_2__ref_acid_1__s42.mp4,8,120,0.4525190664199945,0.5742978349523521,0.6153592724926962,0.3998607674053068
dualforce_dcg_w6|05_effect_v3__dai|dbd244372d,GEN:dualforce_dcg_w6:v3:effect:start,animalization_2,store/gens/032_dualforce_dcg_w6/05_effect_v3__dai/videos/G-zs-cross__dualforce_dcg_w6_effect_v3__animalization_2__ref_acid_1__s43.mp4,8,120,0.4652233803308017,0.5404574776319679,0.5891321869744669,0.4593972834609267
dualforce_dcg_w6|05_effect_v3__dai|9e2e23ad20,GEN:dualforce_dcg_w6:v3:effect:start,color_rain_2,store/gens/032_dualforce_dcg_w6/05_effect_v3__dai/videos/G-zs-cross__dualforce_dcg_w6_effect_v3__color_rain_2__ref_explosion_0__s42.mp4,8,120,0.4718703708727276,0.8212666368411122,0.897746996701503,0.5681658542061835
dualforce_dcg_w6|05_effect_v3__dai|81317317c1,GEN:dualforce_dcg_w6:v3:effect:start,color_rain_2,store/gens/032_dualforce_dcg_w6/05_effect_v3__dai/videos/G-zs-cross__dualforce_dcg_w6_effect_v3__color_rain_2__ref_explosion_0__s43.mp4,8,120,0.4524480234655967,0.7227214539788199,0.7812838808349146,0.7630565463555807
dualforce_dcg_w6|05_effect_v3__dai|b547ac8698,GEN:dualforce_dcg_w6:v3:effect:start,color_rain_2,store/gens/032_dualforce_dcg_w6/05_effect_v3__dai/videos/G-zs-cross__dualforce_dcg_w6_effect_v3__color_rain_2__ref_saint_glow_1__s42.mp4,8,120,0.5163821822567904,0.4854554579415341,0.532086735442502,0.4133375606946008
dualforce_dcg_w6|05_effect_v3__dai|1ef9e3ec72,GEN:dualforce_dcg_w6:v3:effect:start,color_rain_2,store/gens/032_dualforce_dcg_w6/05_effect_v3__dai/videos/G-zs-cross__dualforce_dcg_w6_effect_v3__color_rain_2__ref_saint_glow_1__s43.mp4,8,120,0.5822316887102377,0.5788734233613024,0.5987886086719755,0.3735323261377802
dualforce_dcg_w6|05_effect_v3__dai|85252652e6,GEN:dualforce_dcg_w6:v3:effect:start,earth_element_4,store/gens/032_dualforce_dcg_w6/05_effect_v3__dai/videos/G-zs-cross__dualforce_dcg_w6_effect_v3__earth_element_4__ref_explosion_1__s42.mp4,8,120,0.3684763243373026,0.4042447798011903,0.4504901905232643,0.5531170771760517
dualforce_dcg_w6|05_effect_v3__dai|39a5142d02,GEN:dualforce_dcg_w6:v3:effect:start,earth_element_4,store/gens/032_dualforce_dcg_w6/05_effect_v3__dai/videos/G-zs-cross__dualforce_dcg_w6_effect_v3__earth_element_4__ref_explosion_1__s43.mp4,8,120,0.3026346990379749,0.4952883088351597,0.5798253658352129,0.6671562937366914
dualforce_dcg_w6|05_effect_v3__dai|a058ca4e67,GEN:dualforce_dcg_w6:v3:effect:both,earth_wave_3,store/gens/032_dualforce_dcg_w6/05_effect_v3__dai/videos/G-zs-cross__dualforce_dcg_w6_effect_v3__earth_wave_3__ref_flying_cam_transition_1__s43.mp4,8,113,0.5016021898968142,0.8986236301373663,0.8791720178159588,0.7738807331556203
dualforce_dcg_w6|05_effect_v3__dai|5c4c252f29,GEN:dualforce_dcg_w6:v3:effect:both,earth_wave_3,store/gens/032_dualforce_dcg_w6/05_effect_v3__dai/videos/G-zs-cross__dualforce_dcg_w6_effect_v3__earth_wave_3__ref_raven_transition_0__s43.mp4,8,113,0.4416654240999531,1.085831509481158,1.2291382851687105,0.7672799496588152
dualforce_dcg_w6|05_effect_v3__dai|58924b47fc,GEN:dualforce_dcg_w6:v3:effect:start,fire_element_2,store/gens/032_dualforce_dcg_w6/05_effect_v3__dai/videos/G-zs-cross__dualforce_dcg_w6_effect_v3__fire_element_2__ref_glitch_0__s42.mp4,8,120,0.5683275676076984,0.4392334530312124,0.4454870119910317,0.4921038375998828
dualforce_dcg_w6|05_effect_v3__dai|6737096acf,GEN:dualforce_dcg_w6:v3:effect:start,fire_element_2,store/gens/032_dualforce_dcg_w6/05_effect_v3__dai/videos/G-zs-cross__dualforce_dcg_w6_effect_v3__fire_element_2__ref_glitch_0__s43.mp4,8,120,0.5325380137210847,1.0683920516599064,1.2981405582169192,0.3276610476469282
dualforce_dcg_w6|05_effect_v3__dai|efdad3d5a1,GEN:dualforce_dcg_w6:v3:effect:start,fire_element_3,store/gens/032_dualforce_dcg_w6/05_effect_v3__dai/videos/G-zs-cross__dualforce_dcg_w6_effect_v3__fire_element_3__ref_glitch_1__s42.mp4,8,120,0.5505772972365377,0.7085137379524031,0.786237682625789,0.9366249847186232
dualforce_dcg_w6|05_effect_v3__dai|6cfca5eb57,GEN:dualforce_dcg_w6:v3:effect:start,fire_element_3,store/gens/032_dualforce_dcg_w6/05_effect_v3__dai/videos/G-zs-cross__dualforce_dcg_w6_effect_v3__fire_element_3__ref_glitch_1__s43.mp4,8,120,0.5336013700722482,0.9115335236887292,0.9429491688244004,0.7724593356174493
dualforce_dcg_w6|05_effect_v3__dai|31e6cdda57,GEN:dualforce_dcg_w6:v3:effect:start,gas_transformation_7,store/gens/032_dualforce_dcg_w6/05_effect_v3__dai/videos/G-zs-cross__dualforce_dcg_w6_effect_v3__gas_transformation_7__ref_northern_lights_0__s42.mp4,8,120,0.4140130827233432,0.3361851181703575,0.3367891080095109,0.9017194458330484
dualforce_dcg_w6|05_effect_v3__dai|3bb9223eb5,GEN:dualforce_dcg_w6:v3:effect:start,gas_transformation_7,store/gens/032_dualforce_dcg_w6/05_effect_v3__dai/videos/G-zs-cross__dualforce_dcg_w6_effect_v3__gas_transformation_7__ref_northern_lights_0__s43.mp4,8,120,0.390724639174516,0.5063913303541555,0.5500933154992914,0.9688852414475924
dualforce_dcg_w6|05_effect_v3__dai|3931ed6b1e,GEN:dualforce_dcg_w6:v3:effect:both,giant_grab_3,store/gens/032_dualforce_dcg_w6/05_effect_v3__dai/videos/G-zs-cross__dualforce_dcg_w6_effect_v3__giant_grab_3__ref_flying_cam_transition_1__s43.mp4,8,113,0.66662647676117,1.1041365204627052,0.7153151150940005,0.3394632324401581
dualforce_dcg_w6|05_effect_v3__dai|571bd0f969,GEN:dualforce_dcg_w6:v3:effect:both,giant_grab_3,store/gens/032_dualforce_dcg_w6/05_effect_v3__dai/videos/G-zs-cross__dualforce_dcg_w6_effect_v3__giant_grab_3__ref_melt_transition_1__s43.mp4,8,113,0.4826265338719095,1.2345082888888537,0.9100333438608788,0.336010498454733
dualforce_dcg_w6|05_effect_v3__dai|86e680d093,GEN:dualforce_dcg_w6:v3:effect:both,giant_grab_3,store/gens/032_dualforce_dcg_w6/05_effect_v3__dai/videos/G-zs-cross__dualforce_dcg_w6_effect_v3__giant_grab_3__ref_raven_transition_1__s42.mp4,8,113,0.5529424695779435,1.1280055664043098,1.1293995944372144,0.3428033929960432
dualforce_dcg_w6|05_effect_v3__dai|560bae3eb6,GEN:dualforce_dcg_w6:v3:effect:both,giant_grab_3,store/gens/032_dualforce_dcg_w6/05_effect_v3__dai/videos/G-zs-cross__dualforce_dcg_w6_effect_v3__giant_grab_3__ref_raven_transition_1__s43.mp4,8,113,0.604577116883827,1.120493257330463,1.124891428143726,0.3426500818092129
dualforce_dcg_w6|05_effect_v3__dai|32c8d23621,GEN:dualforce_dcg_w6:v3:effect:both,hero_flight_5,store/gens/032_dualforce_dcg_w6/05_effect_v3__dai/videos/G-zs-cross__dualforce_dcg_w6_effect_v3__hero_flight_5__ref_display_transition_1__s43.mp4,8,113,0.461057223533603,0.8291932492559553,0.9451319682810472,0.6778292476190279
dualforce_dcg_w6|05_effect_v3__dai|eac02fe045,GEN:dualforce_dcg_w6:v3:effect:both,hero_flight_5,store/gens/032_dualforce_dcg_w6/05_effect_v3__dai/videos/G-zs-cross__dualforce_dcg_w6_effect_v3__hero_flight_5__ref_flying_cam_transition_2__s42.mp4,8,113,0.5264849702789249,0.8163107260589999,0.8376015697142902,0.6807094044695147
dualforce_dcg_w6|05_effect_v3__dai|efd3732f33,GEN:dualforce_dcg_w6:v3:effect:both,hero_flight_5,store/gens/032_dualforce_dcg_w6/05_effect_v3__dai/videos/G-zs-cross__dualforce_dcg_w6_effect_v3__hero_flight_5__ref_flying_cam_transition_2__s43.mp4,8,113,0.587690877412848,0.7389520588271168,0.7885403346622561,0.6793857998043061
dualforce_dcg_w6|05_effect_v3__dai|5e709589ed,GEN:dualforce_dcg_w6:v3:effect:both,hero_flight_5,store/gens/032_dualforce_dcg_w6/05_effect_v3__dai/videos/G-zs-cross__dualforce_dcg_w6_effect_v3__hero_flight_5__ref_melt_transition_1__s43.mp4,8,113,0.4563385719213557,0.8292848961176321,0.8698495526020474,0.6774832442371562
dualforce_dcg_w6|05_effect_v3__dai|d8f61153ba,GEN:dualforce_dcg_w6:v3:effect:start,mystification_0,store/gens/032_dualforce_dcg_w6/05_effect_v3__dai/videos/G-zs-cross__dualforce_dcg_w6_effect_v3__mystification_0__ref_live_concert_1__s43.mp4,8,120,0.4368943621526844,0.4685871587997526,0.438895527848351,1.0521015818362411
dualforce_dcg_w6|05_effect_v3__dai|f29895ebcf,GEN:dualforce_dcg_w6:v3:effect:start,mystification_1,store/gens/032_dualforce_dcg_w6/05_effect_v3__dai/videos/G-zs-cross__dualforce_dcg_w6_effect_v3__mystification_1__ref_train_rush_0__s42.mp4,8,120,0.4393107725526155,1.6910130217732913,1.9544198544253493,0.2549793901112014
dualforce_dcg_w6|05_effect_v3__dai|3e3b49bae1,GEN:dualforce_dcg_w6:v3:effect:start,mystification_1,store/gens/032_dualforce_dcg_w6/05_effect_v3__dai/videos/G-zs-cross__dualforce_dcg_w6_effect_v3__mystification_1__ref_train_rush_0__s43.mp4,8,120,0.5364196837045849,2.6703946420313627,2.991486371091709,0.190124948596983
dualforce_dcg_w6|05_effect_v3__dai|39c9a62921,GEN:dualforce_dcg_w6:v3:effect:start,plasma_explosion_2,store/gens/032_dualforce_dcg_w6/05_effect_v3__dai/videos/G-zs-cross__dualforce_dcg_w6_effect_v3__plasma_explosion_2__ref_live_concert_3__s42.mp4,8,120,0.589120920508202,0.8484660101331413,0.8547500209377185,0.7311952933721936
dualforce_dcg_w6|05_effect_v3__dai|82ca2db0f7,GEN:dualforce_dcg_w6:v3:effect:start,plasma_explosion_2,store/gens/032_dualforce_dcg_w6/05_effect_v3__dai/videos/G-zs-cross__dualforce_dcg_w6_effect_v3__plasma_explosion_2__ref_live_concert_3__s43.mp4,8,120,0.5703280257875605,0.9058961474318812,0.9223454805102168,0.7744801100910117
dualforce_dcg_w6|05_effect_v3__dai|936983c5ad,GEN:dualforce_dcg_w6:v3:effect:start,plasma_explosion_2,store/gens/032_dualforce_dcg_w6/05_effect_v3__dai/videos/G-zs-cross__dualforce_dcg_w6_effect_v3__plasma_explosion_2__ref_train_rush_1__s42.mp4,8,120,0.4885256398660988,0.4079139699719337,0.4294291683293022,0.7561206442777062
dualforce_dcg_w6|05_effect_v3__dai|5eee8070a9,GEN:dualforce_dcg_w6:v3:effect:start,plasma_explosion_2,store/gens/032_dualforce_dcg_w6/05_effect_v3__dai/videos/G-zs-cross__dualforce_dcg_w6_effect_v3__plasma_explosion_2__ref_train_rush_1__s43.mp4,8,120,0.4372645630834322,0.4215423801078915,0.4520150756802645,0.7485752896251922
dualforce_dcg_w6|05_effect_v3__dai|8a5c7e3c12,GEN:dualforce_dcg_w6:v3:effect:both,shadow_smoke_7,store/gens/032_dualforce_dcg_w6/05_effect_v3__dai/videos/G-zs-cross__dualforce_dcg_w6_effect_v3__shadow_smoke_7__ref_firelava_0__s43.mp4,8,113,0.4563353365614224,1.0028599651961707,1.135130808722736,0.9211835736154624
dualforce_dcg_w6|05_effect_v3__dai|d2aff0c81c,GEN:dualforce_dcg_w6:v3:effect:start,super_fast_run_0,store/gens/032_dualforce_dcg_w6/05_effect_v3__dai/videos/G-zs-cross__dualforce_dcg_w6_effect_v3__super_fast_run_0__ref_monstrosity_0__s43.mp4,8,120,0.25528850365516,0.3872826172068831,0.4223446070262215,0.669982131105764
dualforce_dcg_w6|05_effect_v3__dai|6cd6f91bfa,GEN:dualforce_dcg_w6:v3:effect:start,portal_1,store/gens/032_dualforce_dcg_w6/05_effect_v3__dai/videos/G-zs-cross__dualforce_dcg_w6_effect_v3__portal_1__ref_luminous_gaze_1__s42.mp4,8,120,0.416967871386507,0.6117805122796508,0.6265040669509788,1.0851326998102586
dualforce_dcg_w6|05_effect_v3__dai|7eee875778,GEN:dualforce_dcg_w6:v3:effect:start,portal_1,store/gens/032_dualforce_dcg_w6/05_effect_v3__dai/videos/G-zs-cross__dualforce_dcg_w6_effect_v3__portal_1__ref_luminous_gaze_1__s43.mp4,8,120,0.4428702606512078,0.7057314794255177,0.7440437264990579,1.0194384154184306
dualforce_dcg_w6|05_effect_v3__dai|f5dcc954ee,GEN:dualforce_dcg_w6:v3:effect:both,shadow_smoke_0,store/gens/032_dualforce_dcg_w6/05_effect_v3__dai/videos/G-zs-cross__dualforce_dcg_w6_effect_v3__shadow_smoke_0__ref_display_transition_2__s42.mp4,8,113,0.4884949137519963,0.868129453229674,0.9717647265850372,0.5585518296398232
dualforce_dcg_w6|05_effect_v3__dai|cde1c3bd7f,GEN:dualforce_dcg_w6:v3:effect:both,shadow_smoke_0,store/gens/032_dualforce_dcg_w6/05_effect_v3__dai/videos/G-zs-cross__dualforce_dcg_w6_effect_v3__shadow_smoke_0__ref_display_transition_2__s43.mp4,8,113,0.4615682051060923,0.7777941071034866,0.8237735550238836,0.5554466016266598
dualforce_dcg_w6|05_effect_v3__dai|88ca8c6c60,GEN:dualforce_dcg_w6:v3:effect:start,polygon_8,store/gens/032_dualforce_dcg_w6/05_effect_v3__dai/videos/G-zs-cross__dualforce_dcg_w6_effect_v3__polygon_8__ref_luminous_gaze_0__s43.mp4,8,120,0.5930696765155814,0.2750683689428247,0.2660234557050078,1.4255578041386108
dualforce_dcg_w6|05_effect_v3__dai|a67a942193,GEN:dualforce_dcg_w6:v3:effect:start,polygon_8,store/gens/032_dualforce_dcg_w6/05_effect_v3__dai/videos/G-zs-cross__dualforce_dcg_w6_effect_v3__polygon_8__ref_x_ray_1__s42.mp4,8,120,0.7003450630054566,0.6340944750876013,0.7103093136241297,0.4818944003057301
dualforce_dcg_w6|05_effect_v3__dai|88d8237aed,GEN:dualforce_dcg_w6:v3:effect:start,polygon_8,store/gens/032_dualforce_dcg_w6/05_effect_v3__dai/videos/G-zs-cross__dualforce_dcg_w6_effect_v3__polygon_8__ref_x_ray_1__s43.mp4,8,120,0.7537277346024291,0.4490793855556001,0.5171679002762142,0.5272558674577288
dualforce_dcg_w6|05_effect_v3__dai|e91538dfe7,GEN:dualforce_dcg_w6:v3:effect:start,super_fast_run_3,store/gens/032_dualforce_dcg_w6/05_effect_v3__dai/videos/G-zs-cross__dualforce_dcg_w6_effect_v3__super_fast_run_3__ref_monstrosity_0__s43.mp4,8,120,0.5037476716274834,1.010655995028063,0.997278536636764,0.6840096623503858
dualforce_dcg_w6|05_effect_v3__dai|311307f9ce,GEN:dualforce_dcg_w6:v3:effect:both,water_bending_3,store/gens/032_dualforce_dcg_w6/05_effect_v3__dai/videos/G-zs-cross__dualforce_dcg_w6_effect_v3__water_bending_3__ref_firelava_0__s43.mp4,8,113,0.4025046848638918,0.963414049188443,1.0695197899379325,0.6975795107407179
dualforce_dcg_w6|05_effect_v3__dai|6173cbfcf7,GEN:dualforce_dcg_w6:v3:effect:both,hero_flight_6,store/gens/032_dualforce_dcg_w6/05_effect_v3__dai/videos/G-zs-cross__dualforce_dcg_w6_effect_v3__hero_flight_6__ref_display_transition_1__s43.mp4,8,113,0.4414114316815571,0.8358701300346165,0.8895976081208721,0.7172281915592204
dualforce_dcg_w6|05_effect_v3__dai|ac39388db9,GEN:dualforce_dcg_w6:v3:effect:both,hero_flight_6,store/gens/032_dualforce_dcg_w6/05_effect_v3__dai/videos/G-zs-cross__dualforce_dcg_w6_effect_v3__hero_flight_6__ref_melt_transition_3__s42.mp4,8,113,0.4553724400622274,0.726675081490392,0.7443511477554812,0.7137366500887122
dualforce_dcg_w6|05_effect_v3__dai|e3705b9cc7,GEN:dualforce_dcg_w6:v3:effect:both,hero_flight_6,store/gens/032_dualforce_dcg_w6/05_effect_v3__dai/videos/G-zs-cross__dualforce_dcg_w6_effect_v3__hero_flight_6__ref_melt_transition_3__s43.mp4,8,113,0.428052502903099,0.7893637515265396,0.7767399027409195,0.7094836947884348
dualforce_dcg_w6|05_effect_v3__dai|19abd228d4,GEN:dualforce_dcg_w6:v3:effect:start,polygon_4,store/gens/032_dualforce_dcg_w6/05_effect_v3__dai/videos/G-zs-cross__dualforce_dcg_w6_effect_v3__polygon_4__ref_luminous_gaze_0__s43.mp4,8,120,0.4723054964119526,0.4226894319969078,0.4838502500885915,1.2921179800452711
dualforce_dcg_w6|05_effect_v3__dai|294dd4ad5c,GEN:dualforce_dcg_w6:v3:effect:start,polygon_4,store/gens/032_dualforce_dcg_w6/05_effect_v3__dai/videos/G-zs-cross__dualforce_dcg_w6_effect_v3__polygon_4__ref_x_ray_0__s42.mp4,8,120,0.307828845349553,0.5016426769518687,0.4747589162082123,0.5861991009871089
dualforce_dcg_w6|05_effect_v3__dai|927e2568e4,GEN:dualforce_dcg_w6:v3:effect:start,polygon_4,store/gens/032_dualforce_dcg_w6/05_effect_v3__dai/videos/G-zs-cross__dualforce_dcg_w6_effect_v3__polygon_4__ref_x_ray_0__s43.mp4,8,120,0.4178563716173906,0.5280656829024856,0.5154561556795528,0.5702662547517701
dualforce_dcg_w6|05_effect_v3__dai|b2cc06e879,GEN:dualforce_dcg_w6:v3:effect:start,illustration_scene_4,store/gens/032_dualforce_dcg_w6/05_effect_v3__dai/videos/G-zs-cross__dualforce_dcg_w6_effect_v3__illustration_scene_4__ref_northern_lights_1__s42.mp4,8,120,0.6004819234056611,0.6315858819392819,0.7177145379763459,0.4753392559311908
dualforce_dcg_w6|05_effect_v3__dai|ff75d7d0d6,GEN:dualforce_dcg_w6:v3:effect:start,illustration_scene_4,store/gens/032_dualforce_dcg_w6/05_effect_v3__dai/videos/G-zs-cross__dualforce_dcg_w6_effect_v3__illustration_scene_4__ref_northern_lights_1__s43.mp4,8,120,0.4966971254481338,0.652771709143922,0.7364970239925923,0.5465700424963306
dualforce_dcg_w6|05_effect_v3__dai|5fd65e4612,GEN:dualforce_dcg_w6:v3:effect:start,money_rain_1,store/gens/032_dualforce_dcg_w6/05_effect_v3__dai/videos/G-zs-cross__dualforce_dcg_w6_effect_v3__money_rain_1__ref_point_cloud_0__s42.mp4,8,120,0.6365177209457789,1.374383506902895,1.7048492370081283,0.6475873239765875
dualforce_dcg_w6|05_effect_v3__dai|f7f89f65d8,GEN:dualforce_dcg_w6:v3:effect:start,money_rain_1,store/gens/032_dualforce_dcg_w6/05_effect_v3__dai/videos/G-zs-cross__dualforce_dcg_w6_effect_v3__money_rain_1__ref_point_cloud_0__s43.mp4,8,120,0.6487356778759998,0.7432687474073474,0.6870649357806848,0.9894403386813264
dualforce_dcg_w6|05_effect_v3__dai|6bbe9a9d10,GEN:dualforce_dcg_w6:v3:effect:start,money_rain_3,store/gens/032_dualforce_dcg_w6/05_effect_v3__dai/videos/G-zs-cross__dualforce_dcg_w6_effect_v3__money_rain_3__ref_live_concert_1__s43.mp4,8,120,0.477560726778248,0.7152653160785113,0.7025847839465628,0.8599627809746132
dualforce_dcg_w6|05_effect_v3__dai|b90743b63d,GEN:dualforce_dcg_w6:v3:effect:start,money_rain_3,store/gens/032_dualforce_dcg_w6/05_effect_v3__dai/videos/G-zs-cross__dualforce_dcg_w6_effect_v3__money_rain_3__ref_point_cloud_1__s42.mp4,8,120,0.7837720777614252,0.4771589781667962,0.5154648033079826,0.5643126299284911
dualforce_dcg_w6|05_effect_v3__dai|c1ff5c0508,GEN:dualforce_dcg_w6:v3:effect:start,money_rain_3,store/gens/032_dualforce_dcg_w6/05_effect_v3__dai/videos/G-zs-cross__dualforce_dcg_w6_effect_v3__money_rain_3__ref_point_cloud_1__s43.mp4,8,120,0.8818966650916986,0.4177977502382247,0.4502309646774484,0.6071152094070915
dualforce_dcg_w6|05_effect_v3__dai|dfaee203fa,GEN:dualforce_dcg_w6:v3:effect:start,water_element_4,store/gens/032_dualforce_dcg_w6/05_effect_v3__dai/videos/G-zs-cross__dualforce_dcg_w6_effect_v3__water_element_4__ref_monstrosity_1__s42.mp4,8,120,0.3407222249616295,0.5770615993373901,0.6496400834500617,0.5359967955457331
dualforce_dcg_w6|05_effect_v3__dai|b419193008,GEN:dualforce_dcg_w6:v3:effect:start,water_element_4,store/gens/032_dualforce_dcg_w6/05_effect_v3__dai/videos/G-zs-cross__dualforce_dcg_w6_effect_v3__water_element_4__ref_monstrosity_1__s43.mp4,8,120,0.4201018403325185,0.5720275152188243,0.6797477381116072,0.5412333509319831
dualforce_dcg_w6|05_effect_v3__dai|cefafe674d,GEN:dualforce_dcg_w6:v3:effect:start,acid_1,store/gens/032_dualforce_dcg_w6/05_effect_v3__dai/videos/G-zs-same__dualforce_dcg_w6_effect_v3__acid_1__ref_acid_0__s42.mp4,8,120,0.4327951204887481,0.6523807929158388,0.7408545959647037,0.7762735818126412
dualforce_dcg_w6|05_effect_v3__dai|2a05bf0736,GEN:dualforce_dcg_w6:v3:effect:start,acid_1,store/gens/032_dualforce_dcg_w6/05_effect_v3__dai/videos/G-zs-same__dualforce_dcg_w6_effect_v3__acid_1__ref_acid_0__s43.mp4,8,120,0.4257291040654816,0.7302432825805444,0.8260807555074944,0.7853307907472878
dualforce_dcg_w6|05_effect_v3__dai|f38306fcfc,GEN:dualforce_dcg_w6:v3:effect:start,cotton_cloud_0,store/gens/032_dualforce_dcg_w6/05_effect_v3__dai/videos/G-zs-same__dualforce_dcg_w6_effect_v3__cotton_cloud_0__ref_cotton_cloud_1__s43.mp4,8,120,0.5116564421098542,0.2731119221631453,0.2748866282586603,0.9615412170915668
dualforce_dcg_w6|05_effect_v3__dai|046acbff6a,GEN:dualforce_dcg_w6:v3:effect:start,cotton_cloud_0,store/gens/032_dualforce_dcg_w6/05_effect_v3__dai/videos/G-zs-same__dualforce_dcg_w6_effect_v3__cotton_cloud_0__ref_cotton_cloud_2__s42.mp4,8,120,0.2440517955112655,0.3212531390792844,0.3645632379373472,0.9703310272933072
dualforce_dcg_w6|05_effect_v3__dai|29d885661d,GEN:dualforce_dcg_w6:v3:effect:start,cotton_cloud_0,store/gens/032_dualforce_dcg_w6/05_effect_v3__dai/videos/G-zs-same__dualforce_dcg_w6_effect_v3__cotton_cloud_0__ref_cotton_cloud_2__s43.mp4,8,120,0.3307135562284369,0.3118595481299533,0.3400520839588869,0.9471192675303342
dualforce_dcg_w6|05_effect_v3__dai|d62da49935,GEN:dualforce_dcg_w6:v3:effect:both,display_transition_1,store/gens/032_dualforce_dcg_w6/05_effect_v3__dai/videos/G-zs-same__dualforce_dcg_w6_effect_v3__display_transition_1__ref_display_transition_2__s42.mp4,8,113,0.5483264100832053,1.3917460174736105,1.3840528985929397,0.8666560212633301
dualforce_dcg_w6|05_effect_v3__dai|b05f220b08,GEN:dualforce_dcg_w6:v3:effect:both,display_transition_1,store/gens/032_dualforce_dcg_w6/05_effect_v3__dai/videos/G-zs-same__dualforce_dcg_w6_effect_v3__display_transition_1__ref_display_transition_2__s43.mp4,8,113,0.54196150346783,1.3902534176766974,1.3357071515798733,0.8153937813484721
dualforce_dcg_w6|05_effect_v3__dai|c16fe2fd58,GEN:dualforce_dcg_w6:v3:effect:start,acid_0,store/gens/032_dualforce_dcg_w6/05_effect_v3__dai/videos/G-zs-same__dualforce_dcg_w6_effect_v3__acid_0__ref_acid_1__s42.mp4,8,120,0.3070558889674522,0.5199640263460068,0.5708518189989122,0.8384530000935849
dualforce_dcg_w6|05_effect_v3__dai|7a350024cf,GEN:dualforce_dcg_w6:v3:effect:start,acid_0,store/gens/032_dualforce_dcg_w6/05_effect_v3__dai/videos/G-zs-same__dualforce_dcg_w6_effect_v3__acid_0__ref_acid_1__s43.mp4,8,120,0.3378176574433211,0.5028529706942694,0.5465021450161023,0.8493910844598312
dualforce_dcg_w6|05_effect_v3__dai|634dd0f9e8,GEN:dualforce_dcg_w6:v3:effect:both,flying_cam_transition_4,store/gens/032_dualforce_dcg_w6/05_effect_v3__dai/videos/G-zs-same__dualforce_dcg_w6_effect_v3__flying_cam_transition_4__ref_flying_cam_transition_1__s43.mp4,8,113,0.6512429502648809,0.7684428768299908,0.7974046051770936,1.1295123395003863
dualforce_dcg_w6|05_effect_v3__dai|ac30ec86c8,GEN:dualforce_dcg_w6:v3:effect:both,flying_cam_transition_4,store/gens/032_dualforce_dcg_w6/05_effect_v3__dai/videos/G-zs-same__dualforce_dcg_w6_effect_v3__flying_cam_transition_4__ref_flying_cam_transition_2__s42.mp4,8,113,0.6261671419964572,0.8547605156587236,0.8985441716286364,1.129877106006984
dualforce_dcg_w6|05_effect_v3__dai|1cf85e3f3c,GEN:dualforce_dcg_w6:v3:effect:both,flying_cam_transition_4,store/gens/032_dualforce_dcg_w6/05_effect_v3__dai/videos/G-zs-same__dualforce_dcg_w6_effect_v3__flying_cam_transition_4__ref_flying_cam_transition_2__s43.mp4,8,113,0.4464849868744314,0.8331900563702835,0.8339222972650825,1.1251685175219504
dualforce_dcg_w6|05_effect_v3__dai|905f62d523,GEN:dualforce_dcg_w6:v3:effect:both,firelava_4,store/gens/032_dualforce_dcg_w6/05_effect_v3__dai/videos/G-zs-same__dualforce_dcg_w6_effect_v3__firelava_4__ref_firelava_0__s43.mp4,8,113,0.5672385314871193,0.7021950677566419,0.8153754104335209,0.9555530659087988
dualforce_dcg_w6|05_effect_v3__dai|2d7fd52732,GEN:dualforce_dcg_w6:v3:effect:both,firelava_4,store/gens/032_dualforce_dcg_w6/05_effect_v3__dai/videos/G-zs-same__dualforce_dcg_w6_effect_v3__firelava_4__ref_firelava_1__s42.mp4,8,113,0.619110589887216,0.6505354314450139,0.7120667971585826,0.9567603345421402
dualforce_dcg_w6|05_effect_v3__dai|d39a0d3d3c,GEN:dualforce_dcg_w6:v3:effect:both,firelava_4,store/gens/032_dualforce_dcg_w6/05_effect_v3__dai/videos/G-zs-same__dualforce_dcg_w6_effect_v3__firelava_4__ref_firelava_1__s43.mp4,8,113,0.576513968608467,0.7063246410586419,0.763208631851741,0.9536159483238328
dualforce_dcg_w6|05_effect_v3__dai|8b370319ec,GEN:dualforce_dcg_w6:v3:effect:start,explosion_0,store/gens/032_dualforce_dcg_w6/05_effect_v3__dai/videos/G-zs-same__dualforce_dcg_w6_effect_v3__explosion_0__ref_explosion_1__s42.mp4,8,120,0.4855496417100038,0.9761091719199528,0.995935827463891,0.6141799434084011
dualforce_dcg_w6|05_effect_v3__dai|6b034c4585,GEN:dualforce_dcg_w6:v3:effect:start,explosion_0,store/gens/032_dualforce_dcg_w6/05_effect_v3__dai/videos/G-zs-same__dualforce_dcg_w6_effect_v3__explosion_0__ref_explosion_1__s43.mp4,8,120,0.4704327525603426,0.8914096835326155,0.9891551739962712,0.7120724797528817
dualforce_dcg_w6|05_effect_v3__dai|16b2da399b,GEN:dualforce_dcg_w6:v3:effect:start,explosion_1,store/gens/032_dualforce_dcg_w6/05_effect_v3__dai/videos/G-zs-same__dualforce_dcg_w6_effect_v3__explosion_1__ref_explosion_0__s42.mp4,8,120,0.6463190151011038,0.6805962212137295,0.6830841027387216,1.0656604417553155
dualforce_dcg_w6|05_effect_v3__dai|cae562cb33,GEN:dualforce_dcg_w6:v3:effect:start,explosion_1,store/gens/032_dualforce_dcg_w6/05_effect_v3__dai/videos/G-zs-same__dualforce_dcg_w6_effect_v3__explosion_1__ref_explosion_0__s43.mp4,8,120,0.5827784115602985,0.9690679025369384,1.1147188728904307,0.9185696432391988
dualforce_dcg_w6|05_effect_v3__dai|7131ff9a64,GEN:dualforce_dcg_w6:v3:effect:start,glitch_0,store/gens/032_dualforce_dcg_w6/05_effect_v3__dai/videos/G-zs-same__dualforce_dcg_w6_effect_v3__glitch_0__ref_glitch_1__s42.mp4,8,120,0.542031708514211,0.7135529800188884,0.8099793870092061,0.6487820085125383
dualforce_dcg_w6|05_effect_v3__dai|fd127611f6,GEN:dualforce_dcg_w6:v3:effect:start,glitch_0,store/gens/032_dualforce_dcg_w6/05_effect_v3__dai/videos/G-zs-same__dualforce_dcg_w6_effect_v3__glitch_0__ref_glitch_1__s43.mp4,8,120,0.4286690546531029,0.554558002400837,0.6111750507913475,0.6398108286449335
dualforce_dcg_w6|05_effect_v3__dai|bdcb8d262b,GEN:dualforce_dcg_w6:v3:effect:start,glitch_1,store/gens/032_dualforce_dcg_w6/05_effect_v3__dai/videos/G-zs-same__dualforce_dcg_w6_effect_v3__glitch_1__ref_glitch_0__s42.mp4,8,120,0.3195117158229414,0.4181968620521287,0.4387921695592081,0.4765976236446248
dualforce_dcg_w6|05_effect_v3__dai|ba042d888b,GEN:dualforce_dcg_w6:v3:effect:start,glitch_1,store/gens/032_dualforce_dcg_w6/05_effect_v3__dai/videos/G-zs-same__dualforce_dcg_w6_effect_v3__glitch_1__ref_glitch_0__s43.mp4,8,120,0.4376173727493593,0.5429172753827276,0.5685603415113167,0.4560097699757321
dualforce_dcg_w6|05_effect_v3__dai|866276f846,GEN:dualforce_dcg_w6:v3:effect:start,live_concert_0,store/gens/032_dualforce_dcg_w6/05_effect_v3__dai/videos/G-zs-same__dualforce_dcg_w6_effect_v3__live_concert_0__ref_live_concert_1__s43.mp4,8,120,0.5361417329262981,0.7703128923748167,0.7992336380691774,0.9224045009460664
dualforce_dcg_w6|05_effect_v3__dai|db47eda514,GEN:dualforce_dcg_w6:v3:effect:start,live_concert_0,store/gens/032_dualforce_dcg_w6/05_effect_v3__dai/videos/G-zs-same__dualforce_dcg_w6_effect_v3__live_concert_0__ref_live_concert_3__s42.mp4,8,120,0.5805448254600756,0.6573195795371278,0.6172979167364363,1.0952981991369768
dualforce_dcg_w6|05_effect_v3__dai|c1ff06bbc1,GEN:dualforce_dcg_w6:v3:effect:start,live_concert_0,store/gens/032_dualforce_dcg_w6/05_effect_v3__dai/videos/G-zs-same__dualforce_dcg_w6_effect_v3__live_concert_0__ref_live_concert_3__s43.mp4,8,120,0.5116463893746921,0.7060069764775719,0.6601458103079554,1.027707786536602
dualforce_dcg_w6|05_effect_v3__dai|4616c1138e,GEN:dualforce_dcg_w6:v3:effect:both,melt_transition_2,store/gens/032_dualforce_dcg_w6/05_effect_v3__dai/videos/G-zs-same__dualforce_dcg_w6_effect_v3__melt_transition_2__ref_melt_transition_1__s43.mp4,8,113,0.5029581829749143,0.6979163248104914,0.708278040335461,0.7675696352549483
dualforce_dcg_w6|05_effect_v3__dai|0572a1f4d7,GEN:dualforce_dcg_w6:v3:effect:both,melt_transition_2,store/gens/032_dualforce_dcg_w6/05_effect_v3__dai/videos/G-zs-same__dualforce_dcg_w6_effect_v3__melt_transition_2__ref_melt_transition_3__s42.mp4,8,113,0.633251252877947,0.4606022372217349,0.4386045332288266,0.7680371158788043
dualforce_dcg_w6|05_effect_v3__dai|fde5918d10,GEN:dualforce_dcg_w6:v3:effect:both,melt_transition_2,store/gens/032_dualforce_dcg_w6/05_effect_v3__dai/videos/G-zs-same__dualforce_dcg_w6_effect_v3__melt_transition_2__ref_melt_transition_3__s43.mp4,8,113,0.6537553843149309,0.4958221161638882,0.5354905150216851,0.7686641976869787
dualforce_dcg_w6|05_effect_v3__dai|a23d206b98,GEN:dualforce_dcg_w6:v3:effect:start,luminous_gaze_3,store/gens/032_dualforce_dcg_w6/05_effect_v3__dai/videos/G-zs-same__dualforce_dcg_w6_effect_v3__luminous_gaze_3__ref_luminous_gaze_0__s43.mp4,8,120,0.494061949276946,0.3181116264915008,0.3190632974282659,1.383085137888148
dualforce_dcg_w6|05_effect_v3__dai|1614b99917,GEN:dualforce_dcg_w6:v3:effect:start,luminous_gaze_3,store/gens/032_dualforce_dcg_w6/05_effect_v3__dai/videos/G-zs-same__dualforce_dcg_w6_effect_v3__luminous_gaze_3__ref_luminous_gaze_1__s42.mp4,8,120,0.3906312478064258,0.6725553811125488,0.678231410176163,1.0000278509501723
dualforce_dcg_w6|05_effect_v3__dai|609adfc69d,GEN:dualforce_dcg_w6:v3:effect:start,luminous_gaze_3,store/gens/032_dualforce_dcg_w6/05_effect_v3__dai/videos/G-zs-same__dualforce_dcg_w6_effect_v3__luminous_gaze_3__ref_luminous_gaze_1__s43.mp4,8,120,0.6045699476639019,0.4619720106234584,0.4455617545665539,0.8955917013369648
dualforce_dcg_w6|05_effect_v3__dai|493bdd3068,GEN:dualforce_dcg_w6:v3:effect:start,point_cloud_1,store/gens/032_dualforce_dcg_w6/05_effect_v3__dai/videos/G-zs-same__dualforce_dcg_w6_effect_v3__point_cloud_1__ref_point_cloud_0__s42.mp4,8,120,0.501701427438634,0.3234079401876147,0.2917135784902415,0.8214466851268842
dualforce_dcg_w6|05_effect_v3__dai|94a3cb65a6,GEN:dualforce_dcg_w6:v3:effect:start,point_cloud_1,store/gens/032_dualforce_dcg_w6/05_effect_v3__dai/videos/G-zs-same__dualforce_dcg_w6_effect_v3__point_cloud_1__ref_point_cloud_0__s43.mp4,8,120,0.7964555249477523,0.2351299767242115,0.2349702002645174,1.7273063301433915
dualforce_dcg_w6|05_effect_v3__dai|d8d093e732,GEN:dualforce_dcg_w6:v3:effect:both,raven_transition_2,store/gens/032_dualforce_dcg_w6/05_effect_v3__dai/videos/G-zs-same__dualforce_dcg_w6_effect_v3__raven_transition_2__ref_raven_transition_0__s43.mp4,8,113,0.4792266808238354,0.7041345021572022,0.779443216078733,1.020105261224371
dualforce_dcg_w6|05_effect_v3__dai|23423ca6e3,GEN:dualforce_dcg_w6:v3:effect:start,saint_glow_3,store/gens/032_dualforce_dcg_w6/05_effect_v3__dai/videos/G-zs-same__dualforce_dcg_w6_effect_v3__saint_glow_3__ref_saint_glow_0__s43.mp4,8,120,0.541743713301075,0.6269204610390916,0.6474743134512503,0.5062418561589009
dualforce_dcg_w6|05_effect_v3__dai|742c36e815,GEN:dualforce_dcg_w6:v3:effect:start,saint_glow_3,store/gens/032_dualforce_dcg_w6/05_effect_v3__dai/videos/G-zs-same__dualforce_dcg_w6_effect_v3__saint_glow_3__ref_saint_glow_1__s42.mp4,8,120,0.5701527333264229,0.5914328103040435,0.5870514859262852,0.5262062557250816
dualforce_dcg_w6|05_effect_v3__dai|0f9f3a5eb8,GEN:dualforce_dcg_w6:v3:effect:start,saint_glow_3,store/gens/032_dualforce_dcg_w6/05_effect_v3__dai/videos/G-zs-same__dualforce_dcg_w6_effect_v3__saint_glow_3__ref_saint_glow_1__s43.mp4,8,120,0.5635490305353785,0.6821112652071983,0.7242760786143895,0.4947851301037845
dualforce_dcg_w6|05_effect_v3__dai|feefc096ef,GEN:dualforce_dcg_w6:v3:effect:start,monstrosity_0,store/gens/032_dualforce_dcg_w6/05_effect_v3__dai/videos/G-zs-same__dualforce_dcg_w6_effect_v3__monstrosity_0__ref_monstrosity_1__s42.mp4,8,120,0.2760302174533557,0.6424805089245952,0.6652211321997668,0.4947613513562532
dualforce_dcg_w6|05_effect_v3__dai|5e9d1886f1,GEN:dualforce_dcg_w6:v3:effect:start,monstrosity_0,store/gens/032_dualforce_dcg_w6/05_effect_v3__dai/videos/G-zs-same__dualforce_dcg_w6_effect_v3__monstrosity_0__ref_monstrosity_1__s43.mp4,8,120,0.2699754864118595,0.5613949436633677,0.6051927313969595,0.6404651309421964
dualforce_dcg_w6|05_effect_v3__dai|106cf72755,GEN:dualforce_dcg_w6:v3:effect:start,northern_lights_0,store/gens/032_dualforce_dcg_w6/05_effect_v3__dai/videos/G-zs-same__dualforce_dcg_w6_effect_v3__northern_lights_0__ref_northern_lights_1__s42.mp4,8,120,0.3831170423810415,0.7396619362993698,0.7876991891020648,0.7821512296330906
dualforce_dcg_w6|05_effect_v3__dai|d70225e617,GEN:dualforce_dcg_w6:v3:effect:start,northern_lights_0,store/gens/032_dualforce_dcg_w6/05_effect_v3__dai/videos/G-zs-same__dualforce_dcg_w6_effect_v3__northern_lights_0__ref_northern_lights_1__s43.mp4,8,120,0.3598972607405877,0.8137342701782906,0.8893320294938449,0.8207303090899352
dualforce_dcg_w6|05_effect_v3__dai|718b32927a,GEN:dualforce_dcg_w6:v3:effect:start,northern_lights_1,store/gens/032_dualforce_dcg_w6/05_effect_v3__dai/videos/G-zs-same__dualforce_dcg_w6_effect_v3__northern_lights_1__ref_northern_lights_0__s42.mp4,8,120,0.2782030421335493,0.4415804267216405,0.4799251623144381,0.748616946366877
dualforce_dcg_w6|05_effect_v3__dai|6c9134a729,GEN:dualforce_dcg_w6:v3:effect:start,northern_lights_1,store/gens/032_dualforce_dcg_w6/05_effect_v3__dai/videos/G-zs-same__dualforce_dcg_w6_effect_v3__northern_lights_1__ref_northern_lights_0__s43.mp4,8,120,0.387687112964616,0.5848043955739292,0.639451812300329,0.6780041026343054
dualforce_dcg_w6|05_effect_v3__dai|08d86f62b6,GEN:dualforce_dcg_w6:v3:effect:start,point_cloud_0,store/gens/032_dualforce_dcg_w6/05_effect_v3__dai/videos/G-zs-same__dualforce_dcg_w6_effect_v3__point_cloud_0__ref_point_cloud_1__s42.mp4,8,120,0.4960372950434919,0.3435198477477502,0.343722064773549,0.408320850385111
dualforce_dcg_w6|05_effect_v3__dai|41cbd77918,GEN:dualforce_dcg_w6:v3:effect:start,point_cloud_0,store/gens/032_dualforce_dcg_w6/05_effect_v3__dai/videos/G-zs-same__dualforce_dcg_w6_effect_v3__point_cloud_0__ref_point_cloud_1__s43.mp4,8,120,0.5319713329704354,0.5676650699035672,0.6208909246639507,0.3610913170351894
dualforce_dcg_w6|05_effect_v3__dai|e998970220,GEN:dualforce_dcg_w6:v3:effect:start,x_ray_0,store/gens/032_dualforce_dcg_w6/05_effect_v3__dai/videos/G-zs-same__dualforce_dcg_w6_effect_v3__x_ray_0__ref_x_ray_1__s42.mp4,8,120,0.4614425917579998,0.4415372131107906,0.4877269837197332,0.9300073587414552
dualforce_dcg_w6|05_effect_v3__dai|65ce7c9808,GEN:dualforce_dcg_w6:v3:effect:start,x_ray_0,store/gens/032_dualforce_dcg_w6/05_effect_v3__dai/videos/G-zs-same__dualforce_dcg_w6_effect_v3__x_ray_0__ref_x_ray_1__s43.mp4,8,120,0.3971253913002821,0.4130971354992366,0.4465283853116302,0.9603233299236196
dualforce_dcg_w6|05_effect_v3__dai|d0649585f1,GEN:dualforce_dcg_w6:v3:effect:start,x_ray_1,store/gens/032_dualforce_dcg_w6/05_effect_v3__dai/videos/G-zs-same__dualforce_dcg_w6_effect_v3__x_ray_1__ref_x_ray_0__s42.mp4,8,120,0.4203169846951606,0.3853628357899871,0.3979478120516664,1.090316917694403
dualforce_dcg_w6|05_effect_v3__dai|729bc4424f,GEN:dualforce_dcg_w6:v3:effect:start,x_ray_1,store/gens/032_dualforce_dcg_w6/05_effect_v3__dai/videos/G-zs-same__dualforce_dcg_w6_effect_v3__x_ray_1__ref_x_ray_0__s43.mp4,8,120,0.3891105971288098,0.4942157909979261,0.5370127220207424,0.9493568927686834
dualforce_dcg_w6|05_effect_v3__dai|448e1d0b96,GEN:dualforce_dcg_w6:v3:effect:start,train_rush_0,store/gens/032_dualforce_dcg_w6/05_effect_v3__dai/videos/G-zs-same__dualforce_dcg_w6_effect_v3__train_rush_0__ref_train_rush_1__s42.mp4,8,120,0.5775890937476895,0.7751638497035539,0.8531586968271733,1.1351470855932908
dualforce_dcg_w6|05_effect_v3__dai|a61b7d7de7,GEN:dualforce_dcg_w6:v3:effect:start,train_rush_0,store/gens/032_dualforce_dcg_w6/05_effect_v3__dai/videos/G-zs-same__dualforce_dcg_w6_effect_v3__train_rush_0__ref_train_rush_1__s43.mp4,8,120,0.4947275230311454,1.070719027291485,1.2391441463827593,0.721766980354855
dualforce_dcg_w6|05_effect_v3__dai|1c5db1a27e,GEN:dualforce_dcg_w6:v3:effect:start,train_rush_1,store/gens/032_dualforce_dcg_w6/05_effect_v3__dai/videos/G-zs-same__dualforce_dcg_w6_effect_v3__train_rush_1__ref_train_rush_0__s42.mp4,8,120,0.3968225111502805,2.5576970003747195,2.9677965670018858,0.6977732913899026
dualforce_dcg_w6|05_effect_v3__dai|8577b3c474,GEN:dualforce_dcg_w6:v3:effect:start,train_rush_1,store/gens/032_dualforce_dcg_w6/05_effect_v3__dai/videos/G-zs-same__dualforce_dcg_w6_effect_v3__train_rush_1__ref_train_rush_0__s43.mp4,8,120,0.4577150149398765,4.3771614101006975,5.315152027869177,0.5118100175149036
dualforce_dcg_w1|01_neutral__dai|81b08af02a,GEN:dualforce_dcg_w1:v2:neutral:start,wireframe_2,store/gens/029_dualforce_dcg_w1/01_neutral__dai/videos/G-fit__ic_gen__wireframe_2__ref_wireframe_1__dfw1__s42.mp4,8,120,0.6893646727447102,0.0709819077731876,0.0180106220740742,1.2135032998415312
dualforce_dcg_w1|01_neutral__dai|d511df2ae5,GEN:dualforce_dcg_w1:v2:neutral:start,animalization_0,store/gens/029_dualforce_dcg_w1/01_neutral__dai/videos/G-memo-probe__ic_gen__animalization_0__ref_animalization_1__dfw1__s42.mp4,8,120,0.6301229288097094,0.5655186606355699,0.5961347917403039,0.647847861085389
dualforce_dcg_w1|01_neutral__dai|64708c235f,GEN:dualforce_dcg_w1:v2:neutral:start,color_rain_0,store/gens/029_dualforce_dcg_w1/01_neutral__dai/videos/G-memo-probe__ic_gen__color_rain_0__ref_color_rain_1__dfw1__s42.mp4,8,120,0.4832457964068473,0.3741973678374578,0.4030867974722363,0.1649813977153356
dualforce_dcg_w1|01_neutral__dai|e4215539fd,GEN:dualforce_dcg_w1:v2:neutral:start,earth_element_4,store/gens/029_dualforce_dcg_w1/01_neutral__dai/videos/G-memo-probe__ic_gen__earth_element_4__ref_earth_element_0__dfw1__s42.mp4,8,120,0.4853111019510967,0.4065708867910454,0.4507850308657251,0.5285022549658082
dualforce_dcg_w1|01_neutral__dai|132d2391ed,GEN:dualforce_dcg_w1:v2:neutral:start,portal_10,store/gens/029_dualforce_dcg_w1/01_neutral__dai/videos/G-fit__ic_gen__portal_10__ref_portal_0__dfw1__s42.mp4,8,120,0.6874810796254012,1.5508353661240022,1.8104905561684688,0.6031252605929083
dualforce_dcg_w1|01_neutral__dai|97a87de080,GEN:dualforce_dcg_w1:v2:neutral:start,shadow_1,store/gens/029_dualforce_dcg_w1/01_neutral__dai/videos/G-fit__ic_gen__shadow_1__ref_shadow_0__dfw1__s42.mp4,8,120,0.6801798981167761,0.2251444839378334,0.1660141842514117,0.6297193214287076
dualforce_dcg_w1|01_neutral__dai|20cd2e7721,GEN:dualforce_dcg_w1:v2:neutral:both,shadow_smoke_2,store/gens/029_dualforce_dcg_w1/01_neutral__dai/videos/G-fit__ic_gen__shadow_smoke_2__ref_shadow_smoke_1__dfw1__s42.mp4,8,113,0.6135904686504889,0.3893480075145484,0.4739997128904275,0.8224375409668315
dualforce_dcg_w1|01_neutral__dai|42ad72b642,GEN:dualforce_dcg_w1:v2:neutral:start,super_fast_run_10,store/gens/029_dualforce_dcg_w1/01_neutral__dai/videos/G-fit__ic_gen__super_fast_run_10__ref_super_fast_run_1__dfw1__s42.mp4,8,120,0.4991789175679384,0.4320667815346577,0.4358332360015824,0.5473340479206535
dualforce_dcg_w1|01_neutral__dai|3c41d9c07b,GEN:dualforce_dcg_w1:v2:neutral:both,hero_flight_1,store/gens/029_dualforce_dcg_w1/01_neutral__dai/videos/G-fit__ic_gen__hero_flight_1__ref_hero_flight_0__dfw1__s42.mp4,8,113,0.7102751991096026,0.454897753115657,0.4974596466848421,0.7398184470179463
dualforce_dcg_w1|01_neutral__dai|00967007bf,GEN:dualforce_dcg_w1:v2:neutral:start,illustration_scene_1,store/gens/029_dualforce_dcg_w1/01_neutral__dai/videos/G-fit__ic_gen__illustration_scene_1__ref_illustration_scene_0__dfw1__s42.mp4,8,120,0.3973143992715455,0.4188086412401696,0.4672659224049834,0.7049495748260896
dualforce_dcg_w1|01_neutral__dai|67615144a7,GEN:dualforce_dcg_w1:v2:neutral:start,money_rain_2,store/gens/029_dualforce_dcg_w1/01_neutral__dai/videos/G-fit__ic_gen__money_rain_2__ref_money_rain_0__dfw1__s42.mp4,8,120,0.2743380401505462,0.3326717349275212,0.3635059747788175,0.6339291994909096
dualforce_dcg_w1|01_neutral__dai|9263a9e85b,GEN:dualforce_dcg_w1:v2:neutral:start,polygon_1,store/gens/029_dualforce_dcg_w1/01_neutral__dai/videos/G-fit__ic_gen__polygon_1__ref_polygon_0__dfw1__s42.mp4,8,120,0.6979152014614105,0.2735290331109674,0.2594045774903286,0.5364295643364624
dualforce_dcg_w1|01_neutral__dai|3da821a639,GEN:dualforce_dcg_w1:v2:neutral:start,animalization_3,store/gens/029_dualforce_dcg_w1/01_neutral__dai/videos/G-fit__ic_gen__animalization_3__ref_animalization_1__dfw1__s42.mp4,8,120,0.4811856890060557,0.4510480908350012,0.5738130700070755,0.7349882716566052
dualforce_dcg_w1|01_neutral__dai|32cd7736ef,GEN:dualforce_dcg_w1:v2:neutral:start,color_rain_3,store/gens/029_dualforce_dcg_w1/01_neutral__dai/videos/G-fit__ic_gen__color_rain_3__ref_color_rain_1__dfw1__s42.mp4,8,120,0.3903485764866414,0.5216692616664277,0.5801740745930848,0.5303719215873053
dualforce_dcg_w1|01_neutral__dai|1c8b13004c,GEN:dualforce_dcg_w1:v2:neutral:start,earth_element_1,store/gens/029_dualforce_dcg_w1/01_neutral__dai/videos/G-fit__ic_gen__earth_element_1__ref_earth_element_0__dfw1__s42.mp4,8,120,0.4397440968389083,0.3851657834155305,0.4227465148855721,0.596179593513408
dualforce_dcg_w1|01_neutral__dai|740e656486,GEN:dualforce_dcg_w1:v2:neutral:start,gas_transformation_1,store/gens/029_dualforce_dcg_w1/01_neutral__dai/videos/G-fit__ic_gen__gas_transformation_1__ref_gas_transformation_0__dfw1__s42.mp4,8,120,0.4749042009599318,0.3331960710493153,0.4149106664167488,0.3570298451418736
dualforce_dcg_w1|01_neutral__dai|69127a943a,GEN:dualforce_dcg_w1:v2:neutral:start,polygon_4,store/gens/029_dualforce_dcg_w1/01_neutral__dai/videos/G-memo-probe__ic_gen__polygon_4__ref_polygon_0__dfw1__s42.mp4,8,120,0.5435340135862456,0.4975008025874702,0.5240198478969864,0.5114103020062767
dualforce_dcg_w1|01_neutral__dai|636f161340,GEN:dualforce_dcg_w1:v2:neutral:start,portal_1,store/gens/029_dualforce_dcg_w1/01_neutral__dai/videos/G-memo-probe__ic_gen__portal_1__ref_portal_0__dfw1__s42.mp4,8,120,0.5203479864859801,0.6798168406747208,0.8232384746575322,0.6528831204923412
dualforce_dcg_w1|01_neutral__dai|a6752677cd,GEN:dualforce_dcg_w1:v2:neutral:start,shadow_10,store/gens/029_dualforce_dcg_w1/01_neutral__dai/videos/G-memo-probe__ic_gen__shadow_10__ref_shadow_0__dfw1__s42.mp4,8,120,0.6595186047116934,0.2338814699992481,0.2230779341028596,1.0763244986367342
dualforce_dcg_w1|01_neutral__dai|3af2657c8c,GEN:dualforce_dcg_w1:v2:neutral:both,shadow_smoke_0,store/gens/029_dualforce_dcg_w1/01_neutral__dai/videos/G-memo-probe__ic_gen__shadow_smoke_0__ref_shadow_smoke_1__dfw1__s42.mp4,8,113,0.5083040102409824,0.8239163256106803,0.8141958419716042,0.5540797015357984
dualforce_dcg_w1|01_neutral__dai|5fe060ff2c,GEN:dualforce_dcg_w1:v2:neutral:start,earth_element_6,store/gens/029_dualforce_dcg_w1/01_neutral__dai/videos/G-ref-control__ic_gen__earth_element_6__ref_gas_transformation_6__dfw1__s42.mp4,8,120,0.4447103554717084,0.4664426788091715,0.5344124523123471,0.5926828093051397
dualforce_dcg_w1|01_neutral__dai|ea93a7a232,GEN:dualforce_dcg_w1:v2:neutral:start,gas_transformation_7,store/gens/029_dualforce_dcg_w1/01_neutral__dai/videos/G-ref-control__ic_gen__gas_transformation_7__ref_illustration_scene_4__dfw1__s42.mp4,8,120,0.7336934138686884,0.1635695892692868,0.1346938564414012,0.8692809209914357
dualforce_dcg_w1|01_neutral__dai|c549482201,GEN:dualforce_dcg_w1:v2:neutral:both,hero_flight_6,store/gens/029_dualforce_dcg_w1/01_neutral__dai/videos/G-ref-control__ic_gen__hero_flight_6__ref_shadow_smoke_0__dfw1__s42.mp4,8,113,0.4827492081012157,0.7611233808132257,0.7478754936475599,0.7175247713229216
dualforce_dcg_w1|01_neutral__dai|9ad77a22f5,GEN:dualforce_dcg_w1:v2:neutral:start,illustration_scene_7,store/gens/029_dualforce_dcg_w1/01_neutral__dai/videos/G-ref-control__ic_gen__illustration_scene_7__ref_polygon_4__dfw1__s42.mp4,8,120,0.4953538776633592,0.4132673509492621,0.4946773754703193,0.8565932434741207
dualforce_dcg_w1|01_neutral__dai|7d954923fc,GEN:dualforce_dcg_w1:v2:neutral:start,gas_transformation_6,store/gens/029_dualforce_dcg_w1/01_neutral__dai/videos/G-memo-probe__ic_gen__gas_transformation_6__ref_gas_transformation_0__dfw1__s42.mp4,8,120,0.5000478766690486,0.3321088545720421,0.3530708513793831,0.3567802703548742
dualforce_dcg_w1|01_neutral__dai|a4ccc0bddc,GEN:dualforce_dcg_w1:v2:neutral:both,hero_flight_5,store/gens/029_dualforce_dcg_w1/01_neutral__dai/videos/G-memo-probe__ic_gen__hero_flight_5__ref_hero_flight_0__dfw1__s42.mp4,8,113,0.7425600136600132,0.5564532942031813,0.533741072456535,0.6749265148624282
dualforce_dcg_w1|01_neutral__dai|741db72333,GEN:dualforce_dcg_w1:v2:neutral:start,illustration_scene_4,store/gens/029_dualforce_dcg_w1/01_neutral__dai/videos/G-memo-probe__ic_gen__illustration_scene_4__ref_illustration_scene_0__dfw1__s42.mp4,8,120,0.455919687382825,0.684595392084819,0.7249308557124344,0.5138357708330811
dualforce_dcg_w1|01_neutral__dai|90b6765350,GEN:dualforce_dcg_w1:v2:neutral:start,money_rain_1,store/gens/029_dualforce_dcg_w1/01_neutral__dai/videos/G-memo-probe__ic_gen__money_rain_1__ref_money_rain_0__dfw1__s42.mp4,8,120,0.3829200779993225,0.5411866858641685,0.6324178235637579,0.6530718631429071
dualforce_dcg_w1|01_neutral__dai|d605c92632,GEN:dualforce_dcg_w1:v2:neutral:start,super_fast_run_0,store/gens/029_dualforce_dcg_w1/01_neutral__dai/videos/G-memo-probe__ic_gen__super_fast_run_0__ref_super_fast_run_1__dfw1__s42.mp4,8,120,0.4486337582818731,0.4441547629966452,0.4370918036943648,0.5599458196596114
dualforce_dcg_w1|01_neutral__dai|9fe0eec694,GEN:dualforce_dcg_w1:v2:neutral:start,wireframe_0,store/gens/029_dualforce_dcg_w1/01_neutral__dai/videos/G-memo-probe__ic_gen__wireframe_0__ref_wireframe_1__dfw1__s42.mp4,8,120,0.8416790005775432,0.0592093766466208,0.0648420127873927,1.6504408956163503
dualforce_dcg_w1|01_neutral__dai|024dc33389,GEN:dualforce_dcg_w1:v2:neutral:start,animalization_2,store/gens/029_dualforce_dcg_w1/01_neutral__dai/videos/G-ref-control__ic_gen__animalization_2__ref_color_rain_0__dfw1__s42.mp4,8,120,0.4591874491283207,0.2723631438042803,0.3071979453804343,0.4397839518639491
dualforce_dcg_w1|01_neutral__dai|11ae90c43b,GEN:dualforce_dcg_w1:v2:neutral:start,color_rain_2,store/gens/029_dualforce_dcg_w1/01_neutral__dai/videos/G-ref-control__ic_gen__color_rain_2__ref_earth_element_4__dfw1__s42.mp4,8,120,0.4965360568570498,0.5622591017778845,0.5895422748566325,0.4520839380662456
dualforce_dcg_w1|01_neutral__dai|9d96e6d0c2,GEN:dualforce_dcg_w1:v2:neutral:both,shadow_smoke_7,store/gens/029_dualforce_dcg_w1/01_neutral__dai/videos/G-ref-control__ic_gen__shadow_smoke_7__ref_hero_flight_5__dfw1__s42.mp4,8,113,0.7342327769656669,0.5958797792640381,0.6462822768521346,0.9197384705844676
dualforce_dcg_w1|01_neutral__dai|399dcec792,GEN:dualforce_dcg_w1:v2:neutral:start,super_fast_run_3,store/gens/029_dualforce_dcg_w1/01_neutral__dai/videos/G-ref-control__ic_gen__super_fast_run_3__ref_color_rain_0__dfw1__s42.mp4,8,120,0.4393740510987489,0.2559865279118244,0.2644261156081473,0.6382747812703558
dualforce_dcg_w1|01_neutral__dai|b47f248f00,GEN:dualforce_dcg_w1:v2:neutral:start,wireframe_7,store/gens/029_dualforce_dcg_w1/01_neutral__dai/videos/G-ref-control__ic_gen__wireframe_7__ref_earth_element_4__dfw1__s42.mp4,8,120,0.4173713815759807,0.5367436442373841,0.5914553057790654,0.6682569605424159
dualforce_dcg_w1|01_neutral__dai|87951cb941,GEN:dualforce_dcg_w1:v2:neutral:start,color_rain_0,store/gens/029_dualforce_dcg_w1/01_neutral__dai/videos/G-unseen-cross__ic_gen__color_rain_0__ref_animalization_0__dfw1__s42.mp4,8,120,0.391180403050813,0.5306954804883455,0.5995460840756044,0.5735322659676951
dualforce_dcg_w1|01_neutral__dai|7021c6deee,GEN:dualforce_dcg_w1:v2:neutral:start,color_rain_2,store/gens/029_dualforce_dcg_w1/01_neutral__dai/videos/G-unseen-cross__ic_gen__color_rain_2__ref_animalization_0__dfw1__s42.mp4,8,120,0.5274001905218908,0.5398957421835856,0.5241847204466704,0.4941138419707286
dualforce_dcg_w1|01_neutral__dai|bae4a17cbf,GEN:dualforce_dcg_w1:v2:neutral:start,color_rain_2,store/gens/029_dualforce_dcg_w1/01_neutral__dai/videos/G-unseen-cross__ic_gen__color_rain_2__ref_super_fast_run_0__dfw1__s42.mp4,8,120,0.4762431423966897,0.3496953199722385,0.3287443306461962,0.5194805985750172
dualforce_dcg_w1|01_neutral__dai|6d69c86490,GEN:dualforce_dcg_w1:v2:neutral:start,cotton_cloud_0,store/gens/029_dualforce_dcg_w1/01_neutral__dai/videos/G-unseen-cross__ic_gen__cotton_cloud_0__ref_super_fast_run_0__dfw1__s42.mp4,8,120,0.4899809265128871,0.5727089125475882,0.621379644474262,0.8924091523726108
dualforce_dcg_w1|01_neutral__dai|294f6f408a,GEN:dualforce_dcg_w1:v2:neutral:both,display_transition_1,store/gens/029_dualforce_dcg_w1/01_neutral__dai/videos/G-unseen-cross__ic_gen__display_transition_1__ref_hero_flight_5__dfw1__s42.mp4,8,113,0.6483488732372875,0.5436190748378567,0.5591673438938399,0.85289581021374
dualforce_dcg_w1|01_neutral__dai|3e3e12372c,GEN:dualforce_dcg_w1:v2:neutral:start,money_rain_3,store/gens/029_dualforce_dcg_w1/01_neutral__dai/videos/G-ref-control__ic_gen__money_rain_3__ref_portal_1__dfw1__s42.mp4,8,120,0.6516202750061608,0.4206194148430823,0.4551651099284622,0.6318712570846262
dualforce_dcg_w1|01_neutral__dai|3decba5bb5,GEN:dualforce_dcg_w1:v2:neutral:start,polygon_8,store/gens/029_dualforce_dcg_w1/01_neutral__dai/videos/G-ref-control__ic_gen__polygon_8__ref_shadow_10__dfw1__s42.mp4,8,120,0.3768673718811381,0.4195876291668781,0.4608919428181958,0.9193317901713512
dualforce_dcg_w1|01_neutral__dai|5b3ac40f4c,GEN:dualforce_dcg_w1:v2:neutral:start,portal_4,store/gens/029_dualforce_dcg_w1/01_neutral__dai/videos/G-ref-control__ic_gen__portal_4__ref_super_fast_run_0__dfw1__s42.mp4,8,120,0.4379027834510964,0.8091988807016549,0.7534109439880309,0.7557245934320642
dualforce_dcg_w1|01_neutral__dai|b26ce8e598,GEN:dualforce_dcg_w1:v2:neutral:start,shadow_3,store/gens/029_dualforce_dcg_w1/01_neutral__dai/videos/G-ref-control__ic_gen__shadow_3__ref_wireframe_0__dfw1__s42.mp4,8,120,0.4610304328941306,0.6742497346621271,0.7759876777832418,0.93431040973484
dualforce_dcg_w1|01_neutral__dai|37170f6668,GEN:dualforce_dcg_w1:v2:neutral:start,polygon_4,store/gens/029_dualforce_dcg_w1/01_neutral__dai/videos/G-unseen-cross__ic_gen__polygon_4__ref_money_rain_1__dfw1__s42.mp4,8,120,0.3868517052639406,0.6292398498896145,0.6912687398244888,0.4007171964494708
dualforce_dcg_w1|01_neutral__dai|b24d2edcb1,GEN:dualforce_dcg_w1:v2:neutral:start,polygon_8,store/gens/029_dualforce_dcg_w1/01_neutral__dai/videos/G-unseen-cross__ic_gen__polygon_8__ref_money_rain_1__dfw1__s42.mp4,8,120,0.5153771560020468,0.5577828270554313,0.6045120283736756,0.3126555879643689
dualforce_dcg_w1|01_neutral__dai|9fd76cb259,GEN:dualforce_dcg_w1:v2:neutral:start,portal_4,store/gens/029_dualforce_dcg_w1/01_neutral__dai/videos/G-unseen-cross__ic_gen__portal_4__ref_polygon_4__dfw1__s42.mp4,8,120,0.5526163949318326,0.3862117932868554,0.4206237426382729,1.0360940127278602
dualforce_dcg_w1|01_neutral__dai|32dec7fc51,GEN:dualforce_dcg_w1:v2:neutral:both,raven_transition_2,store/gens/029_dualforce_dcg_w1/01_neutral__dai/videos/G-unseen-cross__ic_gen__raven_transition_2__ref_shadow_smoke_0__dfw1__s42.mp4,8,113,0.427047328038507,0.4979692182990683,0.4984898841122796,1.020923729265422
dualforce_dcg_w1|01_neutral__dai|f0ac856b8d,GEN:dualforce_dcg_w1:v2:neutral:start,earth_element_4,store/gens/029_dualforce_dcg_w1/01_neutral__dai/videos/G-unseen-cross__ic_gen__earth_element_4__ref_color_rain_0__dfw1__s42.mp4,8,120,0.2855408703309403,0.2100102707226567,0.2357610505802949,0.4072570399793111
dualforce_dcg_w1|01_neutral__dai|86ad13a1a0,GEN:dualforce_dcg_w1:v2:neutral:start,earth_element_6,store/gens/029_dualforce_dcg_w1/01_neutral__dai/videos/G-unseen-cross__ic_gen__earth_element_6__ref_color_rain_0__dfw1__s42.mp4,8,120,0.3943550572341681,0.5010285643178223,0.5503567504980561,0.521762577318473
dualforce_dcg_w1|01_neutral__dai|c748c188eb,GEN:dualforce_dcg_w1:v2:neutral:start,earth_element_6,store/gens/029_dualforce_dcg_w1/01_neutral__dai/videos/G-unseen-cross__ic_gen__earth_element_6__ref_wireframe_0__dfw1__s42.mp4,8,120,0.4791348043961509,0.4366094400849673,0.4906656865384732,0.5135896659590268
dualforce_dcg_w1|01_neutral__dai|9f51d987c4,GEN:dualforce_dcg_w1:v2:neutral:both,earth_wave_3,store/gens/029_dualforce_dcg_w1/01_neutral__dai/videos/G-unseen-cross__ic_gen__earth_wave_3__ref_hero_flight_5__dfw1__s42.mp4,8,113,0.8727428291847805,0.5889036556706441,0.7280662025887611,0.77458526801098
dualforce_dcg_w1|01_neutral__dai|53e2747416,GEN:dualforce_dcg_w1:v2:neutral:start,live_concert_0,store/gens/029_dualforce_dcg_w1/01_neutral__dai/videos/G-unseen-cross__ic_gen__live_concert_0__ref_gas_transformation_6__dfw1__s42.mp4,8,120,0.850962874748471,0.3129698470232603,0.2502724777340951,0.5283876037655617
dualforce_dcg_w1|01_neutral__dai|56a4cfaed6,GEN:dualforce_dcg_w1:v2:neutral:both,melt_transition_2,store/gens/029_dualforce_dcg_w1/01_neutral__dai/videos/G-unseen-cross__ic_gen__melt_transition_2__ref_shadow_smoke_0__dfw1__s42.mp4,8,113,0.5247046968264668,0.5191762002536678,0.6713566211211761,0.7646736752048504
dualforce_dcg_w1|01_neutral__dai|a3b67492bb,GEN:dualforce_dcg_w1:v2:neutral:start,monstrosity_0,store/gens/029_dualforce_dcg_w1/01_neutral__dai/videos/G-unseen-cross__ic_gen__monstrosity_0__ref_illustration_scene_4__dfw1__s42.mp4,8,120,0.5921395854575129,0.3806303010105623,0.4203150257031038,0.7011259820838286
dualforce_dcg_w1|01_neutral__dai|3a4799f70f,GEN:dualforce_dcg_w1:v2:neutral:start,mystification_0,store/gens/029_dualforce_dcg_w1/01_neutral__dai/videos/G-unseen-cross__ic_gen__mystification_0__ref_illustration_scene_4__dfw1__s42.mp4,8,120,0.76767265445296,0.7081120887804817,0.7754933478426176,0.4375996702427541
dualforce_dcg_w1|01_neutral__dai|1085f71125,GEN:dualforce_dcg_w1:v2:neutral:start,fire_element_2,store/gens/029_dualforce_dcg_w1/01_neutral__dai/videos/G-unseen-cross__ic_gen__fire_element_2__ref_wireframe_0__dfw1__s42.mp4,8,120,0.433510789539983,0.35235332607449,0.3768635774683397,0.3972202052493088
dualforce_dcg_w1|01_neutral__dai|62a3ff18cc,GEN:dualforce_dcg_w1:v2:neutral:start,gas_transformation_6,store/gens/029_dualforce_dcg_w1/01_neutral__dai/videos/G-unseen-cross__ic_gen__gas_transformation_6__ref_earth_element_4__dfw1__s42.mp4,8,120,0.3998461874907126,0.4736799969591684,0.5375673132277702,0.5558582152709413
dualforce_dcg_w1|01_neutral__dai|d9243e2f41,GEN:dualforce_dcg_w1:v2:neutral:start,gas_transformation_7,store/gens/029_dualforce_dcg_w1/01_neutral__dai/videos/G-unseen-cross__ic_gen__gas_transformation_7__ref_earth_element_4__dfw1__s42.mp4,8,120,0.4348943337078526,0.4262910140295103,0.4805322514184998,0.9779665825252496
dualforce_dcg_w1|01_neutral__dai|de3fd5ef92,GEN:dualforce_dcg_w1:v2:neutral:start,illustration_scene_7,store/gens/029_dualforce_dcg_w1/01_neutral__dai/videos/G-unseen-cross__ic_gen__illustration_scene_7__ref_gas_transformation_6__dfw1__s42.mp4,8,120,0.4255132758029534,0.4276099408244395,0.4456156040904017,0.5815321768448021
dualforce_dcg_w1|01_neutral__dai|7a102d8b52,GEN:dualforce_dcg_w1:v2:neutral:start,saint_glow_3,store/gens/029_dualforce_dcg_w1/01_neutral__dai/videos/G-unseen-cross__ic_gen__saint_glow_3__ref_polygon_4__dfw1__s42.mp4,8,120,0.4243078666720903,0.3410275848446266,0.4287639467683188,0.9060942513185084
dualforce_dcg_w1|01_neutral__dai|e08437c9e4,GEN:dualforce_dcg_w1:v2:neutral:start,shadow_3,store/gens/029_dualforce_dcg_w1/01_neutral__dai/videos/G-unseen-cross__ic_gen__shadow_3__ref_portal_1__dfw1__s42.mp4,8,120,0.6583108392820463,0.6266627846024291,0.6248890575468997,0.9952277410112056
dualforce_dcg_w1|01_neutral__dai|af2922df2c,GEN:dualforce_dcg_w1:v2:neutral:start,super_fast_run_0,store/gens/029_dualforce_dcg_w1/01_neutral__dai/videos/G-unseen-cross__ic_gen__super_fast_run_0__ref_portal_1__dfw1__s42.mp4,8,120,0.5411282836719633,0.5502691806212803,0.4845374787153131,0.4626802613379556
dualforce_dcg_w1|01_neutral__dai|e39abc77e2,GEN:dualforce_dcg_w1:v2:neutral:start,water_element_4,store/gens/029_dualforce_dcg_w1/01_neutral__dai/videos/G-unseen-cross__ic_gen__water_element_4__ref_shadow_10__dfw1__s42.mp4,8,120,0.2941832046228201,0.3476808202439608,0.3969366448367498,0.5478572836865084
dualforce_dcg_w1|01_neutral__dai|a2b959f15a,GEN:dualforce_dcg_w1:v2:neutral:start,wireframe_0,store/gens/029_dualforce_dcg_w1/01_neutral__dai/videos/G-unseen-cross__ic_gen__wireframe_0__ref_shadow_10__dfw1__s42.mp4,8,120,0.382334535423366,0.2832657402513459,0.2939260167722973,0.843466025580317
dualforce_dcg_w1|01_neutral__dai|2b0aaec7ac,GEN:dualforce_dcg_w1:v2:neutral:start,color_rain_2,store/gens/029_dualforce_dcg_w1/01_neutral__dai/videos/G-unseen-same__ic_gen__color_rain_2__ref_color_rain_0__dfw1__s42.mp4,8,120,0.2862911736244924,0.4615919919992943,0.5199235009520958,0.3600056903781926
dualforce_dcg_w1|01_neutral__dai|900a950657,GEN:dualforce_dcg_w1:v2:neutral:start,earth_element_6,store/gens/029_dualforce_dcg_w1/01_neutral__dai/videos/G-unseen-same__ic_gen__earth_element_6__ref_earth_element_4__dfw1__s42.mp4,8,120,0.4709460666658724,0.5528416602352059,0.5757860930826543,0.5826898914297575
dualforce_dcg_w1|01_neutral__dai|79c9bf8903,GEN:dualforce_dcg_w1:v2:neutral:start,gas_transformation_7,store/gens/029_dualforce_dcg_w1/01_neutral__dai/videos/G-unseen-same__ic_gen__gas_transformation_7__ref_gas_transformation_6__dfw1__s42.mp4,8,120,0.5207245195000414,0.3116893795984007,0.3289595283477027,0.8222982935728351
dualforce_dcg_w1|01_neutral__dai|cc603c182f,GEN:dualforce_dcg_w1:v2:neutral:both,hero_flight_6,store/gens/029_dualforce_dcg_w1/01_neutral__dai/videos/G-unseen-same__ic_gen__hero_flight_6__ref_hero_flight_5__dfw1__s42.mp4,8,113,0.5785983272176796,0.6408320628620076,0.6625428575011219,0.7174944247483701
dualforce_dcg_w1|01_neutral__dai|f3dbffb07a,GEN:dualforce_dcg_w1:v2:neutral:start,shadow_3,store/gens/029_dualforce_dcg_w1/01_neutral__dai/videos/G-unseen-same__ic_gen__shadow_3__ref_shadow_10__dfw1__s42.mp4,8,120,0.5265117546174898,0.3410626419061958,0.3473098943622636,1.0084227135900876
dualforce_dcg_w1|01_neutral__dai|fa8825c727,GEN:dualforce_dcg_w1:v2:neutral:both,shadow_smoke_7,store/gens/029_dualforce_dcg_w1/01_neutral__dai/videos/G-unseen-same__ic_gen__shadow_smoke_7__ref_shadow_smoke_0__dfw1__s42.mp4,8,113,0.5005703286596532,0.5571770311552622,0.6043886266240814,0.9199414092802414
dualforce_dcg_w1|01_neutral__dai|ef4ccf2603,GEN:dualforce_dcg_w1:v2:neutral:start,super_fast_run_3,store/gens/029_dualforce_dcg_w1/01_neutral__dai/videos/G-unseen-same__ic_gen__super_fast_run_3__ref_super_fast_run_0__dfw1__s42.mp4,8,120,0.5703462140997881,0.4378606996627945,0.4091213371888463,0.8998633395940628
dualforce_dcg_w1|01_neutral__dai|b51ce67629,GEN:dualforce_dcg_w1:v2:neutral:start,wireframe_7,store/gens/029_dualforce_dcg_w1/01_neutral__dai/videos/G-unseen-same__ic_gen__wireframe_7__ref_wireframe_0__dfw1__s42.mp4,8,120,0.710121417202443,0.2966814860903619,0.3371584544058654,1.0651828822815304
dualforce_dcg_w1|01_neutral__dai|9308675dd9,GEN:dualforce_dcg_w1:v2:neutral:start,animalization_2,store/gens/029_dualforce_dcg_w1/01_neutral__dai/videos/G-unseen-same__ic_gen__animalization_2__ref_animalization_0__dfw1__s42.mp4,8,120,0.4575176129664711,0.4856814200565911,0.563233681140885,0.2986405500657257
dualforce_dcg_w1|01_neutral__dai|3f0ce07e0f,GEN:dualforce_dcg_w1:v2:neutral:start,color_rain_0,store/gens/029_dualforce_dcg_w1/01_neutral__dai/videos/G-zs-cross__ic_gen__color_rain_0__ref_saint_glow_0__dfw1__s42.mp4,8,120,0.5901242597816128,0.3967289819981576,0.4457935019522804,0.3352291439419207
dualforce_dcg_w1|01_neutral__dai|80b9cb887c,GEN:dualforce_dcg_w1:v2:neutral:both,earth_wave_3,store/gens/029_dualforce_dcg_w1/01_neutral__dai/videos/G-zs-cross__ic_gen__earth_wave_3__ref_flying_cam_transition_1__dfw1__s42.mp4,8,113,0.6114818148774894,0.6917569245016316,0.742592653131152,0.7763869541334377
dualforce_dcg_w1|01_neutral__dai|51d743ac30,GEN:dualforce_dcg_w1:v2:neutral:both,earth_wave_3,store/gens/029_dualforce_dcg_w1/01_neutral__dai/videos/G-zs-cross__ic_gen__earth_wave_3__ref_raven_transition_0__dfw1__s42.mp4,8,113,0.5113247699385017,0.7554631332946873,0.8515655424260176,0.7757172623915225
dualforce_dcg_w1|01_neutral__dai|e4432e7964,GEN:dualforce_dcg_w1:v2:neutral:both,giant_grab_3,store/gens/029_dualforce_dcg_w1/01_neutral__dai/videos/G-zs-cross__ic_gen__giant_grab_3__ref_flying_cam_transition_1__dfw1__s42.mp4,8,113,0.7227850886446656,0.7224098576696396,0.6240827451665252,0.3378194150504944
dualforce_dcg_w1|01_neutral__dai|a9ec6692ba,GEN:dualforce_dcg_w1:v2:neutral:both,giant_grab_3,store/gens/029_dualforce_dcg_w1/01_neutral__dai/videos/G-zs-cross__ic_gen__giant_grab_3__ref_melt_transition_1__dfw1__s42.mp4,8,113,0.5274580199025696,0.5240833722364722,0.5431671176121818,0.3371851484843204
dualforce_dcg_w1|01_neutral__dai|4880bc5a47,GEN:dualforce_dcg_w1:v2:neutral:both,hero_flight_5,store/gens/029_dualforce_dcg_w1/01_neutral__dai/videos/G-zs-cross__ic_gen__hero_flight_5__ref_display_transition_1__dfw1__s42.mp4,8,113,0.5607087182390496,0.6338025142162452,0.6461805996882504,0.6768388816988764
dualforce_dcg_w1|01_neutral__dai|6cc66469ee,GEN:dualforce_dcg_w1:v2:neutral:both,hero_flight_5,store/gens/029_dualforce_dcg_w1/01_neutral__dai/videos/G-zs-cross__ic_gen__hero_flight_5__ref_melt_transition_1__dfw1__s42.mp4,8,113,0.7224933255104815,0.4610449412781289,0.4534911286062165,0.6776403508578883
dualforce_dcg_w1|01_neutral__dai|888a35bfc7,GEN:dualforce_dcg_w1:v2:neutral:both,hero_flight_6,store/gens/029_dualforce_dcg_w1/01_neutral__dai/videos/G-zs-cross__ic_gen__hero_flight_6__ref_display_transition_1__dfw1__s42.mp4,8,113,0.4919580895672009,0.6310611651814525,0.6034087487770041,0.7210570032091328
dualforce_dcg_w1|01_neutral__dai|749073328d,GEN:dualforce_dcg_w1:v2:neutral:start,illustration_scene_7,store/gens/029_dualforce_dcg_w1/01_neutral__dai/videos/G-unseen-same__ic_gen__illustration_scene_7__ref_illustration_scene_4__dfw1__s42.mp4,8,120,0.4106118007997923,0.3639235817947009,0.4194429232414684,0.781183376903188
dualforce_dcg_w1|01_neutral__dai|0014808a6b,GEN:dualforce_dcg_w1:v2:neutral:start,money_rain_3,store/gens/029_dualforce_dcg_w1/01_neutral__dai/videos/G-unseen-same__ic_gen__money_rain_3__ref_money_rain_1__dfw1__s42.mp4,8,120,0.3124329336984321,0.5536969261387009,0.6175638184150305,0.5472596226095324
dualforce_dcg_w1|01_neutral__dai|ba125629a3,GEN:dualforce_dcg_w1:v2:neutral:start,polygon_8,store/gens/029_dualforce_dcg_w1/01_neutral__dai/videos/G-unseen-same__ic_gen__polygon_8__ref_polygon_4__dfw1__s42.mp4,8,120,0.4783161396305306,0.4421610190085636,0.4681584715952251,0.5570297050743734
dualforce_dcg_w1|01_neutral__dai|dadff36ff6,GEN:dualforce_dcg_w1:v2:neutral:start,portal_4,store/gens/029_dualforce_dcg_w1/01_neutral__dai/videos/G-unseen-same__ic_gen__portal_4__ref_portal_1__dfw1__s42.mp4,8,120,0.5656615440131996,1.080679427091668,1.1082308404599222,1.1161647385232525
dualforce_dcg_w1|01_neutral__dai|507372d554,GEN:dualforce_dcg_w1:v2:neutral:both,air_bending_1,store/gens/029_dualforce_dcg_w1/01_neutral__dai/videos/G-zs-cross__ic_gen__air_bending_1__ref_raven_transition_0__dfw1__s42.mp4,8,113,0.6012095028409272,0.4112970407439566,0.5203387492112825,1.0859442801541068
dualforce_dcg_w1|01_neutral__dai|bef16eed8f,GEN:dualforce_dcg_w1:v2:neutral:start,animalization_0,store/gens/029_dualforce_dcg_w1/01_neutral__dai/videos/G-zs-cross__ic_gen__animalization_0__ref_cotton_cloud_1__dfw1__s42.mp4,8,120,0.6553949514840649,0.3747517259313301,0.4179762216251248,0.8871509033725086
dualforce_dcg_w1|01_neutral__dai|6d6df42c54,GEN:dualforce_dcg_w1:v2:neutral:start,animalization_2,store/gens/029_dualforce_dcg_w1/01_neutral__dai/videos/G-zs-cross__ic_gen__animalization_2__ref_cotton_cloud_1__dfw1__s42.mp4,8,120,0.3435295497083166,0.3873525462585797,0.444958699333436,0.5807154518360885
dualforce_dcg_w1|01_neutral__dai|4b94795122,GEN:dualforce_dcg_w1:v2:neutral:start,animalization_2,store/gens/029_dualforce_dcg_w1/01_neutral__dai/videos/G-zs-cross__ic_gen__animalization_2__ref_saint_glow_0__dfw1__s42.mp4,8,120,0.4304235599410917,0.3180329949643227,0.3279945288337823,0.3100993005107424
dualforce_dcg_w1|01_neutral__dai|3fbb1d775c,GEN:dualforce_dcg_w1:v2:neutral:start,money_rain_3,store/gens/029_dualforce_dcg_w1/01_neutral__dai/videos/G-zs-cross__ic_gen__money_rain_3__ref_live_concert_1__dfw1__s42.mp4,8,120,0.5571466623094397,0.4063176344945954,0.4430610645777267,1.0433407310316751
dualforce_dcg_w1|01_neutral__dai|afa0f205a9,GEN:dualforce_dcg_w1:v2:neutral:start,mystification_0,store/gens/029_dualforce_dcg_w1/01_neutral__dai/videos/G-zs-cross__ic_gen__mystification_0__ref_live_concert_1__dfw1__s42.mp4,8,120,0.5084896906445686,0.3626534781322142,0.3404034795327449,1.1790197737322714
dualforce_dcg_w1|01_neutral__dai|69f9db928b,GEN:dualforce_dcg_w1:v2:neutral:start,polygon_4,store/gens/029_dualforce_dcg_w1/01_neutral__dai/videos/G-zs-cross__ic_gen__polygon_4__ref_luminous_gaze_0__dfw1__s42.mp4,8,120,0.32638841526306,0.4517327222163393,0.4673882317307204,0.6406731350577803
dualforce_dcg_w1|01_neutral__dai|9925ae6aa8,GEN:dualforce_dcg_w1:v2:neutral:start,polygon_8,store/gens/029_dualforce_dcg_w1/01_neutral__dai/videos/G-zs-cross__ic_gen__polygon_8__ref_luminous_gaze_0__dfw1__s42.mp4,8,120,0.5851976936355257,0.3183595146822634,0.3568763895833504,0.7527863912164726
dualforce_dcg_w1|01_neutral__dai|86c66c93b0,GEN:dualforce_dcg_w1:v2:neutral:both,shadow_smoke_7,store/gens/029_dualforce_dcg_w1/01_neutral__dai/videos/G-zs-cross__ic_gen__shadow_smoke_7__ref_firelava_0__dfw1__s42.mp4,8,113,0.4472087713703725,0.7098121977843861,0.7975263227421028,0.9199425463486376
dualforce_dcg_w1|01_neutral__dai|acfb5fcde3,GEN:dualforce_dcg_w1:v2:neutral:start,super_fast_run_0,store/gens/029_dualforce_dcg_w1/01_neutral__dai/videos/G-zs-cross__ic_gen__super_fast_run_0__ref_monstrosity_0__dfw1__s42.mp4,8,120,0.542221386151402,0.408011403293627,0.4891693909195831,0.4871672485046757
dualforce_dcg_w1|01_neutral__dai|0705ee3262,GEN:dualforce_dcg_w1:v2:neutral:start,super_fast_run_3,store/gens/029_dualforce_dcg_w1/01_neutral__dai/videos/G-zs-cross__ic_gen__super_fast_run_3__ref_monstrosity_0__dfw1__s42.mp4,8,120,0.3009744520528126,0.3877361481353474,0.4219835779425979,0.913028751196267
dualforce_dcg_w1|01_neutral__dai|d862cb9013,GEN:dualforce_dcg_w1:v2:neutral:both,water_bending_3,store/gens/029_dualforce_dcg_w1/01_neutral__dai/videos/G-zs-cross__ic_gen__water_bending_3__ref_firelava_0__dfw1__s42.mp4,8,113,0.4745790886473258,0.8154985484382208,0.911533485179399,0.7010106249337922
dualforce_dcg_w1|01_neutral__dai|58d79fad20,GEN:dualforce_dcg_w1:v2:neutral:start,cotton_cloud_0,store/gens/029_dualforce_dcg_w1/01_neutral__dai/videos/G-zs-same__ic_gen__cotton_cloud_0__ref_cotton_cloud_1__dfw1__s42.mp4,8,120,0.4131640188523737,0.2533226352503576,0.2544359545167121,0.9011300879771864
dualforce_dcg_w1|01_neutral__dai|946504de24,GEN:dualforce_dcg_w1:v2:neutral:both,firelava_4,store/gens/029_dualforce_dcg_w1/01_neutral__dai/videos/G-zs-same__ic_gen__firelava_4__ref_firelava_0__dfw1__s42.mp4,8,113,0.6749801546994616,0.5627312411723064,0.6693932048096314,0.9597765783193596
dualforce_dcg_w1|01_neutral__dai|dd9ef72390,GEN:dualforce_dcg_w1:v2:neutral:both,flying_cam_transition_4,store/gens/029_dualforce_dcg_w1/01_neutral__dai/videos/G-zs-same__ic_gen__flying_cam_transition_4__ref_flying_cam_transition_1__dfw1__s42.mp4,8,113,0.7410564131176836,0.4186588635347584,0.4714919829588105,1.153942335394735
dualforce_dcg_w1|01_neutral__dai|6a490b5718,GEN:dualforce_dcg_w1:v2:neutral:start,live_concert_0,store/gens/029_dualforce_dcg_w1/01_neutral__dai/videos/G-zs-same__ic_gen__live_concert_0__ref_live_concert_1__dfw1__s42.mp4,8,120,0.6493664108152128,0.5719940055416181,0.5749549283331998,1.2442176437778587
dualforce_dcg_w1|01_neutral__dai|fc1d4ae0da,GEN:dualforce_dcg_w1:v2:neutral:start,luminous_gaze_3,store/gens/029_dualforce_dcg_w1/01_neutral__dai/videos/G-zs-same__ic_gen__luminous_gaze_3__ref_luminous_gaze_0__dfw1__s42.mp4,8,120,0.5836085036113454,0.2943954597375446,0.2173399168009533,0.7494022814421558
dualforce_dcg_w1|01_neutral__dai|84ccbdcbfa,GEN:dualforce_dcg_w1:v2:neutral:both,melt_transition_2,store/gens/029_dualforce_dcg_w1/01_neutral__dai/videos/G-zs-same__ic_gen__melt_transition_2__ref_melt_transition_1__dfw1__s42.mp4,8,113,0.6371023556773683,0.3593937816972761,0.28889919055965,0.766105768509939
dualforce_dcg_w1|01_neutral__dai|3dec21d7f0,GEN:dualforce_dcg_w1:v2:neutral:both,raven_transition_2,store/gens/029_dualforce_dcg_w1/01_neutral__dai/videos/G-zs-same__ic_gen__raven_transition_2__ref_raven_transition_0__dfw1__s42.mp4,8,113,0.4954615269000875,0.4991923439306797,0.5140577859497855,1.023115418615118
dualforce_dcg_w1|01_neutral__dai|4427831df5,GEN:dualforce_dcg_w1:v2:neutral:start,saint_glow_3,store/gens/029_dualforce_dcg_w1/01_neutral__dai/videos/G-zs-same__ic_gen__saint_glow_3__ref_saint_glow_0__dfw1__s42.mp4,8,120,0.6076104644067617,0.4052750979198656,0.4297135172421757,0.3946618199050098
dualforce_dcg_w1p5|01_neutral__dai|775f5b4e56,GEN:dualforce_dcg_w1p5:v2:neutral:start,animalization_3,store/gens/030_dualforce_dcg_w1p5/01_neutral__dai/videos/G-fit__ic_gen__animalization_3__ref_animalization_1__dfw1p5__s42.mp4,8,120,0.5015754013288358,0.4745091176352493,0.5813554771703228,0.7481573602893354
dualforce_dcg_w1p5|01_neutral__dai|59dc55e1a5,GEN:dualforce_dcg_w1p5:v2:neutral:start,color_rain_3,store/gens/030_dualforce_dcg_w1p5/01_neutral__dai/videos/G-fit__ic_gen__color_rain_3__ref_color_rain_1__dfw1p5__s42.mp4,8,120,0.4329285297667138,0.4542736699213321,0.51967533661231,0.5561713903807615
dualforce_dcg_w1p5|01_neutral__dai|ffa5edc9be,GEN:dualforce_dcg_w1p5:v2:neutral:start,earth_element_1,store/gens/030_dualforce_dcg_w1p5/01_neutral__dai/videos/G-fit__ic_gen__earth_element_1__ref_earth_element_0__dfw1p5__s42.mp4,8,120,0.4036244711694103,0.4946538043176661,0.5183085190067118,0.6237171770943927
dualforce_dcg_w1p5|01_neutral__dai|a63ce937e5,GEN:dualforce_dcg_w1p5:v2:neutral:start,gas_transformation_1,store/gens/030_dualforce_dcg_w1p5/01_neutral__dai/videos/G-fit__ic_gen__gas_transformation_1__ref_gas_transformation_0__dfw1p5__s42.mp4,8,120,0.4094037398760894,0.3541433679461819,0.419111217810405,0.3621498708240015
dualforce_dcg_w1p5|01_neutral__dai|6296cb2d25,GEN:dualforce_dcg_w1p5:v2:neutral:both,hero_flight_1,store/gens/030_dualforce_dcg_w1p5/01_neutral__dai/videos/G-fit__ic_gen__hero_flight_1__ref_hero_flight_0__dfw1p5__s42.mp4,8,113,0.7674353176125552,0.5166636587224834,0.5854360549678177,0.7415378507707068
dualforce_dcg_w1p5|01_neutral__dai|eec56ec0d9,GEN:dualforce_dcg_w1p5:v2:neutral:start,illustration_scene_1,store/gens/030_dualforce_dcg_w1p5/01_neutral__dai/videos/G-fit__ic_gen__illustration_scene_1__ref_illustration_scene_0__dfw1p5__s42.mp4,8,120,0.4088618437543927,0.4494632242575603,0.4990640009557324,0.709826116539137
dualforce_dcg_w1p5|01_neutral__dai|74ffed0081,GEN:dualforce_dcg_w1p5:v2:neutral:start,money_rain_2,store/gens/030_dualforce_dcg_w1p5/01_neutral__dai/videos/G-fit__ic_gen__money_rain_2__ref_money_rain_0__dfw1p5__s42.mp4,8,120,0.277332826766933,0.3375850883624722,0.3708953060476933,0.6193186639075738
dualforce_dcg_w1p5|01_neutral__dai|1b1eb6c79b,GEN:dualforce_dcg_w1p5:v2:neutral:start,polygon_1,store/gens/030_dualforce_dcg_w1p5/01_neutral__dai/videos/G-fit__ic_gen__polygon_1__ref_polygon_0__dfw1p5__s42.mp4,8,120,0.7037841239935203,0.2790134714584369,0.2998219957127976,0.5522008020582817
dualforce_dcg_w1p5|01_neutral__dai|64dc9b68e3,GEN:dualforce_dcg_w1p5:v2:neutral:start,portal_10,store/gens/030_dualforce_dcg_w1p5/01_neutral__dai/videos/G-fit__ic_gen__portal_10__ref_portal_0__dfw1p5__s42.mp4,8,120,0.67921398061487,1.7091343658941456,1.9390265644736864,0.5956691548052704
dualforce_dcg_w1p5|01_neutral__dai|7cdd2081bf,GEN:dualforce_dcg_w1p5:v2:neutral:start,shadow_1,store/gens/030_dualforce_dcg_w1p5/01_neutral__dai/videos/G-fit__ic_gen__shadow_1__ref_shadow_0__dfw1p5__s42.mp4,8,120,0.6671579333818058,0.2390522278182769,0.1890769645890471,0.6301217875899379
dualforce_dcg_w1p5|01_neutral__dai|2f3c9e256e,GEN:dualforce_dcg_w1p5:v2:neutral:both,shadow_smoke_2,store/gens/030_dualforce_dcg_w1p5/01_neutral__dai/videos/G-fit__ic_gen__shadow_smoke_2__ref_shadow_smoke_1__dfw1p5__s42.mp4,8,113,0.6697116640117977,0.4371371050768711,0.4910914105111134,0.8337376970572032
dualforce_dcg_w1p5|01_neutral__dai|c449dc3dec,GEN:dualforce_dcg_w1p5:v2:neutral:start,super_fast_run_10,store/gens/030_dualforce_dcg_w1p5/01_neutral__dai/videos/G-fit__ic_gen__super_fast_run_10__ref_super_fast_run_1__dfw1p5__s42.mp4,8,120,0.5053614366241919,0.4578933652624916,0.4712379992130117,0.5432277102819829
dualforce_dcg_w1p5|01_neutral__dai|272c870062,GEN:dualforce_dcg_w1p5:v2:neutral:start,gas_transformation_6,store/gens/030_dualforce_dcg_w1p5/01_neutral__dai/videos/G-memo-probe__ic_gen__gas_transformation_6__ref_gas_transformation_0__dfw1p5__s42.mp4,8,120,0.5307757500568526,0.4252952204879852,0.4353462453839525,0.3552157225824937
dualforce_dcg_w1p5|01_neutral__dai|5f2c5d0283,GEN:dualforce_dcg_w1p5:v2:neutral:both,hero_flight_5,store/gens/030_dualforce_dcg_w1p5/01_neutral__dai/videos/G-memo-probe__ic_gen__hero_flight_5__ref_hero_flight_0__dfw1p5__s42.mp4,8,113,0.7216757606606465,0.5954899382091065,0.5349032305261296,0.6754771884976162
dualforce_dcg_w1p5|01_neutral__dai|013560187c,GEN:dualforce_dcg_w1p5:v2:neutral:start,illustration_scene_4,store/gens/030_dualforce_dcg_w1p5/01_neutral__dai/videos/G-memo-probe__ic_gen__illustration_scene_4__ref_illustration_scene_0__dfw1p5__s42.mp4,8,120,0.4443320564533095,0.6325475276248734,0.6837995388156753,0.5417798114773693
dualforce_dcg_w1p5|01_neutral__dai|4a034779f6,GEN:dualforce_dcg_w1p5:v2:neutral:start,money_rain_1,store/gens/030_dualforce_dcg_w1p5/01_neutral__dai/videos/G-memo-probe__ic_gen__money_rain_1__ref_money_rain_0__dfw1p5__s42.mp4,8,120,0.3822609000797115,0.5425082757758962,0.6349965844244186,0.6535229037966171
dualforce_dcg_w1p5|01_neutral__dai|d172f7c221,GEN:dualforce_dcg_w1p5:v2:neutral:start,super_fast_run_0,store/gens/030_dualforce_dcg_w1p5/01_neutral__dai/videos/G-memo-probe__ic_gen__super_fast_run_0__ref_super_fast_run_1__dfw1p5__s42.mp4,8,120,0.4208143417226206,0.4885983573371699,0.5193579896835843,0.5984563009679656
dualforce_dcg_w1p5|01_neutral__dai|b1a8389c40,GEN:dualforce_dcg_w1p5:v2:neutral:start,wireframe_0,store/gens/030_dualforce_dcg_w1p5/01_neutral__dai/videos/G-memo-probe__ic_gen__wireframe_0__ref_wireframe_1__dfw1p5__s42.mp4,8,120,0.8833421290805166,0.0448515865619692,0.0397253306719373,1.698252402266866
dualforce_dcg_w1p5|01_neutral__dai|51a3695e33,GEN:dualforce_dcg_w1p5:v2:neutral:start,animalization_2,store/gens/030_dualforce_dcg_w1p5/01_neutral__dai/videos/G-ref-control__ic_gen__animalization_2__ref_color_rain_0__dfw1p5__s42.mp4,8,120,0.49567640539087,0.2894836245005738,0.3136680256878049,0.4640472013209159
dualforce_dcg_w1p5|01_neutral__dai|43ae7832de,GEN:dualforce_dcg_w1p5:v2:neutral:start,color_rain_2,store/gens/030_dualforce_dcg_w1p5/01_neutral__dai/videos/G-ref-control__ic_gen__color_rain_2__ref_earth_element_4__dfw1p5__s42.mp4,8,120,0.5103638075113215,0.6737213488704747,0.7417399816128989,0.4209304682970049
dualforce_dcg_w1p5|01_neutral__dai|6c31d9a635,GEN:dualforce_dcg_w1p5:v2:neutral:start,earth_element_6,store/gens/030_dualforce_dcg_w1p5/01_neutral__dai/videos/G-ref-control__ic_gen__earth_element_6__ref_gas_transformation_6__dfw1p5__s42.mp4,8,120,0.4947347504390995,0.4857521532169286,0.5541629446976342,0.5777474496818334
dualforce_dcg_w1p5|01_neutral__dai|5295bfffd3,GEN:dualforce_dcg_w1p5:v2:neutral:start,gas_transformation_7,store/gens/030_dualforce_dcg_w1p5/01_neutral__dai/videos/G-ref-control__ic_gen__gas_transformation_7__ref_illustration_scene_4__dfw1p5__s42.mp4,8,120,0.716258241163527,0.2269475891097606,0.1403824283496448,0.8609484774550895
dualforce_dcg_w1p5|01_neutral__dai|9b0aa1de98,GEN:dualforce_dcg_w1p5:v2:neutral:both,hero_flight_6,store/gens/030_dualforce_dcg_w1p5/01_neutral__dai/videos/G-ref-control__ic_gen__hero_flight_6__ref_shadow_smoke_0__dfw1p5__s42.mp4,8,113,0.4338911092259085,0.813643293025626,0.7867231037933238,0.7152708353907936
dualforce_dcg_w1p5|01_neutral__dai|5764b86b32,GEN:dualforce_dcg_w1p5:v2:neutral:start,illustration_scene_7,store/gens/030_dualforce_dcg_w1p5/01_neutral__dai/videos/G-ref-control__ic_gen__illustration_scene_7__ref_polygon_4__dfw1p5__s42.mp4,8,120,0.4689469187393276,0.4425376040219274,0.5172727218879866,0.8643362445621171
dualforce_dcg_w1p5|01_neutral__dai|e4d719109f,GEN:dualforce_dcg_w1p5:v2:neutral:start,wireframe_2,store/gens/030_dualforce_dcg_w1p5/01_neutral__dai/videos/G-fit__ic_gen__wireframe_2__ref_wireframe_1__dfw1p5__s42.mp4,8,120,0.7360666683114185,0.0740807847352476,0.0185397196935796,1.238435110854153
dualforce_dcg_w1p5|01_neutral__dai|10209a6790,GEN:dualforce_dcg_w1p5:v2:neutral:start,animalization_0,store/gens/030_dualforce_dcg_w1p5/01_neutral__dai/videos/G-memo-probe__ic_gen__animalization_0__ref_animalization_1__dfw1p5__s42.mp4,8,120,0.4897815018155926,0.5900479004897221,0.6918235650846857,0.6000786242857724
dualforce_dcg_w1p5|01_neutral__dai|00b884e4d5,GEN:dualforce_dcg_w1p5:v2:neutral:start,color_rain_0,store/gens/030_dualforce_dcg_w1p5/01_neutral__dai/videos/G-memo-probe__ic_gen__color_rain_0__ref_color_rain_1__dfw1p5__s42.mp4,8,120,0.5198881207025474,0.4360991619874728,0.4197798209448291,0.1597560035831882
dualforce_dcg_w1p5|01_neutral__dai|e87c82b03b,GEN:dualforce_dcg_w1p5:v2:neutral:start,earth_element_4,store/gens/030_dualforce_dcg_w1p5/01_neutral__dai/videos/G-memo-probe__ic_gen__earth_element_4__ref_earth_element_0__dfw1p5__s42.mp4,8,120,0.3671778857172354,0.3889317357694342,0.4235643321692918,0.6216610567881763
dualforce_dcg_w1p5|01_neutral__dai|85a146df90,GEN:dualforce_dcg_w1p5:v2:neutral:start,polygon_4,store/gens/030_dualforce_dcg_w1p5/01_neutral__dai/videos/G-memo-probe__ic_gen__polygon_4__ref_polygon_0__dfw1p5__s42.mp4,8,120,0.5158251347122151,0.504458370100029,0.5414110420199033,0.5216426130805315
dualforce_dcg_w1p5|01_neutral__dai|ed86455b65,GEN:dualforce_dcg_w1p5:v2:neutral:start,portal_1,store/gens/030_dualforce_dcg_w1p5/01_neutral__dai/videos/G-memo-probe__ic_gen__portal_1__ref_portal_0__dfw1p5__s42.mp4,8,120,0.4680589154112469,0.7825182184003958,0.8868450740936638,0.6576795206021755
dualforce_dcg_w1p5|01_neutral__dai|7b500b9a22,GEN:dualforce_dcg_w1p5:v2:neutral:start,shadow_10,store/gens/030_dualforce_dcg_w1p5/01_neutral__dai/videos/G-memo-probe__ic_gen__shadow_10__ref_shadow_0__dfw1p5__s42.mp4,8,120,0.6377946593794406,0.2268675842501788,0.2073490527376716,1.0836789824274742
dualforce_dcg_w1p5|01_neutral__dai|551f871785,GEN:dualforce_dcg_w1p5:v2:neutral:both,shadow_smoke_0,store/gens/030_dualforce_dcg_w1p5/01_neutral__dai/videos/G-memo-probe__ic_gen__shadow_smoke_0__ref_shadow_smoke_1__dfw1p5__s42.mp4,8,113,0.5340829194129728,0.8864196343136915,0.9271778080718758,0.5564183217644103
dualforce_dcg_w1p5|01_neutral__dai|002554c391,GEN:dualforce_dcg_w1p5:v2:neutral:both,shadow_smoke_7,store/gens/030_dualforce_dcg_w1p5/01_neutral__dai/videos/G-ref-control__ic_gen__shadow_smoke_7__ref_hero_flight_5__dfw1p5__s42.mp4,8,113,0.7538406590966082,0.6256155034519254,0.7048049874385051,0.9204425511111411
dualforce_dcg_w1p5|01_neutral__dai|cad7d9622c,GEN:dualforce_dcg_w1p5:v2:neutral:start,super_fast_run_3,store/gens/030_dualforce_dcg_w1p5/01_neutral__dai/videos/G-ref-control__ic_gen__super_fast_run_3__ref_color_rain_0__dfw1p5__s42.mp4,8,120,0.4271439165107846,0.3067444262098989,0.323183443773498,0.6552232784177413
dualforce_dcg_w1p5|01_neutral__dai|7017e90d5e,GEN:dualforce_dcg_w1p5:v2:neutral:start,wireframe_7,store/gens/030_dualforce_dcg_w1p5/01_neutral__dai/videos/G-ref-control__ic_gen__wireframe_7__ref_earth_element_4__dfw1p5__s42.mp4,8,120,0.4376832881003711,0.6383162235854921,0.6760168234623785,0.6731434390136268
dualforce_dcg_w1p5|01_neutral__dai|43c8642495,GEN:dualforce_dcg_w1p5:v2:neutral:start,color_rain_0,store/gens/030_dualforce_dcg_w1p5/01_neutral__dai/videos/G-unseen-cross__ic_gen__color_rain_0__ref_animalization_0__dfw1p5__s42.mp4,8,120,0.4089579800299303,0.4487388645885886,0.4973335815614108,0.6013776535582421
dualforce_dcg_w1p5|01_neutral__dai|c21e925da3,GEN:dualforce_dcg_w1p5:v2:neutral:start,money_rain_3,store/gens/030_dualforce_dcg_w1p5/01_neutral__dai/videos/G-ref-control__ic_gen__money_rain_3__ref_portal_1__dfw1p5__s42.mp4,8,120,0.5767099294610605,0.8834654147772074,1.0149267207095432,0.6201997123533585
dualforce_dcg_w1p5|01_neutral__dai|8967ff130b,GEN:dualforce_dcg_w1p5:v2:neutral:start,polygon_8,store/gens/030_dualforce_dcg_w1p5/01_neutral__dai/videos/G-ref-control__ic_gen__polygon_8__ref_shadow_10__dfw1p5__s42.mp4,8,120,0.3561638102883842,0.417911079375976,0.453218775416486,0.8649738828314504
dualforce_dcg_w1p5|01_neutral__dai|e187183912,GEN:dualforce_dcg_w1p5:v2:neutral:start,portal_4,store/gens/030_dualforce_dcg_w1p5/01_neutral__dai/videos/G-ref-control__ic_gen__portal_4__ref_super_fast_run_0__dfw1p5__s42.mp4,8,120,0.4337864283431976,0.8140570555949886,0.7673504957376854,0.8539228672757803
dualforce_dcg_w1p5|01_neutral__dai|b95b172a79,GEN:dualforce_dcg_w1p5:v2:neutral:start,shadow_3,store/gens/030_dualforce_dcg_w1p5/01_neutral__dai/videos/G-ref-control__ic_gen__shadow_3__ref_wireframe_0__dfw1p5__s42.mp4,8,120,0.4583068106677177,0.7097374184168947,0.8183353815383463,0.9397725170233484
dualforce_dcg_w1p5|01_neutral__dai|73484f294f,GEN:dualforce_dcg_w1p5:v2:neutral:start,color_rain_2,store/gens/030_dualforce_dcg_w1p5/01_neutral__dai/videos/G-unseen-cross__ic_gen__color_rain_2__ref_animalization_0__dfw1p5__s42.mp4,8,120,0.4535166092820366,0.6194407232232324,0.6394952551326637,0.4576049133981577
dualforce_dcg_w1p5|01_neutral__dai|839ce7c962,GEN:dualforce_dcg_w1p5:v2:neutral:start,color_rain_2,store/gens/030_dualforce_dcg_w1p5/01_neutral__dai/videos/G-unseen-cross__ic_gen__color_rain_2__ref_super_fast_run_0__dfw1p5__s42.mp4,8,120,0.5385053801134705,0.3963603827636481,0.4037485404943681,0.5412129143030903
dualforce_dcg_w1p5|01_neutral__dai|18bac220ca,GEN:dualforce_dcg_w1p5:v2:neutral:start,cotton_cloud_0,store/gens/030_dualforce_dcg_w1p5/01_neutral__dai/videos/G-unseen-cross__ic_gen__cotton_cloud_0__ref_super_fast_run_0__dfw1p5__s42.mp4,8,120,0.4433933276523798,0.5449855548859239,0.5757355685375414,0.8709774218952423
dualforce_dcg_w1p5|01_neutral__dai|c6df657f9c,GEN:dualforce_dcg_w1p5:v2:neutral:both,display_transition_1,store/gens/030_dualforce_dcg_w1p5/01_neutral__dai/videos/G-unseen-cross__ic_gen__display_transition_1__ref_hero_flight_5__dfw1p5__s42.mp4,8,113,0.5684616799479163,0.7300255953194271,0.6906754190303498,0.8409064102910359
dualforce_dcg_w1p5|01_neutral__dai|1e214b0845,GEN:dualforce_dcg_w1p5:v2:neutral:start,fire_element_2,store/gens/030_dualforce_dcg_w1p5/01_neutral__dai/videos/G-unseen-cross__ic_gen__fire_element_2__ref_wireframe_0__dfw1p5__s42.mp4,8,120,0.4320648544117134,0.3734914236671213,0.3982267130565461,0.4069422901692162
dualforce_dcg_w1p5|01_neutral__dai|dc46847f8e,GEN:dualforce_dcg_w1p5:v2:neutral:start,gas_transformation_6,store/gens/030_dualforce_dcg_w1p5/01_neutral__dai/videos/G-unseen-cross__ic_gen__gas_transformation_6__ref_earth_element_4__dfw1p5__s42.mp4,8,120,0.4109005235268046,0.5254522427776884,0.5941813402896685,0.6121809356185458
dualforce_dcg_w1p5|01_neutral__dai|c77f551b7b,GEN:dualforce_dcg_w1p5:v2:neutral:start,gas_transformation_7,store/gens/030_dualforce_dcg_w1p5/01_neutral__dai/videos/G-unseen-cross__ic_gen__gas_transformation_7__ref_earth_element_4__dfw1p5__s42.mp4,8,120,0.4290162112373563,0.4512550224357446,0.5058079745956353,0.99135963212331
dualforce_dcg_w1p5|01_neutral__dai|de34f88cf9,GEN:dualforce_dcg_w1p5:v2:neutral:start,illustration_scene_7,store/gens/030_dualforce_dcg_w1p5/01_neutral__dai/videos/G-unseen-cross__ic_gen__illustration_scene_7__ref_gas_transformation_6__dfw1p5__s42.mp4,8,120,0.4573687772837111,0.3908326812955924,0.4089276003892579,0.5966396599490308
dualforce_dcg_w1p5|01_neutral__dai|670b6fb4b7,GEN:dualforce_dcg_w1p5:v2:neutral:start,polygon_4,store/gens/030_dualforce_dcg_w1p5/01_neutral__dai/videos/G-unseen-cross__ic_gen__polygon_4__ref_money_rain_1__dfw1p5__s42.mp4,8,120,0.4373107084989405,0.6292264155294498,0.6719997650103028,0.420539542694085
dualforce_dcg_w1p5|01_neutral__dai|b103dd81a4,GEN:dualforce_dcg_w1p5:v2:neutral:start,polygon_8,store/gens/030_dualforce_dcg_w1p5/01_neutral__dai/videos/G-unseen-cross__ic_gen__polygon_8__ref_money_rain_1__dfw1p5__s42.mp4,8,120,0.4979221425826174,0.6079486529458796,0.6351849938112949,0.325165484782782
dualforce_dcg_w1p5|01_neutral__dai|f44089f31c,GEN:dualforce_dcg_w1p5:v2:neutral:start,portal_4,store/gens/030_dualforce_dcg_w1p5/01_neutral__dai/videos/G-unseen-cross__ic_gen__portal_4__ref_polygon_4__dfw1p5__s42.mp4,8,120,0.5349619720382051,0.4223644930001764,0.4698407149945182,0.9734983340401004
dualforce_dcg_w1p5|01_neutral__dai|b11f721681,GEN:dualforce_dcg_w1p5:v2:neutral:both,raven_transition_2,store/gens/030_dualforce_dcg_w1p5/01_neutral__dai/videos/G-unseen-cross__ic_gen__raven_transition_2__ref_shadow_smoke_0__dfw1p5__s42.mp4,8,113,0.4831015305782644,0.5358481144599336,0.5433764189065718,1.0246720581551432
dualforce_dcg_w1p5|01_neutral__dai|f5a720b94b,GEN:dualforce_dcg_w1p5:v2:neutral:start,earth_element_4,store/gens/030_dualforce_dcg_w1p5/01_neutral__dai/videos/G-unseen-cross__ic_gen__earth_element_4__ref_color_rain_0__dfw1p5__s42.mp4,8,120,0.2686639267571515,0.2297383868619205,0.2569082506785627,0.4142950407844528
dualforce_dcg_w1p5|01_neutral__dai|a202cc157b,GEN:dualforce_dcg_w1p5:v2:neutral:start,earth_element_6,store/gens/030_dualforce_dcg_w1p5/01_neutral__dai/videos/G-unseen-cross__ic_gen__earth_element_6__ref_color_rain_0__dfw1p5__s42.mp4,8,120,0.3788617642312535,0.4640078859395064,0.5137702104341941,0.5750286033448988
dualforce_dcg_w1p5|01_neutral__dai|662dfd4ee7,GEN:dualforce_dcg_w1p5:v2:neutral:start,earth_element_6,store/gens/030_dualforce_dcg_w1p5/01_neutral__dai/videos/G-unseen-cross__ic_gen__earth_element_6__ref_wireframe_0__dfw1p5__s42.mp4,8,120,0.4634007913221902,0.492962548918033,0.538574504122838,0.4984598882069911
dualforce_dcg_w1p5|01_neutral__dai|b41b7f42dc,GEN:dualforce_dcg_w1p5:v2:neutral:both,earth_wave_3,store/gens/030_dualforce_dcg_w1p5/01_neutral__dai/videos/G-unseen-cross__ic_gen__earth_wave_3__ref_hero_flight_5__dfw1p5__s42.mp4,8,113,0.8163708211566065,0.5814771408055365,0.7220851199529621,0.7766498861849034
dualforce_dcg_w1p5|01_neutral__dai|8669292bbd,GEN:dualforce_dcg_w1p5:v2:neutral:start,wireframe_0,store/gens/030_dualforce_dcg_w1p5/01_neutral__dai/videos/G-unseen-cross__ic_gen__wireframe_0__ref_shadow_10__dfw1p5__s42.mp4,8,120,0.3088209023866675,0.3064869730647209,0.3340497205056171,0.8879884937695737
dualforce_dcg_w1p5|01_neutral__dai|be2adc4c56,GEN:dualforce_dcg_w1p5:v2:neutral:start,saint_glow_3,store/gens/030_dualforce_dcg_w1p5/01_neutral__dai/videos/G-unseen-cross__ic_gen__saint_glow_3__ref_polygon_4__dfw1p5__s42.mp4,8,120,0.4291849497247908,0.3661461315101332,0.4517931683887547,0.918938202564356
dualforce_dcg_w1p5|01_neutral__dai|e09e9f23b9,GEN:dualforce_dcg_w1p5:v2:neutral:start,shadow_3,store/gens/030_dualforce_dcg_w1p5/01_neutral__dai/videos/G-unseen-cross__ic_gen__shadow_3__ref_portal_1__dfw1p5__s42.mp4,8,120,0.6423409843748531,0.7333500073180779,0.7379800305604173,0.9657322925868298
dualforce_dcg_w1p5|01_neutral__dai|1f3989cc69,GEN:dualforce_dcg_w1p5:v2:neutral:start,super_fast_run_0,store/gens/030_dualforce_dcg_w1p5/01_neutral__dai/videos/G-unseen-cross__ic_gen__super_fast_run_0__ref_portal_1__dfw1p5__s42.mp4,8,120,0.5621505970383083,0.7797533478548251,0.8504128065456121,0.4456571503062755
dualforce_dcg_w1p5|01_neutral__dai|9ffeafa972,GEN:dualforce_dcg_w1p5:v2:neutral:start,water_element_4,store/gens/030_dualforce_dcg_w1p5/01_neutral__dai/videos/G-unseen-cross__ic_gen__water_element_4__ref_shadow_10__dfw1p5__s42.mp4,8,120,0.3027533143383505,0.3444920546229789,0.3740655698561374,0.5515275673986699
dualforce_dcg_w1p5|01_neutral__dai|fc793cb69a,GEN:dualforce_dcg_w1p5:v2:neutral:start,color_rain_2,store/gens/030_dualforce_dcg_w1p5/01_neutral__dai/videos/G-unseen-same__ic_gen__color_rain_2__ref_color_rain_0__dfw1p5__s42.mp4,8,120,0.3351193882033318,0.4248680313323397,0.5000025120717281,0.391105011844944
dualforce_dcg_w1p5|01_neutral__dai|e5b58d0b95,GEN:dualforce_dcg_w1p5:v2:neutral:start,earth_element_6,store/gens/030_dualforce_dcg_w1p5/01_neutral__dai/videos/G-unseen-same__ic_gen__earth_element_6__ref_earth_element_4__dfw1p5__s42.mp4,8,120,0.4559056228511662,0.5428461737408955,0.5711472198650965,0.60250943922349
dualforce_dcg_w1p5|01_neutral__dai|382074ec3c,GEN:dualforce_dcg_w1p5:v2:neutral:start,gas_transformation_7,store/gens/030_dualforce_dcg_w1p5/01_neutral__dai/videos/G-unseen-same__ic_gen__gas_transformation_7__ref_gas_transformation_6__dfw1p5__s42.mp4,8,120,0.5209240809425246,0.3370456803202465,0.322243670661467,0.8715161798117907
dualforce_dcg_w1p5|01_neutral__dai|1a2306872e,GEN:dualforce_dcg_w1p5:v2:neutral:both,hero_flight_6,store/gens/030_dualforce_dcg_w1p5/01_neutral__dai/videos/G-unseen-same__ic_gen__hero_flight_6__ref_hero_flight_5__dfw1p5__s42.mp4,8,113,0.591728891333273,0.671417883239966,0.6658359581478611,0.7182028615332614
dualforce_dcg_w1p5|01_neutral__dai|e62d97930c,GEN:dualforce_dcg_w1p5:v2:neutral:both,air_bending_1,store/gens/030_dualforce_dcg_w1p5/01_neutral__dai/videos/G-zs-cross__ic_gen__air_bending_1__ref_raven_transition_0__dfw1p5__s42.mp4,8,113,0.5324452131162789,0.4897753066051068,0.6267649371417034,1.084488103876386
dualforce_dcg_w1p5|01_neutral__dai|a110f642d2,GEN:dualforce_dcg_w1p5:v2:neutral:start,animalization_0,store/gens/030_dualforce_dcg_w1p5/01_neutral__dai/videos/G-zs-cross__ic_gen__animalization_0__ref_cotton_cloud_1__dfw1p5__s42.mp4,8,120,0.6783975603014778,0.3871603134858418,0.4137300397060345,0.8935245784543482
dualforce_dcg_w1p5|01_neutral__dai|b242f6be1c,GEN:dualforce_dcg_w1p5:v2:neutral:start,animalization_2,store/gens/030_dualforce_dcg_w1p5/01_neutral__dai/videos/G-zs-cross__ic_gen__animalization_2__ref_cotton_cloud_1__dfw1p5__s42.mp4,8,120,0.3983463924305104,0.4054393241853479,0.4510242955474127,0.6031423608233885
dualforce_dcg_w1p5|01_neutral__dai|2e4cda8cfd,GEN:dualforce_dcg_w1p5:v2:neutral:start,animalization_2,store/gens/030_dualforce_dcg_w1p5/01_neutral__dai/videos/G-zs-cross__ic_gen__animalization_2__ref_saint_glow_0__dfw1p5__s42.mp4,8,120,0.3993800320186143,0.3565655748414347,0.3836527381971172,0.2851345828850675
dualforce_dcg_w1p5|01_neutral__dai|cf692ef289,GEN:dualforce_dcg_w1p5:v2:neutral:start,color_rain_0,store/gens/030_dualforce_dcg_w1p5/01_neutral__dai/videos/G-zs-cross__ic_gen__color_rain_0__ref_saint_glow_0__dfw1p5__s42.mp4,8,120,0.5792209864449416,0.3857032766445992,0.4199234858960863,0.3354123140216746
dualforce_dcg_w1p5|01_neutral__dai|caebf78b29,GEN:dualforce_dcg_w1p5:v2:neutral:both,earth_wave_3,store/gens/030_dualforce_dcg_w1p5/01_neutral__dai/videos/G-zs-cross__ic_gen__earth_wave_3__ref_flying_cam_transition_1__dfw1p5__s42.mp4,8,113,0.6761009347499509,0.830174214469396,0.8664041986123843,0.7764247965143449
dualforce_dcg_w1p5|01_neutral__dai|1803785552,GEN:dualforce_dcg_w1p5:v2:neutral:both,earth_wave_3,store/gens/030_dualforce_dcg_w1p5/01_neutral__dai/videos/G-zs-cross__ic_gen__earth_wave_3__ref_raven_transition_0__dfw1p5__s42.mp4,8,113,0.5468823357373764,0.8435837907764063,0.8704496439688492,0.77866930965614
dualforce_dcg_w1p5|01_neutral__dai|641d2db987,GEN:dualforce_dcg_w1p5:v2:neutral:both,giant_grab_3,store/gens/030_dualforce_dcg_w1p5/01_neutral__dai/videos/G-zs-cross__ic_gen__giant_grab_3__ref_flying_cam_transition_1__dfw1p5__s42.mp4,8,113,0.7099602716719824,0.6954824157527628,0.62483540126907,0.3379791206397449
dualforce_dcg_w1p5|01_neutral__dai|66d1436bda,GEN:dualforce_dcg_w1p5:v2:neutral:both,giant_grab_3,store/gens/030_dualforce_dcg_w1p5/01_neutral__dai/videos/G-zs-cross__ic_gen__giant_grab_3__ref_melt_transition_1__dfw1p5__s42.mp4,8,113,0.5260961132071664,0.5277084574762992,0.5604302802744335,0.3366976589341651
dualforce_dcg_w1p5|01_neutral__dai|e9d7947586,GEN:dualforce_dcg_w1p5:v2:neutral:both,hero_flight_5,store/gens/030_dualforce_dcg_w1p5/01_neutral__dai/videos/G-zs-cross__ic_gen__hero_flight_5__ref_display_transition_1__dfw1p5__s42.mp4,8,113,0.5304799350684519,0.7100974078082717,0.8342713628286678,0.6757494777765612
dualforce_dcg_w1p5|01_neutral__dai|e74e9e8f98,GEN:dualforce_dcg_w1p5:v2:neutral:both,hero_flight_5,store/gens/030_dualforce_dcg_w1p5/01_neutral__dai/videos/G-zs-cross__ic_gen__hero_flight_5__ref_melt_transition_1__dfw1p5__s42.mp4,8,113,0.700488899284426,0.5021731307873483,0.4785273015251476,0.6774060612822086
dualforce_dcg_w1p5|01_neutral__dai|18cf5cdd22,GEN:dualforce_dcg_w1p5:v2:neutral:both,hero_flight_6,store/gens/030_dualforce_dcg_w1p5/01_neutral__dai/videos/G-zs-cross__ic_gen__hero_flight_6__ref_display_transition_1__dfw1p5__s42.mp4,8,113,0.4168841370432667,0.6905858124497961,0.7288337113848635,0.7206629974740923
dualforce_dcg_w1p5|01_neutral__dai|94d8cf3ce8,GEN:dualforce_dcg_w1p5:v2:neutral:start,illustration_scene_7,store/gens/030_dualforce_dcg_w1p5/01_neutral__dai/videos/G-unseen-same__ic_gen__illustration_scene_7__ref_illustration_scene_4__dfw1p5__s42.mp4,8,120,0.5230229710781675,0.4805828565477655,0.5960728736208927,0.772485220883193
dualforce_dcg_w1p5|01_neutral__dai|759120001d,GEN:dualforce_dcg_w1p5:v2:neutral:start,money_rain_3,store/gens/030_dualforce_dcg_w1p5/01_neutral__dai/videos/G-unseen-same__ic_gen__money_rain_3__ref_money_rain_1__dfw1p5__s42.mp4,8,120,0.4544293971857436,0.5852139995960132,0.6669021831794639,0.5788556617323499
dualforce_dcg_w1p5|01_neutral__dai|8a4b1e2d5a,GEN:dualforce_dcg_w1p5:v2:neutral:start,polygon_8,store/gens/030_dualforce_dcg_w1p5/01_neutral__dai/videos/G-unseen-same__ic_gen__polygon_8__ref_polygon_4__dfw1p5__s42.mp4,8,120,0.4770651311629907,0.4818128906308699,0.5089443562424734,0.48325224855685
dualforce_dcg_w1p5|01_neutral__dai|0a22de99b7,GEN:dualforce_dcg_w1p5:v2:neutral:start,portal_4,store/gens/030_dualforce_dcg_w1p5/01_neutral__dai/videos/G-unseen-same__ic_gen__portal_4__ref_portal_1__dfw1p5__s42.mp4,8,120,0.5610307466360451,1.298850909537533,1.324422418176494,1.064954133653528
dualforce_dcg_w1p5|01_neutral__dai|4ee9cef19d,GEN:dualforce_dcg_w1p5:v2:neutral:start,animalization_2,store/gens/030_dualforce_dcg_w1p5/01_neutral__dai/videos/G-unseen-same__ic_gen__animalization_2__ref_animalization_0__dfw1p5__s42.mp4,8,120,0.4834554468483116,0.6122219735343478,0.6457498885311795,0.3244879176863412
dualforce_dcg_w1p5|01_neutral__dai|1713f0ac25,GEN:dualforce_dcg_w1p5:v2:neutral:start,shadow_3,store/gens/030_dualforce_dcg_w1p5/01_neutral__dai/videos/G-unseen-same__ic_gen__shadow_3__ref_shadow_10__dfw1p5__s42.mp4,8,120,0.5175670172484181,0.329636627955956,0.277860305997032,1.0063374353072632
dualforce_dcg_w1p5|01_neutral__dai|d29027d5a0,GEN:dualforce_dcg_w1p5:v2:neutral:both,shadow_smoke_7,store/gens/030_dualforce_dcg_w1p5/01_neutral__dai/videos/G-unseen-same__ic_gen__shadow_smoke_7__ref_shadow_smoke_0__dfw1p5__s42.mp4,8,113,0.463366183564964,0.5861171436586159,0.620525593562061,0.9203876443331775
dualforce_dcg_w1p5|01_neutral__dai|098566705e,GEN:dualforce_dcg_w1p5:v2:neutral:start,super_fast_run_3,store/gens/030_dualforce_dcg_w1p5/01_neutral__dai/videos/G-unseen-same__ic_gen__super_fast_run_3__ref_super_fast_run_0__dfw1p5__s42.mp4,8,120,0.5236682274930133,0.4167157793215778,0.3708261616804377,0.9433505476864654
dualforce_dcg_w1p5|01_neutral__dai|557d60c9a6,GEN:dualforce_dcg_w1p5:v2:neutral:start,wireframe_7,store/gens/030_dualforce_dcg_w1p5/01_neutral__dai/videos/G-unseen-same__ic_gen__wireframe_7__ref_wireframe_0__dfw1p5__s42.mp4,8,120,0.703220006835723,0.3431349992660684,0.385209555619493,1.1323306226446983
dualforce_dcg_w1p5|01_neutral__dai|d1b9a46b9a,GEN:dualforce_dcg_w1p5:v2:neutral:start,money_rain_3,store/gens/030_dualforce_dcg_w1p5/01_neutral__dai/videos/G-zs-cross__ic_gen__money_rain_3__ref_live_concert_1__dfw1p5__s42.mp4,8,120,0.5456913247036024,0.4675744995511567,0.4997001129624759,0.855878473119194
dualforce_dcg_w1p5|01_neutral__dai|f408244438,GEN:dualforce_dcg_w1p5:v2:neutral:start,mystification_0,store/gens/030_dualforce_dcg_w1p5/01_neutral__dai/videos/G-zs-cross__ic_gen__mystification_0__ref_live_concert_1__dfw1p5__s42.mp4,8,120,0.5435607207307005,0.403960173347792,0.3961216851946572,1.103530451389456
dualforce_dcg_w1p5|01_neutral__dai|d11536fe7c,GEN:dualforce_dcg_w1p5:v2:neutral:start,polygon_4,store/gens/030_dualforce_dcg_w1p5/01_neutral__dai/videos/G-zs-cross__ic_gen__polygon_4__ref_luminous_gaze_0__dfw1p5__s42.mp4,8,120,0.3625540751445799,0.4691009940154512,0.4856361970157273,0.6391632315425857
dualforce_dcg_w1p5|01_neutral__dai|874dd7509c,GEN:dualforce_dcg_w1p5:v2:neutral:start,polygon_8,store/gens/030_dualforce_dcg_w1p5/01_neutral__dai/videos/G-zs-cross__ic_gen__polygon_8__ref_luminous_gaze_0__dfw1p5__s42.mp4,8,120,0.6349540439326304,0.3305272802665353,0.3961674741677849,0.7761685391462912
dualforce_dcg_w1p5|01_neutral__dai|5ef66eac05,GEN:dualforce_dcg_w1p5:v2:neutral:start,live_concert_0,store/gens/030_dualforce_dcg_w1p5/01_neutral__dai/videos/G-unseen-cross__ic_gen__live_concert_0__ref_gas_transformation_6__dfw1p5__s42.mp4,8,120,0.8423721448296071,0.3331477234696055,0.289023077807104,0.5244970834901624
dualforce_dcg_w1p5|01_neutral__dai|a72fe90b05,GEN:dualforce_dcg_w1p5:v2:neutral:both,melt_transition_2,store/gens/030_dualforce_dcg_w1p5/01_neutral__dai/videos/G-unseen-cross__ic_gen__melt_transition_2__ref_shadow_smoke_0__dfw1p5__s42.mp4,8,113,0.5554399583395382,0.5553834952813055,0.7048423142346172,0.7647584908690933
dualforce_dcg_w1p5|01_neutral__dai|7c8e8ab95b,GEN:dualforce_dcg_w1p5:v2:neutral:start,monstrosity_0,store/gens/030_dualforce_dcg_w1p5/01_neutral__dai/videos/G-unseen-cross__ic_gen__monstrosity_0__ref_illustration_scene_4__dfw1p5__s42.mp4,8,120,0.6222896103337323,0.4151584060771135,0.4441339765338981,0.6979772609708995
dualforce_dcg_w1p5|01_neutral__dai|db55e0f9c9,GEN:dualforce_dcg_w1p5:v2:neutral:start,mystification_0,store/gens/030_dualforce_dcg_w1p5/01_neutral__dai/videos/G-unseen-cross__ic_gen__mystification_0__ref_illustration_scene_4__dfw1p5__s42.mp4,8,120,0.7660131651524951,0.6076140940974291,0.8200161144666246,0.4878182718402404
dualforce_dcg_w1p5|01_neutral__dai|60ac2fbe4d,GEN:dualforce_dcg_w1p5:v2:neutral:both,shadow_smoke_7,store/gens/030_dualforce_dcg_w1p5/01_neutral__dai/videos/G-zs-cross__ic_gen__shadow_smoke_7__ref_firelava_0__dfw1p5__s42.mp4,8,113,0.4129637911295811,0.7584504627357632,0.9226502326712382,0.9198000741669936
dualforce_dcg_w1p5|01_neutral__dai|ea59f703f8,GEN:dualforce_dcg_w1p5:v2:neutral:start,super_fast_run_0,store/gens/030_dualforce_dcg_w1p5/01_neutral__dai/videos/G-zs-cross__ic_gen__super_fast_run_0__ref_monstrosity_0__dfw1p5__s42.mp4,8,120,0.4917068339233208,0.4648040405071891,0.5144032384276727,0.4845365115565448
dualforce_dcg_w1p5|01_neutral__dai|ffb7c3209c,GEN:dualforce_dcg_w1p5:v2:neutral:start,super_fast_run_3,store/gens/030_dualforce_dcg_w1p5/01_neutral__dai/videos/G-zs-cross__ic_gen__super_fast_run_3__ref_monstrosity_0__dfw1p5__s42.mp4,8,120,0.349716135411116,0.3847377516923926,0.3955687453577398,0.938250909740644
dualforce_dcg_w1p5|01_neutral__dai|d80c41cd33,GEN:dualforce_dcg_w1p5:v2:neutral:both,water_bending_3,store/gens/030_dualforce_dcg_w1p5/01_neutral__dai/videos/G-zs-cross__ic_gen__water_bending_3__ref_firelava_0__dfw1p5__s42.mp4,8,113,0.4366809496719208,0.847326370507867,0.9758573439452568,0.7022423728134712
dualforce_dcg_w1p5|01_neutral__dai|4a92e4d21c,GEN:dualforce_dcg_w1p5:v2:neutral:start,luminous_gaze_3,store/gens/030_dualforce_dcg_w1p5/01_neutral__dai/videos/G-zs-same__ic_gen__luminous_gaze_3__ref_luminous_gaze_0__dfw1p5__s42.mp4,8,120,0.4656858127951746,0.3093747587030209,0.315748495641678,0.759941479234972
dualforce_dcg_w1p5|01_neutral__dai|7ea57b359e,GEN:dualforce_dcg_w1p5:v2:neutral:both,melt_transition_2,store/gens/030_dualforce_dcg_w1p5/01_neutral__dai/videos/G-zs-same__ic_gen__melt_transition_2__ref_melt_transition_1__dfw1p5__s42.mp4,8,113,0.6364552121985061,0.4471228251368157,0.3895048824067942,0.7667135421750711
dualforce_dcg_w1p5|01_neutral__dai|4aeeffebf7,GEN:dualforce_dcg_w1p5:v2:neutral:both,raven_transition_2,store/gens/030_dualforce_dcg_w1p5/01_neutral__dai/videos/G-zs-same__ic_gen__raven_transition_2__ref_raven_transition_0__dfw1p5__s42.mp4,8,113,0.517435514981839,0.5113788223505461,0.5485693896741641,1.0242553658827755
dualforce_dcg_w1p5|01_neutral__dai|3dae547a37,GEN:dualforce_dcg_w1p5:v2:neutral:start,saint_glow_3,store/gens/030_dualforce_dcg_w1p5/01_neutral__dai/videos/G-zs-same__ic_gen__saint_glow_3__ref_saint_glow_0__dfw1p5__s42.mp4,8,120,0.5673272201822026,0.4968219004309793,0.5200071642176884,0.3539894288801823
dualforce_dcg_w1p5|01_neutral__dai|7f7f76d300,GEN:dualforce_dcg_w1p5:v2:neutral:start,cotton_cloud_0,store/gens/030_dualforce_dcg_w1p5/01_neutral__dai/videos/G-zs-same__ic_gen__cotton_cloud_0__ref_cotton_cloud_1__dfw1p5__s42.mp4,8,120,0.346226792549229,0.2897716608974254,0.3230565381737589,0.9116288688400724
dualforce_dcg_w1p5|01_neutral__dai|06672250b4,GEN:dualforce_dcg_w1p5:v2:neutral:both,firelava_4,store/gens/030_dualforce_dcg_w1p5/01_neutral__dai/videos/G-zs-same__ic_gen__firelava_4__ref_firelava_0__dfw1p5__s42.mp4,8,113,0.5853263161310884,0.613389840850745,0.7100487189565159,0.953187080600569
dualforce_dcg_w1p5|01_neutral__dai|c53e05406c,GEN:dualforce_dcg_w1p5:v2:neutral:both,flying_cam_transition_4,store/gens/030_dualforce_dcg_w1p5/01_neutral__dai/videos/G-zs-same__ic_gen__flying_cam_transition_4__ref_flying_cam_transition_1__dfw1p5__s42.mp4,8,113,0.6711995474421444,0.4961869916253676,0.5315026758038158,1.1530242615853192
dualforce_dcg_w1p5|01_neutral__dai|2c4641da5c,GEN:dualforce_dcg_w1p5:v2:neutral:start,live_concert_0,store/gens/030_dualforce_dcg_w1p5/01_neutral__dai/videos/G-zs-same__ic_gen__live_concert_0__ref_live_concert_1__dfw1p5__s42.mp4,8,120,0.6200755176685637,0.6111548954973101,0.5949753188014368,1.1661311837351005
dualforce_dcg_w3|01_neutral__dai|a24420d71e,GEN:dualforce_dcg_w3:v2:neutral:start,animalization_3,store/gens/031_dualforce_dcg_w3/01_neutral__dai/videos/G-fit__ic_gen__animalization_3__ref_animalization_1__dfw3__s42.mp4,8,120,0.3783513979504764,0.4942631046489029,0.5184819733386296,0.7206188483868569
dualforce_dcg_w3|01_neutral__dai|94d464b1cc,GEN:dualforce_dcg_w3:v2:neutral:start,color_rain_3,store/gens/031_dualforce_dcg_w3/01_neutral__dai/videos/G-fit__ic_gen__color_rain_3__ref_color_rain_1__dfw3__s42.mp4,8,120,0.4153598667122746,0.5874556141695413,0.6573538855552895,0.5362910136366189
dualforce_dcg_w3|01_neutral__dai|e70ac39e25,GEN:dualforce_dcg_w3:v2:neutral:start,earth_element_1,store/gens/031_dualforce_dcg_w3/01_neutral__dai/videos/G-fit__ic_gen__earth_element_1__ref_earth_element_0__dfw3__s42.mp4,8,120,0.4725796574591709,0.5538265751944773,0.6294086542292644,0.6918918155446728
dualforce_dcg_w3|01_neutral__dai|8d59aa86ef,GEN:dualforce_dcg_w3:v2:neutral:start,gas_transformation_1,store/gens/031_dualforce_dcg_w3/01_neutral__dai/videos/G-fit__ic_gen__gas_transformation_1__ref_gas_transformation_0__dfw3__s42.mp4,8,120,0.4303756772076033,0.3283207274924881,0.3536282689952166,0.4408277805179449
dualforce_dcg_w3|01_neutral__dai|d09e0bbd30,GEN:dualforce_dcg_w3:v2:neutral:both,hero_flight_1,store/gens/031_dualforce_dcg_w3/01_neutral__dai/videos/G-fit__ic_gen__hero_flight_1__ref_hero_flight_0__dfw3__s42.mp4,8,113,0.7102031402337079,0.6772050578314968,0.7759482132582821,0.7445929141523776
dualforce_dcg_w3|01_neutral__dai|7ad18330f6,GEN:dualforce_dcg_w3:v2:neutral:start,illustration_scene_1,store/gens/031_dualforce_dcg_w3/01_neutral__dai/videos/G-fit__ic_gen__illustration_scene_1__ref_illustration_scene_0__dfw3__s42.mp4,8,120,0.4624436177288686,0.494253574435416,0.5495644451425268,0.6785110968245679
dualforce_dcg_w3|01_neutral__dai|d4b6ea6d3b,GEN:dualforce_dcg_w3:v2:neutral:start,money_rain_2,store/gens/031_dualforce_dcg_w3/01_neutral__dai/videos/G-fit__ic_gen__money_rain_2__ref_money_rain_0__dfw3__s42.mp4,8,120,0.3650152324986686,0.4493476615790059,0.5190746017384459,0.6852276946668785
dualforce_dcg_w3|01_neutral__dai|ed796653c7,GEN:dualforce_dcg_w3:v2:neutral:start,polygon_1,store/gens/031_dualforce_dcg_w3/01_neutral__dai/videos/G-fit__ic_gen__polygon_1__ref_polygon_0__dfw3__s42.mp4,8,120,0.7384984879378567,0.2702378101120056,0.259559627259494,0.5726616656022884
dualforce_dcg_w3|01_neutral__dai|455bd36b05,GEN:dualforce_dcg_w3:v2:neutral:start,wireframe_2,store/gens/031_dualforce_dcg_w3/01_neutral__dai/videos/G-fit__ic_gen__wireframe_2__ref_wireframe_1__dfw3__s42.mp4,8,120,0.7048484786978972,0.0688411542622938,0.0215968778405464,1.2650849143924805
dualforce_dcg_w3|01_neutral__dai|1294dc3f5e,GEN:dualforce_dcg_w3:v2:neutral:start,animalization_0,store/gens/031_dualforce_dcg_w3/01_neutral__dai/videos/G-memo-probe__ic_gen__animalization_0__ref_animalization_1__dfw3__s42.mp4,8,120,0.4175573699555113,0.8037933360304961,0.8528945212094948,0.5958539947812084
dualforce_dcg_w3|01_neutral__dai|24c881ae9f,GEN:dualforce_dcg_w3:v2:neutral:start,color_rain_0,store/gens/031_dualforce_dcg_w3/01_neutral__dai/videos/G-memo-probe__ic_gen__color_rain_0__ref_color_rain_1__dfw3__s42.mp4,8,120,0.488819472455406,0.5732014754392425,0.4767385584140035,0.1817829498142396
dualforce_dcg_w3|01_neutral__dai|4846ed9612,GEN:dualforce_dcg_w3:v2:neutral:start,earth_element_4,store/gens/031_dualforce_dcg_w3/01_neutral__dai/videos/G-memo-probe__ic_gen__earth_element_4__ref_earth_element_0__dfw3__s42.mp4,8,120,0.4039450326981544,0.5332702051930058,0.6276528656935534,0.626770514554603
dualforce_dcg_w3|01_neutral__dai|acd5dee9d6,GEN:dualforce_dcg_w3:v2:neutral:start,portal_10,store/gens/031_dualforce_dcg_w3/01_neutral__dai/videos/G-fit__ic_gen__portal_10__ref_portal_0__dfw3__s42.mp4,8,120,0.6141128442391144,1.739237026111066,2.03464003117289,0.6010706333025971
dualforce_dcg_w3|01_neutral__dai|8ec95a9253,GEN:dualforce_dcg_w3:v2:neutral:start,shadow_1,store/gens/031_dualforce_dcg_w3/01_neutral__dai/videos/G-fit__ic_gen__shadow_1__ref_shadow_0__dfw3__s42.mp4,8,120,0.6198509281262392,0.2600923402320225,0.2061413517939556,0.6265440518127303
dualforce_dcg_w3|01_neutral__dai|348e8b311a,GEN:dualforce_dcg_w3:v2:neutral:both,shadow_smoke_2,store/gens/031_dualforce_dcg_w3/01_neutral__dai/videos/G-fit__ic_gen__shadow_smoke_2__ref_shadow_smoke_1__dfw3__s42.mp4,8,113,0.4371153125982066,0.5709014072660217,0.6352814215892774,0.8342658030381558
dualforce_dcg_w3|01_neutral__dai|c2630c8de6,GEN:dualforce_dcg_w3:v2:neutral:start,super_fast_run_10,store/gens/031_dualforce_dcg_w3/01_neutral__dai/videos/G-fit__ic_gen__super_fast_run_10__ref_super_fast_run_1__dfw3__s42.mp4,8,120,0.5144556880142945,0.4900099479296291,0.5103320290095416,0.5631672106559139
dualforce_dcg_w3|01_neutral__dai|df883a562a,GEN:dualforce_dcg_w3:v2:neutral:start,super_fast_run_0,store/gens/031_dualforce_dcg_w3/01_neutral__dai/videos/G-memo-probe__ic_gen__super_fast_run_0__ref_super_fast_run_1__dfw3__s42.mp4,8,120,0.4591399764250168,0.526369567802468,0.5379180168899254,0.6045925007616089
dualforce_dcg_w3|01_neutral__dai|39acf47bad,GEN:dualforce_dcg_w3:v2:neutral:start,wireframe_0,store/gens/031_dualforce_dcg_w3/01_neutral__dai/videos/G-memo-probe__ic_gen__wireframe_0__ref_wireframe_1__dfw3__s42.mp4,8,120,0.95786925045226,0.1269477008191027,0.155784347139543,1.4839242283891976
dualforce_dcg_w3|01_neutral__dai|4e0bd7d1e5,GEN:dualforce_dcg_w3:v2:neutral:start,animalization_2,store/gens/031_dualforce_dcg_w3/01_neutral__dai/videos/G-ref-control__ic_gen__animalization_2__ref_color_rain_0__dfw3__s42.mp4,8,120,0.6032713927851041,0.3338896603736973,0.3663082959207662,0.5289036972847877
dualforce_dcg_w3|01_neutral__dai|770bd0a1ca,GEN:dualforce_dcg_w3:v2:neutral:start,color_rain_2,store/gens/031_dualforce_dcg_w3/01_neutral__dai/videos/G-ref-control__ic_gen__color_rain_2__ref_earth_element_4__dfw3__s42.mp4,8,120,0.4793518395740501,0.7291587492848023,0.7620057039346363,0.4455149334230839
dualforce_dcg_w3|01_neutral__dai|6e85770c88,GEN:dualforce_dcg_w3:v2:neutral:start,gas_transformation_6,store/gens/031_dualforce_dcg_w3/01_neutral__dai/videos/G-memo-probe__ic_gen__gas_transformation_6__ref_gas_transformation_0__dfw3__s42.mp4,8,120,0.5299150055305315,0.5493971512478582,0.5257579066733713,0.3549870809353117
dualforce_dcg_w3|01_neutral__dai|480956ea4e,GEN:dualforce_dcg_w3:v2:neutral:both,hero_flight_5,store/gens/031_dualforce_dcg_w3/01_neutral__dai/videos/G-memo-probe__ic_gen__hero_flight_5__ref_hero_flight_0__dfw3__s42.mp4,8,113,0.7507396693934771,0.6739623981402271,0.6063495519925448,0.6756841295172086
dualforce_dcg_w3|01_neutral__dai|49096aa8d0,GEN:dualforce_dcg_w3:v2:neutral:start,illustration_scene_4,store/gens/031_dualforce_dcg_w3/01_neutral__dai/videos/G-memo-probe__ic_gen__illustration_scene_4__ref_illustration_scene_0__dfw3__s42.mp4,8,120,0.5500567854492708,0.6556259849762273,0.6505141977322598,0.5938825805640279
dualforce_dcg_w3|01_neutral__dai|8661b97d6b,GEN:dualforce_dcg_w3:v2:neutral:start,money_rain_1,store/gens/031_dualforce_dcg_w3/01_neutral__dai/videos/G-memo-probe__ic_gen__money_rain_1__ref_money_rain_0__dfw3__s42.mp4,8,120,0.3924534085923459,0.537525070428895,0.6212678125858111,0.6834618993078029
dualforce_dcg_w3|01_neutral__dai|6b4df4c4f3,GEN:dualforce_dcg_w3:v2:neutral:start,polygon_4,store/gens/031_dualforce_dcg_w3/01_neutral__dai/videos/G-memo-probe__ic_gen__polygon_4__ref_polygon_0__dfw3__s42.mp4,8,120,0.540453239280769,0.5279016952638996,0.5601764449294492,0.5313627182639168
dualforce_dcg_w3|01_neutral__dai|45510083a7,GEN:dualforce_dcg_w3:v2:neutral:start,portal_1,store/gens/031_dualforce_dcg_w3/01_neutral__dai/videos/G-memo-probe__ic_gen__portal_1__ref_portal_0__dfw3__s42.mp4,8,120,0.5001955460165877,0.8664035027887239,0.9774886909196484,0.6670017516196466
dualforce_dcg_w3|01_neutral__dai|c4c0b626e8,GEN:dualforce_dcg_w3:v2:neutral:start,shadow_10,store/gens/031_dualforce_dcg_w3/01_neutral__dai/videos/G-memo-probe__ic_gen__shadow_10__ref_shadow_0__dfw3__s42.mp4,8,120,0.5126160739587333,0.3021084616229366,0.335336621308982,1.222388850713384
dualforce_dcg_w3|01_neutral__dai|fb690892cb,GEN:dualforce_dcg_w3:v2:neutral:both,shadow_smoke_0,store/gens/031_dualforce_dcg_w3/01_neutral__dai/videos/G-memo-probe__ic_gen__shadow_smoke_0__ref_shadow_smoke_1__dfw3__s42.mp4,8,113,0.4942674660569077,0.9576647042974024,1.051178067052968,0.5586271628466367
dualforce_dcg_w3|01_neutral__dai|a724b38940,GEN:dualforce_dcg_w3:v2:neutral:start,earth_element_6,store/gens/031_dualforce_dcg_w3/01_neutral__dai/videos/G-ref-control__ic_gen__earth_element_6__ref_gas_transformation_6__dfw3__s42.mp4,8,120,0.491989211793387,0.5335286598383135,0.5895936780080381,0.5776469107374358
dualforce_dcg_w3|01_neutral__dai|ed3e205142,GEN:dualforce_dcg_w3:v2:neutral:start,gas_transformation_7,store/gens/031_dualforce_dcg_w3/01_neutral__dai/videos/G-ref-control__ic_gen__gas_transformation_7__ref_illustration_scene_4__dfw3__s42.mp4,8,120,0.7560448573277467,0.2356766076070086,0.1449624358246325,0.88993210918074
dualforce_dcg_w3|01_neutral__dai|89158ddb0c,GEN:dualforce_dcg_w3:v2:neutral:both,hero_flight_6,store/gens/031_dualforce_dcg_w3/01_neutral__dai/videos/G-ref-control__ic_gen__hero_flight_6__ref_shadow_smoke_0__dfw3__s42.mp4,8,113,0.6139903152875716,0.93285083078333,0.975389128757475,0.7272534538366517
dualforce_dcg_w3|01_neutral__dai|f0b1a30050,GEN:dualforce_dcg_w3:v2:neutral:start,illustration_scene_7,store/gens/031_dualforce_dcg_w3/01_neutral__dai/videos/G-ref-control__ic_gen__illustration_scene_7__ref_polygon_4__dfw3__s42.mp4,8,120,0.4554998108372134,0.4899076316107943,0.577429021120102,0.8674655233803146
dualforce_dcg_w3|01_neutral__dai|5ed2ecebe8,GEN:dualforce_dcg_w3:v2:neutral:start,money_rain_3,store/gens/031_dualforce_dcg_w3/01_neutral__dai/videos/G-ref-control__ic_gen__money_rain_3__ref_portal_1__dfw3__s42.mp4,8,120,0.5071613194165168,0.9343509678521518,1.0547497342305372,0.6680373946517243
dualforce_dcg_w3|01_neutral__dai|e3fad682d7,GEN:dualforce_dcg_w3:v2:neutral:start,polygon_8,store/gens/031_dualforce_dcg_w3/01_neutral__dai/videos/G-ref-control__ic_gen__polygon_8__ref_shadow_10__dfw3__s42.mp4,8,120,0.3343407590351184,0.4649308623889179,0.5184543177108882,0.966017301875817
dualforce_dcg_w3|01_neutral__dai|08f0578d6f,GEN:dualforce_dcg_w3:v2:neutral:start,portal_4,store/gens/031_dualforce_dcg_w3/01_neutral__dai/videos/G-ref-control__ic_gen__portal_4__ref_super_fast_run_0__dfw3__s42.mp4,8,120,0.4156436129390126,0.9458616074266226,0.9125323607085952,0.9030377609628188
dualforce_dcg_w3|01_neutral__dai|e62427c201,GEN:dualforce_dcg_w3:v2:neutral:start,shadow_3,store/gens/031_dualforce_dcg_w3/01_neutral__dai/videos/G-ref-control__ic_gen__shadow_3__ref_wireframe_0__dfw3__s42.mp4,8,120,0.5483146766430473,0.7726327580096584,0.8805572742254283,1.026287836155618
dualforce_dcg_w3|01_neutral__dai|6da0307537,GEN:dualforce_dcg_w3:v2:neutral:both,shadow_smoke_7,store/gens/031_dualforce_dcg_w3/01_neutral__dai/videos/G-ref-control__ic_gen__shadow_smoke_7__ref_hero_flight_5__dfw3__s42.mp4,8,113,0.7542451036016451,0.6761714696194324,0.693297064957421,0.9217628144637235
dualforce_dcg_w3|01_neutral__dai|c70619bb89,GEN:dualforce_dcg_w3:v2:neutral:start,super_fast_run_3,store/gens/031_dualforce_dcg_w3/01_neutral__dai/videos/G-ref-control__ic_gen__super_fast_run_3__ref_color_rain_0__dfw3__s42.mp4,8,120,0.4673333038051208,0.4569807296908947,0.4848249567223525,0.7507694738958571
dualforce_dcg_w3|01_neutral__dai|a6de2c32af,GEN:dualforce_dcg_w3:v2:neutral:start,wireframe_7,store/gens/031_dualforce_dcg_w3/01_neutral__dai/videos/G-ref-control__ic_gen__wireframe_7__ref_earth_element_4__dfw3__s42.mp4,8,120,0.4313513091164964,0.6749579575329977,0.756838216423979,0.7580038660813291
dualforce_dcg_w3|01_neutral__dai|a7b305fa80,GEN:dualforce_dcg_w3:v2:neutral:start,color_rain_0,store/gens/031_dualforce_dcg_w3/01_neutral__dai/videos/G-unseen-cross__ic_gen__color_rain_0__ref_animalization_0__dfw3__s42.mp4,8,120,0.4817291461393516,0.6558696153768631,0.7117987212033137,0.5883061837622178
dualforce_dcg_w3|01_neutral__dai|56a36615a8,GEN:dualforce_dcg_w3:v2:neutral:start,color_rain_2,store/gens/031_dualforce_dcg_w3/01_neutral__dai/videos/G-unseen-cross__ic_gen__color_rain_2__ref_animalization_0__dfw3__s42.mp4,8,120,0.4694487485571668,0.7959340135706134,0.8096743288642739,0.4955274381555209
dualforce_dcg_w3|01_neutral__dai|e3ba3e9024,GEN:dualforce_dcg_w3:v2:neutral:start,color_rain_2,store/gens/031_dualforce_dcg_w3/01_neutral__dai/videos/G-unseen-cross__ic_gen__color_rain_2__ref_super_fast_run_0__dfw3__s42.mp4,8,120,0.5192276607390001,0.4420712212226159,0.4558718711583969,0.6411392017980081
dualforce_dcg_w3|01_neutral__dai|9d6b3b11c6,GEN:dualforce_dcg_w3:v2:neutral:start,cotton_cloud_0,store/gens/031_dualforce_dcg_w3/01_neutral__dai/videos/G-unseen-cross__ic_gen__cotton_cloud_0__ref_super_fast_run_0__dfw3__s42.mp4,8,120,0.5062033052177968,0.6495918481331083,0.6565362514756703,0.90776559797642
dualforce_dcg_w3|01_neutral__dai|0405769c96,GEN:dualforce_dcg_w3:v2:neutral:both,display_transition_1,store/gens/031_dualforce_dcg_w3/01_neutral__dai/videos/G-unseen-cross__ic_gen__display_transition_1__ref_hero_flight_5__dfw3__s42.mp4,8,113,0.7068562294400618,1.2638101042009302,1.2353798306229071,0.8909494828947658
dualforce_dcg_w3|01_neutral__dai|039ba325a3,GEN:dualforce_dcg_w3:v2:neutral:start,live_concert_0,store/gens/031_dualforce_dcg_w3/01_neutral__dai/videos/G-unseen-cross__ic_gen__live_concert_0__ref_gas_transformation_6__dfw3__s42.mp4,8,120,0.8265775702088414,0.3985881005172636,0.4307869585911625,0.5217931003583188
dualforce_dcg_w3|01_neutral__dai|b415696cbd,GEN:dualforce_dcg_w3:v2:neutral:both,melt_transition_2,store/gens/031_dualforce_dcg_w3/01_neutral__dai/videos/G-unseen-cross__ic_gen__melt_transition_2__ref_shadow_smoke_0__dfw3__s42.mp4,8,113,0.5596542565797955,0.5994444837988998,0.7565430673316682,0.7653838150304074
dualforce_dcg_w3|01_neutral__dai|a4e3b66451,GEN:dualforce_dcg_w3:v2:neutral:start,monstrosity_0,store/gens/031_dualforce_dcg_w3/01_neutral__dai/videos/G-unseen-cross__ic_gen__monstrosity_0__ref_illustration_scene_4__dfw3__s42.mp4,8,120,0.6633124380867181,0.4117586270462131,0.4366378955280841,0.7431345667529551
dualforce_dcg_w3|01_neutral__dai|98c5932978,GEN:dualforce_dcg_w3:v2:neutral:start,mystification_0,store/gens/031_dualforce_dcg_w3/01_neutral__dai/videos/G-unseen-cross__ic_gen__mystification_0__ref_illustration_scene_4__dfw3__s42.mp4,8,120,0.7173278811866499,0.601078525900754,0.6782549887996202,0.5074443079972726
dualforce_dcg_w3|01_neutral__dai|2e3c2635e3,GEN:dualforce_dcg_w3:v2:neutral:start,polygon_4,store/gens/031_dualforce_dcg_w3/01_neutral__dai/videos/G-unseen-cross__ic_gen__polygon_4__ref_money_rain_1__dfw3__s42.mp4,8,120,0.4438785368863456,0.6883421946116719,0.7531585504067962,0.4192659807483339
dualforce_dcg_w3|01_neutral__dai|d861570b69,GEN:dualforce_dcg_w3:v2:neutral:start,polygon_8,store/gens/031_dualforce_dcg_w3/01_neutral__dai/videos/G-unseen-cross__ic_gen__polygon_8__ref_money_rain_1__dfw3__s42.mp4,8,120,0.6172899441824564,0.7931862185592806,0.7696444363722446,0.3647003492208488
dualforce_dcg_w3|01_neutral__dai|bd44d71ef0,GEN:dualforce_dcg_w3:v2:neutral:start,portal_4,store/gens/031_dualforce_dcg_w3/01_neutral__dai/videos/G-unseen-cross__ic_gen__portal_4__ref_polygon_4__dfw3__s42.mp4,8,120,0.5605438893804051,0.4499992636177307,0.4854881171401531,0.9354682409164374
dualforce_dcg_w3|01_neutral__dai|945c97e6e4,GEN:dualforce_dcg_w3:v2:neutral:both,raven_transition_2,store/gens/031_dualforce_dcg_w3/01_neutral__dai/videos/G-unseen-cross__ic_gen__raven_transition_2__ref_shadow_smoke_0__dfw3__s42.mp4,8,113,0.3991667048498528,0.569975827334323,0.5868947582577122,1.0190377536579769
dualforce_dcg_w3|01_neutral__dai|b83d60701e,GEN:dualforce_dcg_w3:v2:neutral:start,earth_element_4,store/gens/031_dualforce_dcg_w3/01_neutral__dai/videos/G-unseen-cross__ic_gen__earth_element_4__ref_color_rain_0__dfw3__s42.mp4,8,120,0.3088188539502827,0.322997086110767,0.3553876159604276,0.4449239567209953
dualforce_dcg_w3|01_neutral__dai|d6fd89febc,GEN:dualforce_dcg_w3:v2:neutral:start,earth_element_6,store/gens/031_dualforce_dcg_w3/01_neutral__dai/videos/G-unseen-cross__ic_gen__earth_element_6__ref_color_rain_0__dfw3__s42.mp4,8,120,0.4348381732477151,0.6232336951262543,0.6684667393938798,0.5943458167981402
dualforce_dcg_w3|01_neutral__dai|c3bbef894d,GEN:dualforce_dcg_w3:v2:neutral:start,earth_element_6,store/gens/031_dualforce_dcg_w3/01_neutral__dai/videos/G-unseen-cross__ic_gen__earth_element_6__ref_wireframe_0__dfw3__s42.mp4,8,120,0.4449524202930355,0.770669125920172,0.810470069957386,0.5072642401559863
dualforce_dcg_w3|01_neutral__dai|bc2ca5f334,GEN:dualforce_dcg_w3:v2:neutral:both,earth_wave_3,store/gens/031_dualforce_dcg_w3/01_neutral__dai/videos/G-unseen-cross__ic_gen__earth_wave_3__ref_hero_flight_5__dfw3__s42.mp4,8,113,0.6762749286413643,0.7196664850473804,0.8105987613113713,0.7781438954790357
dualforce_dcg_w3|01_neutral__dai|83cdfa0cfa,GEN:dualforce_dcg_w3:v2:neutral:start,fire_element_2,store/gens/031_dualforce_dcg_w3/01_neutral__dai/videos/G-unseen-cross__ic_gen__fire_element_2__ref_wireframe_0__dfw3__s42.mp4,8,120,0.5255314595493106,0.4598195596265365,0.4973549591959634,0.4476032895702282
dualforce_dcg_w3|01_neutral__dai|5b4b91cdd0,GEN:dualforce_dcg_w3:v2:neutral:start,gas_transformation_6,store/gens/031_dualforce_dcg_w3/01_neutral__dai/videos/G-unseen-cross__ic_gen__gas_transformation_6__ref_earth_element_4__dfw3__s42.mp4,8,120,0.4857840354584186,0.6053062037832199,0.6536740560372208,0.6502094086138012
dualforce_dcg_w3|01_neutral__dai|5b2c5b711c,GEN:dualforce_dcg_w3:v2:neutral:start,gas_transformation_7,store/gens/031_dualforce_dcg_w3/01_neutral__dai/videos/G-unseen-cross__ic_gen__gas_transformation_7__ref_earth_element_4__dfw3__s42.mp4,8,120,0.3838471896863487,0.5018434040141809,0.5600338909462911,1.017060563540479
dualforce_dcg_w3|01_neutral__dai|521d3f73da,GEN:dualforce_dcg_w3:v2:neutral:start,illustration_scene_7,store/gens/031_dualforce_dcg_w3/01_neutral__dai/videos/G-unseen-cross__ic_gen__illustration_scene_7__ref_gas_transformation_6__dfw3__s42.mp4,8,120,0.4555358359067465,0.3829019399886807,0.385634462045389,0.6239982286369463
dualforce_dcg_w3|01_neutral__dai|70525aca67,GEN:dualforce_dcg_w3:v2:neutral:start,wireframe_0,store/gens/031_dualforce_dcg_w3/01_neutral__dai/videos/G-unseen-cross__ic_gen__wireframe_0__ref_shadow_10__dfw3__s42.mp4,8,120,0.5325123620090075,0.3116326101674191,0.3150982500149907,0.9724279988718514
dualforce_dcg_w3|01_neutral__dai|ce33c46254,GEN:dualforce_dcg_w3:v2:neutral:start,saint_glow_3,store/gens/031_dualforce_dcg_w3/01_neutral__dai/videos/G-unseen-cross__ic_gen__saint_glow_3__ref_polygon_4__dfw3__s42.mp4,8,120,0.4161699764322157,0.4210884264901043,0.4903502526645546,0.9017430794787638
dualforce_dcg_w3|01_neutral__dai|e38d3993e9,GEN:dualforce_dcg_w3:v2:neutral:start,shadow_3,store/gens/031_dualforce_dcg_w3/01_neutral__dai/videos/G-unseen-cross__ic_gen__shadow_3__ref_portal_1__dfw3__s42.mp4,8,120,0.6048654825319058,0.7310218293500168,0.7633338733675274,0.9708034632512268
dualforce_dcg_w3|01_neutral__dai|b3d4cc1a61,GEN:dualforce_dcg_w3:v2:neutral:start,super_fast_run_0,store/gens/031_dualforce_dcg_w3/01_neutral__dai/videos/G-unseen-cross__ic_gen__super_fast_run_0__ref_portal_1__dfw3__s42.mp4,8,120,0.5455461887339679,1.4902211800371004,1.6848333146484884,0.4558361816435148
dualforce_dcg_w3|01_neutral__dai|d03a434311,GEN:dualforce_dcg_w3:v2:neutral:start,water_element_4,store/gens/031_dualforce_dcg_w3/01_neutral__dai/videos/G-unseen-cross__ic_gen__water_element_4__ref_shadow_10__dfw3__s42.mp4,8,120,0.2895378039955247,0.3622436440945965,0.3917231524860129,0.5678819725566022
dualforce_dcg_w3|01_neutral__dai|62e9764a96,GEN:dualforce_dcg_w3:v2:neutral:start,shadow_3,store/gens/031_dualforce_dcg_w3/01_neutral__dai/videos/G-unseen-same__ic_gen__shadow_3__ref_shadow_10__dfw3__s42.mp4,8,120,0.5003030261697092,0.3507236271338496,0.2951472690876872,1.0056445452916798
dualforce_dcg_w3|01_neutral__dai|704b0a0272,GEN:dualforce_dcg_w3:v2:neutral:both,shadow_smoke_7,store/gens/031_dualforce_dcg_w3/01_neutral__dai/videos/G-unseen-same__ic_gen__shadow_smoke_7__ref_shadow_smoke_0__dfw3__s42.mp4,8,113,0.4313635825190882,0.6652257888842807,0.7391463002019727,0.920557701555728
dualforce_dcg_w3|01_neutral__dai|13e021949c,GEN:dualforce_dcg_w3:v2:neutral:start,super_fast_run_3,store/gens/031_dualforce_dcg_w3/01_neutral__dai/videos/G-unseen-same__ic_gen__super_fast_run_3__ref_super_fast_run_0__dfw3__s42.mp4,8,120,0.4467628200665725,0.6789605801560399,0.722270823292739,0.9668241932205752
dualforce_dcg_w3|01_neutral__dai|7f5fff70ad,GEN:dualforce_dcg_w3:v2:neutral:start,wireframe_7,store/gens/031_dualforce_dcg_w3/01_neutral__dai/videos/G-unseen-same__ic_gen__wireframe_7__ref_wireframe_0__dfw3__s42.mp4,8,120,0.6960319342212569,0.4322574860892074,0.473042736462633,1.1055318234819844
dualforce_dcg_w3|01_neutral__dai|c187385666,GEN:dualforce_dcg_w3:v2:neutral:start,illustration_scene_7,store/gens/031_dualforce_dcg_w3/01_neutral__dai/videos/G-unseen-same__ic_gen__illustration_scene_7__ref_illustration_scene_4__dfw3__s42.mp4,8,120,0.5781291188368098,0.50210424648421,0.481733644883024,0.7898239985457413
dualforce_dcg_w3|01_neutral__dai|45e7571654,GEN:dualforce_dcg_w3:v2:neutral:start,money_rain_3,store/gens/031_dualforce_dcg_w3/01_neutral__dai/videos/G-unseen-same__ic_gen__money_rain_3__ref_money_rain_1__dfw3__s42.mp4,8,120,0.5282248058399202,0.6373553207486796,0.6697782398180758,0.5833322760273998
dualforce_dcg_w3|01_neutral__dai|670254b397,GEN:dualforce_dcg_w3:v2:neutral:start,polygon_8,store/gens/031_dualforce_dcg_w3/01_neutral__dai/videos/G-unseen-same__ic_gen__polygon_8__ref_polygon_4__dfw3__s42.mp4,8,120,0.569922039380097,0.484002068145249,0.5495094048703019,0.4649029481118845
dualforce_dcg_w3|01_neutral__dai|b5dc6d2c4d,GEN:dualforce_dcg_w3:v2:neutral:start,portal_4,store/gens/031_dualforce_dcg_w3/01_neutral__dai/videos/G-unseen-same__ic_gen__portal_4__ref_portal_1__dfw3__s42.mp4,8,120,0.5445506803627078,1.5441203830733734,1.5839438548004072,1.0072980922471082
dualforce_dcg_w3|01_neutral__dai|bf6410b04f,GEN:dualforce_dcg_w3:v2:neutral:start,animalization_2,store/gens/031_dualforce_dcg_w3/01_neutral__dai/videos/G-unseen-same__ic_gen__animalization_2__ref_animalization_0__dfw3__s42.mp4,8,120,0.4650551494000399,0.7324969404270029,0.732458256045256,0.340988153297692
dualforce_dcg_w3|01_neutral__dai|55ad224566,GEN:dualforce_dcg_w3:v2:neutral:start,color_rain_2,store/gens/031_dualforce_dcg_w3/01_neutral__dai/videos/G-unseen-same__ic_gen__color_rain_2__ref_color_rain_0__dfw3__s42.mp4,8,120,0.4670821934812508,0.3972805788869687,0.4936964144241627,0.5217313577326156
dualforce_dcg_w3|01_neutral__dai|450030cc4c,GEN:dualforce_dcg_w3:v2:neutral:start,earth_element_6,store/gens/031_dualforce_dcg_w3/01_neutral__dai/videos/G-unseen-same__ic_gen__earth_element_6__ref_earth_element_4__dfw3__s42.mp4,8,120,0.4578723807681539,0.6068993043695551,0.6308066070202695,0.5930828028637883
dualforce_dcg_w3|01_neutral__dai|5a8ff2c701,GEN:dualforce_dcg_w3:v2:neutral:start,gas_transformation_7,store/gens/031_dualforce_dcg_w3/01_neutral__dai/videos/G-unseen-same__ic_gen__gas_transformation_7__ref_gas_transformation_6__dfw3__s42.mp4,8,120,0.5677817667462695,0.3516351009925771,0.3448163993876344,0.910039660507579
dualforce_dcg_w3|01_neutral__dai|2dc77598a8,GEN:dualforce_dcg_w3:v2:neutral:both,hero_flight_6,store/gens/031_dualforce_dcg_w3/01_neutral__dai/videos/G-unseen-same__ic_gen__hero_flight_6__ref_hero_flight_5__dfw3__s42.mp4,8,113,0.6052939623430367,0.8088343010983106,0.6411990824109648,0.7198529561877728
dualforce_dcg_w3|01_neutral__dai|ff25a4bd08,GEN:dualforce_dcg_w3:v2:neutral:both,air_bending_1,store/gens/031_dualforce_dcg_w3/01_neutral__dai/videos/G-zs-cross__ic_gen__air_bending_1__ref_raven_transition_0__dfw3__s42.mp4,8,113,0.5249764746232954,0.7367492777326748,0.6744498092884423,1.0876721834335086
dualforce_dcg_w3|01_neutral__dai|168497272f,GEN:dualforce_dcg_w3:v2:neutral:start,animalization_0,store/gens/031_dualforce_dcg_w3/01_neutral__dai/videos/G-zs-cross__ic_gen__animalization_0__ref_cotton_cloud_1__dfw3__s42.mp4,8,120,0.3998106738660671,0.4264214274754581,0.4158887304584092,0.893446438704617
dualforce_dcg_w3|01_neutral__dai|8de768e766,GEN:dualforce_dcg_w3:v2:neutral:start,animalization_2,store/gens/031_dualforce_dcg_w3/01_neutral__dai/videos/G-zs-cross__ic_gen__animalization_2__ref_cotton_cloud_1__dfw3__s42.mp4,8,120,0.4555089268513228,0.4877442892012352,0.5703523525721111,0.5948333053081125
dualforce_dcg_w3|01_neutral__dai|b5e5847330,GEN:dualforce_dcg_w3:v2:neutral:start,animalization_2,store/gens/031_dualforce_dcg_w3/01_neutral__dai/videos/G-zs-cross__ic_gen__animalization_2__ref_saint_glow_0__dfw3__s42.mp4,8,120,0.5342995778913964,0.4554005107698396,0.5149178176087666,0.2953893154615402
dualforce_dcg_w3|01_neutral__dai|3fcae7de0a,GEN:dualforce_dcg_w3:v2:neutral:start,color_rain_0,store/gens/031_dualforce_dcg_w3/01_neutral__dai/videos/G-zs-cross__ic_gen__color_rain_0__ref_saint_glow_0__dfw3__s42.mp4,8,120,0.6036848019760055,0.39246756442989,0.4271354855303282,0.348439259113511
dualforce_dcg_w3|01_neutral__dai|5652d1e3d7,GEN:dualforce_dcg_w3:v2:neutral:both,earth_wave_3,store/gens/031_dualforce_dcg_w3/01_neutral__dai/videos/G-zs-cross__ic_gen__earth_wave_3__ref_flying_cam_transition_1__dfw3__s42.mp4,8,113,0.4694885832874782,0.7867554125879936,0.7863733988277517,0.7761512095543741
dualforce_dcg_w3|01_neutral__dai|ef58f673ca,GEN:dualforce_dcg_w3:v2:neutral:both,earth_wave_3,store/gens/031_dualforce_dcg_w3/01_neutral__dai/videos/G-zs-cross__ic_gen__earth_wave_3__ref_raven_transition_0__dfw3__s42.mp4,8,113,0.5278963110474211,1.0568245947415609,1.0881219885346307,0.7801196179895332
dualforce_dcg_w3|01_neutral__dai|1c5a737972,GEN:dualforce_dcg_w3:v2:neutral:both,giant_grab_3,store/gens/031_dualforce_dcg_w3/01_neutral__dai/videos/G-zs-cross__ic_gen__giant_grab_3__ref_flying_cam_transition_1__dfw3__s42.mp4,8,113,0.7334097741462755,0.8118536652069838,0.6758549253904794,0.3373930665189035
dualforce_dcg_w3|01_neutral__dai|22ba42cefb,GEN:dualforce_dcg_w3:v2:neutral:both,giant_grab_3,store/gens/031_dualforce_dcg_w3/01_neutral__dai/videos/G-zs-cross__ic_gen__giant_grab_3__ref_melt_transition_1__dfw3__s42.mp4,8,113,0.5290009396917057,0.7986958172171013,0.6912247651896004,0.3371445543487749
dualforce_dcg_w3|01_neutral__dai|cdb58df30e,GEN:dualforce_dcg_w3:v2:neutral:both,hero_flight_5,store/gens/031_dualforce_dcg_w3/01_neutral__dai/videos/G-zs-cross__ic_gen__hero_flight_5__ref_display_transition_1__dfw3__s42.mp4,8,113,0.4731418091125421,0.7617185677487813,0.8357490698765,0.6797015532637443
dualforce_dcg_w3|01_neutral__dai|fc3d7a30bc,GEN:dualforce_dcg_w3:v2:neutral:both,hero_flight_5,store/gens/031_dualforce_dcg_w3/01_neutral__dai/videos/G-zs-cross__ic_gen__hero_flight_5__ref_melt_transition_1__dfw3__s42.mp4,8,113,0.6127917964688709,0.574956836922305,0.5260559353432388,0.6785627835246679
dualforce_dcg_w3|01_neutral__dai|bda81af858,GEN:dualforce_dcg_w3:v2:neutral:both,hero_flight_6,store/gens/031_dualforce_dcg_w3/01_neutral__dai/videos/G-zs-cross__ic_gen__hero_flight_6__ref_display_transition_1__dfw3__s42.mp4,8,113,0.4439021792167277,0.7316494216428057,0.785861604117897,0.7223187351566868
dualforce_dcg_w3|01_neutral__dai|f248619c82,GEN:dualforce_dcg_w3:v2:neutral:start,money_rain_3,store/gens/031_dualforce_dcg_w3/01_neutral__dai/videos/G-zs-cross__ic_gen__money_rain_3__ref_live_concert_1__dfw3__s42.mp4,8,120,0.5674794968240304,0.4504444029932845,0.4597395542930741,0.8408938409789545
dualforce_dcg_w3|01_neutral__dai|af0e5ce281,GEN:dualforce_dcg_w3:v2:neutral:start,mystification_0,store/gens/031_dualforce_dcg_w3/01_neutral__dai/videos/G-zs-cross__ic_gen__mystification_0__ref_live_concert_1__dfw3__s42.mp4,8,120,0.5271125597402795,0.5080008640853105,0.5255309553439989,1.0287334496161993
dualforce_dcg_w3|01_neutral__dai|31b2ee2e9d,GEN:dualforce_dcg_w3:v2:neutral:start,polygon_4,store/gens/031_dualforce_dcg_w3/01_neutral__dai/videos/G-zs-cross__ic_gen__polygon_4__ref_luminous_gaze_0__dfw3__s42.mp4,8,120,0.4890926066881527,0.4645675906800107,0.4242873410617555,0.7601099892165233
dualforce_dcg_w3|01_neutral__dai|2ba6efd48a,GEN:dualforce_dcg_w3:v2:neutral:start,polygon_8,store/gens/031_dualforce_dcg_w3/01_neutral__dai/videos/G-zs-cross__ic_gen__polygon_8__ref_luminous_gaze_0__dfw3__s42.mp4,8,120,0.579834383551201,0.3661544163280464,0.3859904352306479,0.9113178057279032
dualforce_dcg_w3|01_neutral__dai|10034a77db,GEN:dualforce_dcg_w3:v2:neutral:both,shadow_smoke_7,store/gens/031_dualforce_dcg_w3/01_neutral__dai/videos/G-zs-cross__ic_gen__shadow_smoke_7__ref_firelava_0__dfw3__s42.mp4,8,113,0.4038738065660388,0.8894940925262047,1.0735485933039377,0.918835585233769
dualforce_dcg_w3|01_neutral__dai|77cff3eac8,GEN:dualforce_dcg_w3:v2:neutral:start,super_fast_run_0,store/gens/031_dualforce_dcg_w3/01_neutral__dai/videos/G-zs-cross__ic_gen__super_fast_run_0__ref_monstrosity_0__dfw3__s42.mp4,8,120,0.4665988054198726,0.5669545868592387,0.6064285128811091,0.5015510051913019
dualforce_dcg_w3|01_neutral__dai|449208b04c,GEN:dualforce_dcg_w3:v2:neutral:start,super_fast_run_3,store/gens/031_dualforce_dcg_w3/01_neutral__dai/videos/G-zs-cross__ic_gen__super_fast_run_3__ref_monstrosity_0__dfw3__s42.mp4,8,120,0.4895870498727133,0.361076910276507,0.3721228842904914,1.011278650463452
dualforce_dcg_w3|01_neutral__dai|cd2112f862,GEN:dualforce_dcg_w3:v2:neutral:both,water_bending_3,store/gens/031_dualforce_dcg_w3/01_neutral__dai/videos/G-zs-cross__ic_gen__water_bending_3__ref_firelava_0__dfw3__s42.mp4,8,113,0.4335910996012457,0.9018526759139284,1.0418337539597284,0.7014266304273001
dualforce_dcg_w3|01_neutral__dai|16f2d25e45,GEN:dualforce_dcg_w3:v2:neutral:start,luminous_gaze_3,store/gens/031_dualforce_dcg_w3/01_neutral__dai/videos/G-zs-same__ic_gen__luminous_gaze_3__ref_luminous_gaze_0__dfw3__s42.mp4,8,120,0.5217946905725175,0.3228074802794165,0.3591962248333465,0.7684966879690849
dualforce_dcg_w3|01_neutral__dai|2cd5a4aa4e,GEN:dualforce_dcg_w3:v2:neutral:both,melt_transition_2,store/gens/031_dualforce_dcg_w3/01_neutral__dai/videos/G-zs-same__ic_gen__melt_transition_2__ref_melt_transition_1__dfw3__s42.mp4,8,113,0.6153445360821947,0.6344145524005952,0.6356460114725705,0.7667667590598588
dualforce_dcg_w3|01_neutral__dai|3ad20edf00,GEN:dualforce_dcg_w3:v2:neutral:both,raven_transition_2,store/gens/031_dualforce_dcg_w3/01_neutral__dai/videos/G-zs-same__ic_gen__raven_transition_2__ref_raven_transition_0__dfw3__s42.mp4,8,113,0.514315411072952,0.6052986086465935,0.6263892119731957,1.0313935543059969
dualforce_dcg_w3|01_neutral__dai|1b86d0c6fd,GEN:dualforce_dcg_w3:v2:neutral:start,saint_glow_3,store/gens/031_dualforce_dcg_w3/01_neutral__dai/videos/G-zs-same__ic_gen__saint_glow_3__ref_saint_glow_0__dfw3__s42.mp4,8,120,0.540720925719951,0.5373297931835183,0.5601488022960246,0.3930553714654307
dualforce_dcg_w3|01_neutral__dai|467f6f1a65,GEN:dualforce_dcg_w3:v2:neutral:start,cotton_cloud_0,store/gens/031_dualforce_dcg_w3/01_neutral__dai/videos/G-zs-same__ic_gen__cotton_cloud_0__ref_cotton_cloud_1__dfw3__s42.mp4,8,120,0.4240883754789872,0.2887675886234296,0.30666512490072,0.927001548285437
dualforce_dcg_w3|01_neutral__dai|6d54ee0557,GEN:dualforce_dcg_w3:v2:neutral:both,firelava_4,store/gens/031_dualforce_dcg_w3/01_neutral__dai/videos/G-zs-same__ic_gen__firelava_4__ref_firelava_0__dfw3__s42.mp4,8,113,0.5464782300057498,0.6866840534042654,0.7742338493705121,0.9507917198622092
dualforce_dcg_w3|01_neutral__dai|a86e2e463c,GEN:dualforce_dcg_w3:v2:neutral:both,flying_cam_transition_4,store/gens/031_dualforce_dcg_w3/01_neutral__dai/videos/G-zs-same__ic_gen__flying_cam_transition_4__ref_flying_cam_transition_1__dfw3__s42.mp4,8,113,0.5307668371987599,0.7560881031978638,0.8188888090466684,1.1277038631137726
dualforce_dcg_w3|01_neutral__dai|e37d317863,GEN:dualforce_dcg_w3:v2:neutral:start,live_concert_0,store/gens/031_dualforce_dcg_w3/01_neutral__dai/videos/G-zs-same__ic_gen__live_concert_0__ref_live_concert_1__dfw3__s42.mp4,8,120,0.6249795156486759,0.7354855013590049,0.7039844159848616,1.1210175936315236
base_cond|tier2_start__dai|5322747666,GEN:base_cond:v2:neutral:start,hero_flight_1,misc/2026-08-24_lerp_collapse/tier2_gen/out/videos/G-fit__ctt_v2__hero_flight_1__ref_hero_flight_0__s42.mp4,8,120,0.4022475221780495,0.2247720966302057,0.2221277396206654,0.4980560160844066
base_cond|tier2_start__dai|92e0dcaef1,GEN:base_cond:v2:neutral:start,hero_flight_1,misc/2026-08-24_lerp_collapse/tier2_gen/out/videos/G-fit__ctt_v2__hero_flight_1__ref_hero_flight_0__s43.mp4,8,120,0.665061610280927,0.4673597589830559,0.5346377730469415,0.3568383323053971
base_cond|tier2_start__dai|73d71123a6,GEN:base_cond:v2:neutral:start,shadow_smoke_2,misc/2026-08-24_lerp_collapse/tier2_gen/out/videos/G-fit__ctt_v2__shadow_smoke_2__ref_shadow_smoke_1__s42.mp4,8,120,0.9731035203691067,0.0565855016034275,0.0429668839024291,0.7988076862224042
base_cond|tier2_start__dai|bc721f851a,GEN:base_cond:v2:neutral:start,shadow_smoke_2,misc/2026-08-24_lerp_collapse/tier2_gen/out/videos/G-fit__ctt_v2__shadow_smoke_2__ref_shadow_smoke_1__s43.mp4,8,120,0.8410919095376472,0.2067357009690123,0.0930930919815256,0.9499263252526218
base_cond|tier2_start__dai|2c231ffbfb,GEN:base_cond:v2:neutral:start,hero_flight_5,misc/2026-08-24_lerp_collapse/tier2_gen/out/videos/G-memo-probe__ctt_v2__hero_flight_5__ref_hero_flight_0__s42.mp4,8,120,0.690527662695358,0.1077532037708562,0.1010503453359424,0.5902456432376948
base_cond|tier2_start__dai|39cb1dd064,GEN:base_cond:v2:neutral:start,hero_flight_5,misc/2026-08-24_lerp_collapse/tier2_gen/out/videos/G-memo-probe__ctt_v2__hero_flight_5__ref_hero_flight_0__s43.mp4,8,120,0.7896593901943243,0.5160030444059234,0.5824629703445848,0.5448337759507011
base_cond|tier2_start__dai|c16958aa43,GEN:base_cond:v2:neutral:start,shadow_smoke_0,misc/2026-08-24_lerp_collapse/tier2_gen/out/videos/G-memo-probe__ctt_v2__shadow_smoke_0__ref_shadow_smoke_1__s42.mp4,8,120,0.8661929056373154,0.3795936410686905,0.4340500376410171,0.6283009662378047
base_cond|tier2_start__dai|16f5d2e544,GEN:base_cond:v2:neutral:start,shadow_smoke_0,misc/2026-08-24_lerp_collapse/tier2_gen/out/videos/G-memo-probe__ctt_v2__shadow_smoke_0__ref_shadow_smoke_1__s43.mp4,8,120,0.6923990917646106,0.6127487753785563,0.7087209459153603,0.6525197690630269
base_cond|tier2_start__dai|45d149dcf7,GEN:base_cond:v2:neutral:start,display_transition_1,misc/2026-08-24_lerp_collapse/tier2_gen/out/videos/G-unseen-cross__ctt_v2__display_transition_1__ref_hero_flight_5__s42.mp4,8,120,0.8796314775669543,0.4220857894492645,0.3361512019784095,0.9037093673402556
base_cond|tier2_start__dai|0eb8ec0eae,GEN:base_cond:v2:neutral:start,display_transition_1,misc/2026-08-24_lerp_collapse/tier2_gen/out/videos/G-unseen-cross__ctt_v2__display_transition_1__ref_hero_flight_5__s43.mp4,8,120,0.897601571950484,0.2904536939015231,0.3535255614041819,0.9206839202214768
base_cond|tier2_start__dai|fb5bf72d67,GEN:base_cond:v2:neutral:start,earth_wave_3,misc/2026-08-24_lerp_collapse/tier2_gen/out/videos/G-unseen-cross__ctt_v2__earth_wave_3__ref_hero_flight_5__s42.mp4,8,120,0.9266696735788538,0.1382962919478167,0.1411010427296668,1.3402599103189612
base_cond|tier2_start__dai|fb500d48a4,GEN:base_cond:v2:neutral:start,earth_wave_3,misc/2026-08-24_lerp_collapse/tier2_gen/out/videos/G-unseen-cross__ctt_v2__earth_wave_3__ref_hero_flight_5__s43.mp4,8,120,0.8418409292949771,0.2358482809176279,0.2306789341813505,1.4007821967762135
base_cond|tier2_start__dai|a2944b69e3,GEN:base_cond:v2:neutral:start,hero_flight_6,misc/2026-08-24_lerp_collapse/tier2_gen/out/videos/G-ref-control__ctt_v2__hero_flight_6__ref_shadow_smoke_0__s42.mp4,8,120,0.725080171190819,0.3968410265662475,0.3721851667524702,0.7819221822068999
base_cond|tier2_start__dai|f478bafe12,GEN:base_cond:v2:neutral:start,hero_flight_6,misc/2026-08-24_lerp_collapse/tier2_gen/out/videos/G-ref-control__ctt_v2__hero_flight_6__ref_shadow_smoke_0__s43.mp4,8,120,0.7589329021628279,0.4796449368172106,0.4782317593383478,0.7000319815120036
base_cond|tier2_start__dai|09ac18a6f5,GEN:base_cond:v2:neutral:start,shadow_smoke_7,misc/2026-08-24_lerp_collapse/tier2_gen/out/videos/G-ref-control__ctt_v2__shadow_smoke_7__ref_hero_flight_5__s42.mp4,8,120,0.9151569214108912,0.1825384515394495,0.179649117020174,0.9471129870365346
base_cond|tier2_start__dai|56d5dc6e00,GEN:base_cond:v2:neutral:start,shadow_smoke_7,misc/2026-08-24_lerp_collapse/tier2_gen/out/videos/G-ref-control__ctt_v2__shadow_smoke_7__ref_hero_flight_5__s43.mp4,8,120,0.8112152584736461,0.3685195600358952,0.4077567240492707,0.9259919740137368
base_cond|tier2_start__dai|fe2aa1e0c8,GEN:base_cond:v2:neutral:start,melt_transition_2,misc/2026-08-24_lerp_collapse/tier2_gen/out/videos/G-unseen-cross__ctt_v2__melt_transition_2__ref_shadow_smoke_0__s42.mp4,8,120,0.9071280633042976,0.2526047235429297,0.313845238600114,0.7275075932547352
base_cond|tier2_start__dai|1051a733ed,GEN:base_cond:v2:neutral:start,melt_transition_2,misc/2026-08-24_lerp_collapse/tier2_gen/out/videos/G-unseen-cross__ctt_v2__melt_transition_2__ref_shadow_smoke_0__s43.mp4,8,120,0.8370878636419941,0.214423753977866,0.2457540271163176,0.717563684731101
base_cond|tier2_start__dai|66ba6217e5,GEN:base_cond:v2:neutral:start,raven_transition_2,misc/2026-08-24_lerp_collapse/tier2_gen/out/videos/G-unseen-cross__ctt_v2__raven_transition_2__ref_shadow_smoke_0__s42.mp4,8,120,0.9276036744696736,0.3593163349750322,0.4159745191553982,1.178452766439659
base_cond|tier2_start__dai|5eb298ec32,GEN:base_cond:v2:neutral:start,raven_transition_2,misc/2026-08-24_lerp_collapse/tier2_gen/out/videos/G-unseen-cross__ctt_v2__raven_transition_2__ref_shadow_smoke_0__s43.mp4,8,120,0.915010680625864,0.2069748161186715,0.1995844189823046,1.1211137257663313
base_cond|tier2_start__dai|7efaed22d4,GEN:base_cond:v2:neutral:start,air_bending_1,misc/2026-08-24_lerp_collapse/tier2_gen/out/videos/G-zs-cross__ctt_v2__air_bending_1__ref_raven_transition_0__s42.mp4,8,120,0.9022153445781412,0.3360778541538664,0.3827357329972688,0.9548809736499309
base_cond|tier2_start__dai|2e4e39f638,GEN:base_cond:v2:neutral:start,air_bending_1,misc/2026-08-24_lerp_collapse/tier2_gen/out/videos/G-zs-cross__ctt_v2__air_bending_1__ref_raven_transition_0__s43.mp4,8,120,0.8761158950047818,0.3776082271628926,0.5057031873702027,1.0551638680636726
base_cond|tier2_start__dai|fb42adea36,GEN:base_cond:v2:neutral:start,giant_grab_3,misc/2026-08-24_lerp_collapse/tier2_gen/out/videos/G-zs-cross__ctt_v2__giant_grab_3__ref_melt_transition_1__s42.mp4,8,120,0.4777763526959067,0.6200650909714541,0.6823476537073088,0.2393419318021448
base_cond|tier2_start__dai|65d457cee7,GEN:base_cond:v2:neutral:start,giant_grab_3,misc/2026-08-24_lerp_collapse/tier2_gen/out/videos/G-zs-cross__ctt_v2__giant_grab_3__ref_melt_transition_1__s43.mp4,8,120,0.5850105718732759,0.5266909067535669,0.5221838888767432,0.2875728369083404
base_cond|tier2_start__dai|2f5ddcf3c7,GEN:base_cond:v2:neutral:start,water_bending_3,misc/2026-08-24_lerp_collapse/tier2_gen/out/videos/G-zs-cross__ctt_v2__water_bending_3__ref_firelava_0__s42.mp4,8,120,0.7742497581383077,0.2922628886360882,0.2750756552605494,0.9542830519829648
base_cond|tier2_start__dai|10406142a1,GEN:base_cond:v2:neutral:start,water_bending_3,misc/2026-08-24_lerp_collapse/tier2_gen/out/videos/G-zs-cross__ctt_v2__water_bending_3__ref_firelava_0__s43.mp4,8,120,0.9418157725205408,0.2407321539959621,0.2811109388000984,0.9499547283628031
base_cond|tier2_start__dai|eaa57c0ce3,GEN:base_cond:v2:neutral:start,firelava_4,misc/2026-08-24_lerp_collapse/tier2_gen/out/videos/G-zs-same__ctt_v2__firelava_4__ref_firelava_0__s42.mp4,8,120,0.8655690347283214,0.3455477991981204,0.3781460544851961,1.110586810153858
base_cond|tier2_start__dai|5ff28d570a,GEN:base_cond:v2:neutral:start,firelava_4,misc/2026-08-24_lerp_collapse/tier2_gen/out/videos/G-zs-same__ctt_v2__firelava_4__ref_firelava_0__s43.mp4,8,120,0.7859273811316618,0.4174178103988539,0.4712421689039981,0.8047327786431506
base_cond|tier2_start__dai|7e07cab97c,GEN:base_cond:v2:neutral:start,flying_cam_transition_4,misc/2026-08-24_lerp_collapse/tier2_gen/out/videos/G-zs-same__ctt_v2__flying_cam_transition_4__ref_flying_cam_transition_1__s42.mp4,8,120,0.8563841060761901,0.2360928952185631,0.2056233034282148,0.898807122780496
base_cond|tier2_start__dai|5c7a2784cd,GEN:base_cond:v2:neutral:start,flying_cam_transition_4,misc/2026-08-24_lerp_collapse/tier2_gen/out/videos/G-zs-same__ctt_v2__flying_cam_transition_4__ref_flying_cam_transition_1__s43.mp4,8,120,0.7516919075877586,0.2153964775455816,0.1717319499419994,0.7522855276933118
GT1__acid_0,REAL:one-sided,acid,data/processed/transitions_std121/acid/acid_0.mp4,8,120,0.2912241663457444,0.5356372168434839,0.6185779452547384,0.6990394109724866
GT1__acid_1,REAL:one-sided,acid,data/processed/transitions_std121/acid/acid_1.mp4,8,120,0.240418523786466,0.3822209682446814,0.4338255518764363,0.5756083882108439
GT1__acid_2,REAL:one-sided,acid,data/processed/transitions_std121/acid/acid_2.mp4,8,120,0.4571551974814141,0.4728550250021197,0.5366365515363153,0.6554520911300081
GT1__acid_3,REAL:one-sided,acid,data/processed/transitions_std121/acid/acid_3.mp4,8,120,0.5859221465087936,0.5719836606905822,0.62991797426944,0.9179337732048608
GT1__acid_4,REAL:one-sided,acid,data/processed/transitions_std121/acid/acid_4.mp4,8,120,0.2333767436059732,0.4305901181283431,0.4899078896769814,0.7289495853380538
GT1__acid_5,REAL:one-sided,acid,data/processed/transitions_std121/acid/acid_5.mp4,8,120,0.2901090653396305,0.5369368380087358,0.6194410080747056,0.7009620030347065
GT1__acid_6,REAL:one-sided,acid,data/processed/transitions_std121/acid/acid_6.mp4,8,120,0.3549670060511312,0.5026261147704909,0.5545463582506267,0.6543357391198819
GT1__acid_7,REAL:one-sided,acid,data/processed/transitions_std121/acid/acid_7.mp4,8,120,0.4376675417476905,0.4750493150926841,0.5229287179052965,0.7463492469275355
GT1__animalization_0,REAL:one-sided,animalization,data/processed/transitions_std121/animalization/animalization_0.mp4,8,120,0.4331832625418739,0.4703974917072698,0.4888178411238976,0.6497560137333046
GT1__animalization_1,REAL:one-sided,animalization,data/processed/transitions_std121/animalization/animalization_1.mp4,8,120,0.3227187564843305,0.4843551720276233,0.5340313082468178,0.401254993872802
GT1__animalization_2,REAL:one-sided,animalization,data/processed/transitions_std121/animalization/animalization_2.mp4,8,120,0.5322009738423761,0.8286478119194796,0.881257030592355,0.4223119559092292
GT1__animalization_3,REAL:one-sided,animalization,data/processed/transitions_std121/animalization/animalization_3.mp4,8,120,0.3407024987006675,0.5186141363676469,0.5885810439061592,0.716321606080807
GT1__animalization_4,REAL:one-sided,animalization,data/processed/transitions_std121/animalization/animalization_4.mp4,8,120,0.4016412243730016,0.45189076994937,0.4691931623745528,0.5825620377295994
GT1__animalization_5,REAL:one-sided,animalization,data/processed/transitions_std121/animalization/animalization_5.mp4,8,120,0.4529747739638692,0.6444176081518889,0.6935293883015812,0.7760151109591522
GT1__animalization_6,REAL:one-sided,animalization,data/processed/transitions_std121/animalization/animalization_6.mp4,8,120,0.4349208336542338,0.7218212201185773,0.7701248802357432,0.4861198016010323
GT1__animalization_7,REAL:one-sided,animalization,data/processed/transitions_std121/animalization/animalization_7.mp4,8,120,0.4248096770256575,0.620945791624919,0.6960617393564846,0.4684302287095163
GT1__color_rain_0,REAL:one-sided,color_rain,data/processed/transitions_std121/color_rain/color_rain_0.mp4,8,120,0.3997793608790809,0.2575852146152908,0.2740611317617489,0.327932747083684
GT1__color_rain_1,REAL:one-sided,color_rain,data/processed/transitions_std121/color_rain/color_rain_1.mp4,8,120,0.4989813309269093,0.3973148855286488,0.4079393923510619,0.2666805536350788
GT1__color_rain_2,REAL:one-sided,color_rain,data/processed/transitions_std121/color_rain/color_rain_2.mp4,8,120,0.3945832636596538,0.5331170571074079,0.5994888480943601,0.335327116690957
GT1__color_rain_3,REAL:one-sided,color_rain,data/processed/transitions_std121/color_rain/color_rain_3.mp4,8,120,0.408826071474214,0.5462125331235349,0.6071233965002195,0.5414175924556278
GT1__color_rain_5,REAL:one-sided,color_rain,data/processed/transitions_std121/color_rain/color_rain_5.mp4,8,120,0.4395828923685225,0.4092514138886881,0.474799622364188,0.4058211771386327
GT1__color_rain_6,REAL:one-sided,color_rain,data/processed/transitions_std121/color_rain/color_rain_6.mp4,8,120,0.3787755245095996,0.3886215380223339,0.4367884359778765,0.371222850676787
GT1__color_rain_7,REAL:one-sided,color_rain,data/processed/transitions_std121/color_rain/color_rain_7.mp4,8,120,0.424772250439156,0.3066876811406958,0.327253586147205,0.3580193586203526
GT1__color_rain_8,REAL:one-sided,color_rain,data/processed/transitions_std121/color_rain/color_rain_8.mp4,8,120,0.4466665631039908,0.3039210318843406,0.3472059189571371,0.5361776755741641
GT1__cotton_cloud_0,REAL:one-sided,cotton_cloud,data/processed/transitions_std121/cotton_cloud/cotton_cloud_0.mp4,8,120,0.3848178053610904,0.2308111756506723,0.2826113660976452,0.8014026154911056
GT1__cotton_cloud_1,REAL:one-sided,cotton_cloud,data/processed/transitions_std121/cotton_cloud/cotton_cloud_1.mp4,8,120,0.4596695727377222,0.4199693583008389,0.5385231075758672,0.336933435104826
GT1__cotton_cloud_2,REAL:one-sided,cotton_cloud,data/processed/transitions_std121/cotton_cloud/cotton_cloud_2.mp4,8,120,0.4590210889605968,0.2532686550157652,0.3068809889674017,0.6334641854540474
GT1__cotton_cloud_3,REAL:one-sided,cotton_cloud,data/processed/transitions_std121/cotton_cloud/cotton_cloud_3.mp4,8,120,0.3837894679093905,0.2304661330904862,0.2813982701874121,0.8086661008747225
GT1__cotton_cloud_4,REAL:one-sided,cotton_cloud,data/processed/transitions_std121/cotton_cloud/cotton_cloud_4.mp4,8,120,0.3706428301747706,0.4842862047523859,0.4943908312170542,0.6779867498200538
GT1__cotton_cloud_5,REAL:one-sided,cotton_cloud,data/processed/transitions_std121/cotton_cloud/cotton_cloud_5.mp4,8,120,0.2704667453029141,0.3569627445431131,0.4149017530232091,0.7986100150787909
GT1__cotton_cloud_6,REAL:one-sided,cotton_cloud,data/processed/transitions_std121/cotton_cloud/cotton_cloud_6.mp4,8,120,0.3864728432243756,0.4211535285813225,0.4924825128528782,0.8277978794037746
GT1__cotton_cloud_7,REAL:one-sided,cotton_cloud,data/processed/transitions_std121/cotton_cloud/cotton_cloud_7.mp4,8,120,0.5316458225392817,0.3670389801440178,0.4063583568368571,0.6378462731100285
GT1__cotton_cloud_8,REAL:one-sided,cotton_cloud,data/processed/transitions_std121/cotton_cloud/cotton_cloud_8.mp4,8,120,0.5985415024903908,0.2384106195963902,0.2550090843353731,0.3231168488840734
GT1__earth_element_0,REAL:one-sided,earth_element,data/processed/transitions_std121/earth_element/earth_element_0.mp4,8,120,0.4297523497161573,0.5821578036630777,0.6634735618104652,0.6996167025329875
GT1__earth_element_1,REAL:one-sided,earth_element,data/processed/transitions_std121/earth_element/earth_element_1.mp4,8,120,0.5007742695371218,0.4746296381761134,0.5391380631231405,0.7048856632710231
GT1__earth_element_2,REAL:one-sided,earth_element,data/processed/transitions_std121/earth_element/earth_element_2.mp4,8,120,0.4603367274932386,0.4482882020998803,0.4692848189267449,0.7167605246973198
GT1__earth_element_3,REAL:one-sided,earth_element,data/processed/transitions_std121/earth_element/earth_element_3.mp4,8,120,0.3880582977636522,0.666457890934014,0.6757507914166249,0.4465170879178794
GT1__earth_element_4,REAL:one-sided,earth_element,data/processed/transitions_std121/earth_element/earth_element_4.mp4,8,120,0.3716721512620353,0.4475228624338686,0.5070495111128045,0.6544466018623734
GT1__earth_element_6,REAL:one-sided,earth_element,data/processed/transitions_std121/earth_element/earth_element_6.mp4,8,120,0.4778941239158174,0.6860539739623618,0.7113065814135904,0.5328281733760983
GT1__explosion_0,REAL:one-sided,explosion,data/processed/transitions_std121/explosion/explosion_0.mp4,8,120,0.5664844840648005,0.7123887236178531,0.7461956743541445,0.7586108069142834
GT1__explosion_1,REAL:one-sided,explosion,data/processed/transitions_std121/explosion/explosion_1.mp4,8,120,0.4215631635747441,0.6206219046170691,0.6874519179938502,0.8161016440168957
GT1__explosion_2,REAL:one-sided,explosion,data/processed/transitions_std121/explosion/explosion_2.mp4,8,120,0.577553207802161,0.4813320156218006,0.4884390414184241,0.557899665305557
GT1__explosion_3,REAL:one-sided,explosion,data/processed/transitions_std121/explosion/explosion_3.mp4,8,120,0.4688051745125468,0.6331362731638607,0.6255893833718742,0.6035514761340837
GT1__explosion_4,REAL:one-sided,explosion,data/processed/transitions_std121/explosion/explosion_4.mp4,8,120,0.7108909429155532,0.3772227593597084,0.3412557881687919,0.7837052682869541
GT1__explosion_5,REAL:one-sided,explosion,data/processed/transitions_std121/explosion/explosion_5.mp4,8,120,0.53384304430223,0.3709897140697039,0.3976713076832163,0.9308986599689132
GT1__explosion_6,REAL:one-sided,explosion,data/processed/transitions_std121/explosion/explosion_6.mp4,8,120,0.566497174785932,0.713048443545917,0.7462032022280713,0.7590712498476018
GT1__explosion_7,REAL:one-sided,explosion,data/processed/transitions_std121/explosion/explosion_7.mp4,8,120,0.334558865056239,0.6670459015782887,0.7275736996676956,0.5584638282684896
GT1__explosion_8,REAL:one-sided,explosion,data/processed/transitions_std121/explosion/explosion_8.mp4,8,120,0.5204568241248724,0.7377306265725884,0.7826653956595698,0.5014235263921362
GT1__explosion_9,REAL:one-sided,explosion,data/processed/transitions_std121/explosion/explosion_9.mp4,8,120,0.4602247283314047,0.6942116706982265,0.6968601001748952,0.7138070153326294
GT1__fire_element_0,REAL:one-sided,fire_element,data/processed/transitions_std121/fire_element/fire_element_0.mp4,8,120,0.4029886555659145,0.609517340633975,0.6518005230335339,0.7831487468835675
GT1__fire_element_1,REAL:one-sided,fire_element,data/processed/transitions_std121/fire_element/fire_element_1.mp4,8,120,0.4017656575820076,0.5040760095512837,0.518440887345695,0.537563666664935
GT1__fire_element_2,REAL:one-sided,fire_element,data/processed/transitions_std121/fire_element/fire_element_2.mp4,8,120,0.435630531006028,0.5276599365898225,0.6017177771560421,0.5558624166986821
GT1__fire_element_3,REAL:one-sided,fire_element,data/processed/transitions_std121/fire_element/fire_element_3.mp4,8,120,0.3999890005366071,0.6107456936238042,0.6523160599287195,0.7934372766948565
GT1__fire_element_4,REAL:one-sided,fire_element,data/processed/transitions_std121/fire_element/fire_element_4.mp4,8,120,0.3540470924344638,0.4874281986801201,0.5208917940086529,0.6842292148816568
GT1__gas_transformation_0,REAL:one-sided,gas_transformation,data/processed/transitions_std121/gas_transformation/gas_transformation_0.mp4,8,120,0.5082940724728369,0.4535855337188889,0.4890773849427935,0.3816688591723461
GT1__gas_transformation_1,REAL:one-sided,gas_transformation,data/processed/transitions_std121/gas_transformation/gas_transformation_1.mp4,8,120,0.5910711928850458,0.5697362359041354,0.4007444028849388,0.31421364156576
GT1__gas_transformation_2,REAL:one-sided,gas_transformation,data/processed/transitions_std121/gas_transformation/gas_transformation_2.mp4,8,120,0.4254386540219528,0.340960128224222,0.3789337929780608,0.4855519596771073
GT1__gas_transformation_3,REAL:one-sided,gas_transformation,data/processed/transitions_std121/gas_transformation/gas_transformation_3.mp4,8,120,0.4332087961542423,0.4234743747450132,0.4862061812400108,0.5325351299524878
GT1__gas_transformation_4,REAL:one-sided,gas_transformation,data/processed/transitions_std121/gas_transformation/gas_transformation_4.mp4,8,120,0.7102546302655706,0.175768882855332,0.1997928165475312,0.5438074587465407
GT1__gas_transformation_5,REAL:one-sided,gas_transformation,data/processed/transitions_std121/gas_transformation/gas_transformation_5.mp4,8,120,0.3616968078637037,0.30740664872935,0.3449577987341419,0.6640369904028306
GT1__gas_transformation_6,REAL:one-sided,gas_transformation,data/processed/transitions_std121/gas_transformation/gas_transformation_6.mp4,8,120,0.5136975664308123,0.274930313607611,0.2818867456715829,0.4055446975474954
GT1__gas_transformation_7,REAL:one-sided,gas_transformation,data/processed/transitions_std121/gas_transformation/gas_transformation_7.mp4,8,120,0.6933875798784781,0.2353829591266299,0.1747681944887214,0.8121915715251974
GT1__gas_transformation_8,REAL:one-sided,gas_transformation,data/processed/transitions_std121/gas_transformation/gas_transformation_8.mp4,8,120,0.5065862333327673,0.452781705458583,0.4882507492584982,0.3820628867030522
GT1__gas_transformation_9,REAL:one-sided,gas_transformation,data/processed/transitions_std121/gas_transformation/gas_transformation_9.mp4,8,120,0.3472436077140464,0.4828126602529386,0.5763811939235598,0.439406912484119
GT1__giant_grab_0,REAL:one-sided,giant_grab,data/processed/transitions_std121/giant_grab/giant_grab_0.mp4,8,120,0.6109681868829413,0.5578162184108905,0.6229875140098181,0.4925283113951927
GT1__giant_grab_1,REAL:one-sided,giant_grab,data/processed/transitions_std121/giant_grab/giant_grab_1.mp4,8,120,0.6617236479130706,0.4916198789143334,0.5126492050857128,0.2871474055797568
GT1__giant_grab_2,REAL:one-sided,giant_grab,data/processed/transitions_std121/giant_grab/giant_grab_2.mp4,8,120,0.717181458232238,0.5326062211314604,0.537588407875557,0.5092264778824447
GT1__giant_grab_3,REAL:one-sided,giant_grab,data/processed/transitions_std121/giant_grab/giant_grab_3.mp4,8,120,0.701757670682136,0.5719368018877237,0.5666553010699005,0.3138354904694813
GT1__giant_grab_4,REAL:one-sided,giant_grab,data/processed/transitions_std121/giant_grab/giant_grab_4.mp4,8,120,0.5823222601404483,0.4918716624769264,0.4892691630509769,0.4102272804748711
GT1__giant_grab_5,REAL:one-sided,giant_grab,data/processed/transitions_std121/giant_grab/giant_grab_5.mp4,8,120,0.6122279911618103,0.5585431997935127,0.6221159054319764,0.4965964825065805
GT1__glitch_0,REAL:one-sided,glitch,data/processed/transitions_std121/glitch/glitch_0.mp4,8,120,0.21527807149997,0.4714059711752966,0.5189219409870119,0.6936841809158882
GT1__glitch_1,REAL:one-sided,glitch,data/processed/transitions_std121/glitch/glitch_1.mp4,8,120,0.4158266476753494,0.4144309046735064,0.462145101084449,0.43811038925746
GT1__glitch_2,REAL:one-sided,glitch,data/processed/transitions_std121/glitch/glitch_2.mp4,8,120,0.2141806661476377,0.5571892153067776,0.6219609340491551,0.5103114085171391
GT1__glitch_3,REAL:one-sided,glitch,data/processed/transitions_std121/glitch/glitch_3.mp4,8,120,0.5666334823931516,0.5819571084085099,0.5977403437506925,0.5673181782357322
GT1__glitch_4,REAL:one-sided,glitch,data/processed/transitions_std121/glitch/glitch_4.mp4,8,120,0.402749191519747,0.5899968538304354,0.6302345584786847,0.8513051315354081
GT1__glitch_5,REAL:one-sided,glitch,data/processed/transitions_std121/glitch/glitch_5.mp4,8,120,0.383343265511,0.3846738443569067,0.4253389970063966,0.6280349859716194
GT1__glitch_6,REAL:one-sided,glitch,data/processed/transitions_std121/glitch/glitch_6.mp4,8,120,0.2175492408572115,0.4719322479836263,0.5193652447426982,0.6919659103912867
GT1__glitch_7,REAL:one-sided,glitch,data/processed/transitions_std121/glitch/glitch_7.mp4,8,120,0.7762423802703373,0.6921165980758754,0.5555494207418179,0.0580999379393674
GT1__hero_flight_0,REAL:one-sided,hero_flight,data/processed/transitions_std121/hero_flight/hero_flight_0.mp4,8,120,0.6132143435058826,0.6844872141107661,0.7591302218644596,0.6104326848886765
GT1__hero_flight_1,REAL:one-sided,hero_flight,data/processed/transitions_std121/hero_flight/hero_flight_1.mp4,8,120,0.6868216170518284,0.5987784740581773,0.6109047079278492,0.7353769521585917
GT1__hero_flight_2,REAL:one-sided,hero_flight,data/processed/transitions_std121/hero_flight/hero_flight_2.mp4,8,120,0.8002426340867284,0.4144810764200092,0.3667836161188361,0.951718868465853
GT1__hero_flight_3,REAL:one-sided,hero_flight,data/processed/transitions_std121/hero_flight/hero_flight_3.mp4,8,120,0.6645509661983493,0.5387009222606918,0.5551522152433113,0.6861650689623832
GT1__hero_flight_4,REAL:one-sided,hero_flight,data/processed/transitions_std121/hero_flight/hero_flight_4.mp4,8,120,0.6570916937969766,0.4087113435205317,0.4489059822783335,0.7490677038339083
GT1__hero_flight_5,REAL:one-sided,hero_flight,data/processed/transitions_std121/hero_flight/hero_flight_5.mp4,8,120,0.6748211379127211,0.5261547948603081,0.5196912485417563,0.6663661894861215
GT1__hero_flight_6,REAL:one-sided,hero_flight,data/processed/transitions_std121/hero_flight/hero_flight_6.mp4,8,120,0.5712477813233046,0.555639825997929,0.561277193121646,0.7390593706637301
GT1__hero_flight_7,REAL:one-sided,hero_flight,data/processed/transitions_std121/hero_flight/hero_flight_7.mp4,8,120,0.5888141326913574,0.8379387132225612,0.8376311831447367,0.551636942642827
GT1__hero_flight_8,REAL:one-sided,hero_flight,data/processed/transitions_std121/hero_flight/hero_flight_8.mp4,8,120,0.6357305161265376,0.3211916918534654,0.3130768113182971,1.119520226768302
GT1__hero_flight_9,REAL:one-sided,hero_flight,data/processed/transitions_std121/hero_flight/hero_flight_9.mp4,8,120,0.6042481547204706,0.5204607489318701,0.5433548631428996,0.768029786439851
GT1__illustration_scene_0,REAL:one-sided,illustration_scene,data/processed/transitions_std121/illustration_scene/illustration_scene_0.mp4,8,120,0.6600320239174158,0.7138942168257766,0.6733680240521472,0.8812599404648787
GT1__illustration_scene_1,REAL:one-sided,illustration_scene,data/processed/transitions_std121/illustration_scene/illustration_scene_1.mp4,8,120,0.3499987696441138,0.3937490947958225,0.4209623691318161,0.9084982933153428
GT1__illustration_scene_2,REAL:one-sided,illustration_scene,data/processed/transitions_std121/illustration_scene/illustration_scene_2.mp4,8,120,0.5875207393049839,0.4374961473978803,0.4322291746967459,0.7447602379343581
GT1__illustration_scene_3,REAL:one-sided,illustration_scene,data/processed/transitions_std121/illustration_scene/illustration_scene_3.mp4,8,120,0.4942736767498743,0.478870676629765,0.5023953171664929,1.0489585082596096
GT1__illustration_scene_4,REAL:one-sided,illustration_scene,data/processed/transitions_std121/illustration_scene/illustration_scene_4.mp4,8,120,0.4516855135515987,0.6730012008888931,0.714838609382124,0.6377177297494242
GT1__illustration_scene_5,REAL:one-sided,illustration_scene,data/processed/transitions_std121/illustration_scene/illustration_scene_5.mp4,8,120,0.627491868233758,0.3995954206707185,0.3904704558612987,0.5277967741206271
GT1__illustration_scene_6,REAL:one-sided,illustration_scene,data/processed/transitions_std121/illustration_scene/illustration_scene_6.mp4,8,120,0.6616214169048611,0.7133363585076936,0.6719545187344577,0.8820759282207333
GT1__illustration_scene_7,REAL:one-sided,illustration_scene,data/processed/transitions_std121/illustration_scene/illustration_scene_7.mp4,8,120,0.7567336304955197,0.4784734712506902,0.383640393224378,0.8501358658333743
GT1__illustration_scene_8,REAL:one-sided,illustration_scene,data/processed/transitions_std121/illustration_scene/illustration_scene_8.mp4,8,120,0.6321725740609256,0.2223050406633993,0.2464393683348654,1.0675684966112102
GT1__illustration_scene_9,REAL:one-sided,illustration_scene,data/processed/transitions_std121/illustration_scene/illustration_scene_9.mp4,8,120,0.619391141576229,0.3661779925446888,0.4232705766191815,1.1250908666707968
GT1__live_concert_0,REAL:one-sided,live_concert,data/processed/transitions_std121/live_concert/live_concert_0.mp4,8,120,0.4982153005053957,0.5948252579506985,0.6919893193919396,1.100751078454474
GT1__live_concert_1,REAL:one-sided,live_concert,data/processed/transitions_std121/live_concert/live_concert_1.mp4,8,120,0.4986210454046005,0.5948205699433855,0.6920275954415551,1.101454576248477
GT1__live_concert_3,REAL:one-sided,live_concert,data/processed/transitions_std121/live_concert/live_concert_3.mp4,8,120,0.5600048548079128,0.7641623848815462,0.6079973061755405,0.8984374120052092
GT1__live_concert_4,REAL:one-sided,live_concert,data/processed/transitions_std121/live_concert/live_concert_4.mp4,8,120,0.6028565989441654,0.7036723816511284,0.5856841637235163,1.0783313953912466
GT1__live_concert_5,REAL:one-sided,live_concert,data/processed/transitions_std121/live_concert/live_concert_5.mp4,8,120,0.4891818387136506,0.6698750086316182,0.5558786447990384,1.0599725949782637
GT1__live_concert_6,REAL:one-sided,live_concert,data/processed/transitions_std121/live_concert/live_concert_6.mp4,8,120,0.5295414665929696,0.7492973526667266,0.804770903222003,0.7716503294333339
GT1__live_concert_7,REAL:one-sided,live_concert,data/processed/transitions_std121/live_concert/live_concert_7.mp4,8,120,0.5654746493186142,0.6248657614058011,0.4832280829226653,1.112206747381483
GT1__luminous_gaze_0,REAL:one-sided,luminous_gaze,data/processed/transitions_std121/luminous_gaze/luminous_gaze_0.mp4,8,120,0.4596713476573764,0.257226057244829,0.3039614648129397,1.2490189368104192
GT1__luminous_gaze_1,REAL:one-sided,luminous_gaze,data/processed/transitions_std121/luminous_gaze/luminous_gaze_1.mp4,8,120,0.4017027101419674,0.3527628893359357,0.4193044269282008,0.9351304914288394
GT1__luminous_gaze_2,REAL:one-sided,luminous_gaze,data/processed/transitions_std121/luminous_gaze/luminous_gaze_2.mp4,8,120,0.4034909831693132,0.3138202311334681,0.3767389109206794,1.0528451174753588
GT1__luminous_gaze_3,REAL:one-sided,luminous_gaze,data/processed/transitions_std121/luminous_gaze/luminous_gaze_3.mp4,8,120,0.3689905928691546,0.2718700200128265,0.2897179323114854,1.163507798524769
GT1__luminous_gaze_4,REAL:one-sided,luminous_gaze,data/processed/transitions_std121/luminous_gaze/luminous_gaze_4.mp4,8,120,0.4496522454995622,0.2580243506568103,0.3038716288353375,1.2736707384876718
GT1__money_rain_0,REAL:one-sided,money_rain,data/processed/transitions_std121/money_rain/money_rain_0.mp4,8,120,0.4475108354741506,0.6472246639604797,0.6609286546077268,0.7258492481041118
GT1__money_rain_1,REAL:one-sided,money_rain,data/processed/transitions_std121/money_rain/money_rain_1.mp4,8,120,0.5372031327203595,0.4846574710610609,0.5599277240092312,0.6267609461126027
GT1__money_rain_2,REAL:one-sided,money_rain,data/processed/transitions_std121/money_rain/money_rain_2.mp4,8,120,0.4014822384569498,0.5567279647020644,0.6175260917173614,0.6633765092489444
GT1__money_rain_3,REAL:one-sided,money_rain,data/processed/transitions_std121/money_rain/money_rain_3.mp4,8,120,0.4192501722543991,0.5369419170337103,0.5880316868617538,0.6576197841040881
GT1__money_rain_4,REAL:one-sided,money_rain,data/processed/transitions_std121/money_rain/money_rain_4.mp4,8,120,0.4441396047343096,0.5261638786170664,0.591629322645499,0.3480640834781018
GT1__money_rain_6,REAL:one-sided,money_rain,data/processed/transitions_std121/money_rain/money_rain_6.mp4,8,120,0.4438814682807674,0.5351940571438741,0.5683518405451781,0.6448952707758033
GT1__money_rain_7,REAL:one-sided,money_rain,data/processed/transitions_std121/money_rain/money_rain_7.mp4,8,120,0.4124366823157901,0.7477417871716769,0.805909917743668,0.5578202352809845
GT1__monstrosity_0,REAL:one-sided,monstrosity,data/processed/transitions_std121/monstrosity/monstrosity_0.mp4,8,120,0.2915786861558533,0.5017465624989945,0.5493544895896171,0.4164750107014192
GT1__monstrosity_1,REAL:one-sided,monstrosity,data/processed/transitions_std121/monstrosity/monstrosity_1.mp4,8,120,0.2878684385029242,0.3500729181801527,0.3899491623195339,0.7269972776714719
GT1__monstrosity_2,REAL:one-sided,monstrosity,data/processed/transitions_std121/monstrosity/monstrosity_2.mp4,8,120,0.3212168603525791,0.389492137455223,0.4259503187647318,0.4979140037010435
GT1__monstrosity_3,REAL:one-sided,monstrosity,data/processed/transitions_std121/monstrosity/monstrosity_3.mp4,8,120,0.2896099005614492,0.5034549001613481,0.5522215397694746,0.4188428059094913
GT1__mystification_0,REAL:one-sided,mystification,data/processed/transitions_std121/mystification/mystification_0.mp4,8,120,0.5202286430185707,0.2728489035057186,0.3035991702421876,0.476136387034712
GT1__mystification_1,REAL:one-sided,mystification,data/processed/transitions_std121/mystification/mystification_1.mp4,8,120,0.5175946613531641,0.2735309637156198,0.3042585893451712,0.4795433904124927
GT1__mystification_2,REAL:one-sided,mystification,data/processed/transitions_std121/mystification/mystification_2.mp4,8,120,0.4925957941026462,0.3428839969873561,0.3455288184347917,0.1909318619437605
GT1__mystification_3,REAL:one-sided,mystification,data/processed/transitions_std121/mystification/mystification_3.mp4,8,120,0.4146665646640661,0.3594388347588169,0.3561374334595358,0.4232895829764967
GT1__mystification_4,REAL:one-sided,mystification,data/processed/transitions_std121/mystification/mystification_4.mp4,8,120,0.4249994672243924,0.3053267556824141,0.3478220969104231,0.5390321264523588
GT1__mystification_5,REAL:one-sided,mystification,data/processed/transitions_std121/mystification/mystification_5.mp4,8,120,0.555888008641259,0.4950908923703344,0.4550398528703008,0.1710937047694232
GT1__nature_bloom_0,REAL:one-sided,nature_bloom,data/processed/transitions_std121/nature_bloom/nature_bloom_0.mp4,8,120,0.2437925771772113,0.5151867459749806,0.5647195835010583,0.7393810035511073
GT1__nature_bloom_1,REAL:one-sided,nature_bloom,data/processed/transitions_std121/nature_bloom/nature_bloom_1.mp4,8,120,0.244958487045708,0.5160757354185228,0.5658160866687645,0.7484941038534005
GT1__nature_bloom_2,REAL:one-sided,nature_bloom,data/processed/transitions_std121/nature_bloom/nature_bloom_2.mp4,8,120,0.259593310062856,0.5890235368716467,0.6494021123632895,0.7602545347142219
GT1__northern_lights_0,REAL:one-sided,northern_lights,data/processed/transitions_std121/northern_lights/northern_lights_0.mp4,8,120,0.4381935338699994,0.6128494095166519,0.6123670515200599,0.7099501552167197
GT1__northern_lights_1,REAL:one-sided,northern_lights,data/processed/transitions_std121/northern_lights/northern_lights_1.mp4,8,120,0.2722799312130184,0.4392830720696427,0.492407730232158,0.5066215081764122
GT1__northern_lights_2,REAL:one-sided,northern_lights,data/processed/transitions_std121/northern_lights/northern_lights_2.mp4,8,120,0.3738176118732699,0.7055536281830457,0.7311910189896088,0.6995266761029213
GT1__northern_lights_3,REAL:one-sided,northern_lights,data/processed/transitions_std121/northern_lights/northern_lights_3.mp4,8,120,0.2084573628704336,0.3790850721804509,0.4222017280062302,0.5442456458046738
GT1__northern_lights_4,REAL:one-sided,northern_lights,data/processed/transitions_std121/northern_lights/northern_lights_4.mp4,8,120,0.3277013166583737,0.5635935549374446,0.6255608531087613,0.8230575435808205
GT1__northern_lights_5,REAL:one-sided,northern_lights,data/processed/transitions_std121/northern_lights/northern_lights_5.mp4,8,120,0.4421393171325705,0.612387576949151,0.6126152122061953,0.7112110319278102
GT1__northern_lights_6,REAL:one-sided,northern_lights,data/processed/transitions_std121/northern_lights/northern_lights_6.mp4,8,120,0.3043035781156695,0.4955733770232488,0.5460102395657112,0.6621754007969234
GT1__northern_lights_7,REAL:one-sided,northern_lights,data/processed/transitions_std121/northern_lights/northern_lights_7.mp4,8,120,0.173722750582421,0.4082035540637725,0.4528215528030678,0.6601369858603292
GT1__northern_lights_8,REAL:one-sided,northern_lights,data/processed/transitions_std121/northern_lights/northern_lights_8.mp4,8,120,0.4182125286766538,0.4666911879905103,0.5224497640129713,1.1470282363250273
GT1__plasma_explosion_0,REAL:one-sided,plasma_explosion,data/processed/transitions_std121/plasma_explosion/plasma_explosion_0.mp4,8,120,0.4240216620422963,0.5974456059738881,0.6220357174395811,0.6227659356655575
GT1__plasma_explosion_1,REAL:one-sided,plasma_explosion,data/processed/transitions_std121/plasma_explosion/plasma_explosion_1.mp4,8,120,0.4400706007981014,0.8097675308417935,0.8245396250200372,0.4375309632596141
GT1__plasma_explosion_2,REAL:one-sided,plasma_explosion,data/processed/transitions_std121/plasma_explosion/plasma_explosion_2.mp4,8,120,0.456091961723942,0.5711815591294673,0.6112516924768642,0.7026670888774232
GT1__plasma_explosion_3,REAL:one-sided,plasma_explosion,data/processed/transitions_std121/plasma_explosion/plasma_explosion_3.mp4,8,120,0.4249627020963897,0.5977838591825242,0.6227924596848616,0.6221223800590988
GT1__plasma_explosion_4,REAL:one-sided,plasma_explosion,data/processed/transitions_std121/plasma_explosion/plasma_explosion_4.mp4,8,120,0.4778128651306408,0.5491320049684465,0.5234087184573754,0.6989584827153855
GT1__point_cloud_0,REAL:one-sided,point_cloud,data/processed/transitions_std121/point_cloud/point_cloud_0.mp4,8,120,0.4844199583785249,0.1292163858700631,0.1462269240104972,1.3278876006220028
GT1__point_cloud_1,REAL:one-sided,point_cloud,data/processed/transitions_std121/point_cloud/point_cloud_1.mp4,8,120,0.3704044126118972,0.8007622591982241,0.9164678509784084,0.2476376608057092
GT1__point_cloud_10,REAL:one-sided,point_cloud,data/processed/transitions_std121/point_cloud/point_cloud_10.mp4,8,120,0.662526356224655,0.2497101951291183,0.2580725747243397,0.7016270503108608
GT1__point_cloud_11,REAL:one-sided,point_cloud,data/processed/transitions_std121/point_cloud/point_cloud_11.mp4,8,120,0.5048801717179452,0.5875414685775888,0.6273966404984275,0.8640637597423395
GT1__point_cloud_12,REAL:one-sided,point_cloud,data/processed/transitions_std121/point_cloud/point_cloud_12.mp4,8,120,0.5471710288226186,0.493489056458026,0.5372221467531388,0.5273820364339077
GT1__point_cloud_2,REAL:one-sided,point_cloud,data/processed/transitions_std121/point_cloud/point_cloud_2.mp4,8,120,0.3743653471999941,0.4068980379748414,0.4685230264793512,0.830355609668468
GT1__point_cloud_3,REAL:one-sided,point_cloud,data/processed/transitions_std121/point_cloud/point_cloud_3.mp4,8,120,0.2896705017760328,0.3170720534064055,0.3953260263597373,1.243019341783397
GT1__point_cloud_4,REAL:one-sided,point_cloud,data/processed/transitions_std121/point_cloud/point_cloud_4.mp4,8,120,0.7469428698381053,0.2915649555042264,0.3261848325966931,1.2995935771934468
GT1__point_cloud_5,REAL:one-sided,point_cloud,data/processed/transitions_std121/point_cloud/point_cloud_5.mp4,8,120,0.8627543278953373,0.2469376764424178,0.2452096726250144,1.4312598859003998
GT1__point_cloud_6,REAL:one-sided,point_cloud,data/processed/transitions_std121/point_cloud/point_cloud_6.mp4,8,120,0.6801278715909218,0.2393687384245562,0.2462546775864841,1.534510240582837
GT1__point_cloud_7,REAL:one-sided,point_cloud,data/processed/transitions_std121/point_cloud/point_cloud_7.mp4,8,120,0.6281199451222406,0.3039192052342389,0.3361394034698463,1.3760661177392968
GT1__point_cloud_8,REAL:one-sided,point_cloud,data/processed/transitions_std121/point_cloud/point_cloud_8.mp4,8,120,0.656607675541593,0.6419061365572998,0.7068466247284694,0.8831576322083603
GT1__point_cloud_9,REAL:one-sided,point_cloud,data/processed/transitions_std121/point_cloud/point_cloud_9.mp4,8,120,0.4596461188763188,0.6658619336163494,0.70759905575701,0.8388680735663286
GT1__polygon_0,REAL:one-sided,polygon,data/processed/transitions_std121/polygon/polygon_0.mp4,8,120,0.7243933705225929,0.3049077700643332,0.3080275952809792,0.6922048774295548
GT1__polygon_1,REAL:one-sided,polygon,data/processed/transitions_std121/polygon/polygon_1.mp4,8,120,0.2705528045422818,0.4231243731467021,0.4575059208478224,0.3657239233651795
GT1__polygon_2,REAL:one-sided,polygon,data/processed/transitions_std121/polygon/polygon_2.mp4,8,120,0.6618818114331977,0.2454705568093484,0.2668886827428564,0.7054417474100306
GT1__polygon_3,REAL:one-sided,polygon,data/processed/transitions_std121/polygon/polygon_3.mp4,8,120,0.7244040473784334,0.3057806963573773,0.3088270994449216,0.6899528529534775
GT1__polygon_4,REAL:one-sided,polygon,data/processed/transitions_std121/polygon/polygon_4.mp4,8,120,0.4840644481641347,0.4746990839904296,0.5060690743683801,0.587903971329938
GT1__polygon_5,REAL:one-sided,polygon,data/processed/transitions_std121/polygon/polygon_5.mp4,8,120,0.8071213828578527,0.4257002048078125,0.4913373783440299,0.4642069161068115
GT1__polygon_6,REAL:one-sided,polygon,data/processed/transitions_std121/polygon/polygon_6.mp4,8,120,0.6763407402176049,0.3941741356598371,0.4737184816252562,0.77038354374247
GT1__polygon_7,REAL:one-sided,polygon,data/processed/transitions_std121/polygon/polygon_7.mp4,8,120,0.6298279834278524,0.4720686335713268,0.5338229591707061,0.4822778244228526
GT1__polygon_8,REAL:one-sided,polygon,data/processed/transitions_std121/polygon/polygon_8.mp4,8,120,0.7104909576125054,0.8123236364274202,0.8690024832939847,0.2781625802913409
GT1__portal_0,REAL:one-sided,portal,data/processed/transitions_std121/portal/portal_0.mp4,8,120,0.5420592855050652,2.734273828553284,3.2235621457323,0.3638451968524514
GT1__portal_1,REAL:one-sided,portal,data/processed/transitions_std121/portal/portal_1.mp4,8,120,0.564470374317255,0.8494162137885578,0.9524604358914897,0.6317239947566665
GT1__portal_10,REAL:one-sided,portal,data/processed/transitions_std121/portal/portal_10.mp4,8,120,0.582351061492006,1.1513278320522475,1.2561220129198392,0.78827846693285
GT1__portal_11,REAL:one-sided,portal,data/processed/transitions_std121/portal/portal_11.mp4,8,120,0.5276185404540923,1.596310766438661,1.642287286079971,0.5707902574010296
GT1__portal_12,REAL:one-sided,portal,data/processed/transitions_std121/portal/portal_12.mp4,8,120,0.426147104121193,1.3090667019225326,1.434150440024702,0.6418510737936752
GT1__portal_13,REAL:one-sided,portal,data/processed/transitions_std121/portal/portal_13.mp4,8,120,0.7005681449819958,0.7749641662498382,0.7923106965266481,0.5986555235866372
GT1__portal_2,REAL:one-sided,portal,data/processed/transitions_std121/portal/portal_2.mp4,8,120,0.686390456127802,0.6143304803237559,0.586582147117732,0.7076207640618978
GT1__portal_4,REAL:one-sided,portal,data/processed/transitions_std121/portal/portal_4.mp4,8,120,0.687154053681406,1.6478307825605591,1.70091136185269,0.8819369928905848
GT1__portal_5,REAL:one-sided,portal,data/processed/transitions_std121/portal/portal_5.mp4,8,120,0.4977472929706561,0.5511691309921287,0.5735139420322062,0.8300026676203531
GT1__portal_6,REAL:one-sided,portal,data/processed/transitions_std121/portal/portal_6.mp4,8,120,0.5569785844541866,0.8228238909343736,0.8342790059450398,0.7571933023628825
GT1__portal_7,REAL:one-sided,portal,data/processed/transitions_std121/portal/portal_7.mp4,8,120,0.7475893199586194,0.4051188031663287,0.427624922561755,1.4376911256608993
GT1__portal_8,REAL:one-sided,portal,data/processed/transitions_std121/portal/portal_8.mp4,8,120,0.5314243191142694,0.6935905448104208,0.7062507733960974,0.7055771011456384
GT1__portal_9,REAL:one-sided,portal,data/processed/transitions_std121/portal/portal_9.mp4,8,120,0.6244403965361429,2.480039587902035,2.52216198069129,0.5076052515711195
GT1__action_run_setonfire_6,REAL:one-sided,run_set_on_fire,data/processed/transitions_std121/run_set_on_fire/action_run_setonfire_6.mp4,8,120,0.5426825971188529,0.3838938578596509,0.3647711886927988,0.8280305946090559
GT1__action_run_setonfire_7,REAL:one-sided,run_set_on_fire,data/processed/transitions_std121/run_set_on_fire/action_run_setonfire_7.mp4,8,120,0.5462037674005291,0.4092671112140386,0.3901812705891516,0.8022482858133402
GT1__saint_glow_0,REAL:one-sided,saint_glow,data/processed/transitions_std121/saint_glow/saint_glow_0.mp4,8,120,0.5810522518988803,0.5821470424612942,0.5926161643066529,0.3157453089406424
GT1__saint_glow_1,REAL:one-sided,saint_glow,data/processed/transitions_std121/saint_glow/saint_glow_1.mp4,8,120,0.5183099667691968,0.5393545597557795,0.6156244480486626,0.2801693468398026
GT1__saint_glow_2,REAL:one-sided,saint_glow,data/processed/transitions_std121/saint_glow/saint_glow_2.mp4,8,120,0.5226692662647539,0.3798079433315717,0.3750256989254181,0.3403643188008999
GT1__saint_glow_3,REAL:one-sided,saint_glow,data/processed/transitions_std121/saint_glow/saint_glow_3.mp4,8,120,0.4511530421546217,0.4147040923871375,0.4659252652674748,0.5191119814532497
GT1__saint_glow_4,REAL:one-sided,saint_glow,data/processed/transitions_std121/saint_glow/saint_glow_4.mp4,8,120,0.5742695493807808,0.5809819799693399,0.5912469810692678,0.3208359291552129
GT1__sakura_petals_0,REAL:one-sided,sakura_petals,data/processed/transitions_std121/sakura_petals/sakura_petals_0.mp4,8,120,0.3522213435884791,0.4704148321443163,0.5418854355572501,0.4403297893293896
GT1__sakura_petals_1,REAL:one-sided,sakura_petals,data/processed/transitions_std121/sakura_petals/sakura_petals_1.mp4,8,120,0.35348735633499,0.470818038592826,0.5415407618582544,0.446280930954918
GT1__sakura_petals_2,REAL:one-sided,sakura_petals,data/processed/transitions_std121/sakura_petals/sakura_petals_2.mp4,8,120,0.4711292365080444,0.5669947766009013,0.5849080429351753,0.4242285652909849
GT1__shadow_0,REAL:one-sided,shadow,data/processed/transitions_std121/shadow/shadow_0.mp4,8,120,0.4152682296851386,0.6072477842301743,0.5583514580719107,0.5510069692076898
GT1__shadow_1,REAL:one-sided,shadow,data/processed/transitions_std121/shadow/shadow_1.mp4,8,120,0.4813756571168199,0.3002385714778499,0.328099048296423,0.8274150872832545
GT1__shadow_10,REAL:one-sided,shadow,data/processed/transitions_std121/shadow/shadow_10.mp4,8,120,0.3749899702860018,0.3076617074441737,0.3328645732802353,1.2899553249608642
GT1__shadow_11,REAL:one-sided,shadow,data/processed/transitions_std121/shadow/shadow_11.mp4,8,120,0.3603458237445298,0.2655651742714642,0.2767829035163734,0.6731298359133823
GT1__shadow_12,REAL:one-sided,shadow,data/processed/transitions_std121/shadow/shadow_12.mp4,8,120,0.3691873594422259,0.3687873441630788,0.4122755472860575,0.4967018734358452
GT1__shadow_13,REAL:one-sided,shadow,data/processed/transitions_std121/shadow/shadow_13.mp4,8,120,0.4336318043562168,0.2767551522347707,0.2939202075034326,0.8059653004903095
GT1__shadow_14,REAL:one-sided,shadow,data/processed/transitions_std121/shadow/shadow_14.mp4,8,120,0.5324321850471299,0.2498415829669423,0.247445448433409,0.636463425102852
GT1__shadow_2,REAL:one-sided,shadow,data/processed/transitions_std121/shadow/shadow_2.mp4,8,120,0.5210974859963737,0.2640513700529244,0.2748764689445523,0.4747142227984628
GT1__shadow_3,REAL:one-sided,shadow,data/processed/transitions_std121/shadow/shadow_3.mp4,8,120,0.5569104398554163,0.4489168160324797,0.4987491096850229,1.2776344040427492
GT1__shadow_4,REAL:one-sided,shadow,data/processed/transitions_std121/shadow/shadow_4.mp4,8,120,0.4796083078467894,0.4359464800937303,0.4622344175923474,0.9181943829719672
GT1__shadow_5,REAL:one-sided,shadow,data/processed/transitions_std121/shadow/shadow_5.mp4,8,120,0.345024848038147,0.3483742179741603,0.3918031198031076,0.7009064328256269
GT1__shadow_6,REAL:one-sided,shadow,data/processed/transitions_std121/shadow/shadow_6.mp4,8,120,0.2761274998213723,0.4468942855673123,0.5063889539438549,0.4862994058513855
GT1__shadow_7,REAL:one-sided,shadow,data/processed/transitions_std121/shadow/shadow_7.mp4,8,120,0.3623562544342154,0.3465184021399947,0.3823408876709994,1.0822051444618386
GT1__shadow_8,REAL:one-sided,shadow,data/processed/transitions_std121/shadow/shadow_8.mp4,8,120,0.3961271201030114,0.3900204386070441,0.454951473784871,1.376874284309161
GT1__shadow_9,REAL:one-sided,shadow,data/processed/transitions_std121/shadow/shadow_9.mp4,8,120,0.4862481140060284,0.2651274597336915,0.2629214482989992,0.4737480759446513
GT1__super_fast_run_0,REAL:one-sided,super_fast_run,data/processed/transitions_std121/super_fast_run/super_fast_run_0.mp4,8,120,0.4407511497737399,0.6528514361653248,0.6496684638106213,0.5621207469551298
GT1__super_fast_run_1,REAL:one-sided,super_fast_run,data/processed/transitions_std121/super_fast_run/super_fast_run_1.mp4,8,120,0.5166060821967322,0.4965547807839368,0.5530614390351083,0.714750512991293
GT1__super_fast_run_10,REAL:one-sided,super_fast_run,data/processed/transitions_std121/super_fast_run/super_fast_run_10.mp4,8,120,0.5119832539312879,0.5573540240196081,0.5802715464508652,0.4786439421258815
GT1__super_fast_run_12,REAL:one-sided,super_fast_run,data/processed/transitions_std121/super_fast_run/super_fast_run_12.mp4,8,120,0.4328738377739487,0.5668133367186229,0.5629912189642055,0.8490327405786694
GT1__super_fast_run_2,REAL:one-sided,super_fast_run,data/processed/transitions_std121/super_fast_run/super_fast_run_2.mp4,8,120,0.5007802756290214,0.7106253028658444,0.7544183412611132,0.7558786449432043
GT1__super_fast_run_3,REAL:one-sided,super_fast_run,data/processed/transitions_std121/super_fast_run/super_fast_run_3.mp4,8,120,0.5148141502135544,0.5081389231284255,0.562076277081789,0.8442891122286167
GT1__super_fast_run_4,REAL:one-sided,super_fast_run,data/processed/transitions_std121/super_fast_run/super_fast_run_4.mp4,8,120,0.4860194795988404,0.4893501393450126,0.5459540484565211,0.5851919178826285
GT1__super_fast_run_5,REAL:one-sided,super_fast_run,data/processed/transitions_std121/super_fast_run/super_fast_run_5.mp4,8,120,0.4638447485043735,0.5271702493502397,0.5764555990059818,0.4706125539531858
GT1__super_fast_run_6,REAL:one-sided,super_fast_run,data/processed/transitions_std121/super_fast_run/super_fast_run_6.mp4,8,120,0.5559972014994503,0.7248561629320549,0.6964039808300927,0.5373089295524761
GT1__super_fast_run_7,REAL:one-sided,super_fast_run,data/processed/transitions_std121/super_fast_run/super_fast_run_7.mp4,8,120,0.4420446414061167,0.6432092231086857,0.6275769282671056,0.5408132022030935
GT1__super_fast_run_8,REAL:one-sided,super_fast_run,data/processed/transitions_std121/super_fast_run/super_fast_run_8.mp4,8,120,0.5770705843854034,0.4349767439689848,0.4696692760612811,0.776861046001312
GT1__super_fast_run_9,REAL:one-sided,super_fast_run,data/processed/transitions_std121/super_fast_run/super_fast_run_9.mp4,8,120,0.458452338494874,0.507422548772486,0.505345413831585,0.5904661062329489
GT1__train_rush_0,REAL:one-sided,train_rush,data/processed/transitions_std121/train_rush/train_rush_0.mp4,8,120,0.5067987327974286,2.437203024302652,2.959017689185204,0.2663236552837237
GT1__train_rush_1,REAL:one-sided,train_rush,data/processed/transitions_std121/train_rush/train_rush_1.mp4,8,120,0.6259636871065057,3.012779088052428,4.5558557072422,0.2139358446946572
GT1__train_rush_10,REAL:one-sided,train_rush,data/processed/transitions_std121/train_rush/train_rush_10.mp4,8,120,0.4464993391628569,1.4523807638873756,1.5276136661182658,0.6481110459984144
GT1__train_rush_11,REAL:one-sided,train_rush,data/processed/transitions_std121/train_rush/train_rush_11.mp4,8,120,0.5639027085565158,0.4088235528476463,0.4720958808972402,1.122657835888471
GT1__train_rush_12,REAL:one-sided,train_rush,data/processed/transitions_std121/train_rush/train_rush_12.mp4,8,120,0.6564167789976656,0.7561796686823367,0.7812544037883675,0.633570949583314
GT1__train_rush_2,REAL:one-sided,train_rush,data/processed/transitions_std121/train_rush/train_rush_2.mp4,8,120,0.7718774808940363,0.5247639533091223,0.3839697960231342,1.0815696630457057
GT1__train_rush_3,REAL:one-sided,train_rush,data/processed/transitions_std121/train_rush/train_rush_3.mp4,8,120,0.5098866905977748,2.4301756490858653,2.948787150112394,0.2665525679679473
GT1__train_rush_4,REAL:one-sided,train_rush,data/processed/transitions_std121/train_rush/train_rush_4.mp4,8,120,0.5099864956023175,0.7071252947899641,0.7360936813490395,0.9103843874179984
GT1__train_rush_5,REAL:one-sided,train_rush,data/processed/transitions_std121/train_rush/train_rush_5.mp4,8,120,0.4452834357418276,0.7274350870737576,0.7502851078450432,0.8876485657907861
GT1__train_rush_6,REAL:one-sided,train_rush,data/processed/transitions_std121/train_rush/train_rush_6.mp4,8,120,0.6141547368603673,0.3789010607176951,0.449146167619601,1.0934142772512911
GT1__train_rush_7,REAL:one-sided,train_rush,data/processed/transitions_std121/train_rush/train_rush_7.mp4,8,120,0.6026443592987651,0.5787793911661698,0.5509674442954474,0.512268941295659
GT1__train_rush_8,REAL:one-sided,train_rush,data/processed/transitions_std121/train_rush/train_rush_8.mp4,8,120,0.3759566063699973,1.3792178561344135,1.4801690888439742,0.48183580349487
GT1__train_rush_9,REAL:one-sided,train_rush,data/processed/transitions_std121/train_rush/train_rush_9.mp4,8,120,0.5923553796471892,0.5481608152513116,0.512800565835338,0.6429477630590427
GT1__water_element_0,REAL:one-sided,water_element,data/processed/transitions_std121/water_element/water_element_0.mp4,8,120,0.4598738174909191,0.4231746824048041,0.4650063753085839,0.2645310481936861
GT1__water_element_1,REAL:one-sided,water_element,data/processed/transitions_std121/water_element/water_element_1.mp4,8,120,0.4644861429920379,0.3771482442671707,0.4200342729207812,0.3760171673156666
GT1__water_element_2,REAL:one-sided,water_element,data/processed/transitions_std121/water_element/water_element_2.mp4,8,120,0.5183918831308365,0.3419289215819391,0.3737327339660033,0.3651208693312852
GT1__water_element_3,REAL:one-sided,water_element,data/processed/transitions_std121/water_element/water_element_3.mp4,8,120,0.4463482943546619,0.4256931811367143,0.4684372757493343,0.2638626549241766
GT1__water_element_4,REAL:one-sided,water_element,data/processed/transitions_std121/water_element/water_element_4.mp4,8,120,0.352043983675262,0.4733926378716702,0.5405443950456982,0.6300336435552291
GT1__water_element_5,REAL:one-sided,water_element,data/processed/transitions_std121/water_element/water_element_5.mp4,8,120,0.4882223332373647,0.4455196547675461,0.5160560631844243,0.4939927950990886
GT1__wireframe_0,REAL:one-sided,wireframe,data/processed/transitions_std121/wireframe/wireframe_0.mp4,8,120,0.725157331053492,0.1366523158147735,0.1566834925833762,1.616409041657629
GT1__wireframe_1,REAL:one-sided,wireframe,data/processed/transitions_std121/wireframe/wireframe_1.mp4,8,120,0.7654303867616667,0.0848325450459248,0.0832349214665187,1.456984658027029
GT1__wireframe_2,REAL:one-sided,wireframe,data/processed/transitions_std121/wireframe/wireframe_2.mp4,8,120,0.4773788178796783,0.0754675696734969,0.0836729988904346,1.499455027003739
GT1__wireframe_3,REAL:one-sided,wireframe,data/processed/transitions_std121/wireframe/wireframe_3.mp4,8,120,0.7508080679627391,0.3340796821711928,0.3791105800657113,1.3333476602650554
GT1__wireframe_4,REAL:one-sided,wireframe,data/processed/transitions_std121/wireframe/wireframe_4.mp4,8,120,0.5803175186786715,0.1543936722478837,0.1544069580527223,1.3946315538481042
GT1__wireframe_5,REAL:one-sided,wireframe,data/processed/transitions_std121/wireframe/wireframe_5.mp4,8,120,0.4922515714966695,0.3262828866136543,0.3392481381067901,1.044921915629641
GT1__wireframe_6,REAL:one-sided,wireframe,data/processed/transitions_std121/wireframe/wireframe_6.mp4,8,120,0.6223782511839646,0.1132371814500046,0.1237966279620289,1.427806353795977
GT1__wireframe_7,REAL:one-sided,wireframe,data/processed/transitions_std121/wireframe/wireframe_7.mp4,8,120,0.5270403245169644,0.233317294538531,0.2666886178458335,1.159522072421368
GT1__wireframe_8,REAL:one-sided,wireframe,data/processed/transitions_std121/wireframe/wireframe_8.mp4,8,120,0.6332929575683077,0.140887098900936,0.1290398123334232,0.9495991977729666
GT1__wonderland_0,REAL:one-sided,wonderland,data/processed/transitions_std121/wonderland/wonderland_0.mp4,8,120,0.5956852000371062,0.4774859780172324,0.5463080380564824,0.7263993370811989
GT1__wonderland_1,REAL:one-sided,wonderland,data/processed/transitions_std121/wonderland/wonderland_1.mp4,8,120,0.5965473537578425,0.4785381469788204,0.5478688251744329,0.7342799228294907
GT1__wonderland_2,REAL:one-sided,wonderland,data/processed/transitions_std121/wonderland/wonderland_2.mp4,8,120,0.4896880706074138,0.5858551500370511,0.6343136721675321,0.5836447781109955
GT1__x_ray_0,REAL:one-sided,x_ray,data/processed/transitions_std121/x_ray/x_ray_0.mp4,8,120,0.4921476418429298,0.4459696048291814,0.4040093211964967,1.112454918768769
GT1__x_ray_1,REAL:one-sided,x_ray,data/processed/transitions_std121/x_ray/x_ray_1.mp4,8,120,0.282890942285134,0.3196917461860081,0.3569919490976364,0.7869233548712251
GT1__x_ray_10,REAL:one-sided,x_ray,data/processed/transitions_std121/x_ray/x_ray_10.mp4,8,120,0.5541426331485764,0.2895536391984672,0.2948490738324102,0.6756371760197284
GT1__x_ray_11,REAL:one-sided,x_ray,data/processed/transitions_std121/x_ray/x_ray_11.mp4,8,120,0.4582098923048958,0.5186008247183148,0.5677381034703309,0.9633120415087448
GT1__x_ray_12,REAL:one-sided,x_ray,data/processed/transitions_std121/x_ray/x_ray_12.mp4,8,120,0.4226549440108293,0.5068289061306327,0.5937763869803564,1.0634986231990262
GT1__x_ray_13,REAL:one-sided,x_ray,data/processed/transitions_std121/x_ray/x_ray_13.mp4,8,120,0.556778716059477,0.3994398589178922,0.4638052235303473,0.713467051076004
GT1__x_ray_14,REAL:one-sided,x_ray,data/processed/transitions_std121/x_ray/x_ray_14.mp4,8,120,0.5090104461934826,0.4029968880449489,0.4409291146047779,1.0006587934569082
GT1__x_ray_15,REAL:one-sided,x_ray,data/processed/transitions_std121/x_ray/x_ray_15.mp4,8,120,0.5543191656538216,0.2067180870695574,0.2317460930219148,1.1350853393847498
GT1__x_ray_2,REAL:one-sided,x_ray,data/processed/transitions_std121/x_ray/x_ray_2.mp4,8,120,0.271059466223748,0.4842200063778711,0.4970405577969253,1.014462313628148
GT1__x_ray_3,REAL:one-sided,x_ray,data/processed/transitions_std121/x_ray/x_ray_3.mp4,8,120,0.4683175964941277,0.3478413294737642,0.3991706559567473,1.1849623355334904
GT1__x_ray_4,REAL:one-sided,x_ray,data/processed/transitions_std121/x_ray/x_ray_4.mp4,8,120,0.3620834827656454,0.531135073639426,0.6210817873822482,0.8087450140591789
GT1__x_ray_5,REAL:one-sided,x_ray,data/processed/transitions_std121/x_ray/x_ray_5.mp4,8,120,0.4877113558915062,0.4363135446815956,0.4980132512777137,0.7756541123776498
GT1__x_ray_6,REAL:one-sided,x_ray,data/processed/transitions_std121/x_ray/x_ray_6.mp4,8,120,0.6173737141696256,0.3139428570277637,0.3723816618768813,0.8503881693597415
GT1__x_ray_7,REAL:one-sided,x_ray,data/processed/transitions_std121/x_ray/x_ray_7.mp4,8,120,0.5942621811902109,0.3856142857774827,0.4274668223100348,1.1103204895481171
GT1__x_ray_8,REAL:one-sided,x_ray,data/processed/transitions_std121/x_ray/x_ray_8.mp4,8,120,0.46008061645211,0.4273108854885801,0.4982484447184445,0.8537481180165167
GT1__x_ray_9,REAL:one-sided,x_ray,data/processed/transitions_std121/x_ray/x_ray_9.mp4,8,120,0.5856853791065613,0.2900322446244981,0.2873312279855943,0.7544336413313358
GT1__ed.Acid_mist_limb_transformation.01023k013no0kksp.F,REAL:one-sided,ed.Acid_mist_limb_transformation,data/processed/transitions_std121/ed.Acid_mist_limb_transformation/ed.Acid_mist_limb_transformation.01023k013no0kksp.F.mp4,8,80,0.23117818623041875,0.5909297857688712,0.6331793922502421,0.6395406949000793
GT1__ed.Acid_mist_limb_transformation.01024b0154hjfowa.F,REAL:one-sided,ed.Acid_mist_limb_transformation,data/processed/transitions_std121/ed.Acid_mist_limb_transformation/ed.Acid_mist_limb_transformation.01024b0154hjfowa.F.mp4,8,80,0.34462572616157305,0.5136198692765416,0.5759274143401873,0.6862192959182707
GT1__ed.Acid_mist_limb_transformation.031b8059.F,REAL:one-sided,ed.Acid_mist_limb_transformation,data/processed/transitions_std121/ed.Acid_mist_limb_transformation/ed.Acid_mist_limb_transformation.031b8059.F.mp4,8,80,0.2572762573527163,0.47812769616403217,0.5291538232035058,0.9285731981695347
GT1__ed.Acid_mist_limb_transformation.03466a57.F,REAL:one-sided,ed.Acid_mist_limb_transformation,data/processed/transitions_std121/ed.Acid_mist_limb_transformation/ed.Acid_mist_limb_transformation.03466a57.F.mp4,8,80,0.32377355855503076,0.5662041615912636,0.6397350583752686,0.5674737223565595
GT1__ed.Acid_mist_limb_transformation.0f4fc4edacb19f56.M,REAL:one-sided,ed.Acid_mist_limb_transformation,data/processed/transitions_std121/ed.Acid_mist_limb_transformation/ed.Acid_mist_limb_transformation.0f4fc4edacb19f56.M.mp4,8,80,0.40643531790062126,0.4150119913400252,0.46347506861757887,0.5898703905258567
GT1__ed.Acid_mist_limb_transformation.163268f8.F,REAL:one-sided,ed.Acid_mist_limb_transformation,data/processed/transitions_std121/ed.Acid_mist_limb_transformation/ed.Acid_mist_limb_transformation.163268f8.F.mp4,8,80,0.27762112220709856,0.5261684697114007,0.5761121093556449,0.6207163774436489
GT1__ed.Acid_mist_limb_transformation.1d0f13c7.F,REAL:one-sided,ed.Acid_mist_limb_transformation,data/processed/transitions_std121/ed.Acid_mist_limb_transformation/ed.Acid_mist_limb_transformation.1d0f13c7.F.mp4,8,80,0.27171078971382934,0.5860152221173957,0.6649938059758169,0.6856368225022546
GT1__ed.Acid_mist_limb_transformation.230479cc.F,REAL:one-sided,ed.Acid_mist_limb_transformation,data/processed/transitions_std121/ed.Acid_mist_limb_transformation/ed.Acid_mist_limb_transformation.230479cc.F.mp4,8,80,0.3472891648855354,0.5256831895973726,0.5762473292469058,0.5059493421406988
GT1__ed.Acid_mist_limb_transformation.4373694d.F,REAL:one-sided,ed.Acid_mist_limb_transformation,data/processed/transitions_std121/ed.Acid_mist_limb_transformation/ed.Acid_mist_limb_transformation.4373694d.F.mp4,8,80,0.2625270946428533,0.41743538177501993,0.45475778473275874,0.8153313638238726
GT1__ed.Acid_mist_limb_transformation.4992e82b.F,REAL:one-sided,ed.Acid_mist_limb_transformation,data/processed/transitions_std121/ed.Acid_mist_limb_transformation/ed.Acid_mist_limb_transformation.4992e82b.F.mp4,8,80,0.40342033592111437,0.45597197436022513,0.5109627532356038,0.4421837779674396
GT1__ed.Acid_mist_ring_barrier.124845165dd76dbe.M,REAL:one-sided,ed.Acid_mist_ring_barrier,data/processed/transitions_std121/ed.Acid_mist_ring_barrier/ed.Acid_mist_ring_barrier.124845165dd76dbe.M.mp4,8,80,0.573074903168548,0.4026570798241098,0.3872088381930024,1.1376594004632508
GT1__ed.Acidic_Body_Aura.1666bbc4d89600ca.M,REAL:one-sided,ed.Acidic_Body_Aura,data/processed/transitions_std121/ed.Acidic_Body_Aura/ed.Acidic_Body_Aura.1666bbc4d89600ca.M.mp4,8,80,0.2938054610390426,0.5019312434296234,0.5274970625084592,0.9643500115350416
GT1__ed.Amber_crystal_wings_on_back.004c47d4.F,REAL:one-sided,ed.Amber_crystal_wings_on_back,data/processed/transitions_std121/ed.Amber_crystal_wings_on_back/ed.Amber_crystal_wings_on_back.004c47d4.F.mp4,8,80,0.5493996193963226,0.5688191554836097,0.6373348946118558,0.7572686884079715
GT1__ed.Amber_crystal_wings_on_back.0b899d5068edcb66.M,REAL:one-sided,ed.Amber_crystal_wings_on_back,data/processed/transitions_std121/ed.Amber_crystal_wings_on_back/ed.Amber_crystal_wings_on_back.0b899d5068edcb66.M.mp4,8,80,0.4183769835618185,0.5330330369551501,0.5979002771514421,0.6565747446281466
GT1__ed.Amber_crystal_wings_on_back.179ee267.F,REAL:one-sided,ed.Amber_crystal_wings_on_back,data/processed/transitions_std121/ed.Amber_crystal_wings_on_back/ed.Amber_crystal_wings_on_back.179ee267.F.mp4,8,80,0.311530879132909,0.4788548277377648,0.5217636294632179,0.6222414786416403
GT1__ed.Amber_crystal_wings_on_back.17afd067.F,REAL:one-sided,ed.Amber_crystal_wings_on_back,data/processed/transitions_std121/ed.Amber_crystal_wings_on_back/ed.Amber_crystal_wings_on_back.17afd067.F.mp4,8,80,0.34463072493060243,0.6028849910132648,0.634904340302194,0.7970992526781527
GT1__ed.Amber_crystal_wings_on_back.1c59f6a0.F,REAL:one-sided,ed.Amber_crystal_wings_on_back,data/processed/transitions_std121/ed.Amber_crystal_wings_on_back/ed.Amber_crystal_wings_on_back.1c59f6a0.F.mp4,8,80,0.30909764537626105,0.557068307064651,0.6500679540224231,0.8132271957030465
GT1__ed.Amber_crystal_wings_on_back.74338fd6ddab169a.M,REAL:one-sided,ed.Amber_crystal_wings_on_back,data/processed/transitions_std121/ed.Amber_crystal_wings_on_back/ed.Amber_crystal_wings_on_back.74338fd6ddab169a.M.mp4,8,80,0.32287101130092477,0.5098390282547793,0.5644015062372076,0.7716343086059554
GT1__ed.Amber_crystal_wings_on_back.993c4486af1416bd.M,REAL:one-sided,ed.Amber_crystal_wings_on_back,data/processed/transitions_std121/ed.Amber_crystal_wings_on_back/ed.Amber_crystal_wings_on_back.993c4486af1416bd.M.mp4,8,80,0.3205804185689298,0.5093217593326528,0.566243695017055,0.8032926417591065
GT1__ed.Amber_crystal_wings_on_back.cat-48b88619.Z,REAL:one-sided,ed.Amber_crystal_wings_on_back,data/processed/transitions_std121/ed.Amber_crystal_wings_on_back/ed.Amber_crystal_wings_on_back.cat-48b88619.Z.mp4,8,80,0.5062107704724543,0.43280920709490567,0.4444207035730513,0.8695807176439301
GT1__ed.Amber_crystal_wings_on_back.horse-68185e40.Z,REAL:one-sided,ed.Amber_crystal_wings_on_back,data/processed/transitions_std121/ed.Amber_crystal_wings_on_back/ed.Amber_crystal_wings_on_back.horse-68185e40.Z.mp4,8,80,0.2315836590249094,0.5089139849339458,0.5673712872643337,0.7537120548035533
GT1__ed.Amber_crystal_wings_on_back.snake-4fc5450e.Z,REAL:one-sided,ed.Amber_crystal_wings_on_back,data/processed/transitions_std121/ed.Amber_crystal_wings_on_back/ed.Amber_crystal_wings_on_back.snake-4fc5450e.Z.mp4,8,80,0.2742497842754994,0.45102023195983953,0.498129453807819,1.2666227376410675
GT1__ed.Amber_roots_from_feet.140f18915e0e58bd.M,REAL:one-sided,ed.Amber_roots_from_feet,data/processed/transitions_std121/ed.Amber_roots_from_feet/ed.Amber_roots_from_feet.140f18915e0e58bd.M.mp4,8,80,0.31094437831513155,0.3839348902878924,0.41056702148053026,0.41795336623011553
GT1__ed.Amber_roots_from_feet.1835f3ac065a039d.M,REAL:one-sided,ed.Amber_roots_from_feet,data/processed/transitions_std121/ed.Amber_roots_from_feet/ed.Amber_roots_from_feet.1835f3ac065a039d.M.mp4,8,80,0.3472211319787586,0.45784380145135684,0.4991471373692388,0.893690222319513
GT1__ed.Amber_roots_from_feet.19b64bed.F,REAL:one-sided,ed.Amber_roots_from_feet,data/processed/transitions_std121/ed.Amber_roots_from_feet/ed.Amber_roots_from_feet.19b64bed.F.mp4,8,80,0.4770924955042324,0.5045261117909232,0.5418367095032187,0.9980319146621158
GT1__ed.Amber_roots_from_feet.1bba291a.F,REAL:one-sided,ed.Amber_roots_from_feet,data/processed/transitions_std121/ed.Amber_roots_from_feet/ed.Amber_roots_from_feet.1bba291a.F.mp4,8,80,0.45884739097058524,0.42282951242200006,0.4526412867463456,0.6304570363266099
GT1__ed.Amber_roots_from_feet.204cd549.F,REAL:one-sided,ed.Amber_roots_from_feet,data/processed/transitions_std121/ed.Amber_roots_from_feet/ed.Amber_roots_from_feet.204cd549.F.mp4,8,80,0.43511896586713106,0.48965564876755,0.5036237389212426,0.558315287935683
GT1__ed.Amber_roots_from_feet.20d2cfea.F,REAL:one-sided,ed.Amber_roots_from_feet,data/processed/transitions_std121/ed.Amber_roots_from_feet/ed.Amber_roots_from_feet.20d2cfea.F.mp4,8,80,0.4746791511155595,0.5189855894178226,0.520502798590942,0.39808981944149213
GT1__ed.Amber_roots_from_feet.367dcb13.F,REAL:one-sided,ed.Amber_roots_from_feet,data/processed/transitions_std121/ed.Amber_roots_from_feet/ed.Amber_roots_from_feet.367dcb13.F.mp4,8,80,0.4997116462369571,0.5999002843420334,0.6931579980299997,0.49609538320610186
GT1__ed.Amber_roots_from_feet.4206579c.F,REAL:one-sided,ed.Amber_roots_from_feet,data/processed/transitions_std121/ed.Amber_roots_from_feet/ed.Amber_roots_from_feet.4206579c.F.mp4,8,80,0.3560921232454657,0.5000633551385139,0.5288260988604179,0.6134514241115298
GT1__ed.Amber_roots_from_feet.b1c41aca9ebede4f.M,REAL:one-sided,ed.Amber_roots_from_feet,data/processed/transitions_std121/ed.Amber_roots_from_feet/ed.Amber_roots_from_feet.b1c41aca9ebede4f.M.mp4,8,80,0.3403997505126073,0.49041818706116125,0.5614084933725495,1.005971909195145
GT1__ed.Amber_roots_from_feet.d77ea81a4cc5491f.M,REAL:one-sided,ed.Amber_roots_from_feet,data/processed/transitions_std121/ed.Amber_roots_from_feet/ed.Amber_roots_from_feet.d77ea81a4cc5491f.M.mp4,8,80,0.3385717183383281,0.43281040990778996,0.48187403928136063,0.8090510892488083
GT1__ed.Amber_streams_from_eyes.0384d5cd.F,REAL:one-sided,ed.Amber_streams_from_eyes,data/processed/transitions_std121/ed.Amber_streams_from_eyes/ed.Amber_streams_from_eyes.0384d5cd.F.mp4,8,80,0.363851366501297,0.4411033790164598,0.4917970919197139,0.6582560452625449
GT1__ed.Amber_streams_from_eyes.072d88d7.F,REAL:one-sided,ed.Amber_streams_from_eyes,data/processed/transitions_std121/ed.Amber_streams_from_eyes/ed.Amber_streams_from_eyes.072d88d7.F.mp4,8,80,0.4049464264603575,0.45832458482134286,0.4985220098977458,0.8866255596303064
GT1__ed.Amber_streams_from_eyes.09ce2d0c.F,REAL:one-sided,ed.Amber_streams_from_eyes,data/processed/transitions_std121/ed.Amber_streams_from_eyes/ed.Amber_streams_from_eyes.09ce2d0c.F.mp4,8,80,0.3123874826108326,0.42253906179776457,0.47854026575830105,0.6733819729536381
GT1__ed.Amber_streams_from_eyes.163ded7ec9e49fc8.M,REAL:one-sided,ed.Amber_streams_from_eyes,data/processed/transitions_std121/ed.Amber_streams_from_eyes/ed.Amber_streams_from_eyes.163ded7ec9e49fc8.M.mp4,8,80,0.500093979196891,0.3313720866818463,0.34023365931271415,0.7022959135862217
GT1__ed.Amber_streams_from_eyes.230baaa4.F,REAL:one-sided,ed.Amber_streams_from_eyes,data/processed/transitions_std121/ed.Amber_streams_from_eyes/ed.Amber_streams_from_eyes.230baaa4.F.mp4,8,80,0.3682529603643401,0.4512238750584703,0.5525845847617306,0.584940826585133
GT1__ed.Amber_streams_from_eyes.2a70dafb.F,REAL:one-sided,ed.Amber_streams_from_eyes,data/processed/transitions_std121/ed.Amber_streams_from_eyes/ed.Amber_streams_from_eyes.2a70dafb.F.mp4,8,80,0.3629534508649286,0.45047718454504876,0.49829852721429096,0.6607452870643961
GT1__ed.Amber_streams_from_eyes.3ac7086cb324d068.M,REAL:one-sided,ed.Amber_streams_from_eyes,data/processed/transitions_std121/ed.Amber_streams_from_eyes/ed.Amber_streams_from_eyes.3ac7086cb324d068.M.mp4,8,80,0.3832866531182435,0.45125282012437784,0.4862476835838372,0.74684009075676
GT1__ed.Amber_streams_from_eyes.45989e256245170c.M,REAL:one-sided,ed.Amber_streams_from_eyes,data/processed/transitions_std121/ed.Amber_streams_from_eyes/ed.Amber_streams_from_eyes.45989e256245170c.M.mp4,8,80,0.30412482569722066,0.43715704260815874,0.47532780589619184,1.0373871380907742
GT1__ed.Amber_streams_from_eyes.548787d679a168aa.M,REAL:one-sided,ed.Amber_streams_from_eyes,data/processed/transitions_std121/ed.Amber_streams_from_eyes/ed.Amber_streams_from_eyes.548787d679a168aa.M.mp4,8,80,0.5139208585734694,0.4183048150964121,0.4131930108949063,1.26254785571084
GT1__ed.Amber_streams_from_eyes.deer-2f369436.Z,REAL:one-sided,ed.Amber_streams_from_eyes,data/processed/transitions_std121/ed.Amber_streams_from_eyes/ed.Amber_streams_from_eyes.deer-2f369436.Z.mp4,8,80,0.31844594820892436,0.43912113827303284,0.4780034195819504,0.9012079884102286
GT1__ed.Amethyst_sword_from_palm.04b7a1c4ba96f12f.M,REAL:one-sided,ed.Amethyst_sword_from_palm,data/processed/transitions_std121/ed.Amethyst_sword_from_palm/ed.Amethyst_sword_from_palm.04b7a1c4ba96f12f.M.mp4,8,80,0.4663524073580161,0.3344747163126804,0.41428681071463275,0.9444317756410541
GT1__ed.Amethyst_sword_from_palm.2dc64f77.F,REAL:one-sided,ed.Amethyst_sword_from_palm,data/processed/transitions_std121/ed.Amethyst_sword_from_palm/ed.Amethyst_sword_from_palm.2dc64f77.F.mp4,8,80,0.3181923066255583,0.5111861688870455,0.5876699021191226,0.5228157558055417
GT1__ed.Amethyst_sword_from_palm.34ca5fe0.F,REAL:one-sided,ed.Amethyst_sword_from_palm,data/processed/transitions_std121/ed.Amethyst_sword_from_palm/ed.Amethyst_sword_from_palm.34ca5fe0.F.mp4,8,80,0.5200282569452881,0.4493211986304949,0.4953502264936414,0.37883680698019245
GT1__ed.Amethyst_sword_from_palm.3a03929c.F,REAL:one-sided,ed.Amethyst_sword_from_palm,data/processed/transitions_std121/ed.Amethyst_sword_from_palm/ed.Amethyst_sword_from_palm.3a03929c.F.mp4,8,80,0.2992196172851975,0.3958570214813005,0.46820766852525486,0.8864829147165101
GT1__ed.Amethyst_sword_from_palm.40df12a5.F,REAL:one-sided,ed.Amethyst_sword_from_palm,data/processed/transitions_std121/ed.Amethyst_sword_from_palm/ed.Amethyst_sword_from_palm.40df12a5.F.mp4,8,80,0.3056414842665056,0.4636386522917765,0.5147682211124406,0.2585712006587444
GT1__ed.Amethyst_sword_from_palm.433bea1568b316e0.M,REAL:one-sided,ed.Amethyst_sword_from_palm,data/processed/transitions_std121/ed.Amethyst_sword_from_palm/ed.Amethyst_sword_from_palm.433bea1568b316e0.M.mp4,8,80,0.38514770039826995,0.3426319412156129,0.38100601736539413,0.9354197174262397
GT1__ed.Amethyst_sword_from_palm.5360b4d6.F,REAL:one-sided,ed.Amethyst_sword_from_palm,data/processed/transitions_std121/ed.Amethyst_sword_from_palm/ed.Amethyst_sword_from_palm.5360b4d6.F.mp4,8,80,0.4570168960805203,0.2632935307475461,0.25318709612498635,0.6966205807685502
GT1__ed.Amethyst_sword_from_palm.a08133c9c5a39f5e.M,REAL:one-sided,ed.Amethyst_sword_from_palm,data/processed/transitions_std121/ed.Amethyst_sword_from_palm/ed.Amethyst_sword_from_palm.a08133c9c5a39f5e.M.mp4,8,80,0.6088419724392393,0.31887759022971923,0.30112311884264453,0.6241880202994957
GT1__ed.Amethyst_sword_from_palm.dog-dc8eda24.Z,REAL:one-sided,ed.Amethyst_sword_from_palm,data/processed/transitions_std121/ed.Amethyst_sword_from_palm/ed.Amethyst_sword_from_palm.dog-dc8eda24.Z.mp4,8,80,0.5113399361049746,0.3458365611667035,0.35720635753560137,0.6827865273298348
GT1__ed.Amethyst_sword_from_palm.f063acfce04d23bf.M,REAL:one-sided,ed.Amethyst_sword_from_palm,data/processed/transitions_std121/ed.Amethyst_sword_from_palm/ed.Amethyst_sword_from_palm.f063acfce04d23bf.M.mp4,8,80,0.530276089060477,0.3494242349889602,0.33690837698318443,0.8556663739976577
GT1__ed.Ant_glyph_aura.0f6ac03f76f43971.M,REAL:one-sided,ed.Ant_glyph_aura,data/processed/transitions_std121/ed.Ant_glyph_aura/ed.Ant_glyph_aura.0f6ac03f76f43971.M.mp4,8,80,0.49026709700712323,0.40090266239652145,0.40540752589936707,0.4010362046926229
GT1__ed.Ants_flow_from_eyes.0140dbe0.F,REAL:one-sided,ed.Ants_flow_from_eyes,data/processed/transitions_std121/ed.Ants_flow_from_eyes/ed.Ants_flow_from_eyes.0140dbe0.F.mp4,8,80,0.37222394674825043,0.34643237677259736,0.38635914024588525,0.4842619363041148
GT1__ed.Ants_flow_from_eyes.0620ac943c6d8ba8.M,REAL:one-sided,ed.Ants_flow_from_eyes,data/processed/transitions_std121/ed.Ants_flow_from_eyes/ed.Ants_flow_from_eyes.0620ac943c6d8ba8.M.mp4,8,80,0.4621584082439931,0.5674005939562161,0.5904767093668932,0.3134531799522976
GT1__ed.Ants_flow_from_eyes.1edb761bb1f2054b.M,REAL:one-sided,ed.Ants_flow_from_eyes,data/processed/transitions_std121/ed.Ants_flow_from_eyes/ed.Ants_flow_from_eyes.1edb761bb1f2054b.M.mp4,8,80,0.5601183358003288,0.506508166324983,0.5913848969143843,0.722506470998413
GT1__ed.Ants_flow_from_eyes.1f0dd9a8.F,REAL:one-sided,ed.Ants_flow_from_eyes,data/processed/transitions_std121/ed.Ants_flow_from_eyes/ed.Ants_flow_from_eyes.1f0dd9a8.F.mp4,8,80,0.5906021151636274,0.40659164386775454,0.42613003889556805,0.4262465368752355
GT1__ed.Ants_flow_from_eyes.2172f2ac.F,REAL:one-sided,ed.Ants_flow_from_eyes,data/processed/transitions_std121/ed.Ants_flow_from_eyes/ed.Ants_flow_from_eyes.2172f2ac.F.mp4,8,80,0.5243039496366497,0.4378124264140894,0.4413296232884357,0.4352361736934396
GT1__ed.Ants_flow_from_eyes.26704b77.F,REAL:one-sided,ed.Ants_flow_from_eyes,data/processed/transitions_std121/ed.Ants_flow_from_eyes/ed.Ants_flow_from_eyes.26704b77.F.mp4,8,80,0.3373676534198695,0.34196748987435055,0.3692340686536285,0.18492950860430035
GT1__ed.Ants_flow_from_eyes.3c7dde92.F,REAL:one-sided,ed.Ants_flow_from_eyes,data/processed/transitions_std121/ed.Ants_flow_from_eyes/ed.Ants_flow_from_eyes.3c7dde92.F.mp4,8,80,0.36139538748498934,0.4231845103861761,0.47258865742558676,0.32300455840588027
GT1__ed.Ants_flow_from_eyes.402b2102.F,REAL:one-sided,ed.Ants_flow_from_eyes,data/processed/transitions_std121/ed.Ants_flow_from_eyes/ed.Ants_flow_from_eyes.402b2102.F.mp4,8,80,0.38523223422568753,0.5183901756331106,0.6128271266648515,0.527169919671165
GT1__ed.Ants_flow_from_eyes.47a88523.F,REAL:one-sided,ed.Ants_flow_from_eyes,data/processed/transitions_std121/ed.Ants_flow_from_eyes/ed.Ants_flow_from_eyes.47a88523.F.mp4,8,80,0.6689794224772245,0.4883915338251956,0.5297609994002519,0.7917529798966116
GT1__ed.Ants_flow_from_eyes.5491a4a6.F,REAL:one-sided,ed.Ants_flow_from_eyes,data/processed/transitions_std121/ed.Ants_flow_from_eyes/ed.Ants_flow_from_eyes.5491a4a6.F.mp4,8,80,0.42456205073664854,0.31084413851423504,0.3052885122490581,0.2958375517385874
GT1__ed.Ants_in_hair.1c25610a8ac6e272.M,REAL:one-sided,ed.Ants_in_hair,data/processed/transitions_std121/ed.Ants_in_hair/ed.Ants_in_hair.1c25610a8ac6e272.M.mp4,8,80,0.5168219753217627,0.6814374823583997,0.7113646682702269,0.6404101383742901
GT1__ed.Apple_blossoms_in_hair.0619b4c4abb83d1a.M,REAL:one-sided,ed.Apple_blossoms_in_hair,data/processed/transitions_std121/ed.Apple_blossoms_in_hair/ed.Apple_blossoms_in_hair.0619b4c4abb83d1a.M.mp4,8,80,0.2972193581174065,0.636979378790747,0.7476376132418786,0.35068787765704046
GT1__ed.Apple_core_in_chest.09795be76e2b7ec4.M,REAL:one-sided,ed.Apple_core_in_chest,data/processed/transitions_std121/ed.Apple_core_in_chest/ed.Apple_core_in_chest.09795be76e2b7ec4.M.mp4,8,80,0.3927241857523829,0.39627283690134185,0.43131605077203167,0.6365520632848534
GT1__ed.Arm_chip_serpent.0128b962.F,REAL:one-sided,ed.Arm_chip_serpent,data/processed/transitions_std121/ed.Arm_chip_serpent/ed.Arm_chip_serpent.0128b962.F.mp4,8,80,0.3213586008441436,0.5007357112877199,0.5446130847270599,0.36162041918947446
GT1__ed.Arm_chip_serpent.025499df.F,REAL:one-sided,ed.Arm_chip_serpent,data/processed/transitions_std121/ed.Arm_chip_serpent/ed.Arm_chip_serpent.025499df.F.mp4,8,80,0.3059852201171025,0.5513856605045323,0.6292657661489874,0.4913599388768056
GT1__ed.Arm_chip_serpent.069629f4.F,REAL:one-sided,ed.Arm_chip_serpent,data/processed/transitions_std121/ed.Arm_chip_serpent/ed.Arm_chip_serpent.069629f4.F.mp4,8,80,0.36177789595273624,0.6380934438357758,0.6990442517010477,0.3472928942153811
GT1__ed.Arm_chip_serpent.0c90fe08.F,REAL:one-sided,ed.Arm_chip_serpent,data/processed/transitions_std121/ed.Arm_chip_serpent/ed.Arm_chip_serpent.0c90fe08.F.mp4,8,80,0.36315341816582203,0.5274917431289513,0.6072990839926452,0.6039353796732523
GT1__ed.Arm_chip_serpent.140f18915e0e58bd.M,REAL:one-sided,ed.Arm_chip_serpent,data/processed/transitions_std121/ed.Arm_chip_serpent/ed.Arm_chip_serpent.140f18915e0e58bd.M.mp4,8,80,0.3939212015601392,0.5049645473850921,0.5812168833269172,0.6151110777905681
GT1__ed.Arm_chip_serpent.30a8736f.F,REAL:one-sided,ed.Arm_chip_serpent,data/processed/transitions_std121/ed.Arm_chip_serpent/ed.Arm_chip_serpent.30a8736f.F.mp4,8,80,0.3153626847202111,0.443653202648842,0.4990369689334436,0.5761460018835003
GT1__ed.Arm_chip_serpent.347c23cc.F,REAL:one-sided,ed.Arm_chip_serpent,data/processed/transitions_std121/ed.Arm_chip_serpent/ed.Arm_chip_serpent.347c23cc.F.mp4,8,80,0.324709565629526,0.4389256235151918,0.4855501849798675,0.673655128530623
GT1__ed.Arm_chip_serpent.39eb394b.F,REAL:one-sided,ed.Arm_chip_serpent,data/processed/transitions_std121/ed.Arm_chip_serpent/ed.Arm_chip_serpent.39eb394b.F.mp4,8,80,0.2837886162303289,0.5194652388084076,0.579223594494739,0.3484680029422064
GT1__ed.Arm_chip_serpent.74338fd6ddab169a.M,REAL:one-sided,ed.Arm_chip_serpent,data/processed/transitions_std121/ed.Arm_chip_serpent/ed.Arm_chip_serpent.74338fd6ddab169a.M.mp4,8,80,0.3523372728482934,0.4476181848344161,0.4824204029838753,0.946953908255678
GT1__ed.Arm_chip_serpent.raven-2b7fd2e7.Z,REAL:one-sided,ed.Arm_chip_serpent,data/processed/transitions_std121/ed.Arm_chip_serpent/ed.Arm_chip_serpent.raven-2b7fd2e7.Z.mp4,8,80,0.5565634021902297,0.4505304328069687,0.4755729796375163,1.0147098569828878
GT1__ed.Arm_circuit_electronic_cloud.0ecbeef919f89a12.M,REAL:one-sided,ed.Arm_circuit_electronic_cloud,data/processed/transitions_std121/ed.Arm_circuit_electronic_cloud/ed.Arm_circuit_electronic_cloud.0ecbeef919f89a12.M.mp4,8,80,0.3436627948969273,0.56949757084059,0.6299363858496053,0.8472142811628703
GT1__ed.Arm_data_corruption.04b7a1c4ba96f12f.M,REAL:one-sided,ed.Arm_data_corruption,data/processed/transitions_std121/ed.Arm_data_corruption/ed.Arm_data_corruption.04b7a1c4ba96f12f.M.mp4,8,80,0.3497639686886287,0.5722676467174128,0.6512293295275676,0.8583532378560104
GT1__ed.Arm_data_corruption.09795be76e2b7ec4.M,REAL:one-sided,ed.Arm_data_corruption,data/processed/transitions_std121/ed.Arm_data_corruption/ed.Arm_data_corruption.09795be76e2b7ec4.M.mp4,8,80,0.8063815760370192,0.47410440813578864,0.5078738888981742,0.8523791967617155
GT1__ed.Arm_data_corruption.0c151834.F,REAL:one-sided,ed.Arm_data_corruption,data/processed/transitions_std121/ed.Arm_data_corruption/ed.Arm_data_corruption.0c151834.F.mp4,8,80,0.32174119414794955,0.5988693241661318,0.6498623592860103,0.579171309872473
GT1__ed.Arm_data_corruption.1ae83afd.F,REAL:one-sided,ed.Arm_data_corruption,data/processed/transitions_std121/ed.Arm_data_corruption/ed.Arm_data_corruption.1ae83afd.F.mp4,8,80,0.422057749343032,0.4287051063976925,0.3747520221973513,0.629757872638804
GT1__ed.Arm_data_corruption.34195089.F,REAL:one-sided,ed.Arm_data_corruption,data/processed/transitions_std121/ed.Arm_data_corruption/ed.Arm_data_corruption.34195089.F.mp4,8,80,0.5144105111933286,0.5455513298751213,0.5882487879347676,0.45590012884719017
GT1__ed.Arm_data_corruption.3b7ceeeb-37dc-37.F,REAL:one-sided,ed.Arm_data_corruption,data/processed/transitions_std121/ed.Arm_data_corruption/ed.Arm_data_corruption.3b7ceeeb-37dc-37.F.mp4,8,80,0.24326745111566028,0.40079297756790755,0.4511456166676985,0.2833911511607775
GT1__ed.Arm_data_corruption.47f06e8b17e7ec26.M,REAL:one-sided,ed.Arm_data_corruption,data/processed/transitions_std121/ed.Arm_data_corruption/ed.Arm_data_corruption.47f06e8b17e7ec26.M.mp4,8,80,0.25112873720164663,0.5436099741038245,0.6431316781779866,1.2038080144596104
GT1__ed.Arm_data_corruption.528305bc.F,REAL:one-sided,ed.Arm_data_corruption,data/processed/transitions_std121/ed.Arm_data_corruption/ed.Arm_data_corruption.528305bc.F.mp4,8,80,0.2449986483417146,0.4059856149478988,0.44937456712599666,0.25791404489641034
GT1__ed.Arm_data_corruption.boar-a0904f5a.Z,REAL:one-sided,ed.Arm_data_corruption,data/processed/transitions_std121/ed.Arm_data_corruption/ed.Arm_data_corruption.boar-a0904f5a.Z.mp4,8,80,0.2786203129673266,0.5239212224774537,0.5950395479686691,1.1083032379762792
GT1__ed.Arm_data_corruption.cheetah-b6c8b42f.Z,REAL:one-sided,ed.Arm_data_corruption,data/processed/transitions_std121/ed.Arm_data_corruption/ed.Arm_data_corruption.cheetah-b6c8b42f.Z.mp4,8,80,0.4722167206425891,0.5245762571821322,0.5965814859494906,0.575673900255739
GT1__ed.Arm_shadow_chains.0e513cd16d065c6a.M,REAL:one-sided,ed.Arm_shadow_chains,data/processed/transitions_std121/ed.Arm_shadow_chains/ed.Arm_shadow_chains.0e513cd16d065c6a.M.mp4,8,80,0.35562155298898857,0.558706596994049,0.6347470279821635,0.9019644010497677
GT1__ed.Array_encircling_feet.0c27bd005ad52648.M,REAL:one-sided,ed.Array_encircling_feet,data/processed/transitions_std121/ed.Array_encircling_feet/ed.Array_encircling_feet.0c27bd005ad52648.M.mp4,8,80,0.40897282541162117,0.419256075411984,0.48059425180752474,0.6114116582627133
GT1__ed.Avocado_Pulp_Aura.05d351c5.F,REAL:one-sided,ed.Avocado_Pulp_Aura,data/processed/transitions_std121/ed.Avocado_Pulp_Aura/ed.Avocado_Pulp_Aura.05d351c5.F.mp4,8,80,0.4316914997793404,0.7140745047438936,0.6801593978459907,0.5629925904698136
GT1__ed.Avocado_Pulp_Aura.05dd53c7.F,REAL:one-sided,ed.Avocado_Pulp_Aura,data/processed/transitions_std121/ed.Avocado_Pulp_Aura/ed.Avocado_Pulp_Aura.05dd53c7.F.mp4,8,80,0.24656902268402714,0.3827783116225179,0.4295846925392241,0.790113796860747
GT1__ed.Avocado_Pulp_Aura.09002d27.F,REAL:one-sided,ed.Avocado_Pulp_Aura,data/processed/transitions_std121/ed.Avocado_Pulp_Aura/ed.Avocado_Pulp_Aura.09002d27.F.mp4,8,80,0.20997665671608345,0.4291869087831741,0.49870782082715126,0.2743306463211386
GT1__ed.Avocado_Pulp_Aura.0b55e158.F,REAL:one-sided,ed.Avocado_Pulp_Aura,data/processed/transitions_std121/ed.Avocado_Pulp_Aura/ed.Avocado_Pulp_Aura.0b55e158.F.mp4,8,80,0.25578944733567965,0.42211052089464096,0.48528935004567575,0.5551576522811615
GT1__ed.Avocado_Pulp_Aura.163ded7ec9e49fc8.M,REAL:one-sided,ed.Avocado_Pulp_Aura,data/processed/transitions_std121/ed.Avocado_Pulp_Aura/ed.Avocado_Pulp_Aura.163ded7ec9e49fc8.M.mp4,8,80,0.46612807536132905,0.33164398250623983,0.39972970402199876,0.6767363785737863
GT1__ed.Avocado_Pulp_Aura.1eef95db.F,REAL:one-sided,ed.Avocado_Pulp_Aura,data/processed/transitions_std121/ed.Avocado_Pulp_Aura/ed.Avocado_Pulp_Aura.1eef95db.F.mp4,8,80,0.41014565695912064,0.5245630812471497,0.5871965614481938,0.2857538964185262
GT1__ed.Avocado_Pulp_Aura.29d23f38.F,REAL:one-sided,ed.Avocado_Pulp_Aura,data/processed/transitions_std121/ed.Avocado_Pulp_Aura/ed.Avocado_Pulp_Aura.29d23f38.F.mp4,8,80,0.4407516418097135,0.42229470281875503,0.4877559840602412,1.3670184119317623
GT1__ed.Avocado_Pulp_Aura.30bee061.F,REAL:one-sided,ed.Avocado_Pulp_Aura,data/processed/transitions_std121/ed.Avocado_Pulp_Aura/ed.Avocado_Pulp_Aura.30bee061.F.mp4,8,80,0.33175213070002574,0.4694906736547286,0.5220465462673568,0.5803829921759978
GT1__ed.Avocado_Pulp_Aura.71e2179ce04faa74.M,REAL:one-sided,ed.Avocado_Pulp_Aura,data/processed/transitions_std121/ed.Avocado_Pulp_Aura/ed.Avocado_Pulp_Aura.71e2179ce04faa74.M.mp4,8,80,0.36480466878335926,0.2931185905252495,0.34086265278426237,0.8047427920937151
GT1__ed.Avocado_Pulp_Aura.sloth-66020fca.Z,REAL:one-sided,ed.Avocado_Pulp_Aura,data/processed/transitions_std121/ed.Avocado_Pulp_Aura/ed.Avocado_Pulp_Aura.sloth-66020fca.Z.mp4,8,80,0.30909550242904826,0.34348554144293353,0.38365605952165593,1.1948103457410184
GT1__ed.Avocado_Seed_Pendant.01027101.F,REAL:one-sided,ed.Avocado_Seed_Pendant,data/processed/transitions_std121/ed.Avocado_Seed_Pendant/ed.Avocado_Seed_Pendant.01027101.F.mp4,8,80,0.3236843025205456,0.537364930269611,0.5722402229254748,0.20606969455376464
GT1__ed.Avocado_Seed_Pendant.07ecaee96f206e14.M,REAL:one-sided,ed.Avocado_Seed_Pendant,data/processed/transitions_std121/ed.Avocado_Seed_Pendant/ed.Avocado_Seed_Pendant.07ecaee96f206e14.M.mp4,8,80,0.4811348957126278,0.5156848767403329,0.564779459567805,0.8423922443081838
GT1__ed.Avocado_Seed_Pendant.09d8bb78.F,REAL:one-sided,ed.Avocado_Seed_Pendant,data/processed/transitions_std121/ed.Avocado_Seed_Pendant/ed.Avocado_Seed_Pendant.09d8bb78.F.mp4,8,80,0.6517544597004599,0.49946891700853174,0.5364120156274018,0.36864500634463715
GT1__ed.Avocado_Seed_Pendant.136fbbc1.F,REAL:one-sided,ed.Avocado_Seed_Pendant,data/processed/transitions_std121/ed.Avocado_Seed_Pendant/ed.Avocado_Seed_Pendant.136fbbc1.F.mp4,8,80,0.49065711265660417,0.6261166001064764,0.6841544163268798,0.30567862149245645
GT1__ed.Avocado_Seed_Pendant.3136e40d.F,REAL:one-sided,ed.Avocado_Seed_Pendant,data/processed/transitions_std121/ed.Avocado_Seed_Pendant/ed.Avocado_Seed_Pendant.3136e40d.F.mp4,8,80,0.44173004971760177,0.3798254265611799,0.46320550592683846,0.568205656136812
GT1__ed.Avocado_Seed_Pendant.31c654f9.F,REAL:one-sided,ed.Avocado_Seed_Pendant,data/processed/transitions_std121/ed.Avocado_Seed_Pendant/ed.Avocado_Seed_Pendant.31c654f9.F.mp4,8,80,0.27681126656154786,0.4591401986436558,0.5269267444634179,0.6943628952821842
GT1__ed.Avocado_Seed_Pendant.325e8c0e.F,REAL:one-sided,ed.Avocado_Seed_Pendant,data/processed/transitions_std121/ed.Avocado_Seed_Pendant/ed.Avocado_Seed_Pendant.325e8c0e.F.mp4,8,80,0.5340750535766405,0.470923630032502,0.46184558383220464,0.7817074530563914
GT1__ed.Avocado_Seed_Pendant.4a94fdbc-ebdc-3a.F,REAL:one-sided,ed.Avocado_Seed_Pendant,data/processed/transitions_std121/ed.Avocado_Seed_Pendant/ed.Avocado_Seed_Pendant.4a94fdbc-ebdc-3a.F.mp4,8,80,0.6830988397393938,0.6238540276349472,0.7135234345022823,0.2746449154524922
GT1__ed.Avocado_Seed_Pendant.cf3fa73700a5f407.M,REAL:one-sided,ed.Avocado_Seed_Pendant,data/processed/transitions_std121/ed.Avocado_Seed_Pendant/ed.Avocado_Seed_Pendant.cf3fa73700a5f407.M.mp4,8,80,0.5661663422807555,0.2865768033574704,0.29322469065939105,0.8448406749691001
GT1__ed.Avocado_Seed_Pendant.sea_turtle-bd624.Z,REAL:one-sided,ed.Avocado_Seed_Pendant,data/processed/transitions_std121/ed.Avocado_Seed_Pendant/ed.Avocado_Seed_Pendant.sea_turtle-bd624.Z.mp4,8,80,0.5504696144856787,0.19500726424258297,0.18239685723889956,0.4584878284268252
GT1__ed.Back_Born_Letter_Wings.0b899d5068edcb66.M,REAL:one-sided,ed.Back_Born_Letter_Wings,data/processed/transitions_std121/ed.Back_Born_Letter_Wings/ed.Back_Born_Letter_Wings.0b899d5068edcb66.M.mp4,8,80,0.346024068339555,0.45438234127350546,0.48657884976357035,0.6808874450753987
GT1__ed.Back_Born_Letter_Wings.1688b032.F,REAL:one-sided,ed.Back_Born_Letter_Wings,data/processed/transitions_std121/ed.Back_Born_Letter_Wings/ed.Back_Born_Letter_Wings.1688b032.F.mp4,8,80,0.512102691981049,0.43384693680381214,0.41786533117529334,0.8802561605751026
GT1__ed.Back_Born_Letter_Wings.20a3cba6.F,REAL:one-sided,ed.Back_Born_Letter_Wings,data/processed/transitions_std121/ed.Back_Born_Letter_Wings/ed.Back_Born_Letter_Wings.20a3cba6.F.mp4,8,80,0.3951469629971798,0.5736435574435931,0.5566664462554999,1.017994678195629
GT1__ed.Back_Born_Letter_Wings.2128e130.F,REAL:one-sided,ed.Back_Born_Letter_Wings,data/processed/transitions_std121/ed.Back_Born_Letter_Wings/ed.Back_Born_Letter_Wings.2128e130.F.mp4,8,80,0.29637750264166773,0.5929595634383917,0.6656253458959739,0.4706735363356862
GT1__ed.Back_Born_Letter_Wings.25330b8a.F,REAL:one-sided,ed.Back_Born_Letter_Wings,data/processed/transitions_std121/ed.Back_Born_Letter_Wings/ed.Back_Born_Letter_Wings.25330b8a.F.mp4,8,80,0.41257993589642017,0.4527799958308766,0.4678238195559196,0.3441652839509291
GT1__ed.Back_Born_Letter_Wings.36913e7c.F,REAL:one-sided,ed.Back_Born_Letter_Wings,data/processed/transitions_std121/ed.Back_Born_Letter_Wings/ed.Back_Born_Letter_Wings.36913e7c.F.mp4,8,80,0.5216631110570871,0.4405339100528659,0.47918077916864477,0.8925665250538637
GT1__ed.Back_Born_Letter_Wings.8558269e232d4350.M,REAL:one-sided,ed.Back_Born_Letter_Wings,data/processed/transitions_std121/ed.Back_Born_Letter_Wings/ed.Back_Born_Letter_Wings.8558269e232d4350.M.mp4,8,80,0.314331720041773,0.5223177364717638,0.5751484048484188,0.8737998935328879
GT1__ed.Back_Born_Letter_Wings.b2582a9d9584ad2d.M,REAL:one-sided,ed.Back_Born_Letter_Wings,data/processed/transitions_std121/ed.Back_Born_Letter_Wings/ed.Back_Born_Letter_Wings.b2582a9d9584ad2d.M.mp4,8,80,0.37502651492187145,0.4421887803011119,0.47390267097660965,0.6846167240766754
GT1__ed.Back_Born_Letter_Wings.f097ca373f334c40.M,REAL:one-sided,ed.Back_Born_Letter_Wings,data/processed/transitions_std121/ed.Back_Born_Letter_Wings/ed.Back_Born_Letter_Wings.f097ca373f334c40.M.mp4,8,80,0.4709792472699723,0.44778779389771717,0.5156950831707311,1.208275902606565
GT1__ed.Back_Born_Letter_Wings.monkey-fbecea80.Z,REAL:one-sided,ed.Back_Born_Letter_Wings,data/processed/transitions_std121/ed.Back_Born_Letter_Wings/ed.Back_Born_Letter_Wings.monkey-fbecea80.Z.mp4,8,80,0.3842126694645669,0.37585378214571347,0.3881782264575048,1.0576537678205074
GT1__ed.Back_bubble_cloak.070d11c3.F,REAL:one-sided,ed.Back_bubble_cloak,data/processed/transitions_std121/ed.Back_bubble_cloak/ed.Back_bubble_cloak.070d11c3.F.mp4,8,80,0.4539209015887946,0.8159053197014469,0.9012249838020732,0.2740035364150771
GT1__ed.Back_bubble_cloak.0ff2b03d.F,REAL:one-sided,ed.Back_bubble_cloak,data/processed/transitions_std121/ed.Back_bubble_cloak/ed.Back_bubble_cloak.0ff2b03d.F.mp4,8,80,0.4707113170626436,0.7276769905222795,0.8285099953177063,0.5241878806462296
GT1__ed.Back_bubble_cloak.12b66285.F,REAL:one-sided,ed.Back_bubble_cloak,data/processed/transitions_std121/ed.Back_bubble_cloak/ed.Back_bubble_cloak.12b66285.F.mp4,8,80,0.4129410857292162,0.5337688624114503,0.5868781034748859,0.8801649954839035
GT1__ed.Back_bubble_cloak.18d376f4.F,REAL:one-sided,ed.Back_bubble_cloak,data/processed/transitions_std121/ed.Back_bubble_cloak/ed.Back_bubble_cloak.18d376f4.F.mp4,8,80,0.4285605886471715,0.6397543826462763,0.6646750368897616,0.5387584620621085
GT1__ed.Back_bubble_cloak.1c1353a8962ef9be.M,REAL:one-sided,ed.Back_bubble_cloak,data/processed/transitions_std121/ed.Back_bubble_cloak/ed.Back_bubble_cloak.1c1353a8962ef9be.M.mp4,8,80,0.47857572163918394,0.6495267324002412,0.6891273764646706,0.6748447311614247
GT1__ed.Back_bubble_cloak.4ba3f2bd.F,REAL:one-sided,ed.Back_bubble_cloak,data/processed/transitions_std121/ed.Back_bubble_cloak/ed.Back_bubble_cloak.4ba3f2bd.F.mp4,8,80,0.42591749198213336,0.7557029703360656,0.8212081853279939,0.4290094839402513
GT1__ed.Back_bubble_cloak.597dafda.F,REAL:one-sided,ed.Back_bubble_cloak,data/processed/transitions_std121/ed.Back_bubble_cloak/ed.Back_bubble_cloak.597dafda.F.mp4,8,80,0.4445057989496328,0.5135536314696345,0.5667211763924997,0.6140567050831519
GT1__ed.Back_bubble_cloak.5f78b1fb.F,REAL:one-sided,ed.Back_bubble_cloak,data/processed/transitions_std121/ed.Back_bubble_cloak/ed.Back_bubble_cloak.5f78b1fb.F.mp4,8,80,0.4685173055966436,0.8095668823044251,0.861839593105303,0.7221277426364869
GT1__ed.Back_bubble_cloak.658ad98e.F,REAL:one-sided,ed.Back_bubble_cloak,data/processed/transitions_std121/ed.Back_bubble_cloak/ed.Back_bubble_cloak.658ad98e.F.mp4,8,80,0.382078757113119,0.6583005007536482,0.6869061329241278,0.34819164794841273
GT1__ed.Back_bubble_cloak.d511403f79173932.M,REAL:one-sided,ed.Back_bubble_cloak,data/processed/transitions_std121/ed.Back_bubble_cloak/ed.Back_bubble_cloak.d511403f79173932.M.mp4,8,80,0.45808530992628316,0.6954865267289898,0.7401968004376901,0.7054377798630755
GT1__ed.Back_laser_wings.05a9aaf7.F,REAL:one-sided,ed.Back_laser_wings,data/processed/transitions_std121/ed.Back_laser_wings/ed.Back_laser_wings.05a9aaf7.F.mp4,8,80,0.33207239757902185,0.6436947264646503,0.6960212610465013,0.9315047974340865
GT1__ed.Back_laser_wings.0e4ad9078efa26f4.M,REAL:one-sided,ed.Back_laser_wings,data/processed/transitions_std121/ed.Back_laser_wings/ed.Back_laser_wings.0e4ad9078efa26f4.M.mp4,8,80,0.38096286246490063,0.604176996024345,0.702855551342616,1.3437810773942096
GT1__ed.Back_laser_wings.43368535.F,REAL:one-sided,ed.Back_laser_wings,data/processed/transitions_std121/ed.Back_laser_wings/ed.Back_laser_wings.43368535.F.mp4,8,80,0.2935810859347048,0.5191213772097517,0.5637900548077485,0.7808088619374449
GT1__ed.Back_laser_wings.4e14f847.F,REAL:one-sided,ed.Back_laser_wings,data/processed/transitions_std121/ed.Back_laser_wings/ed.Back_laser_wings.4e14f847.F.mp4,8,80,0.39944800138245995,0.5024858572332909,0.5650680137517231,1.0821922298348572
GT1__ed.Back_laser_wings.59d5128b10709e4e.M,REAL:one-sided,ed.Back_laser_wings,data/processed/transitions_std121/ed.Back_laser_wings/ed.Back_laser_wings.59d5128b10709e4e.M.mp4,8,80,0.4177752690833081,0.6298970014938197,0.6865287447548177,0.9886380594648331
GT1__ed.Back_laser_wings.5d642219.F,REAL:one-sided,ed.Back_laser_wings,data/processed/transitions_std121/ed.Back_laser_wings/ed.Back_laser_wings.5d642219.F.mp4,8,80,0.39802233983750646,0.46915651437670036,0.5313919284317896,0.9788762597199139
GT1__ed.Back_laser_wings.5eb2b5e9.F,REAL:one-sided,ed.Back_laser_wings,data/processed/transitions_std121/ed.Back_laser_wings/ed.Back_laser_wings.5eb2b5e9.F.mp4,8,80,0.39258390990532943,0.6121545444191244,0.6429255317745604,0.65244860774883
GT1__ed.Back_laser_wings.655d5a91-0993-38.F,REAL:one-sided,ed.Back_laser_wings,data/processed/transitions_std121/ed.Back_laser_wings/ed.Back_laser_wings.655d5a91-0993-38.F.mp4,8,80,0.35292104318219986,0.6757027859185432,0.6942138753724472,0.34514051826161857
GT1__ed.Back_laser_wings.fish-ea28b9d6.Z,REAL:one-sided,ed.Back_laser_wings,data/processed/transitions_std121/ed.Back_laser_wings/ed.Back_laser_wings.fish-ea28b9d6.Z.mp4,8,80,0.33721097648424103,0.530563142446682,0.502966117653821,0.986823099702029
GT1__ed.Back_laser_wings.flamingo-dd0c1c3.Z,REAL:one-sided,ed.Back_laser_wings,data/processed/transitions_std121/ed.Back_laser_wings/ed.Back_laser_wings.flamingo-dd0c1c3.Z.mp4,8,80,0.3593353257774856,0.48713019610926966,0.4831380917278161,0.9478699014662341
GT1__ed.Back_page_wings.06c44eb16774b786.M,REAL:one-sided,ed.Back_page_wings,data/processed/transitions_std121/ed.Back_page_wings/ed.Back_page_wings.06c44eb16774b786.M.mp4,8,80,0.2162227857898713,0.4965506449817455,0.5645804007063374,0.6013118683655099
GT1__ed.Bamboo_shield_in_front.0a6af777.F,REAL:one-sided,ed.Bamboo_shield_in_front,data/processed/transitions_std121/ed.Bamboo_shield_in_front/ed.Bamboo_shield_in_front.0a6af777.F.mp4,8,80,0.4313484246365431,0.4773960551424348,0.5013707849180399,0.35323295614454386
GT1__ed.Bamboo_shield_in_front.0f4fc4edacb19f56.M,REAL:one-sided,ed.Bamboo_shield_in_front,data/processed/transitions_std121/ed.Bamboo_shield_in_front/ed.Bamboo_shield_in_front.0f4fc4edacb19f56.M.mp4,8,80,0.4906574476467904,0.42164411960435616,0.48027445147924935,0.6261156791554648
GT1__ed.Bamboo_shield_in_front.1187134f.F,REAL:one-sided,ed.Bamboo_shield_in_front,data/processed/transitions_std121/ed.Bamboo_shield_in_front/ed.Bamboo_shield_in_front.1187134f.F.mp4,8,80,0.3874885235081287,0.4331388557180194,0.4390678648214848,0.3430378031878991
GT1__ed.Bamboo_shield_in_front.1d6f5fb0.F,REAL:one-sided,ed.Bamboo_shield_in_front,data/processed/transitions_std121/ed.Bamboo_shield_in_front/ed.Bamboo_shield_in_front.1d6f5fb0.F.mp4,8,80,0.4496556830654661,0.5150464083278442,0.49004566805743327,0.6542627570997195
GT1__ed.Bamboo_shield_in_front.1e1f0e5e.F,REAL:one-sided,ed.Bamboo_shield_in_front,data/processed/transitions_std121/ed.Bamboo_shield_in_front/ed.Bamboo_shield_in_front.1e1f0e5e.F.mp4,8,80,0.4621469847412478,0.4660554868481204,0.5217150016716436,0.5800561729779993
GT1__ed.Bamboo_shield_in_front.2919f4aa.F,REAL:one-sided,ed.Bamboo_shield_in_front,data/processed/transitions_std121/ed.Bamboo_shield_in_front/ed.Bamboo_shield_in_front.2919f4aa.F.mp4,8,80,0.47584158323126124,0.5541673800787503,0.6078568850614979,0.5125902294202773
GT1__ed.Bamboo_shield_in_front.2d0d1e6f.F,REAL:one-sided,ed.Bamboo_shield_in_front,data/processed/transitions_std121/ed.Bamboo_shield_in_front/ed.Bamboo_shield_in_front.2d0d1e6f.F.mp4,8,80,0.5818468977751123,0.3559858745574036,0.36180170272177214,0.4980431919856721
GT1__ed.Bamboo_shield_in_front.cb893d10c0387c6b.M,REAL:one-sided,ed.Bamboo_shield_in_front,data/processed/transitions_std121/ed.Bamboo_shield_in_front/ed.Bamboo_shield_in_front.cb893d10c0387c6b.M.mp4,8,80,0.4754373533422136,0.6300987540897504,0.7095373360573491,0.8470465117900934
GT1__ed.Bamboo_shield_in_front.seal-cccded49.Z,REAL:one-sided,ed.Bamboo_shield_in_front,data/processed/transitions_std121/ed.Bamboo_shield_in_front/ed.Bamboo_shield_in_front.seal-cccded49.Z.mp4,8,80,0.762372242093492,0.22292072338737076,0.19433588093946635,0.8546029437353301
GT1__ed.Bamboo_shield_in_front.tiger-10ab50b5.Z,REAL:one-sided,ed.Bamboo_shield_in_front,data/processed/transitions_std121/ed.Bamboo_shield_in_front/ed.Bamboo_shield_in_front.tiger-10ab50b5.Z.mp4,8,80,0.6208993998201389,0.34736258923130797,0.27315019742486923,0.833749934508836
GT1__ed.Bile_aura_hands.0415d687.F,REAL:one-sided,ed.Bile_aura_hands,data/processed/transitions_std121/ed.Bile_aura_hands/ed.Bile_aura_hands.0415d687.F.mp4,8,80,0.6138008103072989,0.497882844808393,0.6092198148378695,0.3535424307463761
GT1__ed.Bile_aura_hands.0620ac943c6d8ba8.M,REAL:one-sided,ed.Bile_aura_hands,data/processed/transitions_std121/ed.Bile_aura_hands/ed.Bile_aura_hands.0620ac943c6d8ba8.M.mp4,8,80,0.46236686542706606,0.49112876427587593,0.49884790937382334,0.42625229858185487
GT1__ed.Bile_aura_hands.091e4775.F,REAL:one-sided,ed.Bile_aura_hands,data/processed/transitions_std121/ed.Bile_aura_hands/ed.Bile_aura_hands.091e4775.F.mp4,8,80,0.3189310509157348,0.47304463689313636,0.5044146884489441,0.46194312860538983
GT1__ed.Bile_aura_hands.0c87d8ca.F,REAL:one-sided,ed.Bile_aura_hands,data/processed/transitions_std121/ed.Bile_aura_hands/ed.Bile_aura_hands.0c87d8ca.F.mp4,8,80,0.3709635830047098,0.5644484741571917,0.5889257111964272,0.610459243913609
GT1__ed.Bile_aura_hands.1506cdc4.F,REAL:one-sided,ed.Bile_aura_hands,data/processed/transitions_std121/ed.Bile_aura_hands/ed.Bile_aura_hands.1506cdc4.F.mp4,8,80,0.34165798175288775,0.4452964889341135,0.47363790717283527,0.51612295739412
GT1__ed.Bile_aura_hands.20d3afe8.F,REAL:one-sided,ed.Bile_aura_hands,data/processed/transitions_std121/ed.Bile_aura_hands/ed.Bile_aura_hands.20d3afe8.F.mp4,8,80,0.5452849720740987,0.43631845474246916,0.48077259423860985,0.8379975137207444
GT1__ed.Bile_aura_hands.57c796b7.F,REAL:one-sided,ed.Bile_aura_hands,data/processed/transitions_std121/ed.Bile_aura_hands/ed.Bile_aura_hands.57c796b7.F.mp4,8,80,0.3448828503044068,0.6038830197553812,0.6711332815496259,0.3468360555784312
GT1__ed.Bile_aura_hands.ac198e9b1922c8b5.M,REAL:one-sided,ed.Bile_aura_hands,data/processed/transitions_std121/ed.Bile_aura_hands/ed.Bile_aura_hands.ac198e9b1922c8b5.M.mp4,8,80,0.28478515560106943,0.41373582561551486,0.4841234797096022,1.121936989700718
GT1__ed.Bile_aura_hands.bird-6a46c2ec.Z,REAL:one-sided,ed.Bile_aura_hands,data/processed/transitions_std121/ed.Bile_aura_hands/ed.Bile_aura_hands.bird-6a46c2ec.Z.mp4,8,80,0.5351127994701879,0.35571817345208795,0.42990197385863604,0.5781374321348304
GT1__ed.Bile_aura_hands.d7254428e1f68ada.M,REAL:one-sided,ed.Bile_aura_hands,data/processed/transitions_std121/ed.Bile_aura_hands/ed.Bile_aura_hands.d7254428e1f68ada.M.mp4,8,80,0.31113413078828644,0.4954301367113134,0.5651027215875578,0.8103046568031294
GT1__ed.Body_Banknote_Shield.0640ff900e5d6c50.M,REAL:one-sided,ed.Body_Banknote_Shield,data/processed/transitions_std121/ed.Body_Banknote_Shield/ed.Body_Banknote_Shield.0640ff900e5d6c50.M.mp4,8,80,0.4111378869809412,0.5270463527269045,0.6179769261321407,0.5333469992399431
GT1__ed.Body_Laser_Aura.1858d4165ab7c7d2.M,REAL:one-sided,ed.Body_Laser_Aura,data/processed/transitions_std121/ed.Body_Laser_Aura/ed.Body_Laser_Aura.1858d4165ab7c7d2.M.mp4,8,80,0.5169061361036535,0.4015492538315525,0.43255901284967646,0.6495719527480549
GT1__ed.Body_Meteorite_Crystal.01024s016k7c3pmn.F,REAL:one-sided,ed.Body_Meteorite_Crystal,data/processed/transitions_std121/ed.Body_Meteorite_Crystal/ed.Body_Meteorite_Crystal.01024s016k7c3pmn.F.mp4,8,80,0.29617506236269087,0.5357291070860407,0.5928745302278763,0.6742091188217706
GT1__ed.Body_Meteorite_Crystal.0e4ad9078efa26f4.M,REAL:one-sided,ed.Body_Meteorite_Crystal,data/processed/transitions_std121/ed.Body_Meteorite_Crystal/ed.Body_Meteorite_Crystal.0e4ad9078efa26f4.M.mp4,8,80,0.3407783770875792,0.7404615929568785,0.792862105781339,1.0232278782732886
GT1__ed.Body_Meteorite_Crystal.118dbe8e.F,REAL:one-sided,ed.Body_Meteorite_Crystal,data/processed/transitions_std121/ed.Body_Meteorite_Crystal/ed.Body_Meteorite_Crystal.118dbe8e.F.mp4,8,80,0.5284016966608498,0.5099948943452043,0.5656869590784507,0.43845147719500205
GT1__ed.Body_Meteorite_Crystal.1bc4d40d.F,REAL:one-sided,ed.Body_Meteorite_Crystal,data/processed/transitions_std121/ed.Body_Meteorite_Crystal/ed.Body_Meteorite_Crystal.1bc4d40d.F.mp4,8,80,0.48056847193430374,0.5921920185346607,0.6552858806084215,1.1559651362266654
GT1__ed.Body_Meteorite_Crystal.2840f416.F,REAL:one-sided,ed.Body_Meteorite_Crystal,data/processed/transitions_std121/ed.Body_Meteorite_Crystal/ed.Body_Meteorite_Crystal.2840f416.F.mp4,8,80,0.3076118419683911,0.5361351944723073,0.6060279895237598,0.7838419641000325
GT1__ed.Body_Meteorite_Crystal.28a2479a.F,REAL:one-sided,ed.Body_Meteorite_Crystal,data/processed/transitions_std121/ed.Body_Meteorite_Crystal/ed.Body_Meteorite_Crystal.28a2479a.F.mp4,8,80,0.5551306693016211,0.39658095123188897,0.4091775268632801,0.4473236259003373
GT1__ed.Body_Meteorite_Crystal.2c5a4b0c.F,REAL:one-sided,ed.Body_Meteorite_Crystal,data/processed/transitions_std121/ed.Body_Meteorite_Crystal/ed.Body_Meteorite_Crystal.2c5a4b0c.F.mp4,8,80,0.4335267799787865,0.46628225843366905,0.49729244545734425,0.7484534612897781
GT1__ed.Body_Meteorite_Crystal.51acf339.F,REAL:one-sided,ed.Body_Meteorite_Crystal,data/processed/transitions_std121/ed.Body_Meteorite_Crystal/ed.Body_Meteorite_Crystal.51acf339.F.mp4,8,80,0.5124126368773296,0.6716751120179028,0.7210626124893998,0.8099543791849041
GT1__ed.Body_Meteorite_Crystal.51e03e63.F,REAL:one-sided,ed.Body_Meteorite_Crystal,data/processed/transitions_std121/ed.Body_Meteorite_Crystal/ed.Body_Meteorite_Crystal.51e03e63.F.mp4,8,80,0.43275008426416983,0.466665870343205,0.5090742396156734,0.48210098447706445
GT1__ed.Body_Meteorite_Crystal.dog-e4d32067.Z,REAL:one-sided,ed.Body_Meteorite_Crystal,data/processed/transitions_std121/ed.Body_Meteorite_Crystal/ed.Body_Meteorite_Crystal.dog-e4d32067.Z.mp4,8,80,0.3806054726582422,0.44133073196860095,0.4589469674677114,0.5113980451404618
GT1__ed.Body_as_mist.1e2592b60cc87490.M,REAL:one-sided,ed.Body_as_mist,data/processed/transitions_std121/ed.Body_as_mist/ed.Body_as_mist.1e2592b60cc87490.M.mp4,8,80,0.521151708232346,0.6751692884448224,0.7381134719114815,0.864774081524943
GT1__ed.Body_gear_field.06ad4482b7de1301.M,REAL:one-sided,ed.Body_gear_field,data/processed/transitions_std121/ed.Body_gear_field/ed.Body_gear_field.06ad4482b7de1301.M.mp4,8,80,0.32256978221812993,0.49481061759361805,0.5562557825415777,0.6375739751993195
GT1__ed.Body_gear_field.10e9d671.F,REAL:one-sided,ed.Body_gear_field,data/processed/transitions_std121/ed.Body_gear_field/ed.Body_gear_field.10e9d671.F.mp4,8,80,0.46439163336782796,0.4071105173296036,0.452305348094942,0.7261586999345415
GT1__ed.Body_gear_field.202ac3a6.F,REAL:one-sided,ed.Body_gear_field,data/processed/transitions_std121/ed.Body_gear_field/ed.Body_gear_field.202ac3a6.F.mp4,8,80,0.44757513872305266,0.3150426855602202,0.33059176601900836,0.8436652854602223
GT1__ed.Body_gear_field.22cc32ab.F,REAL:one-sided,ed.Body_gear_field,data/processed/transitions_std121/ed.Body_gear_field/ed.Body_gear_field.22cc32ab.F.mp4,8,80,0.2710301743136876,0.4462892630320251,0.48926092559141066,0.7521546699862113
GT1__ed.Body_gear_field.2b01cd5e.F,REAL:one-sided,ed.Body_gear_field,data/processed/transitions_std121/ed.Body_gear_field/ed.Body_gear_field.2b01cd5e.F.mp4,8,80,0.5325658900315413,0.3811394882306196,0.42425270312047925,1.3132876723618836
GT1__ed.Body_gear_field.3d1700fc.F,REAL:one-sided,ed.Body_gear_field,data/processed/transitions_std121/ed.Body_gear_field/ed.Body_gear_field.3d1700fc.F.mp4,8,80,0.33272872174610413,0.5038040422645843,0.5566038591582904,0.875470650862998
GT1__ed.Body_gear_field.3d5519c8.F,REAL:one-sided,ed.Body_gear_field,data/processed/transitions_std121/ed.Body_gear_field/ed.Body_gear_field.3d5519c8.F.mp4,8,80,0.5724917480713845,0.6314150037037158,0.6624029957391866,0.8360216740725265
GT1__ed.Body_gear_field.4bc59fcee49a8d5b.M,REAL:one-sided,ed.Body_gear_field,data/processed/transitions_std121/ed.Body_gear_field/ed.Body_gear_field.4bc59fcee49a8d5b.M.mp4,8,80,0.5343904164205002,0.33667958778519425,0.32784102578629193,1.3961536666576215
GT1__ed.Body_gear_field.612d634d.F,REAL:one-sided,ed.Body_gear_field,data/processed/transitions_std121/ed.Body_gear_field/ed.Body_gear_field.612d634d.F.mp4,8,80,0.4151928051455829,0.4715200412524127,0.4931457415234284,1.2105239070366571
GT1__ed.Body_gear_field.fish-14b822dd.Z,REAL:one-sided,ed.Body_gear_field,data/processed/transitions_std121/ed.Body_gear_field/ed.Body_gear_field.fish-14b822dd.Z.mp4,8,80,0.4099820973122288,0.33399616751699546,0.3657092337312822,1.0235109051688387
GT1__ed.Body_laser_shield.03f28acb3eadecd1.M,REAL:one-sided,ed.Body_laser_shield,data/processed/transitions_std121/ed.Body_laser_shield/ed.Body_laser_shield.03f28acb3eadecd1.M.mp4,8,80,0.48601529614233363,0.47262931468059144,0.5149457178570012,1.0470439654157184
GT1__ed.Body_vine_slime.142742df912f8b98.M,REAL:one-sided,ed.Body_vine_slime,data/processed/transitions_std121/ed.Body_vine_slime/ed.Body_vine_slime.142742df912f8b98.M.mp4,8,80,0.2894283055736202,0.4245584409012066,0.4779227711290502,0.8495248409396635
GT1__ed.Brass_serpent_coil.01024101ki4hckbq.F,REAL:one-sided,ed.Brass_serpent_coil,data/processed/transitions_std121/ed.Brass_serpent_coil/ed.Brass_serpent_coil.01024101ki4hckbq.F.mp4,8,80,0.24919207551506406,0.6451841340675855,0.7212650249781445,0.5121883800980623
GT1__ed.Brass_serpent_coil.059f1f52.F,REAL:one-sided,ed.Brass_serpent_coil,data/processed/transitions_std121/ed.Brass_serpent_coil/ed.Brass_serpent_coil.059f1f52.F.mp4,8,80,0.43619939305900135,0.5369342709221386,0.5931034347672157,0.5810199747033813
GT1__ed.Brass_serpent_coil.084e15cf.F,REAL:one-sided,ed.Brass_serpent_coil,data/processed/transitions_std121/ed.Brass_serpent_coil/ed.Brass_serpent_coil.084e15cf.F.mp4,8,80,0.3455800180488757,0.6579295988028445,0.7362498525716552,0.7523537448763989
GT1__ed.Brass_serpent_coil.0c27bd005ad52648.M,REAL:one-sided,ed.Brass_serpent_coil,data/processed/transitions_std121/ed.Brass_serpent_coil/ed.Brass_serpent_coil.0c27bd005ad52648.M.mp4,8,80,0.41152686041766917,0.6225646902952958,0.696736114396422,0.5211941997113166
GT1__ed.Brass_serpent_coil.164ce911.F,REAL:one-sided,ed.Brass_serpent_coil,data/processed/transitions_std121/ed.Brass_serpent_coil/ed.Brass_serpent_coil.164ce911.F.mp4,8,80,0.5765355159856909,0.5234408287049285,0.5816436132465381,0.4673082528244525
GT1__ed.Brass_serpent_coil.1728ea54ae676560.M,REAL:one-sided,ed.Brass_serpent_coil,data/processed/transitions_std121/ed.Brass_serpent_coil/ed.Brass_serpent_coil.1728ea54ae676560.M.mp4,8,80,0.4604999129375831,0.6112333798665188,0.7173294760575862,0.5948882076413944
GT1__ed.Brass_serpent_coil.286b2c139afae517.M,REAL:one-sided,ed.Brass_serpent_coil,data/processed/transitions_std121/ed.Brass_serpent_coil/ed.Brass_serpent_coil.286b2c139afae517.M.mp4,8,80,0.39177366623651944,0.554716368831181,0.6508610876215821,1.0145489817257047
GT1__ed.Brass_serpent_coil.2becfc79-8f75-30.F,REAL:one-sided,ed.Brass_serpent_coil,data/processed/transitions_std121/ed.Brass_serpent_coil/ed.Brass_serpent_coil.2becfc79-8f75-30.F.mp4,8,80,0.38102058325294164,0.7514874575213738,0.8529484057867063,0.35282922092528146
GT1__ed.Brass_serpent_coil.39939528.F,REAL:one-sided,ed.Brass_serpent_coil,data/processed/transitions_std121/ed.Brass_serpent_coil/ed.Brass_serpent_coil.39939528.F.mp4,8,80,0.5005333286551947,0.5181876830445079,0.5486165400660142,0.6409774296224331
GT1__ed.Brass_serpent_coil.3a60a6ef.F,REAL:one-sided,ed.Brass_serpent_coil,data/processed/transitions_std121/ed.Brass_serpent_coil/ed.Brass_serpent_coil.3a60a6ef.F.mp4,8,80,0.27437388400490326,0.6428592843503624,0.6918105091309354,0.6047031895822335
GT1__ed.Chaotic_wings_from_shoulders.0101c501.F,REAL:one-sided,ed.Chaotic_wings_from_shoulders,data/processed/transitions_std121/ed.Chaotic_wings_from_shoulders/ed.Chaotic_wings_from_shoulders.0101c501.F.mp4,8,80,0.45475738897864737,0.6569223899886865,0.7131215872634022,0.8611860017840551
GT1__ed.Chaotic_wings_from_shoulders.0144752b-70cb-37.F,REAL:one-sided,ed.Chaotic_wings_from_shoulders,data/processed/transitions_std121/ed.Chaotic_wings_from_shoulders/ed.Chaotic_wings_from_shoulders.0144752b-70cb-37.F.mp4,8,80,0.4975307940106708,0.5448125872083903,0.5934890659313351,0.4225995092714386
GT1__ed.Chaotic_wings_from_shoulders.07356c76.F,REAL:one-sided,ed.Chaotic_wings_from_shoulders,data/processed/transitions_std121/ed.Chaotic_wings_from_shoulders/ed.Chaotic_wings_from_shoulders.07356c76.F.mp4,8,80,0.3698566414054314,0.5371612847466986,0.5941818260813028,0.8387871465032101
GT1__ed.Chaotic_wings_from_shoulders.09588544.F,REAL:one-sided,ed.Chaotic_wings_from_shoulders,data/processed/transitions_std121/ed.Chaotic_wings_from_shoulders/ed.Chaotic_wings_from_shoulders.09588544.F.mp4,8,80,0.4806572333601702,0.5199785882648964,0.5630106169897374,0.8580044753354784
GT1__ed.Chaotic_wings_from_shoulders.1728ea54ae676560.M,REAL:one-sided,ed.Chaotic_wings_from_shoulders,data/processed/transitions_std121/ed.Chaotic_wings_from_shoulders/ed.Chaotic_wings_from_shoulders.1728ea54ae676560.M.mp4,8,80,0.632185328881951,0.6370961201271896,0.6329940331795532,0.6651878189595731
GT1__ed.Chaotic_wings_from_shoulders.2a931fb1.F,REAL:one-sided,ed.Chaotic_wings_from_shoulders,data/processed/transitions_std121/ed.Chaotic_wings_from_shoulders/ed.Chaotic_wings_from_shoulders.2a931fb1.F.mp4,8,80,0.37087053469234976,0.4914777330516524,0.5706009452688287,0.5004018942126087
GT1__ed.Chaotic_wings_from_shoulders.2cef91fe.F,REAL:one-sided,ed.Chaotic_wings_from_shoulders,data/processed/transitions_std121/ed.Chaotic_wings_from_shoulders/ed.Chaotic_wings_from_shoulders.2cef91fe.F.mp4,8,80,0.41133024218733993,0.6522729312174228,0.7376925960347559,0.6682506128319213
GT1__ed.Chaotic_wings_from_shoulders.c4cca916f233e949.M,REAL:one-sided,ed.Chaotic_wings_from_shoulders,data/processed/transitions_std121/ed.Chaotic_wings_from_shoulders/ed.Chaotic_wings_from_shoulders.c4cca916f233e949.M.mp4,8,80,0.23607581456197702,0.6964987053201382,0.7625102170687477,0.6309149603401494
GT1__ed.Chaotic_wings_from_shoulders.cheetah-f0d49b2a.Z,REAL:one-sided,ed.Chaotic_wings_from_shoulders,data/processed/transitions_std121/ed.Chaotic_wings_from_shoulders/ed.Chaotic_wings_from_shoulders.cheetah-f0d49b2a.Z.mp4,8,80,0.4052886030869607,0.5321814165799406,0.6062548014048491,0.6137762957131523
GT1__ed.Chaotic_wings_from_shoulders.seal-52afd26d.Z,REAL:one-sided,ed.Chaotic_wings_from_shoulders,data/processed/transitions_std121/ed.Chaotic_wings_from_shoulders/ed.Chaotic_wings_from_shoulders.seal-52afd26d.Z.mp4,8,80,0.3523283566881694,0.6506175713858119,0.678150131508001,0.761943077406924
GT1__ed.Chest_Burst_Ribbons.135cf195.F,REAL:one-sided,ed.Chest_Burst_Ribbons,data/processed/transitions_std121/ed.Chest_Burst_Ribbons/ed.Chest_Burst_Ribbons.135cf195.F.mp4,8,80,0.3239434087954398,0.693620388029617,0.7318205520501861,0.4466550964242187
GT1__ed.Chest_Burst_Ribbons.1db1c2ae4733d3dc.M,REAL:one-sided,ed.Chest_Burst_Ribbons,data/processed/transitions_std121/ed.Chest_Burst_Ribbons/ed.Chest_Burst_Ribbons.1db1c2ae4733d3dc.M.mp4,8,80,0.24408841391658465,0.43918321421811796,0.47842597413603755,0.7101854707740225
GT1__ed.Chest_Burst_Ribbons.267d2d2270082773.M,REAL:one-sided,ed.Chest_Burst_Ribbons,data/processed/transitions_std121/ed.Chest_Burst_Ribbons/ed.Chest_Burst_Ribbons.267d2d2270082773.M.mp4,8,80,0.2780745381890004,0.47264875597898637,0.5162456358751814,0.7858668054857172
GT1__ed.Chest_Burst_Ribbons.26c65382.F,REAL:one-sided,ed.Chest_Burst_Ribbons,data/processed/transitions_std121/ed.Chest_Burst_Ribbons/ed.Chest_Burst_Ribbons.26c65382.F.mp4,8,80,0.2732090410797199,0.5252449325051084,0.5674457746408136,0.729527077472534
GT1__ed.Chest_Burst_Ribbons.281704cb.F,REAL:one-sided,ed.Chest_Burst_Ribbons,data/processed/transitions_std121/ed.Chest_Burst_Ribbons/ed.Chest_Burst_Ribbons.281704cb.F.mp4,8,80,0.5191265952398307,0.6147575915646405,0.7125570365885034,0.7894398573384853
GT1__ed.Chest_Burst_Ribbons.2976ffbd.F,REAL:one-sided,ed.Chest_Burst_Ribbons,data/processed/transitions_std121/ed.Chest_Burst_Ribbons/ed.Chest_Burst_Ribbons.2976ffbd.F.mp4,8,80,0.4533642720248301,0.50131997537926,0.5667145044739833,0.5301202444762781
GT1__ed.Chest_Burst_Ribbons.2c403323.F,REAL:one-sided,ed.Chest_Burst_Ribbons,data/processed/transitions_std121/ed.Chest_Burst_Ribbons/ed.Chest_Burst_Ribbons.2c403323.F.mp4,8,80,0.33517601465609803,0.6015909777498855,0.6665016101130778,0.8514838519856645
GT1__ed.Chest_Burst_Ribbons.3281d523.F,REAL:one-sided,ed.Chest_Burst_Ribbons,data/processed/transitions_std121/ed.Chest_Burst_Ribbons/ed.Chest_Burst_Ribbons.3281d523.F.mp4,8,80,0.32426936610606094,0.595105577219825,0.6913163644414007,0.4638165485896785
GT1__ed.Chest_Burst_Ribbons.cat-39221814.Z,REAL:one-sided,ed.Chest_Burst_Ribbons,data/processed/transitions_std121/ed.Chest_Burst_Ribbons/ed.Chest_Burst_Ribbons.cat-39221814.Z.mp4,8,80,0.612716774321814,0.8936199900173887,0.8397504012244108,1.0192920687169071
GT1__ed.Chest_Burst_Ribbons.fish-1e1cd40f.Z,REAL:one-sided,ed.Chest_Burst_Ribbons,data/processed/transitions_std121/ed.Chest_Burst_Ribbons/ed.Chest_Burst_Ribbons.fish-1e1cd40f.Z.mp4,8,80,0.41129249182205396,0.5480761051698324,0.48079844021210133,0.7136723282869801
GT1__ed.Chest_Erupting_Shield.0a55c067.F,REAL:one-sided,ed.Chest_Erupting_Shield,data/processed/transitions_std121/ed.Chest_Erupting_Shield/ed.Chest_Erupting_Shield.0a55c067.F.mp4,8,80,0.43116475098293017,0.459199043668926,0.5410005551779812,0.5988347166304092
GT1__ed.Chest_Erupting_Shield.0c902a49.F,REAL:one-sided,ed.Chest_Erupting_Shield,data/processed/transitions_std121/ed.Chest_Erupting_Shield/ed.Chest_Erupting_Shield.0c902a49.F.mp4,8,80,0.28777607825427864,0.3311351918567372,0.31552086119037964,0.8651029173683636
GT1__ed.Chest_Erupting_Shield.0e8ec528ffd657e9.M,REAL:one-sided,ed.Chest_Erupting_Shield,data/processed/transitions_std121/ed.Chest_Erupting_Shield/ed.Chest_Erupting_Shield.0e8ec528ffd657e9.M.mp4,8,80,0.5504354669415743,0.5033598904013756,0.4392764176535033,0.3837659400427428
GT1__ed.Chest_Erupting_Shield.1b47bd82.F,REAL:one-sided,ed.Chest_Erupting_Shield,data/processed/transitions_std121/ed.Chest_Erupting_Shield/ed.Chest_Erupting_Shield.1b47bd82.F.mp4,8,80,0.406649419306617,0.4490298602920481,0.5023129481712035,0.29263275108703996
GT1__ed.Chest_Erupting_Shield.1febeec2e34b94f4.M,REAL:one-sided,ed.Chest_Erupting_Shield,data/processed/transitions_std121/ed.Chest_Erupting_Shield/ed.Chest_Erupting_Shield.1febeec2e34b94f4.M.mp4,8,80,0.3915622900814364,0.3597829016786778,0.3353145010921409,1.0149865029696021
GT1__ed.Chest_Erupting_Shield.284251c1.F,REAL:one-sided,ed.Chest_Erupting_Shield,data/processed/transitions_std121/ed.Chest_Erupting_Shield/ed.Chest_Erupting_Shield.284251c1.F.mp4,8,80,0.2524062721105029,0.4806787175277118,0.5397368256417353,0.8491770637093164
GT1__ed.Chest_Erupting_Shield.30481ecb.F,REAL:one-sided,ed.Chest_Erupting_Shield,data/processed/transitions_std121/ed.Chest_Erupting_Shield/ed.Chest_Erupting_Shield.30481ecb.F.mp4,8,80,0.3671034543313647,0.4740047882742848,0.524349977175986,0.6229398385550601
GT1__ed.Chest_Erupting_Shield.337aa627.F,REAL:one-sided,ed.Chest_Erupting_Shield,data/processed/transitions_std121/ed.Chest_Erupting_Shield/ed.Chest_Erupting_Shield.337aa627.F.mp4,8,80,0.24092895827105854,0.41617759998155224,0.4600939331414465,0.43595662455524153
GT1__ed.Chest_Erupting_Shield.41e86253.F,REAL:one-sided,ed.Chest_Erupting_Shield,data/processed/transitions_std121/ed.Chest_Erupting_Shield/ed.Chest_Erupting_Shield.41e86253.F.mp4,8,80,0.2821321488201738,0.3447194791243989,0.3919557520974248,0.8877428411386041
GT1__ed.Chest_Erupting_Shield.958f2642980d32df.M,REAL:one-sided,ed.Chest_Erupting_Shield,data/processed/transitions_std121/ed.Chest_Erupting_Shield/ed.Chest_Erupting_Shield.958f2642980d32df.M.mp4,8,80,0.44747424994969065,0.3327981956159101,0.31509170066921016,1.3287804969815669
GT1__ed.Chest_Laser_Burst.01023p01komuc37f.F,REAL:one-sided,ed.Chest_Laser_Burst,data/processed/transitions_std121/ed.Chest_Laser_Burst/ed.Chest_Laser_Burst.01023p01komuc37f.F.mp4,8,80,0.3513812831640879,0.5903200075812207,0.6797094536911238,0.2954851727288406
GT1__ed.Chest_Laser_Burst.01274ebd.F,REAL:one-sided,ed.Chest_Laser_Burst,data/processed/transitions_std121/ed.Chest_Laser_Burst/ed.Chest_Laser_Burst.01274ebd.F.mp4,8,80,0.45754726407362734,0.5088749542490717,0.5725769211361769,0.9502950410143537
GT1__ed.Chest_Laser_Burst.06307b7f.F,REAL:one-sided,ed.Chest_Laser_Burst,data/processed/transitions_std121/ed.Chest_Laser_Burst/ed.Chest_Laser_Burst.06307b7f.F.mp4,8,80,0.6173497212552894,0.5975137158040068,0.6720349971154275,0.6052831313537811
GT1__ed.Chest_Laser_Burst.0f7621eb-e835-3d.F,REAL:one-sided,ed.Chest_Laser_Burst,data/processed/transitions_std121/ed.Chest_Laser_Burst/ed.Chest_Laser_Burst.0f7621eb-e835-3d.F.mp4,8,80,0.5325106035587848,0.6009748854834611,0.49465765679296764,0.8384626334783488
GT1__ed.Chest_Laser_Burst.14f92f08.F,REAL:one-sided,ed.Chest_Laser_Burst,data/processed/transitions_std121/ed.Chest_Laser_Burst/ed.Chest_Laser_Burst.14f92f08.F.mp4,8,80,0.4627130193562168,0.617961704712158,0.7064771308710557,0.6749287641421572
GT1__ed.Chest_Laser_Burst.1db1c2ae4733d3dc.M,REAL:one-sided,ed.Chest_Laser_Burst,data/processed/transitions_std121/ed.Chest_Laser_Burst/ed.Chest_Laser_Burst.1db1c2ae4733d3dc.M.mp4,8,80,0.3847820926560346,0.3351692245131896,0.3608845417639772,0.8432972216499823
GT1__ed.Chest_Laser_Burst.25b255e6.F,REAL:one-sided,ed.Chest_Laser_Burst,data/processed/transitions_std121/ed.Chest_Laser_Burst/ed.Chest_Laser_Burst.25b255e6.F.mp4,8,80,0.5554517501176572,0.2945999419803248,0.2885883047898882,0.8403607968098238
GT1__ed.Chest_Laser_Burst.451c84e369d8fe75.M,REAL:one-sided,ed.Chest_Laser_Burst,data/processed/transitions_std121/ed.Chest_Laser_Burst/ed.Chest_Laser_Burst.451c84e369d8fe75.M.mp4,8,80,0.4653143737315355,0.38608220454781406,0.41323164847834437,1.098474060597764
GT1__ed.Chest_Laser_Burst.skunk-daa53244.Z,REAL:one-sided,ed.Chest_Laser_Burst,data/processed/transitions_std121/ed.Chest_Laser_Burst/ed.Chest_Laser_Burst.skunk-daa53244.Z.mp4,8,80,0.6087410345105795,0.3177621619570106,0.36570046980679544,1.2916831159282949
GT1__ed.Chest_Laser_Burst.swan-375f7e9b.Z,REAL:one-sided,ed.Chest_Laser_Burst,data/processed/transitions_std121/ed.Chest_Laser_Burst/ed.Chest_Laser_Burst.swan-375f7e9b.Z.mp4,8,80,0.34572639711303,0.6847670738394692,0.7592945640306945,0.7660211528335946
GT1__ed.Chest_fish_burst.07ecaee96f206e14.M,REAL:one-sided,ed.Chest_fish_burst,data/processed/transitions_std121/ed.Chest_fish_burst/ed.Chest_fish_burst.07ecaee96f206e14.M.mp4,8,80,0.3867551106456908,0.5542791690921411,0.6007807853910575,0.9748765759725059
GT1__ed.Chest_fish_burst.0e645d8b.F,REAL:one-sided,ed.Chest_fish_burst,data/processed/transitions_std121/ed.Chest_fish_burst/ed.Chest_fish_burst.0e645d8b.F.mp4,8,80,0.455747110385593,0.5801329361736037,0.6058397990932542,0.443113608168606
GT1__ed.Chest_fish_burst.0eb6b5f1.F,REAL:one-sided,ed.Chest_fish_burst,data/processed/transitions_std121/ed.Chest_fish_burst/ed.Chest_fish_burst.0eb6b5f1.F.mp4,8,80,0.5057154348482371,0.5784483340175116,0.6303693901051632,0.6358838487374671
GT1__ed.Chest_fish_burst.233421a1-fdaf-34.F,REAL:one-sided,ed.Chest_fish_burst,data/processed/transitions_std121/ed.Chest_fish_burst/ed.Chest_fish_burst.233421a1-fdaf-34.F.mp4,8,80,0.4963552935659772,0.7041574490340567,0.7463368030370989,0.6076449113816768
GT1__ed.Chest_fish_burst.3725f25e.F,REAL:one-sided,ed.Chest_fish_burst,data/processed/transitions_std121/ed.Chest_fish_burst/ed.Chest_fish_burst.3725f25e.F.mp4,8,80,0.4455715469963504,0.5688835932206613,0.6023105292551392,0.4543793459209999
GT1__ed.Chest_fish_burst.5e1c0434.F,REAL:one-sided,ed.Chest_fish_burst,data/processed/transitions_std121/ed.Chest_fish_burst/ed.Chest_fish_burst.5e1c0434.F.mp4,8,80,0.4346711799126213,0.6440157796855643,0.6779139565191069,0.6603166639413729
GT1__ed.Chest_fish_burst.69844736.F,REAL:one-sided,ed.Chest_fish_burst,data/processed/transitions_std121/ed.Chest_fish_burst/ed.Chest_fish_burst.69844736.F.mp4,8,80,0.5126947915178885,0.6809018094792036,0.7247403809427805,0.7927467952359258
GT1__ed.Chest_fish_burst.6cbdb9c2.F,REAL:one-sided,ed.Chest_fish_burst,data/processed/transitions_std121/ed.Chest_fish_burst/ed.Chest_fish_burst.6cbdb9c2.F.mp4,8,80,0.6291920450876047,0.5171145876013603,0.5851152984012433,0.24512904725046686
GT1__ed.Chest_fish_burst.7ad08282.F,REAL:one-sided,ed.Chest_fish_burst,data/processed/transitions_std121/ed.Chest_fish_burst/ed.Chest_fish_burst.7ad08282.F.mp4,8,80,0.44373121714279384,0.6301046225179726,0.6248991172820668,0.7606845302891984
GT1__ed.Chest_fish_burst.7f6636f1.F,REAL:one-sided,ed.Chest_fish_burst,data/processed/transitions_std121/ed.Chest_fish_burst/ed.Chest_fish_burst.7f6636f1.F.mp4,8,80,0.2957490017162183,0.6327967364136126,0.668700238226337,0.48293693580799607
GT1__ed.Chest_light_field.07d69ed5.F,REAL:one-sided,ed.Chest_light_field,data/processed/transitions_std121/ed.Chest_light_field/ed.Chest_light_field.07d69ed5.F.mp4,8,80,0.48107791753109286,0.39338325016185877,0.4391450638039588,0.4281428046568677
GT1__ed.Chest_light_field.0c9f1936.F,REAL:one-sided,ed.Chest_light_field,data/processed/transitions_std121/ed.Chest_light_field/ed.Chest_light_field.0c9f1936.F.mp4,8,80,0.3673256177735429,0.4810219797680077,0.4739843037057617,0.461647015615668
GT1__ed.Chest_light_field.0ea3a544.F,REAL:one-sided,ed.Chest_light_field,data/processed/transitions_std121/ed.Chest_light_field/ed.Chest_light_field.0ea3a544.F.mp4,8,80,0.5404458099826641,0.5359919741632418,0.6363670402614162,0.7407155951515269
GT1__ed.Chest_light_field.1b5355ab.F,REAL:one-sided,ed.Chest_light_field,data/processed/transitions_std121/ed.Chest_light_field/ed.Chest_light_field.1b5355ab.F.mp4,8,80,0.45296124648179337,0.48767261195803485,0.5860145332655944,0.4873980816329992
GT1__ed.Chest_light_field.1c1353a8962ef9be.M,REAL:one-sided,ed.Chest_light_field,data/processed/transitions_std121/ed.Chest_light_field/ed.Chest_light_field.1c1353a8962ef9be.M.mp4,8,80,0.3314443770349087,0.23808243640790563,0.26295431416316145,0.852530685041372
GT1__ed.Chest_light_field.38888fe2.F,REAL:one-sided,ed.Chest_light_field,data/processed/transitions_std121/ed.Chest_light_field/ed.Chest_light_field.38888fe2.F.mp4,8,80,0.30565125738784316,0.25615903688880376,0.2775542479258345,1.1552658410326297
GT1__ed.Chest_light_field.cat-48b88619.Z,REAL:one-sided,ed.Chest_light_field,data/processed/transitions_std121/ed.Chest_light_field/ed.Chest_light_field.cat-48b88619.Z.mp4,8,80,0.42979868967690593,0.3263257183869943,0.35733440192258137,1.3033027537191473
GT1__ed.Chest_light_field.dog-dc8eda24.Z,REAL:one-sided,ed.Chest_light_field,data/processed/transitions_std121/ed.Chest_light_field/ed.Chest_light_field.dog-dc8eda24.Z.mp4,8,80,0.5046809484536772,0.38001599309850626,0.4114521974879575,0.719199113858203
GT1__ed.Chest_light_field.moose-bed7bf9a.Z,REAL:one-sided,ed.Chest_light_field,data/processed/transitions_std121/ed.Chest_light_field/ed.Chest_light_field.moose-bed7bf9a.Z.mp4,8,80,0.552544039630396,0.19074886006072206,0.18023717664175268,0.85655242285651
GT1__ed.Chest_light_field.turtle-77754b55.Z,REAL:one-sided,ed.Chest_light_field,data/processed/transitions_std121/ed.Chest_light_field/ed.Chest_light_field.turtle-77754b55.Z.mp4,8,80,0.43573874143032953,0.23989135453724886,0.24981438194825828,1.4165494065693058
GT1__ed.Chest_sigil.06d5f776.F,REAL:one-sided,ed.Chest_sigil,data/processed/transitions_std121/ed.Chest_sigil/ed.Chest_sigil.06d5f776.F.mp4,8,80,0.4113089091941635,0.38273299615080003,0.43354211824348066,0.7045944442324197
GT1__ed.Chest_sigil.0e8ec528ffd657e9.M,REAL:one-sided,ed.Chest_sigil,data/processed/transitions_std121/ed.Chest_sigil/ed.Chest_sigil.0e8ec528ffd657e9.M.mp4,8,80,0.47189323865602817,0.4646153616703124,0.5225120137051926,0.3241100332517142
GT1__ed.Chest_sigil.13ef3ef8.F,REAL:one-sided,ed.Chest_sigil,data/processed/transitions_std121/ed.Chest_sigil/ed.Chest_sigil.13ef3ef8.F.mp4,8,80,0.4277361736697918,0.396488367718066,0.43824006975313523,0.4016199594148649
GT1__ed.Chest_sigil.18b092ef.F,REAL:one-sided,ed.Chest_sigil,data/processed/transitions_std121/ed.Chest_sigil/ed.Chest_sigil.18b092ef.F.mp4,8,80,0.2530920815365212,0.4648964184566606,0.5139453778035846,0.296022809029049
GT1__ed.Chest_sigil.1c94995c.F,REAL:one-sided,ed.Chest_sigil,data/processed/transitions_std121/ed.Chest_sigil/ed.Chest_sigil.1c94995c.F.mp4,8,80,0.6553089688180331,0.36905674695943846,0.3547288477223278,0.426117463561067
GT1__ed.Chest_sigil.1e260211.F,REAL:one-sided,ed.Chest_sigil,data/processed/transitions_std121/ed.Chest_sigil/ed.Chest_sigil.1e260211.F.mp4,8,80,0.39098757291285624,0.4309061105992649,0.4062131600287843,0.09518601753629274
GT1__ed.Chest_sigil.27600c90.F,REAL:one-sided,ed.Chest_sigil,data/processed/transitions_std121/ed.Chest_sigil/ed.Chest_sigil.27600c90.F.mp4,8,80,0.4055538405791379,0.3557145810998956,0.34420945781889634,0.8136548514098038
GT1__ed.Chest_sigil.34b9c324.F,REAL:one-sided,ed.Chest_sigil,data/processed/transitions_std121/ed.Chest_sigil/ed.Chest_sigil.34b9c324.F.mp4,8,80,0.3048691337913323,0.36819496714533184,0.39218890350404745,0.31218530319771176
GT1__ed.Chest_sigil.eagle-774703b7.Z,REAL:one-sided,ed.Chest_sigil,data/processed/transitions_std121/ed.Chest_sigil/ed.Chest_sigil.eagle-774703b7.Z.mp4,8,80,0.6026293750466936,0.21173401945625783,0.1628414516033538,0.43671531455615853
GT1__ed.Chest_sigil.skunk-ab0eae3b.Z,REAL:one-sided,ed.Chest_sigil,data/processed/transitions_std121/ed.Chest_sigil/ed.Chest_sigil.skunk-ab0eae3b.Z.mp4,8,80,0.285662638911254,0.36725440339353677,0.4275880040231146,1.092585779581047
GT1__ed.Code_Mirror_Duplicate.02c8c50a3fbcd46d.M,REAL:one-sided,ed.Code_Mirror_Duplicate,data/processed/transitions_std121/ed.Code_Mirror_Duplicate/ed.Code_Mirror_Duplicate.02c8c50a3fbcd46d.M.mp4,8,80,0.34650414856976886,0.693499794067195,0.7351993653652946,0.6178558772651239
GT1__ed.Cold_Tears_Gaze.0e28a4f8490df43f.M,REAL:one-sided,ed.Cold_Tears_Gaze,data/processed/transitions_std121/ed.Cold_Tears_Gaze/ed.Cold_Tears_Gaze.0e28a4f8490df43f.M.mp4,8,80,0.5835751950682313,0.30937787931153804,0.28397517105354897,0.4824456633685484
GT1__ed.Confetti_Burst_from_Hands.06aa92a5.F,REAL:one-sided,ed.Confetti_Burst_from_Hands,data/processed/transitions_std121/ed.Confetti_Burst_from_Hands/ed.Confetti_Burst_from_Hands.06aa92a5.F.mp4,8,80,0.3038976270618512,0.5444125410627484,0.6051121001856573,0.5012293495053732
GT1__ed.Confetti_Burst_from_Hands.074ed53f4c51b40d.M,REAL:one-sided,ed.Confetti_Burst_from_Hands,data/processed/transitions_std121/ed.Confetti_Burst_from_Hands/ed.Confetti_Burst_from_Hands.074ed53f4c51b40d.M.mp4,8,80,0.41753796349627814,0.6470798965725998,0.7201298410222999,0.649266425457291
GT1__ed.Confetti_Burst_from_Hands.0a3c4a47.F,REAL:one-sided,ed.Confetti_Burst_from_Hands,data/processed/transitions_std121/ed.Confetti_Burst_from_Hands/ed.Confetti_Burst_from_Hands.0a3c4a47.F.mp4,8,80,0.3633660435919175,0.6164292842459324,0.6462367859396448,0.8186957942132831
GT1__ed.Confetti_Burst_from_Hands.0deafe88.F,REAL:one-sided,ed.Confetti_Burst_from_Hands,data/processed/transitions_std121/ed.Confetti_Burst_from_Hands/ed.Confetti_Burst_from_Hands.0deafe88.F.mp4,8,80,0.37930967919383685,0.6305393940652811,0.6628871091493925,0.954329753725024
GT1__ed.Confetti_Burst_from_Hands.116c93366b05a44e.M,REAL:one-sided,ed.Confetti_Burst_from_Hands,data/processed/transitions_std121/ed.Confetti_Burst_from_Hands/ed.Confetti_Burst_from_Hands.116c93366b05a44e.M.mp4,8,80,0.34577935062939935,0.498051504241976,0.514822874517007,0.6810037063405703
GT1__ed.Confetti_Burst_from_Hands.161fdaf3.F,REAL:one-sided,ed.Confetti_Burst_from_Hands,data/processed/transitions_std121/ed.Confetti_Burst_from_Hands/ed.Confetti_Burst_from_Hands.161fdaf3.F.mp4,8,80,0.5102890349639975,0.5646575665756153,0.6315444179306946,0.7444505824561766
GT1__ed.Confetti_Burst_from_Hands.21c5db2d.F,REAL:one-sided,ed.Confetti_Burst_from_Hands,data/processed/transitions_std121/ed.Confetti_Burst_from_Hands/ed.Confetti_Burst_from_Hands.21c5db2d.F.mp4,8,80,0.4586622264563267,0.7691242841244451,0.8459908853495687,0.5151626675167562
GT1__ed.Confetti_Burst_from_Hands.2af115c7.F,REAL:one-sided,ed.Confetti_Burst_from_Hands,data/processed/transitions_std121/ed.Confetti_Burst_from_Hands/ed.Confetti_Burst_from_Hands.2af115c7.F.mp4,8,80,0.3216179101665262,0.5201723613435334,0.5695079666236033,0.7718752223432285
GT1__ed.Confetti_Burst_from_Hands.45363300bf22cd46.M,REAL:one-sided,ed.Confetti_Burst_from_Hands,data/processed/transitions_std121/ed.Confetti_Burst_from_Hands/ed.Confetti_Burst_from_Hands.45363300bf22cd46.M.mp4,8,80,0.3843160451025649,0.5476788432413076,0.5744272967094569,0.565536762007609
GT1__ed.Confetti_Burst_from_Hands.lynx-3cd863b7.Z,REAL:one-sided,ed.Confetti_Burst_from_Hands,data/processed/transitions_std121/ed.Confetti_Burst_from_Hands/ed.Confetti_Burst_from_Hands.lynx-3cd863b7.Z.mp4,8,80,0.5461566484009768,0.5222363772549213,0.552355617264462,0.8925932738056762
GT1__ed.Cucumber_seeds_from_chest.01f95ede20c32e61.M,REAL:one-sided,ed.Cucumber_seeds_from_chest,data/processed/transitions_std121/ed.Cucumber_seeds_from_chest/ed.Cucumber_seeds_from_chest.01f95ede20c32e61.M.mp4,8,80,0.3059767086108163,0.42630065373603887,0.4614496275278052,0.9159524245780847
GT1__ed.Cucumber_seeds_from_chest.092cead3.F,REAL:one-sided,ed.Cucumber_seeds_from_chest,data/processed/transitions_std121/ed.Cucumber_seeds_from_chest/ed.Cucumber_seeds_from_chest.092cead3.F.mp4,8,80,0.44330969499013784,0.3985177997900247,0.42414678470017514,0.8683603098168606
GT1__ed.Cucumber_seeds_from_chest.116c93366b05a44e.M,REAL:one-sided,ed.Cucumber_seeds_from_chest,data/processed/transitions_std121/ed.Cucumber_seeds_from_chest/ed.Cucumber_seeds_from_chest.116c93366b05a44e.M.mp4,8,80,0.37766621776672626,0.395352794630277,0.42687655646413875,0.525773512828703
GT1__ed.Cucumber_seeds_from_chest.1b3b7d2f.F,REAL:one-sided,ed.Cucumber_seeds_from_chest,data/processed/transitions_std121/ed.Cucumber_seeds_from_chest/ed.Cucumber_seeds_from_chest.1b3b7d2f.F.mp4,8,80,0.4325152258507836,0.42559877558868175,0.4458333025803371,1.2179981216645739
GT1__ed.Cucumber_seeds_from_chest.242089aa.F,REAL:one-sided,ed.Cucumber_seeds_from_chest,data/processed/transitions_std121/ed.Cucumber_seeds_from_chest/ed.Cucumber_seeds_from_chest.242089aa.F.mp4,8,80,0.35186856507607933,0.5970872395144878,0.6764135979492654,0.5507014597724472
GT1__ed.Cucumber_seeds_from_chest.30cce17c.F,REAL:one-sided,ed.Cucumber_seeds_from_chest,data/processed/transitions_std121/ed.Cucumber_seeds_from_chest/ed.Cucumber_seeds_from_chest.30cce17c.F.mp4,8,80,0.2270298138633624,0.5488698079868496,0.6160661766645286,0.5342097509694057
GT1__ed.Cucumber_seeds_from_chest.3a6b3c270c81c685.M,REAL:one-sided,ed.Cucumber_seeds_from_chest,data/processed/transitions_std121/ed.Cucumber_seeds_from_chest/ed.Cucumber_seeds_from_chest.3a6b3c270c81c685.M.mp4,8,80,0.4701982851460047,0.4850829264392466,0.5522233557055002,0.4499684620552599
GT1__ed.Cucumber_seeds_from_chest.40f534ff.F,REAL:one-sided,ed.Cucumber_seeds_from_chest,data/processed/transitions_std121/ed.Cucumber_seeds_from_chest/ed.Cucumber_seeds_from_chest.40f534ff.F.mp4,8,80,0.3565814580266393,0.4800516879379115,0.5276567153227804,0.48746320267795
GT1__ed.Cucumber_seeds_from_chest.830b7a3dc6ca36d8.M,REAL:one-sided,ed.Cucumber_seeds_from_chest,data/processed/transitions_std121/ed.Cucumber_seeds_from_chest/ed.Cucumber_seeds_from_chest.830b7a3dc6ca36d8.M.mp4,8,80,0.3579305443109413,0.3304802653382976,0.377414246112166,0.5867790410717546
GT1__ed.Cucumber_seeds_from_chest.fish-ea28b9d6.Z,REAL:one-sided,ed.Cucumber_seeds_from_chest,data/processed/transitions_std121/ed.Cucumber_seeds_from_chest/ed.Cucumber_seeds_from_chest.fish-ea28b9d6.Z.mp4,8,80,0.3985444444782176,0.4020586763708455,0.4234533583824234,0.7797189563419101
GT1__ed.Dark_mist_from_mouth.03191b8530530fce.M,REAL:one-sided,ed.Dark_mist_from_mouth,data/processed/transitions_std121/ed.Dark_mist_from_mouth/ed.Dark_mist_from_mouth.03191b8530530fce.M.mp4,8,80,0.523938993049403,0.410896968668929,0.47713345632837584,0.5097411013586692
GT1__ed.Dark_mist_from_mouth.13125221.F,REAL:one-sided,ed.Dark_mist_from_mouth,data/processed/transitions_std121/ed.Dark_mist_from_mouth/ed.Dark_mist_from_mouth.13125221.F.mp4,8,80,0.43512683852827605,0.5751951388811045,0.6580376802202879,0.515776167828879
GT1__ed.Dark_mist_from_mouth.16e32602-8143-39.F,REAL:one-sided,ed.Dark_mist_from_mouth,data/processed/transitions_std121/ed.Dark_mist_from_mouth/ed.Dark_mist_from_mouth.16e32602-8143-39.F.mp4,8,80,0.5903482721214746,0.5403275316510188,0.5818251083841693,0.9395111457954446
GT1__ed.Dark_mist_from_mouth.234ec47fbc4bce84.M,REAL:one-sided,ed.Dark_mist_from_mouth,data/processed/transitions_std121/ed.Dark_mist_from_mouth/ed.Dark_mist_from_mouth.234ec47fbc4bce84.M.mp4,8,80,0.40246956874482254,0.6884109174707036,0.7519130481565839,0.5362699478915508
GT1__ed.Dark_mist_from_mouth.3500f1e6.F,REAL:one-sided,ed.Dark_mist_from_mouth,data/processed/transitions_std121/ed.Dark_mist_from_mouth/ed.Dark_mist_from_mouth.3500f1e6.F.mp4,8,80,0.3856344577017665,0.43004434874785685,0.5051809923833749,0.8838054947071383
GT1__ed.Dark_mist_from_mouth.35ee837c.F,REAL:one-sided,ed.Dark_mist_from_mouth,data/processed/transitions_std121/ed.Dark_mist_from_mouth/ed.Dark_mist_from_mouth.35ee837c.F.mp4,8,80,0.5055141683271969,0.598255401090099,0.6665975723797686,0.705642935283702
GT1__ed.Dark_mist_from_mouth.3c305b9a.F,REAL:one-sided,ed.Dark_mist_from_mouth,data/processed/transitions_std121/ed.Dark_mist_from_mouth/ed.Dark_mist_from_mouth.3c305b9a.F.mp4,8,80,0.4838856874249764,0.39330313062499234,0.4078175605796204,0.5910187956989293
GT1__ed.Dark_mist_from_mouth.4de6063a.F,REAL:one-sided,ed.Dark_mist_from_mouth,data/processed/transitions_std121/ed.Dark_mist_from_mouth/ed.Dark_mist_from_mouth.4de6063a.F.mp4,8,80,0.6012090654751823,0.4641823289848703,0.43546075022682007,0.9031044197283805
GT1__ed.Dark_mist_from_mouth.cat-07b7abfa.Z,REAL:one-sided,ed.Dark_mist_from_mouth,data/processed/transitions_std121/ed.Dark_mist_from_mouth/ed.Dark_mist_from_mouth.cat-07b7abfa.Z.mp4,8,80,0.4087103283255369,0.6487387775536801,0.7339142325687096,0.7300845726748808
GT1__ed.Dark_mist_from_mouth.seal-6cdb13a8.Z,REAL:one-sided,ed.Dark_mist_from_mouth,data/processed/transitions_std121/ed.Dark_mist_from_mouth/ed.Dark_mist_from_mouth.seal-6cdb13a8.Z.mp4,8,80,0.38479577889149286,0.5172322262816813,0.5227662993347921,0.5722968039449665
GT1__ed.Dark_mist_wings_from_back.03191b8530530fce.M,REAL:one-sided,ed.Dark_mist_wings_from_back,data/processed/transitions_std121/ed.Dark_mist_wings_from_back/ed.Dark_mist_wings_from_back.03191b8530530fce.M.mp4,8,80,0.5552928738687288,0.5116347515586388,0.5872092138614132,0.5960271451294016
GT1__ed.Dark_mist_wings_from_back.1394ce46.F,REAL:one-sided,ed.Dark_mist_wings_from_back,data/processed/transitions_std121/ed.Dark_mist_wings_from_back/ed.Dark_mist_wings_from_back.1394ce46.F.mp4,8,80,0.16965666514637956,0.5376278712361829,0.6050853652103533,1.0574707465128501
GT1__ed.Dark_mist_wings_from_back.16d23900.F,REAL:one-sided,ed.Dark_mist_wings_from_back,data/processed/transitions_std121/ed.Dark_mist_wings_from_back/ed.Dark_mist_wings_from_back.16d23900.F.mp4,8,80,0.3872863043194088,0.38667400340391117,0.43429812219609154,1.0582076980086492
GT1__ed.Dark_mist_wings_from_back.198a2221.F,REAL:one-sided,ed.Dark_mist_wings_from_back,data/processed/transitions_std121/ed.Dark_mist_wings_from_back/ed.Dark_mist_wings_from_back.198a2221.F.mp4,8,80,0.27844869144481676,0.5283520577658688,0.5738674527969473,0.6932744662132474
GT1__ed.Dark_mist_wings_from_back.1dcb5391.F,REAL:one-sided,ed.Dark_mist_wings_from_back,data/processed/transitions_std121/ed.Dark_mist_wings_from_back/ed.Dark_mist_wings_from_back.1dcb5391.F.mp4,8,80,0.5189464547010842,0.4989464602600131,0.5546222567223842,1.1624967334531673
GT1__ed.Dark_mist_wings_from_back.207b367b.F,REAL:one-sided,ed.Dark_mist_wings_from_back,data/processed/transitions_std121/ed.Dark_mist_wings_from_back/ed.Dark_mist_wings_from_back.207b367b.F.mp4,8,80,0.4399177669507568,0.7489029300538707,0.8074818247533982,0.9860387404620834
GT1__ed.Dark_mist_wings_from_back.3edcab96.F,REAL:one-sided,ed.Dark_mist_wings_from_back,data/processed/transitions_std121/ed.Dark_mist_wings_from_back/ed.Dark_mist_wings_from_back.3edcab96.F.mp4,8,80,0.6346998745537238,0.7576791304862663,0.8190405054621155,0.7221706994751251
GT1__ed.Dark_mist_wings_from_back.49d0ae6a.F,REAL:one-sided,ed.Dark_mist_wings_from_back,data/processed/transitions_std121/ed.Dark_mist_wings_from_back/ed.Dark_mist_wings_from_back.49d0ae6a.F.mp4,8,80,0.5593847059531354,0.6992271029553713,0.7644558180230209,1.3271815189553173
GT1__ed.Dark_mist_wings_from_back.7ea3d186772aa8d6.M,REAL:one-sided,ed.Dark_mist_wings_from_back,data/processed/transitions_std121/ed.Dark_mist_wings_from_back/ed.Dark_mist_wings_from_back.7ea3d186772aa8d6.M.mp4,8,80,0.3785725067790391,0.5673227816560541,0.615833980496951,0.9058923698718699
GT1__ed.Dark_mist_wings_from_back.cat-54895594.Z,REAL:one-sided,ed.Dark_mist_wings_from_back,data/processed/transitions_std121/ed.Dark_mist_wings_from_back/ed.Dark_mist_wings_from_back.cat-54895594.Z.mp4,8,80,0.5703225092392594,0.626811348838098,0.670919612771271,0.907658420061655
GT1__ed.Diamond_Footpath.081d1c9f.F,REAL:one-sided,ed.Diamond_Footpath,data/processed/transitions_std121/ed.Diamond_Footpath/ed.Diamond_Footpath.081d1c9f.F.mp4,8,80,0.5051915367318904,0.3882122676701576,0.3796566250611636,0.4418129039311236
GT1__ed.Diamond_Footpath.08faa0c7.F,REAL:one-sided,ed.Diamond_Footpath,data/processed/transitions_std121/ed.Diamond_Footpath/ed.Diamond_Footpath.08faa0c7.F.mp4,8,80,0.4157172333271142,0.4734535208338472,0.5177828372702928,0.6477976821663842
GT1__ed.Diamond_Footpath.0a8ace71.F,REAL:one-sided,ed.Diamond_Footpath,data/processed/transitions_std121/ed.Diamond_Footpath/ed.Diamond_Footpath.0a8ace71.F.mp4,8,80,0.3898403296069126,0.5106396551667134,0.5492398562712284,0.4159494169835492
GT1__ed.Diamond_Footpath.0c71d4091805ed87.M,REAL:one-sided,ed.Diamond_Footpath,data/processed/transitions_std121/ed.Diamond_Footpath/ed.Diamond_Footpath.0c71d4091805ed87.M.mp4,8,80,0.4417340247971131,0.46591748559364154,0.49897390207015924,1.4307497649453162
GT1__ed.Diamond_Footpath.23ed4cbf.F,REAL:one-sided,ed.Diamond_Footpath,data/processed/transitions_std121/ed.Diamond_Footpath/ed.Diamond_Footpath.23ed4cbf.F.mp4,8,80,0.45513166850188913,0.32325409487592305,0.32237945236150783,0.6261242580097712
GT1__ed.Diamond_Footpath.3402f2c9.F,REAL:one-sided,ed.Diamond_Footpath,data/processed/transitions_std121/ed.Diamond_Footpath/ed.Diamond_Footpath.3402f2c9.F.mp4,8,80,0.4344841748595969,0.474773870081341,0.5030037468345897,0.4423758562124049
GT1__ed.Diamond_Footpath.44df7f8d.F,REAL:one-sided,ed.Diamond_Footpath,data/processed/transitions_std121/ed.Diamond_Footpath/ed.Diamond_Footpath.44df7f8d.F.mp4,8,80,0.3636806232106453,0.4201968560543178,0.472009248318327,0.5372050364863938
GT1__ed.Diamond_Footpath.64158805.F,REAL:one-sided,ed.Diamond_Footpath,data/processed/transitions_std121/ed.Diamond_Footpath/ed.Diamond_Footpath.64158805.F.mp4,8,80,0.4947665714114853,0.4063414221230568,0.4496328305007287,0.7819328785586431
GT1__ed.Diamond_Footpath.6b654853.F,REAL:one-sided,ed.Diamond_Footpath,data/processed/transitions_std121/ed.Diamond_Footpath/ed.Diamond_Footpath.6b654853.F.mp4,8,80,0.6327149210566041,0.38328534316391555,0.36031788382272856,0.7668581678093608
GT1__ed.Diamond_Footpath.f6e4aa518320cb88.M,REAL:one-sided,ed.Diamond_Footpath,data/processed/transitions_std121/ed.Diamond_Footpath/ed.Diamond_Footpath.f6e4aa518320cb88.M.mp4,8,80,0.4314287987230212,0.33578423881974295,0.35414433053984523,0.965389156449832
GT1__ed.Electric_Clothes_Glow.07b819b2.F,REAL:one-sided,ed.Electric_Clothes_Glow,data/processed/transitions_std121/ed.Electric_Clothes_Glow/ed.Electric_Clothes_Glow.07b819b2.F.mp4,8,80,0.33705052468647057,0.40005341322552357,0.46440184242931554,0.6916228062972896
GT1__ed.Electric_Clothes_Glow.0c71d4091805ed87.M,REAL:one-sided,ed.Electric_Clothes_Glow,data/processed/transitions_std121/ed.Electric_Clothes_Glow/ed.Electric_Clothes_Glow.0c71d4091805ed87.M.mp4,8,80,0.3316352311961015,0.45822422248783395,0.5311265593491618,1.1367978498901843
GT1__ed.Electric_Clothes_Glow.1a7ee006.F,REAL:one-sided,ed.Electric_Clothes_Glow,data/processed/transitions_std121/ed.Electric_Clothes_Glow/ed.Electric_Clothes_Glow.1a7ee006.F.mp4,8,80,0.5610129252388318,0.537796910217914,0.6035524627719198,0.46717707413393217
GT1__ed.Electric_Clothes_Glow.1c13f1de.F,REAL:one-sided,ed.Electric_Clothes_Glow,data/processed/transitions_std121/ed.Electric_Clothes_Glow/ed.Electric_Clothes_Glow.1c13f1de.F.mp4,8,80,0.46544222796612167,0.5501713229995204,0.6057890698048658,0.45116258113928154
GT1__ed.Electric_Clothes_Glow.2f916ae5.F,REAL:one-sided,ed.Electric_Clothes_Glow,data/processed/transitions_std121/ed.Electric_Clothes_Glow/ed.Electric_Clothes_Glow.2f916ae5.F.mp4,8,80,0.44045424949582834,0.6101780687198043,0.7046409274864511,0.28112027488774666
GT1__ed.Electric_Clothes_Glow.37dfb8b4.F,REAL:one-sided,ed.Electric_Clothes_Glow,data/processed/transitions_std121/ed.Electric_Clothes_Glow/ed.Electric_Clothes_Glow.37dfb8b4.F.mp4,8,80,0.23877616132903445,0.48566875174442437,0.5450241786370578,0.26861284022770276
GT1__ed.Electric_Clothes_Glow.3cfccbb7.F,REAL:one-sided,ed.Electric_Clothes_Glow,data/processed/transitions_std121/ed.Electric_Clothes_Glow/ed.Electric_Clothes_Glow.3cfccbb7.F.mp4,8,80,0.38964571318391905,0.3859771095455167,0.4098084906998784,0.8634923439766118
GT1__ed.Electric_Clothes_Glow.3e8cb7df.F,REAL:one-sided,ed.Electric_Clothes_Glow,data/processed/transitions_std121/ed.Electric_Clothes_Glow/ed.Electric_Clothes_Glow.3e8cb7df.F.mp4,8,80,0.1602285378268078,0.5348681889996342,0.591981235221575,0.42123787204941837
GT1__ed.Electric_Clothes_Glow.596a8794.F,REAL:one-sided,ed.Electric_Clothes_Glow,data/processed/transitions_std121/ed.Electric_Clothes_Glow/ed.Electric_Clothes_Glow.596a8794.F.mp4,8,80,0.4569200384149752,0.48033596730486167,0.5523145475016246,0.6967446639360388
GT1__ed.Electric_Clothes_Glow.5b88c138.F,REAL:one-sided,ed.Electric_Clothes_Glow,data/processed/transitions_std121/ed.Electric_Clothes_Glow/ed.Electric_Clothes_Glow.5b88c138.F.mp4,8,80,0.4344452633086111,0.5313078025240477,0.572999964884683,0.5123452677265155
GT1__ed.Eye_Meteor_Burst.04d08d2f.F,REAL:one-sided,ed.Eye_Meteor_Burst,data/processed/transitions_std121/ed.Eye_Meteor_Burst/ed.Eye_Meteor_Burst.04d08d2f.F.mp4,8,80,0.5073996089974726,0.540400756299842,0.5677821152887839,0.8211300325259576
GT1__ed.Eye_Meteor_Burst.0660f930.F,REAL:one-sided,ed.Eye_Meteor_Burst,data/processed/transitions_std121/ed.Eye_Meteor_Burst/ed.Eye_Meteor_Burst.0660f930.F.mp4,8,80,0.37345177879357516,0.3836002315458681,0.40313037186868556,1.0650382987450815
GT1__ed.Eye_Meteor_Burst.0e8ec528ffd657e9.M,REAL:one-sided,ed.Eye_Meteor_Burst,data/processed/transitions_std121/ed.Eye_Meteor_Burst/ed.Eye_Meteor_Burst.0e8ec528ffd657e9.M.mp4,8,80,0.32490243482839865,0.5134392371214598,0.5667629271955642,0.838704142066904
GT1__ed.Eye_Meteor_Burst.0f357118.F,REAL:one-sided,ed.Eye_Meteor_Burst,data/processed/transitions_std121/ed.Eye_Meteor_Burst/ed.Eye_Meteor_Burst.0f357118.F.mp4,8,80,0.3319001962744714,0.4985415617697747,0.5415740061430163,0.3879916611965371
GT1__ed.Eye_Meteor_Burst.116c93366b05a44e.M,REAL:one-sided,ed.Eye_Meteor_Burst,data/processed/transitions_std121/ed.Eye_Meteor_Burst/ed.Eye_Meteor_Burst.116c93366b05a44e.M.mp4,8,80,0.4414204317311705,0.526632699337899,0.5828771369539167,0.7458046067373567
GT1__ed.Eye_Meteor_Burst.229403e7.F,REAL:one-sided,ed.Eye_Meteor_Burst,data/processed/transitions_std121/ed.Eye_Meteor_Burst/ed.Eye_Meteor_Burst.229403e7.F.mp4,8,80,0.37874086960316533,0.6069196338030884,0.6340884266713869,0.9444030980659952
GT1__ed.Eye_Meteor_Burst.2ac8b4d8.F,REAL:one-sided,ed.Eye_Meteor_Burst,data/processed/transitions_std121/ed.Eye_Meteor_Burst/ed.Eye_Meteor_Burst.2ac8b4d8.F.mp4,8,80,0.4110466671445472,0.5756402898144511,0.6485556324322491,0.5127126671082117
GT1__ed.Eye_Meteor_Burst.2d111d3e.F,REAL:one-sided,ed.Eye_Meteor_Burst,data/processed/transitions_std121/ed.Eye_Meteor_Burst/ed.Eye_Meteor_Burst.2d111d3e.F.mp4,8,80,0.2361331073122357,0.5185484864702185,0.5843024004274981,0.7721535047697765
GT1__ed.Eye_Meteor_Burst.c4722997da1baf26.M,REAL:one-sided,ed.Eye_Meteor_Burst,data/processed/transitions_std121/ed.Eye_Meteor_Burst/ed.Eye_Meteor_Burst.c4722997da1baf26.M.mp4,8,80,0.4536761716804014,0.5027309800512444,0.6074097475719354,1.0768908970488573
GT1__ed.Eye_Meteor_Burst.groundhog-34e092.Z,REAL:one-sided,ed.Eye_Meteor_Burst,data/processed/transitions_std121/ed.Eye_Meteor_Burst/ed.Eye_Meteor_Burst.groundhog-34e092.Z.mp4,8,80,0.6544841242601456,0.33232637833019635,0.3106430057419725,0.9622404132451778
GT1__ed.Eye_Shard_Stream.06ad4482b7de1301.M,REAL:one-sided,ed.Eye_Shard_Stream,data/processed/transitions_std121/ed.Eye_Shard_Stream/ed.Eye_Shard_Stream.06ad4482b7de1301.M.mp4,8,80,0.46168595458401507,0.4323009008314671,0.46911266315275,0.5536629940750067
GT1__ed.Eye_Shard_Stream.0f6354f5.F,REAL:one-sided,ed.Eye_Shard_Stream,data/processed/transitions_std121/ed.Eye_Shard_Stream/ed.Eye_Shard_Stream.0f6354f5.F.mp4,8,80,0.3587273042604069,0.35579676072295424,0.41423793898306355,0.4992273149952653
GT1__ed.Eye_Shard_Stream.16dd00ec.F,REAL:one-sided,ed.Eye_Shard_Stream,data/processed/transitions_std121/ed.Eye_Shard_Stream/ed.Eye_Shard_Stream.16dd00ec.F.mp4,8,80,0.18720299993335177,0.4862017097384501,0.558034382910537,0.39444784873759586
GT1__ed.Eye_Shard_Stream.1716f0ac.F,REAL:one-sided,ed.Eye_Shard_Stream,data/processed/transitions_std121/ed.Eye_Shard_Stream/ed.Eye_Shard_Stream.1716f0ac.F.mp4,8,80,0.4750986911021582,0.2969078095055305,0.3065372360731708,0.5514958566626676
GT1__ed.Eye_Shard_Stream.1c1eea85a48c2204.M,REAL:one-sided,ed.Eye_Shard_Stream,data/processed/transitions_std121/ed.Eye_Shard_Stream/ed.Eye_Shard_Stream.1c1eea85a48c2204.M.mp4,8,80,0.2076911686911782,0.41265328274666646,0.46785702310610355,0.3901808762101161
GT1__ed.Eye_Shard_Stream.1e2592b60cc87490.M,REAL:one-sided,ed.Eye_Shard_Stream,data/processed/transitions_std121/ed.Eye_Shard_Stream/ed.Eye_Shard_Stream.1e2592b60cc87490.M.mp4,8,80,0.4147829865832515,0.44800781137546813,0.4713990240034868,0.6821170306564828
GT1__ed.Eye_Shard_Stream.35175f60.F,REAL:one-sided,ed.Eye_Shard_Stream,data/processed/transitions_std121/ed.Eye_Shard_Stream/ed.Eye_Shard_Stream.35175f60.F.mp4,8,80,0.45391999210530254,0.34397971905075625,0.3865554224008785,0.24183075973664614
GT1__ed.Eye_Shard_Stream.52921067.F,REAL:one-sided,ed.Eye_Shard_Stream,data/processed/transitions_std121/ed.Eye_Shard_Stream/ed.Eye_Shard_Stream.52921067.F.mp4,8,80,0.35155205984414795,0.45557443321838714,0.48180119784055747,1.0913692582858008
GT1__ed.Eye_Shard_Stream.ce4e906be5c2640f.M,REAL:one-sided,ed.Eye_Shard_Stream,data/processed/transitions_std121/ed.Eye_Shard_Stream/ed.Eye_Shard_Stream.ce4e906be5c2640f.M.mp4,8,80,0.5688693535282181,0.4089167905763297,0.41088230024767003,0.6663100333286461
GT1__ed.Eye_Shard_Stream.deer-7e0dcf35.Z,REAL:one-sided,ed.Eye_Shard_Stream,data/processed/transitions_std121/ed.Eye_Shard_Stream/ed.Eye_Shard_Stream.deer-7e0dcf35.Z.mp4,8,80,0.36614322806860944,0.341581937982726,0.3837781977156078,0.6530079969459656
GT1__ed.Fist_heat_blast.01023u016mr3hmgc.F,REAL:one-sided,ed.Fist_heat_blast,data/processed/transitions_std121/ed.Fist_heat_blast/ed.Fist_heat_blast.01023u016mr3hmgc.F.mp4,8,80,0.6628141455975236,0.5691882673794174,0.6359131339009625,0.6759446896147868
GT1__ed.Fist_heat_blast.0161279e.F,REAL:one-sided,ed.Fist_heat_blast,data/processed/transitions_std121/ed.Fist_heat_blast/ed.Fist_heat_blast.0161279e.F.mp4,8,80,0.5460030749053839,0.45241849224345376,0.5144527784154531,0.5185708343250038
GT1__ed.Fist_heat_blast.01f95ede20c32e61.M,REAL:one-sided,ed.Fist_heat_blast,data/processed/transitions_std121/ed.Fist_heat_blast/ed.Fist_heat_blast.01f95ede20c32e61.M.mp4,8,80,0.665707186487839,0.43196443857441563,0.4447166674370457,0.9879679723591374
GT1__ed.Fist_heat_blast.0279f4cd.F,REAL:one-sided,ed.Fist_heat_blast,data/processed/transitions_std121/ed.Fist_heat_blast/ed.Fist_heat_blast.0279f4cd.F.mp4,8,80,0.49007116948574003,0.5810067629172996,0.6529954951536395,0.39974749549730987
GT1__ed.Fist_heat_blast.03209488.F,REAL:one-sided,ed.Fist_heat_blast,data/processed/transitions_std121/ed.Fist_heat_blast/ed.Fist_heat_blast.03209488.F.mp4,8,80,0.4529621054831976,0.4804253061109893,0.46373534497009283,1.3477315876622344
GT1__ed.Fist_heat_blast.0527b0e0.F,REAL:one-sided,ed.Fist_heat_blast,data/processed/transitions_std121/ed.Fist_heat_blast/ed.Fist_heat_blast.0527b0e0.F.mp4,8,80,0.721826263555297,0.39670188745416907,0.3956566380315795,0.8294489681481192
GT1__ed.Fist_heat_blast.0e8ec528ffd657e9.M,REAL:one-sided,ed.Fist_heat_blast,data/processed/transitions_std121/ed.Fist_heat_blast/ed.Fist_heat_blast.0e8ec528ffd657e9.M.mp4,8,80,0.3975407063609091,0.527531779843348,0.5963122255660039,0.6465353634131923
GT1__ed.Fist_heat_blast.0f6ac03f76f43971.M,REAL:one-sided,ed.Fist_heat_blast,data/processed/transitions_std121/ed.Fist_heat_blast/ed.Fist_heat_blast.0f6ac03f76f43971.M.mp4,8,80,0.3739178159355545,0.4769255423090154,0.5433323355142676,0.651952745666775
GT1__ed.Fist_heat_blast.147ea999.F,REAL:one-sided,ed.Fist_heat_blast,data/processed/transitions_std121/ed.Fist_heat_blast/ed.Fist_heat_blast.147ea999.F.mp4,8,80,0.5151240849651457,0.5870195154632053,0.6490689717941115,0.7195075144338168
GT1__ed.Fist_heat_blast.cat-620b2dbf.Z,REAL:one-sided,ed.Fist_heat_blast,data/processed/transitions_std121/ed.Fist_heat_blast/ed.Fist_heat_blast.cat-620b2dbf.Z.mp4,8,80,0.7745440460504784,0.23776157536101514,0.07575741467640741,0.6670001103204741
