clip_id,stratum,group,tier,endpoint,seed,path,T,a_idx,b_idx,two_sided,md5,static_pix,twin_clip_id,prompt_cat,grid,notes
null_v2__hero_flight_1__s42,S-GRID,NULLGEN,,hero_flight_1,42,store/gens/005_base_cond/02_neutral__dai/videos/G-fit__ctt_v2__hero_flight_1__ref_hero_flight_0__s42.mp4,121,8,113,True,94fc1b2320c8bea1f822c2d8667248e4,False,GT__hero_flight_1,neutral,v2,dedup_group=1;endpoint_class=hero_flight
null_v2__hero_flight_1__s43,S-GRID,NULLGEN,,hero_flight_1,43,store/gens/005_base_cond/02_neutral__dai/videos/G-fit__ctt_v2__hero_flight_1__ref_hero_flight_0__s43.mp4,121,8,113,True,ecf792363a4314ba47f5c8174c5fa92f,False,GT__hero_flight_1,neutral,v2,dedup_group=1;endpoint_class=hero_flight
null_v2__shadow_smoke_2__s42,S-GRID,NULLGEN,,shadow_smoke_2,42,store/gens/005_base_cond/02_neutral__dai/videos/G-fit__ctt_v2__shadow_smoke_2__ref_shadow_smoke_1__s42.mp4,121,8,113,True,b75f66507c224b36a7dd6a2a131a9e3c,False,GT__shadow_smoke_2,neutral,v2,dedup_group=1;endpoint_class=shadow_smoke
null_v2__shadow_smoke_2__s43,S-GRID,NULLGEN,,shadow_smoke_2,43,store/gens/005_base_cond/02_neutral__dai/videos/G-fit__ctt_v2__shadow_smoke_2__ref_shadow_smoke_1__s43.mp4,121,8,113,True,d1bfbb02ea8280b59dfd91efd0009e1e,False,GT__shadow_smoke_2,neutral,v2,dedup_group=1;endpoint_class=shadow_smoke
null_v2__hero_flight_5__s42,S-GRID,NULLGEN,,hero_flight_5,42,store/gens/005_base_cond/02_neutral__dai/videos/G-memo-probe__ctt_v2__hero_flight_5__ref_hero_flight_0__s42.mp4,121,8,113,True,fe0941d063f6697b14d05db6e1af3e34,False,GT__hero_flight_5,neutral,v2,dedup_group=3;endpoint_class=hero_flight
null_v2__hero_flight_5__s43,S-GRID,NULLGEN,,hero_flight_5,43,store/gens/005_base_cond/02_neutral__dai/videos/G-memo-probe__ctt_v2__hero_flight_5__ref_hero_flight_0__s43.mp4,121,8,113,True,25b3f2770b08c450f44fccd2859d6f8f,False,GT__hero_flight_5,neutral,v2,dedup_group=3;endpoint_class=hero_flight
null_v2__shadow_smoke_0__s42,S-GRID,NULLGEN,,shadow_smoke_0,42,store/gens/005_base_cond/02_neutral__dai/videos/G-memo-probe__ctt_v2__shadow_smoke_0__ref_shadow_smoke_1__s42.mp4,121,8,113,True,720915ff778838100c7b7df7b3ecc1a3,False,GT__shadow_smoke_0,neutral,v2,dedup_group=1;endpoint_class=shadow_smoke
null_v2__shadow_smoke_0__s43,S-GRID,NULLGEN,,shadow_smoke_0,43,store/gens/005_base_cond/02_neutral__dai/videos/G-memo-probe__ctt_v2__shadow_smoke_0__ref_shadow_smoke_1__s43.mp4,121,8,113,True,2e79dab2175ef4c81597a4986c343b04,False,GT__shadow_smoke_0,neutral,v2,dedup_group=1;endpoint_class=shadow_smoke
null_v2__hero_flight_6__s42,S-GRID,NULLGEN,,hero_flight_6,42,store/gens/005_base_cond/02_neutral__dai/videos/G-ref-control__ctt_v2__hero_flight_6__ref_shadow_smoke_0__s42.mp4,121,8,113,True,3116148bc04ed150d17c14d1b8a061aa,False,GT__hero_flight_6,neutral,v2,dedup_group=3;endpoint_class=hero_flight
null_v2__hero_flight_6__s43,S-GRID,NULLGEN,,hero_flight_6,43,store/gens/005_base_cond/02_neutral__dai/videos/G-ref-control__ctt_v2__hero_flight_6__ref_shadow_smoke_0__s43.mp4,121,8,113,True,966d3071c1e4a559b90ca0930b07f839,False,GT__hero_flight_6,neutral,v2,dedup_group=3;endpoint_class=hero_flight
null_v2__shadow_smoke_7__s42,S-GRID,NULLGEN,,shadow_smoke_7,42,store/gens/005_base_cond/02_neutral__dai/videos/G-ref-control__ctt_v2__shadow_smoke_7__ref_hero_flight_5__s42.mp4,121,8,113,True,ceaa51c0958237b941e993f488a25c7c,False,GT__shadow_smoke_7,neutral,v2,dedup_group=3;endpoint_class=shadow_smoke
null_v2__shadow_smoke_7__s43,S-GRID,NULLGEN,,shadow_smoke_7,43,store/gens/005_base_cond/02_neutral__dai/videos/G-ref-control__ctt_v2__shadow_smoke_7__ref_hero_flight_5__s43.mp4,121,8,113,True,d119ff0f69e2384d1c2a6fb158a308d2,False,GT__shadow_smoke_7,neutral,v2,dedup_group=3;endpoint_class=shadow_smoke
null_v2__display_transition_1__s42,S-GRID,NULLGEN,,display_transition_1,42,store/gens/005_base_cond/02_neutral__dai/videos/G-unseen-cross__ctt_v2__display_transition_1__ref_hero_flight_5__s42.mp4,121,8,113,True,59837bb346ff069ee4a9edc2a9a671c7,False,GT__display_transition_1,neutral,v2,dedup_group=1;endpoint_class=display_transition
null_v2__display_transition_1__s43,S-GRID,NULLGEN,,display_transition_1,43,store/gens/005_base_cond/02_neutral__dai/videos/G-unseen-cross__ctt_v2__display_transition_1__ref_hero_flight_5__s43.mp4,121,8,113,True,7fbee203ab18f7fba61b52211192c08f,False,GT__display_transition_1,neutral,v2,dedup_group=1;endpoint_class=display_transition
null_v2__earth_wave_3__s42,S-GRID,NULLGEN,,earth_wave_3,42,store/gens/005_base_cond/02_neutral__dai/videos/G-unseen-cross__ctt_v2__earth_wave_3__ref_hero_flight_5__s42.mp4,121,8,113,True,7ab0436cde98b09cbf0b98bf4b16ffae,False,GT__earth_wave_3,neutral,v2,dedup_group=3;endpoint_class=earth_wave
null_v2__earth_wave_3__s43,S-GRID,NULLGEN,,earth_wave_3,43,store/gens/005_base_cond/02_neutral__dai/videos/G-unseen-cross__ctt_v2__earth_wave_3__ref_hero_flight_5__s43.mp4,121,8,113,True,aad816cba61d1076d0cd77182903a04f,False,GT__earth_wave_3,neutral,v2,dedup_group=3;endpoint_class=earth_wave
null_v2__melt_transition_2__s42,S-GRID,NULLGEN,,melt_transition_2,42,store/gens/005_base_cond/02_neutral__dai/videos/G-unseen-cross__ctt_v2__melt_transition_2__ref_shadow_smoke_0__s42.mp4,121,8,113,True,31678118ad3a1d675e8addaf4b3c4efa,False,GT__melt_transition_2,neutral,v2,dedup_group=2;endpoint_class=melt_transition
null_v2__melt_transition_2__s43,S-GRID,NULLGEN,,melt_transition_2,43,store/gens/005_base_cond/02_neutral__dai/videos/G-unseen-cross__ctt_v2__melt_transition_2__ref_shadow_smoke_0__s43.mp4,121,8,113,True,5705cfd3107677501452c3db2db918b5,False,GT__melt_transition_2,neutral,v2,dedup_group=2;endpoint_class=melt_transition
null_v2__raven_transition_2__s42,S-GRID,NULLGEN,,raven_transition_2,42,store/gens/005_base_cond/02_neutral__dai/videos/G-unseen-cross__ctt_v2__raven_transition_2__ref_shadow_smoke_0__s42.mp4,121,8,113,True,a41f062145afabf1fbe571b3e0709b3a,False,GT__raven_transition_2,neutral,v2,dedup_group=2;endpoint_class=raven_transition
null_v2__raven_transition_2__s43,S-GRID,NULLGEN,,raven_transition_2,43,store/gens/005_base_cond/02_neutral__dai/videos/G-unseen-cross__ctt_v2__raven_transition_2__ref_shadow_smoke_0__s43.mp4,121,8,113,True,5adb26652d690d65b54be6b00cfe830c,False,GT__raven_transition_2,neutral,v2,dedup_group=2;endpoint_class=raven_transition
null_v2__air_bending_1__s42,S-GRID,NULLGEN,,air_bending_1,42,store/gens/005_base_cond/02_neutral__dai/videos/G-zs-cross__ctt_v2__air_bending_1__ref_raven_transition_0__s42.mp4,121,8,113,True,075c4aa3d8bcd78cf159a4a60ff98f87,False,GT__air_bending_1,neutral,v2,dedup_group=1;endpoint_class=air_bending
null_v2__air_bending_1__s43,S-GRID,NULLGEN,,air_bending_1,43,store/gens/005_base_cond/02_neutral__dai/videos/G-zs-cross__ctt_v2__air_bending_1__ref_raven_transition_0__s43.mp4,121,8,113,True,a1e4751084be49dffe1654a6f7372aa5,False,GT__air_bending_1,neutral,v2,dedup_group=1;endpoint_class=air_bending
null_v2__giant_grab_3__s42,S-GRID,NULLGEN,,giant_grab_3,42,store/gens/005_base_cond/02_neutral__dai/videos/G-zs-cross__ctt_v2__giant_grab_3__ref_flying_cam_transition_1__s42.mp4,121,8,113,True,648009936d1a533078693c8c50ad46e7,False,GT__giant_grab_3,neutral,v2,dedup_group=2;endpoint_class=giant_grab
null_v2__giant_grab_3__s43,S-GRID,NULLGEN,,giant_grab_3,43,store/gens/005_base_cond/02_neutral__dai/videos/G-zs-cross__ctt_v2__giant_grab_3__ref_flying_cam_transition_1__s43.mp4,121,8,113,True,f81d058f353c8b21a1341e9b1dd2be81,False,GT__giant_grab_3,neutral,v2,dedup_group=2;endpoint_class=giant_grab
null_v2__water_bending_3__s42,S-GRID,NULLGEN,,water_bending_3,42,store/gens/005_base_cond/02_neutral__dai/videos/G-zs-cross__ctt_v2__water_bending_3__ref_firelava_0__s42.mp4,121,8,113,True,6fdab8d8f1fcc822e78beff2af3ea0c9,False,GT__water_bending_3,neutral,v2,dedup_group=1;endpoint_class=water_bending
null_v2__water_bending_3__s43,S-GRID,NULLGEN,,water_bending_3,43,store/gens/005_base_cond/02_neutral__dai/videos/G-zs-cross__ctt_v2__water_bending_3__ref_firelava_0__s43.mp4,121,8,113,True,62f0c4a0fce4741eb493b9300023e75c,False,GT__water_bending_3,neutral,v2,dedup_group=1;endpoint_class=water_bending
null_v2__firelava_4__s42,S-GRID,NULLGEN,,firelava_4,42,store/gens/005_base_cond/02_neutral__dai/videos/G-zs-same__ctt_v2__firelava_4__ref_firelava_0__s42.mp4,121,8,113,True,21cd31b3a2c986f30aacd68da59dd6db,False,GT__firelava_4,neutral,v2,dedup_group=1;endpoint_class=firelava
null_v2__firelava_4__s43,S-GRID,NULLGEN,,firelava_4,43,store/gens/005_base_cond/02_neutral__dai/videos/G-zs-same__ctt_v2__firelava_4__ref_firelava_0__s43.mp4,121,8,113,True,afb22e7e4c5488756a44a2c3a69b8ed3,False,GT__firelava_4,neutral,v2,dedup_group=1;endpoint_class=firelava
null_v2__flying_cam_transition_4__s42,S-GRID,NULLGEN,,flying_cam_transition_4,42,store/gens/005_base_cond/02_neutral__dai/videos/G-zs-same__ctt_v2__flying_cam_transition_4__ref_flying_cam_transition_1__s42.mp4,121,8,113,True,e772ee2fe28f64320ffa11b3c7ab1dea,False,GT__flying_cam_transition_4,neutral,v2,dedup_group=1;endpoint_class=flying_cam_transition
null_v2__flying_cam_transition_4__s43,S-GRID,NULLGEN,,flying_cam_transition_4,43,store/gens/005_base_cond/02_neutral__dai/videos/G-zs-same__ctt_v2__flying_cam_transition_4__ref_flying_cam_transition_1__s43.mp4,121,8,113,True,a5d75183c6688e9e5862948634690b10,False,GT__flying_cam_transition_4,neutral,v2,dedup_group=1;endpoint_class=flying_cam_transition
gridF_v2__davis_bear_elephant__s42,S-GRID-F,NULLGEN,,davis_bear_elephant,42,store/gens/005_base_cond/02_neutral__dai/videos/G-unseen-foreign__ctt_v2__davis_bear_elephant__ref_hero_flight_5__s42.mp4,121,8,113,True,821905c084f08d71fcac2dd70e3c8def,False,,neutral,v2,dedup_group=5;endpoint_class=davis
gridF_v2__davis_bear_elephant__s43,S-GRID-F,NULLGEN,,davis_bear_elephant,43,store/gens/005_base_cond/02_neutral__dai/videos/G-unseen-foreign__ctt_v2__davis_bear_elephant__ref_hero_flight_5__s43.mp4,121,8,113,True,09fe6e3503807d48a6f06e4fad5a5963,False,,neutral,v2,dedup_group=5;endpoint_class=davis
gridF_v2__davis_tennis_snowboard__s42,S-GRID-F,NULLGEN,,davis_tennis_snowboard,42,store/gens/005_base_cond/02_neutral__dai/videos/G-unseen-foreign__ctt_v2__davis_tennis_snowboard__ref_hero_flight_5__s42.mp4,121,8,113,True,1fb4bb1e72d61bd8554d7fad4e376fa3,False,,neutral,v2,dedup_group=5;endpoint_class=davis
gridF_v2__davis_tennis_snowboard__s43,S-GRID-F,NULLGEN,,davis_tennis_snowboard,43,store/gens/005_base_cond/02_neutral__dai/videos/G-unseen-foreign__ctt_v2__davis_tennis_snowboard__ref_hero_flight_5__s43.mp4,121,8,113,True,547ca74faae01e7802a9aa714298d598,False,,neutral,v2,dedup_group=5;endpoint_class=davis
gridF_v2__davis_blackswan_rhino__s42,S-GRID-F,NULLGEN,,davis_blackswan_rhino,42,store/gens/005_base_cond/02_neutral__dai/videos/G-zs-foreign__ctt_v2__davis_blackswan_rhino__ref_firelava_0__s42.mp4,121,8,113,True,1c39dd98c9de24f334f88e659fba8a92,False,,neutral,v2,dedup_group=4;endpoint_class=davis
gridF_v2__davis_blackswan_rhino__s43,S-GRID-F,NULLGEN,,davis_blackswan_rhino,43,store/gens/005_base_cond/02_neutral__dai/videos/G-zs-foreign__ctt_v2__davis_blackswan_rhino__ref_firelava_0__s43.mp4,121,8,113,True,1d99746e493450829c547ff5bf30030e,False,,neutral,v2,dedup_group=4;endpoint_class=davis
null_v3__hero_flight_1__s42,S-GRID,NULLGEN,,hero_flight_1,42,store/gens/005_base_cond/04_neutral_v3__dai/videos/G-fit__base_cond_neutral_v3__hero_flight_1__ref_hero_flight_0__s42.mp4,121,8,113,True,94fc1b2320c8bea1f822c2d8667248e4,False,GT__hero_flight_1,neutral,v3,dedup_group=1;endpoint_class=hero_flight
null_v3__hero_flight_1__s43,S-GRID,NULLGEN,,hero_flight_1,43,store/gens/005_base_cond/04_neutral_v3__dai/videos/G-fit__base_cond_neutral_v3__hero_flight_1__ref_hero_flight_0__s43.mp4,121,8,113,True,ecf792363a4314ba47f5c8174c5fa92f,False,GT__hero_flight_1,neutral,v3,dedup_group=1;endpoint_class=hero_flight
null_v3__shadow_smoke_2__s42,S-GRID,NULLGEN,,shadow_smoke_2,42,store/gens/005_base_cond/04_neutral_v3__dai/videos/G-fit__base_cond_neutral_v3__shadow_smoke_2__ref_shadow_smoke_1__s42.mp4,121,8,113,True,b75f66507c224b36a7dd6a2a131a9e3c,False,GT__shadow_smoke_2,neutral,v3,dedup_group=1;endpoint_class=shadow_smoke
null_v3__shadow_smoke_2__s43,S-GRID,NULLGEN,,shadow_smoke_2,43,store/gens/005_base_cond/04_neutral_v3__dai/videos/G-fit__base_cond_neutral_v3__shadow_smoke_2__ref_shadow_smoke_1__s43.mp4,121,8,113,True,d1bfbb02ea8280b59dfd91efd0009e1e,False,GT__shadow_smoke_2,neutral,v3,dedup_group=1;endpoint_class=shadow_smoke
null_v3__hero_flight_5__s42,S-GRID,NULLGEN,,hero_flight_5,42,store/gens/005_base_cond/04_neutral_v3__dai/videos/G-memo-probe__base_cond_neutral_v3__hero_flight_5__ref_hero_flight_0__s42.mp4,121,8,113,True,fe0941d063f6697b14d05db6e1af3e34,False,GT__hero_flight_5,neutral,v3,dedup_group=5;endpoint_class=hero_flight
null_v3__hero_flight_5__s43,S-GRID,NULLGEN,,hero_flight_5,43,store/gens/005_base_cond/04_neutral_v3__dai/videos/G-memo-probe__base_cond_neutral_v3__hero_flight_5__ref_hero_flight_0__s43.mp4,121,8,113,True,25b3f2770b08c450f44fccd2859d6f8f,False,GT__hero_flight_5,neutral,v3,dedup_group=5;endpoint_class=hero_flight
null_v3__shadow_smoke_0__s42,S-GRID,NULLGEN,,shadow_smoke_0,42,store/gens/005_base_cond/04_neutral_v3__dai/videos/G-memo-probe__base_cond_neutral_v3__shadow_smoke_0__ref_shadow_smoke_1__s42.mp4,121,8,113,True,720915ff778838100c7b7df7b3ecc1a3,False,GT__shadow_smoke_0,neutral,v3,dedup_group=3;endpoint_class=shadow_smoke
null_v3__shadow_smoke_0__s43,S-GRID,NULLGEN,,shadow_smoke_0,43,store/gens/005_base_cond/04_neutral_v3__dai/videos/G-memo-probe__base_cond_neutral_v3__shadow_smoke_0__ref_shadow_smoke_1__s43.mp4,121,8,113,True,2e79dab2175ef4c81597a4986c343b04,False,GT__shadow_smoke_0,neutral,v3,dedup_group=3;endpoint_class=shadow_smoke
null_v3__air_bending_1__s42,S-GRID,NULLGEN,,air_bending_1,42,store/gens/005_base_cond/04_neutral_v3__dai/videos/G-unseen-cross__base_cond_neutral_v3__air_bending_1__ref_earth_wave_3__s42.mp4,121,8,113,True,075c4aa3d8bcd78cf159a4a60ff98f87,False,GT__air_bending_1,neutral,v3,dedup_group=4;endpoint_class=air_bending
null_v3__air_bending_1__s43,S-GRID,NULLGEN,,air_bending_1,43,store/gens/005_base_cond/04_neutral_v3__dai/videos/G-unseen-cross__base_cond_neutral_v3__air_bending_1__ref_earth_wave_3__s43.mp4,121,8,113,True,a1e4751084be49dffe1654a6f7372aa5,False,GT__air_bending_1,neutral,v3,dedup_group=4;endpoint_class=air_bending
null_v3__display_transition_1__s42,S-GRID,NULLGEN,,display_transition_1,42,store/gens/005_base_cond/04_neutral_v3__dai/videos/G-unseen-cross__base_cond_neutral_v3__display_transition_1__ref_air_bending_1__s42.mp4,121,8,113,True,59837bb346ff069ee4a9edc2a9a671c7,False,GT__display_transition_1,neutral,v3,dedup_group=3;endpoint_class=display_transition
null_v3__display_transition_1__s43,S-GRID,NULLGEN,,display_transition_1,43,store/gens/005_base_cond/04_neutral_v3__dai/videos/G-unseen-cross__base_cond_neutral_v3__display_transition_1__ref_air_bending_1__s43.mp4,121,8,113,True,7fbee203ab18f7fba61b52211192c08f,False,GT__display_transition_1,neutral,v3,dedup_group=3;endpoint_class=display_transition
null_v3__earth_wave_3__s42,S-GRID,NULLGEN,,earth_wave_3,42,store/gens/005_base_cond/04_neutral_v3__dai/videos/G-unseen-cross__base_cond_neutral_v3__earth_wave_3__ref_hero_flight_5__s42.mp4,121,8,113,True,7ab0436cde98b09cbf0b98bf4b16ffae,False,GT__earth_wave_3,neutral,v3,dedup_group=3;endpoint_class=earth_wave
null_v3__earth_wave_3__s43,S-GRID,NULLGEN,,earth_wave_3,43,store/gens/005_base_cond/04_neutral_v3__dai/videos/G-unseen-cross__base_cond_neutral_v3__earth_wave_3__ref_hero_flight_5__s43.mp4,121,8,113,True,aad816cba61d1076d0cd77182903a04f,False,GT__earth_wave_3,neutral,v3,dedup_group=3;endpoint_class=earth_wave
null_v3__earth_wave_5__s42,S-GRID,NULLGEN,,earth_wave_5,42,store/gens/005_base_cond/04_neutral_v3__dai/videos/G-unseen-cross__base_cond_neutral_v3__earth_wave_5__ref_flame_transition_3__s42.mp4,121,8,113,True,5f52f843c1ecb22da95033c685759b6c,False,GT__earth_wave_5,neutral,v3,dedup_group=2;endpoint_class=earth_wave
null_v3__earth_wave_5__s43,S-GRID,NULLGEN,,earth_wave_5,43,store/gens/005_base_cond/04_neutral_v3__dai/videos/G-unseen-cross__base_cond_neutral_v3__earth_wave_5__ref_flame_transition_3__s43.mp4,121,8,113,True,4de7bdcb5f383703ce12a20bfcf64f8b,False,GT__earth_wave_5,neutral,v3,dedup_group=2;endpoint_class=earth_wave
null_v3__firelava_4__s42,S-GRID,NULLGEN,,firelava_4,42,store/gens/005_base_cond/04_neutral_v3__dai/videos/G-unseen-cross__base_cond_neutral_v3__firelava_4__ref_hero_flight_6__s42.mp4,121,8,113,True,21cd31b3a2c986f30aacd68da59dd6db,False,GT__firelava_4,neutral,v3,dedup_group=4;endpoint_class=firelava
null_v3__firelava_4__s43,S-GRID,NULLGEN,,firelava_4,43,store/gens/005_base_cond/04_neutral_v3__dai/videos/G-unseen-cross__base_cond_neutral_v3__firelava_4__ref_hero_flight_6__s43.mp4,121,8,113,True,afb22e7e4c5488756a44a2c3a69b8ed3,False,GT__firelava_4,neutral,v3,dedup_group=4;endpoint_class=firelava
null_v3__hero_flight_6__s42,S-GRID,NULLGEN,,hero_flight_6,42,store/gens/005_base_cond/04_neutral_v3__dai/videos/G-unseen-cross__base_cond_neutral_v3__hero_flight_6__ref_giant_grab_3__s42.mp4,121,8,113,True,3116148bc04ed150d17c14d1b8a061aa,False,GT__hero_flight_6,neutral,v3,dedup_group=4;endpoint_class=hero_flight
null_v3__hero_flight_6__s43,S-GRID,NULLGEN,,hero_flight_6,43,store/gens/005_base_cond/04_neutral_v3__dai/videos/G-unseen-cross__base_cond_neutral_v3__hero_flight_6__ref_giant_grab_3__s43.mp4,121,8,113,True,966d3071c1e4a559b90ca0930b07f839,False,GT__hero_flight_6,neutral,v3,dedup_group=4;endpoint_class=hero_flight
null_v3__melt_transition_2__s42,S-GRID,NULLGEN,,melt_transition_2,42,store/gens/005_base_cond/04_neutral_v3__dai/videos/G-unseen-cross__base_cond_neutral_v3__melt_transition_2__ref_shadow_smoke_0__s42.mp4,121,8,113,True,31678118ad3a1d675e8addaf4b3c4efa,False,GT__melt_transition_2,neutral,v3,dedup_group=3;endpoint_class=melt_transition
null_v3__melt_transition_2__s43,S-GRID,NULLGEN,,melt_transition_2,43,store/gens/005_base_cond/04_neutral_v3__dai/videos/G-unseen-cross__base_cond_neutral_v3__melt_transition_2__ref_shadow_smoke_0__s43.mp4,121,8,113,True,5705cfd3107677501452c3db2db918b5,False,GT__melt_transition_2,neutral,v3,dedup_group=3;endpoint_class=melt_transition
null_v3__raven_transition_2__s42,S-GRID,NULLGEN,,raven_transition_2,42,store/gens/005_base_cond/04_neutral_v3__dai/videos/G-unseen-cross__base_cond_neutral_v3__raven_transition_2__ref_shadow_smoke_0__s42.mp4,121,8,113,True,a41f062145afabf1fbe571b3e0709b3a,False,GT__raven_transition_2,neutral,v3,dedup_group=2;endpoint_class=raven_transition
null_v3__raven_transition_2__s43,S-GRID,NULLGEN,,raven_transition_2,43,store/gens/005_base_cond/04_neutral_v3__dai/videos/G-unseen-cross__base_cond_neutral_v3__raven_transition_2__ref_shadow_smoke_0__s43.mp4,121,8,113,True,5adb26652d690d65b54be6b00cfe830c,False,GT__raven_transition_2,neutral,v3,dedup_group=2;endpoint_class=raven_transition
null_v3__water_bending_3__s42,S-GRID,NULLGEN,,water_bending_3,42,store/gens/005_base_cond/04_neutral_v3__dai/videos/G-unseen-cross__base_cond_neutral_v3__water_bending_3__ref_shadow_smoke_7__s42.mp4,121,8,113,True,6fdab8d8f1fcc822e78beff2af3ea0c9,False,GT__water_bending_3,neutral,v3,dedup_group=2;endpoint_class=water_bending
null_v3__water_bending_3__s43,S-GRID,NULLGEN,,water_bending_3,43,store/gens/005_base_cond/04_neutral_v3__dai/videos/G-unseen-cross__base_cond_neutral_v3__water_bending_3__ref_shadow_smoke_7__s43.mp4,121,8,113,True,62f0c4a0fce4741eb493b9300023e75c,False,GT__water_bending_3,neutral,v3,dedup_group=2;endpoint_class=water_bending
null_v3__flame_transition_2__s42,S-GRID,NULLGEN,,flame_transition_2,42,store/gens/005_base_cond/04_neutral_v3__dai/videos/G-unseen-same__base_cond_neutral_v3__flame_transition_2__ref_flame_transition_3__s42.mp4,121,8,113,True,29bd40fd59b04a76da144a0a2f988069,False,GT__flame_transition_2,neutral,v3,dedup_group=1;endpoint_class=flame
null_v3__flame_transition_2__s43,S-GRID,NULLGEN,,flame_transition_2,43,store/gens/005_base_cond/04_neutral_v3__dai/videos/G-unseen-same__base_cond_neutral_v3__flame_transition_2__ref_flame_transition_3__s43.mp4,121,8,113,True,7063ece92eb7b512378f0e9b877c6d27,False,GT__flame_transition_2,neutral,v3,dedup_group=1;endpoint_class=flame
null_v3__flame_transition_3__s42,S-GRID,NULLGEN,,flame_transition_3,42,store/gens/005_base_cond/04_neutral_v3__dai/videos/G-unseen-same__base_cond_neutral_v3__flame_transition_3__ref_flame_transition_2__s42.mp4,121,8,113,True,ba6e8f41539b2c13c5b8e57a1541e428,False,GT__flame_transition_3,neutral,v3,dedup_group=1;endpoint_class=flame
null_v3__flame_transition_3__s43,S-GRID,NULLGEN,,flame_transition_3,43,store/gens/005_base_cond/04_neutral_v3__dai/videos/G-unseen-same__base_cond_neutral_v3__flame_transition_3__ref_flame_transition_2__s43.mp4,121,8,113,True,ea3fb305cecf36e568e45758ebf42168,False,GT__flame_transition_3,neutral,v3,dedup_group=1;endpoint_class=flame
null_v3__giant_grab_5__s42,S-GRID,NULLGEN,,giant_grab_5,42,store/gens/005_base_cond/04_neutral_v3__dai/videos/G-unseen-same__base_cond_neutral_v3__giant_grab_5__ref_giant_grab_3__s42.mp4,121,8,113,True,3bbcf966373f2b4e9ac4e09ef9b09329,False,GT__giant_grab_5,neutral,v3,dedup_group=1;endpoint_class=giant_grab
null_v3__giant_grab_5__s43,S-GRID,NULLGEN,,giant_grab_5,43,store/gens/005_base_cond/04_neutral_v3__dai/videos/G-unseen-same__base_cond_neutral_v3__giant_grab_5__ref_giant_grab_3__s43.mp4,121,8,113,True,463efd30982328d014d2d58dc118eec9,False,GT__giant_grab_5,neutral,v3,dedup_group=1;endpoint_class=giant_grab
null_v3__shadow_smoke_7__s42,S-GRID,NULLGEN,,shadow_smoke_7,42,store/gens/005_base_cond/04_neutral_v3__dai/videos/G-unseen-same__base_cond_neutral_v3__shadow_smoke_7__ref_shadow_smoke_0__s42.mp4,121,8,113,True,ceaa51c0958237b941e993f488a25c7c,False,GT__shadow_smoke_7,neutral,v3,dedup_group=2;endpoint_class=shadow_smoke
null_v3__shadow_smoke_7__s43,S-GRID,NULLGEN,,shadow_smoke_7,43,store/gens/005_base_cond/04_neutral_v3__dai/videos/G-unseen-same__base_cond_neutral_v3__shadow_smoke_7__ref_shadow_smoke_0__s43.mp4,121,8,113,True,d119ff0f69e2384d1c2a6fb158a308d2,False,GT__shadow_smoke_7,neutral,v3,dedup_group=2;endpoint_class=shadow_smoke
null_v3__giant_grab_3__s42,S-GRID,NULLGEN,,giant_grab_3,42,store/gens/005_base_cond/04_neutral_v3__dai/videos/G-zs-cross__base_cond_neutral_v3__giant_grab_3__ref_flying_cam_transition_1__s42.mp4,121,8,113,True,648009936d1a533078693c8c50ad46e7,False,GT__giant_grab_3,neutral,v3,dedup_group=3;endpoint_class=giant_grab
null_v3__giant_grab_3__s43,S-GRID,NULLGEN,,giant_grab_3,43,store/gens/005_base_cond/04_neutral_v3__dai/videos/G-zs-cross__base_cond_neutral_v3__giant_grab_3__ref_flying_cam_transition_1__s43.mp4,121,8,113,True,f81d058f353c8b21a1341e9b1dd2be81,False,GT__giant_grab_3,neutral,v3,dedup_group=3;endpoint_class=giant_grab
null_v3__flying_cam_transition_4__s42,S-GRID,NULLGEN,,flying_cam_transition_4,42,store/gens/005_base_cond/04_neutral_v3__dai/videos/G-zs-same__base_cond_neutral_v3__flying_cam_transition_4__ref_flying_cam_transition_1__s42.mp4,121,8,113,True,e772ee2fe28f64320ffa11b3c7ab1dea,False,GT__flying_cam_transition_4,neutral,v3,dedup_group=2;endpoint_class=flying_cam_transition
null_v3__flying_cam_transition_4__s43,S-GRID,NULLGEN,,flying_cam_transition_4,43,store/gens/005_base_cond/04_neutral_v3__dai/videos/G-zs-same__base_cond_neutral_v3__flying_cam_transition_4__ref_flying_cam_transition_1__s43.mp4,121,8,113,True,a5d75183c6688e9e5862948634690b10,False,GT__flying_cam_transition_4,neutral,v3,dedup_group=2;endpoint_class=flying_cam_transition
gridF_v3__davis_bear_elephant__s42,S-GRID-F,NULLGEN,,davis_bear_elephant,42,store/gens/005_base_cond/04_neutral_v3__dai/videos/G-unseen-foreign__base_cond_neutral_v3__davis_bear_elephant__ref_hero_flight_5__s42.mp4,121,8,113,True,821905c084f08d71fcac2dd70e3c8def,False,,neutral,v3,dedup_group=5;endpoint_class=davis
gridF_v3__davis_bear_elephant__s43,S-GRID-F,NULLGEN,,davis_bear_elephant,43,store/gens/005_base_cond/04_neutral_v3__dai/videos/G-unseen-foreign__base_cond_neutral_v3__davis_bear_elephant__ref_hero_flight_5__s43.mp4,121,8,113,True,09fe6e3503807d48a6f06e4fad5a5963,False,,neutral,v3,dedup_group=5;endpoint_class=davis
gridF_v3__davis_tennis_snowboard__s42,S-GRID-F,NULLGEN,,davis_tennis_snowboard,42,store/gens/005_base_cond/04_neutral_v3__dai/videos/G-unseen-foreign__base_cond_neutral_v3__davis_tennis_snowboard__ref_hero_flight_5__s42.mp4,121,8,113,True,1fb4bb1e72d61bd8554d7fad4e376fa3,False,,neutral,v3,dedup_group=5;endpoint_class=davis
gridF_v3__davis_tennis_snowboard__s43,S-GRID-F,NULLGEN,,davis_tennis_snowboard,43,store/gens/005_base_cond/04_neutral_v3__dai/videos/G-unseen-foreign__base_cond_neutral_v3__davis_tennis_snowboard__ref_hero_flight_5__s43.mp4,121,8,113,True,547ca74faae01e7802a9aa714298d598,False,,neutral,v3,dedup_group=5;endpoint_class=davis
gridF_v3__hvpair.humanvid_10042758.humanvid_7537430__s42,S-GRID-F,NULLGEN,,hvpair.humanvid_10042758.humanvid_7537430,42,store/gens/005_base_cond/04_neutral_v3__dai/videos/G-unseen-foreign__base_cond_neutral_v3__hvpair.humanvid_10042758.humanvid_7537430__ref_hero_flight_6__s42.mp4,121,8,113,True,c321d2f05d2f53c027aab09c6f055ab1,False,,neutral,v3,dedup_group=1;endpoint_class=davis
gridF_v3__hvpair.humanvid_10042758.humanvid_7537430__s43,S-GRID-F,NULLGEN,,hvpair.humanvid_10042758.humanvid_7537430,43,store/gens/005_base_cond/04_neutral_v3__dai/videos/G-unseen-foreign__base_cond_neutral_v3__hvpair.humanvid_10042758.humanvid_7537430__ref_hero_flight_6__s43.mp4,121,8,113,True,94b6faf318da586eb81de942447f5876,False,,neutral,v3,dedup_group=1;endpoint_class=davis
gridF_v3__hvpair.humanvid_12405668.humanvid_7539020__s42,S-GRID-F,NULLGEN,,hvpair.humanvid_12405668.humanvid_7539020,42,store/gens/005_base_cond/04_neutral_v3__dai/videos/G-unseen-foreign__base_cond_neutral_v3__hvpair.humanvid_12405668.humanvid_7539020__ref_shadow_smoke_7__s42.mp4,121,8,113,True,9f87e38c63b23d1532992009e8726f22,False,,neutral,v3,dedup_group=1;endpoint_class=davis
gridF_v3__hvpair.humanvid_12405668.humanvid_7539020__s43,S-GRID-F,NULLGEN,,hvpair.humanvid_12405668.humanvid_7539020,43,store/gens/005_base_cond/04_neutral_v3__dai/videos/G-unseen-foreign__base_cond_neutral_v3__hvpair.humanvid_12405668.humanvid_7539020__ref_shadow_smoke_7__s43.mp4,121,8,113,True,5d6bc9436efa6f5773c85b134dd37e06,False,,neutral,v3,dedup_group=1;endpoint_class=davis
gridF_v3__hvpair.humanvid_2402374.humanvid_7663067__s42,S-GRID-F,NULLGEN,,hvpair.humanvid_2402374.humanvid_7663067,42,store/gens/005_base_cond/04_neutral_v3__dai/videos/G-unseen-foreign__base_cond_neutral_v3__hvpair.humanvid_2402374.humanvid_7663067__ref_earth_wave_3__s42.mp4,121,8,113,True,ae2918a06932a3b19e6094d448f4412d,False,,neutral,v3,dedup_group=1;endpoint_class=davis
gridF_v3__hvpair.humanvid_2402374.humanvid_7663067__s43,S-GRID-F,NULLGEN,,hvpair.humanvid_2402374.humanvid_7663067,43,store/gens/005_base_cond/04_neutral_v3__dai/videos/G-unseen-foreign__base_cond_neutral_v3__hvpair.humanvid_2402374.humanvid_7663067__ref_earth_wave_3__s43.mp4,121,8,113,True,b95b6df17ffa39eb64f02b1a37177ac6,False,,neutral,v3,dedup_group=1;endpoint_class=davis
gridF_v3__hvpair.humanvid_3795426.humanvid_7670221__s42,S-GRID-F,NULLGEN,,hvpair.humanvid_3795426.humanvid_7670221,42,store/gens/005_base_cond/04_neutral_v3__dai/videos/G-unseen-foreign__base_cond_neutral_v3__hvpair.humanvid_3795426.humanvid_7670221__ref_giant_grab_3__s42.mp4,121,8,113,True,ce76d36158d417bffe7e1bc7c1412070,False,,neutral,v3,dedup_group=1;endpoint_class=davis
gridF_v3__hvpair.humanvid_3795426.humanvid_7670221__s43,S-GRID-F,NULLGEN,,hvpair.humanvid_3795426.humanvid_7670221,43,store/gens/005_base_cond/04_neutral_v3__dai/videos/G-unseen-foreign__base_cond_neutral_v3__hvpair.humanvid_3795426.humanvid_7670221__ref_giant_grab_3__s43.mp4,121,8,113,True,d75acb5d49f43677de065bb44af6af21,False,,neutral,v3,dedup_group=1;endpoint_class=davis
gridF_v3__hvpair.humanvid_4058810.humanvid_7682587__s42,S-GRID-F,NULLGEN,,hvpair.humanvid_4058810.humanvid_7682587,42,store/gens/005_base_cond/04_neutral_v3__dai/videos/G-unseen-foreign__base_cond_neutral_v3__hvpair.humanvid_4058810.humanvid_7682587__ref_air_bending_1__s42.mp4,121,8,113,True,eed3d1f9494ab3b48c3dc1ebcffb7186,False,,neutral,v3,dedup_group=1;endpoint_class=davis
gridF_v3__hvpair.humanvid_4058810.humanvid_7682587__s43,S-GRID-F,NULLGEN,,hvpair.humanvid_4058810.humanvid_7682587,43,store/gens/005_base_cond/04_neutral_v3__dai/videos/G-unseen-foreign__base_cond_neutral_v3__hvpair.humanvid_4058810.humanvid_7682587__ref_air_bending_1__s43.mp4,121,8,113,True,0a909a8f92b6b39ead31a89614ae296d,False,,neutral,v3,dedup_group=1;endpoint_class=davis
gridF_v3__hvpair.humanvid_4076737.humanvid_7707744__s42,S-GRID-F,NULLGEN,,hvpair.humanvid_4076737.humanvid_7707744,42,store/gens/005_base_cond/04_neutral_v3__dai/videos/G-unseen-foreign__base_cond_neutral_v3__hvpair.humanvid_4076737.humanvid_7707744__ref_water_bending_3__s42.mp4,121,8,113,True,3de666b197b081a980cb738f384d124e,False,,neutral,v3,dedup_group=1;endpoint_class=davis
gridF_v3__hvpair.humanvid_4076737.humanvid_7707744__s43,S-GRID-F,NULLGEN,,hvpair.humanvid_4076737.humanvid_7707744,43,store/gens/005_base_cond/04_neutral_v3__dai/videos/G-unseen-foreign__base_cond_neutral_v3__hvpair.humanvid_4076737.humanvid_7707744__ref_water_bending_3__s43.mp4,121,8,113,True,4ef138cb58e2ff7026e07ff9aa561fa5,False,,neutral,v3,dedup_group=1;endpoint_class=davis
gridF_v3__hvpair.humanvid_4223661.humanvid_7772314__s42,S-GRID-F,NULLGEN,,hvpair.humanvid_4223661.humanvid_7772314,42,store/gens/005_base_cond/04_neutral_v3__dai/videos/G-unseen-foreign__base_cond_neutral_v3__hvpair.humanvid_4223661.humanvid_7772314__ref_flame_transition_2__s42.mp4,121,8,113,True,0c501cb59395e66e6f26731ac61fc33d,False,,neutral,v3,dedup_group=1;endpoint_class=davis
gridF_v3__hvpair.humanvid_4223661.humanvid_7772314__s43,S-GRID-F,NULLGEN,,hvpair.humanvid_4223661.humanvid_7772314,43,store/gens/005_base_cond/04_neutral_v3__dai/videos/G-unseen-foreign__base_cond_neutral_v3__hvpair.humanvid_4223661.humanvid_7772314__ref_flame_transition_2__s43.mp4,121,8,113,True,b7d347d8d4c45684811a4871de4e51bd,False,,neutral,v3,dedup_group=1;endpoint_class=davis
gridF_v3__hvpair.humanvid_4325522.humanvid_7776745__s42,S-GRID-F,NULLGEN,,hvpair.humanvid_4325522.humanvid_7776745,42,store/gens/005_base_cond/04_neutral_v3__dai/videos/G-unseen-foreign__base_cond_neutral_v3__hvpair.humanvid_4325522.humanvid_7776745__ref_flame_transition_3__s42.mp4,121,8,113,True,08698ec0b64f41ca12219d3f7859ccb2,False,,neutral,v3,dedup_group=1;endpoint_class=davis
gridF_v3__hvpair.humanvid_4325522.humanvid_7776745__s43,S-GRID-F,NULLGEN,,hvpair.humanvid_4325522.humanvid_7776745,43,store/gens/005_base_cond/04_neutral_v3__dai/videos/G-unseen-foreign__base_cond_neutral_v3__hvpair.humanvid_4325522.humanvid_7776745__ref_flame_transition_3__s43.mp4,121,8,113,True,5988dac90d6b0322823f638cf6412472,False,,neutral,v3,dedup_group=1;endpoint_class=davis
gridF_v3__davis_blackswan_rhino__s42,S-GRID-F,NULLGEN,,davis_blackswan_rhino,42,store/gens/005_base_cond/04_neutral_v3__dai/videos/G-zs-foreign__base_cond_neutral_v3__davis_blackswan_rhino__ref_firelava_0__s42.mp4,121,8,113,True,1c39dd98c9de24f334f88e659fba8a92,False,,neutral,v3,dedup_group=4;endpoint_class=davis
gridF_v3__davis_blackswan_rhino__s43,S-GRID-F,NULLGEN,,davis_blackswan_rhino,43,store/gens/005_base_cond/04_neutral_v3__dai/videos/G-zs-foreign__base_cond_neutral_v3__davis_blackswan_rhino__ref_firelava_0__s43.mp4,121,8,113,True,1d99746e493450829c547ff5bf30030e,False,,neutral,v3,dedup_group=4;endpoint_class=davis
gridF_v3__hvpair.humanvid_4457812.humanvid_7864986__s42,S-GRID-F,NULLGEN,,hvpair.humanvid_4457812.humanvid_7864986,42,store/gens/005_base_cond/04_neutral_v3__dai/videos/G-zs-foreign__base_cond_neutral_v3__hvpair.humanvid_4457812.humanvid_7864986__ref_display_transition_2__s42.mp4,121,8,113,True,fd61e452d53a3921bb9ee278ffc87f59,False,,neutral,v3,dedup_group=1;endpoint_class=davis
gridF_v3__hvpair.humanvid_4457812.humanvid_7864986__s43,S-GRID-F,NULLGEN,,hvpair.humanvid_4457812.humanvid_7864986,43,store/gens/005_base_cond/04_neutral_v3__dai/videos/G-zs-foreign__base_cond_neutral_v3__hvpair.humanvid_4457812.humanvid_7864986__ref_display_transition_2__s43.mp4,121,8,113,True,77cab22af95fdc98187d17832b0a1ef7,False,,neutral,v3,dedup_group=1;endpoint_class=davis
gridF_v3__hvpair.humanvid_4650062.humanvid_7884019__s42,S-GRID-F,NULLGEN,,hvpair.humanvid_4650062.humanvid_7884019,42,store/gens/005_base_cond/04_neutral_v3__dai/videos/G-zs-foreign__base_cond_neutral_v3__hvpair.humanvid_4650062.humanvid_7884019__ref_firelava_1__s42.mp4,121,8,113,True,6c4a69cd71638907ab9539ceb5c67bca,False,,neutral,v3,dedup_group=1;endpoint_class=davis
gridF_v3__hvpair.humanvid_4650062.humanvid_7884019__s43,S-GRID-F,NULLGEN,,hvpair.humanvid_4650062.humanvid_7884019,43,store/gens/005_base_cond/04_neutral_v3__dai/videos/G-zs-foreign__base_cond_neutral_v3__hvpair.humanvid_4650062.humanvid_7884019__ref_firelava_1__s43.mp4,121,8,113,True,942c4e44d6b658cdc01066312ae1ff6a,False,,neutral,v3,dedup_group=1;endpoint_class=davis
gridF_v3__hvpair.humanvid_4734626.humanvid_7957231__s42,S-GRID-F,NULLGEN,,hvpair.humanvid_4734626.humanvid_7957231,42,store/gens/005_base_cond/04_neutral_v3__dai/videos/G-zs-foreign__base_cond_neutral_v3__hvpair.humanvid_4734626.humanvid_7957231__ref_flying_cam_transition_2__s42.mp4,121,8,113,True,819435eebbdf5bca0b00aa5c469a9347,False,,neutral,v3,dedup_group=1;endpoint_class=davis
gridF_v3__hvpair.humanvid_4734626.humanvid_7957231__s43,S-GRID-F,NULLGEN,,hvpair.humanvid_4734626.humanvid_7957231,43,store/gens/005_base_cond/04_neutral_v3__dai/videos/G-zs-foreign__base_cond_neutral_v3__hvpair.humanvid_4734626.humanvid_7957231__ref_flying_cam_transition_2__s43.mp4,121,8,113,True,fe909f21338c848e005a407dbe01870c,False,,neutral,v3,dedup_group=1;endpoint_class=davis
gridF_v3__hvpair.humanvid_4873451.humanvid_7969628__s42,S-GRID-F,NULLGEN,,hvpair.humanvid_4873451.humanvid_7969628,42,store/gens/005_base_cond/04_neutral_v3__dai/videos/G-zs-foreign__base_cond_neutral_v3__hvpair.humanvid_4873451.humanvid_7969628__ref_melt_transition_3__s42.mp4,121,8,113,True,f189b4891a20f13f6e5ac143f29bf5e5,False,,neutral,v3,dedup_group=1;endpoint_class=davis
gridF_v3__hvpair.humanvid_4873451.humanvid_7969628__s43,S-GRID-F,NULLGEN,,hvpair.humanvid_4873451.humanvid_7969628,43,store/gens/005_base_cond/04_neutral_v3__dai/videos/G-zs-foreign__base_cond_neutral_v3__hvpair.humanvid_4873451.humanvid_7969628__ref_melt_transition_3__s43.mp4,121,8,113,True,abe814f2f903e17fcc998afeb11c3f83,False,,neutral,v3,dedup_group=1;endpoint_class=davis
gridF_v3__hvpair.humanvid_5124224.humanvid_7970355__s42,S-GRID-F,NULLGEN,,hvpair.humanvid_5124224.humanvid_7970355,42,store/gens/005_base_cond/04_neutral_v3__dai/videos/G-zs-foreign__base_cond_neutral_v3__hvpair.humanvid_5124224.humanvid_7970355__ref_raven_transition_1__s42.mp4,121,8,113,True,232346796ea612950a5f7962e51a0f0e,False,,neutral,v3,dedup_group=1;endpoint_class=davis
gridF_v3__hvpair.humanvid_5124224.humanvid_7970355__s43,S-GRID-F,NULLGEN,,hvpair.humanvid_5124224.humanvid_7970355,43,store/gens/005_base_cond/04_neutral_v3__dai/videos/G-zs-foreign__base_cond_neutral_v3__hvpair.humanvid_5124224.humanvid_7970355__ref_raven_transition_1__s43.mp4,121,8,113,True,e2b42ffbc12de4e467d408efd94eae0b,False,,neutral,v3,dedup_group=1;endpoint_class=davis
start_v2__animalization_3__s42,S-GRID-START,NULLGEN,,animalization_3,42,store/gens/005_base_cond/02_neutral__dai/videos/G-fit__ctt_v2__animalization_3__ref_animalization_1__s42.mp4,121,8,120,False,95f7c0d58dc65134c67bf97c19eb18ab,False,,neutral,v2,dedup_group=1;start_anchor=animalization_3_start9;endpoint_class=animalization
start_v2__animalization_3__s43,S-GRID-START,NULLGEN,,animalization_3,43,store/gens/005_base_cond/02_neutral__dai/videos/G-fit__ctt_v2__animalization_3__ref_animalization_1__s43.mp4,121,8,120,False,967935380b7da9e9b29ce340a7eda880,False,,neutral,v2,dedup_group=1;start_anchor=animalization_3_start9;endpoint_class=animalization
start_v2__color_rain_3__s42,S-GRID-START,NULLGEN,,color_rain_3,42,store/gens/005_base_cond/02_neutral__dai/videos/G-fit__ctt_v2__color_rain_3__ref_color_rain_1__s42.mp4,121,8,120,False,7f5867d85cf86977e7ab6f747482a565,False,,neutral,v2,dedup_group=1;start_anchor=color_rain_3_start9;endpoint_class=color_rain
start_v2__color_rain_3__s43,S-GRID-START,NULLGEN,,color_rain_3,43,store/gens/005_base_cond/02_neutral__dai/videos/G-fit__ctt_v2__color_rain_3__ref_color_rain_1__s43.mp4,121,8,120,False,b97ed75ca3ca7066e118628a54da8e79,False,,neutral,v2,dedup_group=1;start_anchor=color_rain_3_start9;endpoint_class=color_rain
start_v2__earth_element_1__s42,S-GRID-START,NULLGEN,,earth_element_1,42,store/gens/005_base_cond/02_neutral__dai/videos/G-fit__ctt_v2__earth_element_1__ref_earth_element_0__s42.mp4,121,8,120,False,123a9706edf770e1973650b47a2a73cd,False,,neutral,v2,dedup_group=1;start_anchor=earth_element_1_start9;endpoint_class=earth_element
start_v2__earth_element_1__s43,S-GRID-START,NULLGEN,,earth_element_1,43,store/gens/005_base_cond/02_neutral__dai/videos/G-fit__ctt_v2__earth_element_1__ref_earth_element_0__s43.mp4,121,8,120,False,670e0714a829f23391f600e05efb9299,True,,neutral,v2,dedup_group=1;start_anchor=earth_element_1_start9;endpoint_class=earth_element
start_v2__gas_transformation_1__s42,S-GRID-START,NULLGEN,,gas_transformation_1,42,store/gens/005_base_cond/02_neutral__dai/videos/G-fit__ctt_v2__gas_transformation_1__ref_gas_transformation_0__s42.mp4,121,8,120,False,27466cc978437929e4373b9a0283d38a,False,,neutral,v2,dedup_group=1;start_anchor=gas_transformation_1_start9;endpoint_class=gas_transformation
start_v2__gas_transformation_1__s43,S-GRID-START,NULLGEN,,gas_transformation_1,43,store/gens/005_base_cond/02_neutral__dai/videos/G-fit__ctt_v2__gas_transformation_1__ref_gas_transformation_0__s43.mp4,121,8,120,False,438ea591d4d367f1330db11eeea525a3,True,,neutral,v2,dedup_group=1;start_anchor=gas_transformation_1_start9;endpoint_class=gas_transformation
start_v2__illustration_scene_1__s42,S-GRID-START,NULLGEN,,illustration_scene_1,42,store/gens/005_base_cond/02_neutral__dai/videos/G-fit__ctt_v2__illustration_scene_1__ref_illustration_scene_0__s42.mp4,121,8,120,False,51af5819796a87a8fc2fbb005eb08b27,False,,neutral,v2,dedup_group=1;start_anchor=illustration_scene_1_start9;endpoint_class=illustration_scene
start_v2__illustration_scene_1__s43,S-GRID-START,NULLGEN,,illustration_scene_1,43,store/gens/005_base_cond/02_neutral__dai/videos/G-fit__ctt_v2__illustration_scene_1__ref_illustration_scene_0__s43.mp4,121,8,120,False,a1fcc6993b319cefab88146e0a7a9e67,False,,neutral,v2,dedup_group=1;start_anchor=illustration_scene_1_start9;endpoint_class=illustration_scene
start_v2__money_rain_2__s42,S-GRID-START,NULLGEN,,money_rain_2,42,store/gens/005_base_cond/02_neutral__dai/videos/G-fit__ctt_v2__money_rain_2__ref_money_rain_0__s42.mp4,121,8,120,False,99127cf4e6a4233d9df2aa6d0928d135,False,,neutral,v2,dedup_group=1;start_anchor=money_rain_2_start9;endpoint_class=money_rain
start_v2__money_rain_2__s43,S-GRID-START,NULLGEN,,money_rain_2,43,store/gens/005_base_cond/02_neutral__dai/videos/G-fit__ctt_v2__money_rain_2__ref_money_rain_0__s43.mp4,121,8,120,False,717a8414da85ce5a291b2b637eab0cc2,False,,neutral,v2,dedup_group=1;start_anchor=money_rain_2_start9;endpoint_class=money_rain
start_v2__polygon_1__s42,S-GRID-START,NULLGEN,,polygon_1,42,store/gens/005_base_cond/02_neutral__dai/videos/G-fit__ctt_v2__polygon_1__ref_polygon_0__s42.mp4,121,8,120,False,6474de609cbb2663f4beb1d49a8c57ef,False,,neutral,v2,dedup_group=1;start_anchor=polygon_1_start9;endpoint_class=polygon
start_v2__polygon_1__s43,S-GRID-START,NULLGEN,,polygon_1,43,store/gens/005_base_cond/02_neutral__dai/videos/G-fit__ctt_v2__polygon_1__ref_polygon_0__s43.mp4,121,8,120,False,abf9ec7443ee90ddd31fa19ab5e3d29c,False,,neutral,v2,dedup_group=1;start_anchor=polygon_1_start9;endpoint_class=polygon
start_v2__portal_10__s42,S-GRID-START,NULLGEN,,portal_10,42,store/gens/005_base_cond/02_neutral__dai/videos/G-fit__ctt_v2__portal_10__ref_portal_0__s42.mp4,121,8,120,False,078d1de0893eb6cb41e3af415833450b,False,,neutral,v2,dedup_group=1;start_anchor=portal_10_start9;endpoint_class=portal
start_v2__portal_10__s43,S-GRID-START,NULLGEN,,portal_10,43,store/gens/005_base_cond/02_neutral__dai/videos/G-fit__ctt_v2__portal_10__ref_portal_0__s43.mp4,121,8,120,False,02466376d53d5947690489e85a9a4468,False,,neutral,v2,dedup_group=1;start_anchor=portal_10_start9;endpoint_class=portal
start_v2__shadow_1__s42,S-GRID-START,NULLGEN,,shadow_1,42,store/gens/005_base_cond/02_neutral__dai/videos/G-fit__ctt_v2__shadow_1__ref_shadow_0__s42.mp4,121,8,120,False,5ee1f1c6b68c5a1af8e2a1cbea5b4ce8,False,,neutral,v2,dedup_group=1;start_anchor=shadow_1_start9;endpoint_class=shadow
start_v2__shadow_1__s43,S-GRID-START,NULLGEN,,shadow_1,43,store/gens/005_base_cond/02_neutral__dai/videos/G-fit__ctt_v2__shadow_1__ref_shadow_0__s43.mp4,121,8,120,False,9e123db113fa2c32fc0410de93687880,False,,neutral,v2,dedup_group=1;start_anchor=shadow_1_start9;endpoint_class=shadow
start_v2__super_fast_run_10__s42,S-GRID-START,NULLGEN,,super_fast_run_10,42,store/gens/005_base_cond/02_neutral__dai/videos/G-fit__ctt_v2__super_fast_run_10__ref_super_fast_run_1__s42.mp4,121,8,120,False,1250de1fae17bdd939151a78fb143664,False,,neutral,v2,dedup_group=1;start_anchor=super_fast_run_10_start9;endpoint_class=super_fast_run
start_v2__super_fast_run_10__s43,S-GRID-START,NULLGEN,,super_fast_run_10,43,store/gens/005_base_cond/02_neutral__dai/videos/G-fit__ctt_v2__super_fast_run_10__ref_super_fast_run_1__s43.mp4,121,8,120,False,ffdbb3524564704904b6a92f117f883b,False,,neutral,v2,dedup_group=1;start_anchor=super_fast_run_10_start9;endpoint_class=super_fast_run
start_v2__wireframe_2__s42,S-GRID-START,NULLGEN,,wireframe_2,42,store/gens/005_base_cond/02_neutral__dai/videos/G-fit__ctt_v2__wireframe_2__ref_wireframe_1__s42.mp4,121,8,120,False,24228e2e83b8f6ac332c9c7d7ae48581,False,,neutral,v2,dedup_group=1;start_anchor=wireframe_2_start9;endpoint_class=wireframe
start_v2__wireframe_2__s43,S-GRID-START,NULLGEN,,wireframe_2,43,store/gens/005_base_cond/02_neutral__dai/videos/G-fit__ctt_v2__wireframe_2__ref_wireframe_1__s43.mp4,121,8,120,False,0d4e0dc5e81be17e40ee5bc26c878235,False,,neutral,v2,dedup_group=1;start_anchor=wireframe_2_start9;endpoint_class=wireframe
start_v2__animalization_0__s42,S-GRID-START,NULLGEN,,animalization_0,42,store/gens/005_base_cond/02_neutral__dai/videos/G-memo-probe__ctt_v2__animalization_0__ref_animalization_1__s42.mp4,121,8,120,False,d903c7008b34311de0662b8efa7cedc1,False,,neutral,v2,dedup_group=2;start_anchor=animalization_0_start9;endpoint_class=animalization
start_v2__animalization_0__s43,S-GRID-START,NULLGEN,,animalization_0,43,store/gens/005_base_cond/02_neutral__dai/videos/G-memo-probe__ctt_v2__animalization_0__ref_animalization_1__s43.mp4,121,8,120,False,f28f188dc838765da2b7e891cb99a09c,False,,neutral,v2,dedup_group=2;start_anchor=animalization_0_start9;endpoint_class=animalization
start_v2__color_rain_0__s42,S-GRID-START,NULLGEN,,color_rain_0,42,store/gens/005_base_cond/02_neutral__dai/videos/G-memo-probe__ctt_v2__color_rain_0__ref_color_rain_1__s42.mp4,121,8,120,False,b084ddb84ae60a6bf73e4da9fa03c90c,False,,neutral,v2,dedup_group=3;start_anchor=color_rain_0_start9;endpoint_class=color_rain
start_v2__color_rain_0__s43,S-GRID-START,NULLGEN,,color_rain_0,43,store/gens/005_base_cond/02_neutral__dai/videos/G-memo-probe__ctt_v2__color_rain_0__ref_color_rain_1__s43.mp4,121,8,120,False,f9c05f3366bb1ffe5524fdb66c7c1532,False,,neutral,v2,dedup_group=3;start_anchor=color_rain_0_start9;endpoint_class=color_rain
start_v2__earth_element_4__s42,S-GRID-START,NULLGEN,,earth_element_4,42,store/gens/005_base_cond/02_neutral__dai/videos/G-memo-probe__ctt_v2__earth_element_4__ref_earth_element_0__s42.mp4,121,8,120,False,6cb21f852f0e5cb0af62dbf5154ebf87,False,,neutral,v2,dedup_group=2;start_anchor=earth_element_4_start9;endpoint_class=earth_element
start_v2__earth_element_4__s43,S-GRID-START,NULLGEN,,earth_element_4,43,store/gens/005_base_cond/02_neutral__dai/videos/G-memo-probe__ctt_v2__earth_element_4__ref_earth_element_0__s43.mp4,121,8,120,False,e5f0ebdc1b1731d3e5754bdd71f7950a,False,,neutral,v2,dedup_group=2;start_anchor=earth_element_4_start9;endpoint_class=earth_element
start_v2__gas_transformation_6__s42,S-GRID-START,NULLGEN,,gas_transformation_6,42,store/gens/005_base_cond/02_neutral__dai/videos/G-memo-probe__ctt_v2__gas_transformation_6__ref_gas_transformation_0__s42.mp4,121,8,120,False,f5c6293979d44274293ed779ebfdea7d,False,,neutral,v2,dedup_group=2;start_anchor=gas_transformation_6_start9;endpoint_class=gas_transformation
start_v2__gas_transformation_6__s43,S-GRID-START,NULLGEN,,gas_transformation_6,43,store/gens/005_base_cond/02_neutral__dai/videos/G-memo-probe__ctt_v2__gas_transformation_6__ref_gas_transformation_0__s43.mp4,121,8,120,False,32b1271cba4e7d1581ee705aa49b73c8,False,,neutral,v2,dedup_group=2;start_anchor=gas_transformation_6_start9;endpoint_class=gas_transformation
start_v2__illustration_scene_4__s42,S-GRID-START,NULLGEN,,illustration_scene_4,42,store/gens/005_base_cond/02_neutral__dai/videos/G-memo-probe__ctt_v2__illustration_scene_4__ref_illustration_scene_0__s42.mp4,121,8,120,False,9787fc6b52c119a938f9b3fc71d66cb7,False,,neutral,v2,dedup_group=1;start_anchor=illustration_scene_4_start9;endpoint_class=illustration_scene
start_v2__illustration_scene_4__s43,S-GRID-START,NULLGEN,,illustration_scene_4,43,store/gens/005_base_cond/02_neutral__dai/videos/G-memo-probe__ctt_v2__illustration_scene_4__ref_illustration_scene_0__s43.mp4,121,8,120,False,8b1b5e756bb98d5c28cfbdb877648002,False,,neutral,v2,dedup_group=1;start_anchor=illustration_scene_4_start9;endpoint_class=illustration_scene
start_v2__money_rain_1__s42,S-GRID-START,NULLGEN,,money_rain_1,42,store/gens/005_base_cond/02_neutral__dai/videos/G-memo-probe__ctt_v2__money_rain_1__ref_money_rain_0__s42.mp4,121,8,120,False,57b17df069b7e9cd0112beda3bb3dfab,False,,neutral,v2,dedup_group=1;start_anchor=money_rain_1_start9;endpoint_class=money_rain
start_v2__money_rain_1__s43,S-GRID-START,NULLGEN,,money_rain_1,43,store/gens/005_base_cond/02_neutral__dai/videos/G-memo-probe__ctt_v2__money_rain_1__ref_money_rain_0__s43.mp4,121,8,120,False,3d4f981bf9b4a8d16a755a989ac5fa93,False,,neutral,v2,dedup_group=1;start_anchor=money_rain_1_start9;endpoint_class=money_rain
start_v2__polygon_4__s42,S-GRID-START,NULLGEN,,polygon_4,42,store/gens/005_base_cond/02_neutral__dai/videos/G-memo-probe__ctt_v2__polygon_4__ref_polygon_0__s42.mp4,121,8,120,False,a868079356ca5cc71d8a2f1ce84a5768,False,,neutral,v2,dedup_group=3;start_anchor=polygon_4_start9;endpoint_class=polygon
start_v2__polygon_4__s43,S-GRID-START,NULLGEN,,polygon_4,43,store/gens/005_base_cond/02_neutral__dai/videos/G-memo-probe__ctt_v2__polygon_4__ref_polygon_0__s43.mp4,121,8,120,False,035f96f3ba2a691fff49ef7af1cfbe1a,False,,neutral,v2,dedup_group=3;start_anchor=polygon_4_start9;endpoint_class=polygon
start_v2__portal_1__s42,S-GRID-START,NULLGEN,,portal_1,42,store/gens/005_base_cond/02_neutral__dai/videos/G-memo-probe__ctt_v2__portal_1__ref_portal_0__s42.mp4,121,8,120,False,14933c5b3cbd1bbab2d4ba6ae21a4190,False,,neutral,v2,dedup_group=1;start_anchor=portal_1_start9;endpoint_class=portal
start_v2__portal_1__s43,S-GRID-START,NULLGEN,,portal_1,43,store/gens/005_base_cond/02_neutral__dai/videos/G-memo-probe__ctt_v2__portal_1__ref_portal_0__s43.mp4,121,8,120,False,fa6afc3e28979a5cb67ceb2c2d55718b,False,,neutral,v2,dedup_group=1;start_anchor=portal_1_start9;endpoint_class=portal
start_v2__shadow_10__s42,S-GRID-START,NULLGEN,,shadow_10,42,store/gens/005_base_cond/02_neutral__dai/videos/G-memo-probe__ctt_v2__shadow_10__ref_shadow_0__s42.mp4,121,8,120,False,4441dade7937244528eda7904b4522a2,False,,neutral,v2,dedup_group=1;start_anchor=shadow_10_start9;endpoint_class=shadow
start_v2__shadow_10__s43,S-GRID-START,NULLGEN,,shadow_10,43,store/gens/005_base_cond/02_neutral__dai/videos/G-memo-probe__ctt_v2__shadow_10__ref_shadow_0__s43.mp4,121,8,120,False,9b191ef66f006eda1bf3118a719a278a,False,,neutral,v2,dedup_group=1;start_anchor=shadow_10_start9;endpoint_class=shadow
start_v2__super_fast_run_0__s42,S-GRID-START,NULLGEN,,super_fast_run_0,42,store/gens/005_base_cond/02_neutral__dai/videos/G-memo-probe__ctt_v2__super_fast_run_0__ref_super_fast_run_1__s42.mp4,121,8,120,False,a6cd063d611d73c9ed71e31bf30b168f,False,,neutral,v2,dedup_group=3;start_anchor=super_fast_run_0_start9;endpoint_class=super_fast_run
start_v2__super_fast_run_0__s43,S-GRID-START,NULLGEN,,super_fast_run_0,43,store/gens/005_base_cond/02_neutral__dai/videos/G-memo-probe__ctt_v2__super_fast_run_0__ref_super_fast_run_1__s43.mp4,121,8,120,False,ef80f1a74a126609cc9315cb271542bb,False,,neutral,v2,dedup_group=3;start_anchor=super_fast_run_0_start9;endpoint_class=super_fast_run
start_v2__wireframe_0__s42,S-GRID-START,NULLGEN,,wireframe_0,42,store/gens/005_base_cond/02_neutral__dai/videos/G-memo-probe__ctt_v2__wireframe_0__ref_wireframe_1__s42.mp4,121,8,120,False,c9cbb89b9bf9128369cbde492ddc468c,True,,neutral,v2,dedup_group=2;start_anchor=wireframe_0_start9;endpoint_class=wireframe
start_v2__wireframe_0__s43,S-GRID-START,NULLGEN,,wireframe_0,43,store/gens/005_base_cond/02_neutral__dai/videos/G-memo-probe__ctt_v2__wireframe_0__ref_wireframe_1__s43.mp4,121,8,120,False,129b4bfebe3d71b3db793a2f283d3476,True,,neutral,v2,dedup_group=2;start_anchor=wireframe_0_start9;endpoint_class=wireframe
start_v2__animalization_2__s42,S-GRID-START,NULLGEN,,animalization_2,42,store/gens/005_base_cond/02_neutral__dai/videos/G-ref-control__ctt_v2__animalization_2__ref_color_rain_0__s42.mp4,121,8,120,False,034cc427bdd332ebc23d9d95deab8eae,False,,neutral,v2,dedup_group=4;start_anchor=animalization_2_start9;endpoint_class=animalization
start_v2__animalization_2__s43,S-GRID-START,NULLGEN,,animalization_2,43,store/gens/005_base_cond/02_neutral__dai/videos/G-ref-control__ctt_v2__animalization_2__ref_color_rain_0__s43.mp4,121,8,120,False,c011d85363496731902ae66565f628b3,False,,neutral,v2,dedup_group=4;start_anchor=animalization_2_start9;endpoint_class=animalization
start_v2__color_rain_2__s42,S-GRID-START,NULLGEN,,color_rain_2,42,store/gens/005_base_cond/02_neutral__dai/videos/G-ref-control__ctt_v2__color_rain_2__ref_earth_element_4__s42.mp4,121,8,120,False,e13d55e95b29cdff68c10509e1af4ba7,False,,neutral,v2,dedup_group=4;start_anchor=color_rain_2_start9;endpoint_class=color_rain
start_v2__color_rain_2__s43,S-GRID-START,NULLGEN,,color_rain_2,43,store/gens/005_base_cond/02_neutral__dai/videos/G-ref-control__ctt_v2__color_rain_2__ref_earth_element_4__s43.mp4,121,8,120,False,b7490fa639d086ad37a31e9201316a57,False,,neutral,v2,dedup_group=4;start_anchor=color_rain_2_start9;endpoint_class=color_rain
start_v2__earth_element_6__s42,S-GRID-START,NULLGEN,,earth_element_6,42,store/gens/005_base_cond/02_neutral__dai/videos/G-ref-control__ctt_v2__earth_element_6__ref_gas_transformation_6__s42.mp4,121,8,120,False,b57edb5f635bf63a63149c9d193f1b2a,False,,neutral,v2,dedup_group=4;start_anchor=earth_element_6_start9;endpoint_class=earth_element
start_v2__earth_element_6__s43,S-GRID-START,NULLGEN,,earth_element_6,43,store/gens/005_base_cond/02_neutral__dai/videos/G-ref-control__ctt_v2__earth_element_6__ref_gas_transformation_6__s43.mp4,121,8,120,False,15ffee1f73cf3b0cd47aec27aa88efc7,False,,neutral,v2,dedup_group=4;start_anchor=earth_element_6_start9;endpoint_class=earth_element
start_v2__gas_transformation_7__s42,S-GRID-START,NULLGEN,,gas_transformation_7,42,store/gens/005_base_cond/02_neutral__dai/videos/G-ref-control__ctt_v2__gas_transformation_7__ref_illustration_scene_4__s42.mp4,121,8,120,False,10a3ad5bb581264f897d3badc99006ac,False,,neutral,v2,dedup_group=3;start_anchor=gas_transformation_7_start9;endpoint_class=gas_transformation
start_v2__gas_transformation_7__s43,S-GRID-START,NULLGEN,,gas_transformation_7,43,store/gens/005_base_cond/02_neutral__dai/videos/G-ref-control__ctt_v2__gas_transformation_7__ref_illustration_scene_4__s43.mp4,121,8,120,False,84eac0e0a289d727fbbd37f51f62c705,False,,neutral,v2,dedup_group=3;start_anchor=gas_transformation_7_start9;endpoint_class=gas_transformation
start_v2__illustration_scene_7__s42,S-GRID-START,NULLGEN,,illustration_scene_7,42,store/gens/005_base_cond/02_neutral__dai/videos/G-ref-control__ctt_v2__illustration_scene_7__ref_polygon_4__s42.mp4,121,8,120,False,5b4dea224de7fc901c39a213f7ced5d8,False,,neutral,v2,dedup_group=3;start_anchor=illustration_scene_7_start9;endpoint_class=illustration_scene
start_v2__illustration_scene_7__s43,S-GRID-START,NULLGEN,,illustration_scene_7,43,store/gens/005_base_cond/02_neutral__dai/videos/G-ref-control__ctt_v2__illustration_scene_7__ref_polygon_4__s43.mp4,121,8,120,False,0099d5abf59e2de6554f0f3d4c0af642,False,,neutral,v2,dedup_group=3;start_anchor=illustration_scene_7_start9;endpoint_class=illustration_scene
start_v2__money_rain_3__s42,S-GRID-START,NULLGEN,,money_rain_3,42,store/gens/005_base_cond/02_neutral__dai/videos/G-ref-control__ctt_v2__money_rain_3__ref_portal_1__s42.mp4,121,8,120,False,02174194396a36c8d68cb62b2555338b,False,,neutral,v2,dedup_group=3;start_anchor=money_rain_3_start9;endpoint_class=money_rain
start_v2__money_rain_3__s43,S-GRID-START,NULLGEN,,money_rain_3,43,store/gens/005_base_cond/02_neutral__dai/videos/G-ref-control__ctt_v2__money_rain_3__ref_portal_1__s43.mp4,121,8,120,False,a702e075b8539c7da700b275ddd74fea,False,,neutral,v2,dedup_group=3;start_anchor=money_rain_3_start9;endpoint_class=money_rain
start_v2__polygon_8__s42,S-GRID-START,NULLGEN,,polygon_8,42,store/gens/005_base_cond/02_neutral__dai/videos/G-ref-control__ctt_v2__polygon_8__ref_shadow_10__s42.mp4,121,8,120,False,19c88599713d92582bd414193a625bef,False,,neutral,v2,dedup_group=4;start_anchor=polygon_8_start9;endpoint_class=polygon
start_v2__polygon_8__s43,S-GRID-START,NULLGEN,,polygon_8,43,store/gens/005_base_cond/02_neutral__dai/videos/G-ref-control__ctt_v2__polygon_8__ref_shadow_10__s43.mp4,121,8,120,False,a90b527698981dc4098bffca109b7dc2,False,,neutral,v2,dedup_group=4;start_anchor=polygon_8_start9;endpoint_class=polygon
start_v2__portal_4__s42,S-GRID-START,NULLGEN,,portal_4,42,store/gens/005_base_cond/02_neutral__dai/videos/G-ref-control__ctt_v2__portal_4__ref_super_fast_run_0__s42.mp4,121,8,120,False,44ffa6bc39ce9c7a99743b78f7757ebb,False,,neutral,v2,dedup_group=3;start_anchor=portal_4_start9;endpoint_class=portal
start_v2__portal_4__s43,S-GRID-START,NULLGEN,,portal_4,43,store/gens/005_base_cond/02_neutral__dai/videos/G-ref-control__ctt_v2__portal_4__ref_super_fast_run_0__s43.mp4,121,8,120,False,c1a38b4a68022188fe9848066019d93a,False,,neutral,v2,dedup_group=3;start_anchor=portal_4_start9;endpoint_class=portal
start_v2__shadow_3__s42,S-GRID-START,NULLGEN,,shadow_3,42,store/gens/005_base_cond/02_neutral__dai/videos/G-ref-control__ctt_v2__shadow_3__ref_wireframe_0__s42.mp4,121,8,120,False,8a6738fd90404084bfcf7adb6207a257,False,,neutral,v2,dedup_group=3;start_anchor=shadow_3_start9;endpoint_class=shadow
start_v2__shadow_3__s43,S-GRID-START,NULLGEN,,shadow_3,43,store/gens/005_base_cond/02_neutral__dai/videos/G-ref-control__ctt_v2__shadow_3__ref_wireframe_0__s43.mp4,121,8,120,False,d7f52d25b4f59ae58463172db15c8155,False,,neutral,v2,dedup_group=3;start_anchor=shadow_3_start9;endpoint_class=shadow
start_v2__super_fast_run_3__s42,S-GRID-START,NULLGEN,,super_fast_run_3,42,store/gens/005_base_cond/02_neutral__dai/videos/G-ref-control__ctt_v2__super_fast_run_3__ref_color_rain_0__s42.mp4,121,8,120,False,f020fca1d5b1fdec146e6399825b4230,False,,neutral,v2,dedup_group=3;start_anchor=super_fast_run_3_start9;endpoint_class=super_fast_run
start_v2__super_fast_run_3__s43,S-GRID-START,NULLGEN,,super_fast_run_3,43,store/gens/005_base_cond/02_neutral__dai/videos/G-ref-control__ctt_v2__super_fast_run_3__ref_color_rain_0__s43.mp4,121,8,120,False,8f69904878dc4813fccefe6ea87f99f0,False,,neutral,v2,dedup_group=3;start_anchor=super_fast_run_3_start9;endpoint_class=super_fast_run
start_v2__wireframe_7__s42,S-GRID-START,NULLGEN,,wireframe_7,42,store/gens/005_base_cond/02_neutral__dai/videos/G-ref-control__ctt_v2__wireframe_7__ref_earth_element_4__s42.mp4,121,8,120,False,f0689b8b8ddda5ff9e1d40d115b458a7,False,,neutral,v2,dedup_group=2;start_anchor=wireframe_7_start9;endpoint_class=wireframe
start_v2__wireframe_7__s43,S-GRID-START,NULLGEN,,wireframe_7,43,store/gens/005_base_cond/02_neutral__dai/videos/G-ref-control__ctt_v2__wireframe_7__ref_earth_element_4__s43.mp4,121,8,120,False,f784f20f5b926fcc8c406f36871fec1a,False,,neutral,v2,dedup_group=2;start_anchor=wireframe_7_start9;endpoint_class=wireframe
start_v2__cotton_cloud_0__s42,S-GRID-START,NULLGEN,,cotton_cloud_0,42,store/gens/005_base_cond/02_neutral__dai/videos/G-unseen-cross__ctt_v2__cotton_cloud_0__ref_super_fast_run_0__s42.mp4,121,8,120,False,5dde97f733c1c37f6b13ec3004b586fc,False,,neutral,v2,dedup_group=2;start_anchor=cotton_cloud_0_start9;endpoint_class=cotton_cloud
start_v2__cotton_cloud_0__s43,S-GRID-START,NULLGEN,,cotton_cloud_0,43,store/gens/005_base_cond/02_neutral__dai/videos/G-unseen-cross__ctt_v2__cotton_cloud_0__ref_super_fast_run_0__s43.mp4,121,8,120,False,7f452183c06d2245811dd354f44bc3d7,False,,neutral,v2,dedup_group=2;start_anchor=cotton_cloud_0_start9;endpoint_class=cotton_cloud
start_v2__fire_element_2__s42,S-GRID-START,NULLGEN,,fire_element_2,42,store/gens/005_base_cond/02_neutral__dai/videos/G-unseen-cross__ctt_v2__fire_element_2__ref_wireframe_0__s42.mp4,121,8,120,False,1ae9c2f56d40b431cd9ee888b1ecbb5f,False,,neutral,v2,dedup_group=1;start_anchor=fire_element_2_start9;endpoint_class=fire_element
start_v2__fire_element_2__s43,S-GRID-START,NULLGEN,,fire_element_2,43,store/gens/005_base_cond/02_neutral__dai/videos/G-unseen-cross__ctt_v2__fire_element_2__ref_wireframe_0__s43.mp4,121,8,120,False,22c3a34bd312b5c6954e9234842b51c6,False,,neutral,v2,dedup_group=1;start_anchor=fire_element_2_start9;endpoint_class=fire_element
start_v2__live_concert_0__s42,S-GRID-START,NULLGEN,,live_concert_0,42,store/gens/005_base_cond/02_neutral__dai/videos/G-unseen-cross__ctt_v2__live_concert_0__ref_gas_transformation_6__s42.mp4,121,8,120,False,e4e46e8e0c41f109f8ac1ae13f750280,False,,neutral,v2,dedup_group=2;start_anchor=live_concert_0_start9;endpoint_class=live_concert
start_v2__live_concert_0__s43,S-GRID-START,NULLGEN,,live_concert_0,43,store/gens/005_base_cond/02_neutral__dai/videos/G-unseen-cross__ctt_v2__live_concert_0__ref_gas_transformation_6__s43.mp4,121,8,120,False,b39a3f954ab724cf9f23ee6a9752960b,False,,neutral,v2,dedup_group=2;start_anchor=live_concert_0_start9;endpoint_class=live_concert
start_v2__monstrosity_0__s42,S-GRID-START,NULLGEN,,monstrosity_0,42,store/gens/005_base_cond/02_neutral__dai/videos/G-unseen-cross__ctt_v2__monstrosity_0__ref_illustration_scene_4__s42.mp4,121,8,120,False,26ee15fcd3b6b4d1567e9686b897fa6f,False,,neutral,v2,dedup_group=1;start_anchor=monstrosity_0_start9;endpoint_class=monstrosity
start_v2__monstrosity_0__s43,S-GRID-START,NULLGEN,,monstrosity_0,43,store/gens/005_base_cond/02_neutral__dai/videos/G-unseen-cross__ctt_v2__monstrosity_0__ref_illustration_scene_4__s43.mp4,121,8,120,False,4c376eea6aec9dca1db27b73b56721b0,False,,neutral,v2,dedup_group=1;start_anchor=monstrosity_0_start9;endpoint_class=monstrosity
start_v2__mystification_0__s42,S-GRID-START,NULLGEN,,mystification_0,42,store/gens/005_base_cond/02_neutral__dai/videos/G-unseen-cross__ctt_v2__mystification_0__ref_illustration_scene_4__s42.mp4,121,8,120,False,c4254013e434c01059591a9890d6dd34,False,,neutral,v2,dedup_group=2;start_anchor=mystification_0_start9;endpoint_class=mystification
start_v2__mystification_0__s43,S-GRID-START,NULLGEN,,mystification_0,43,store/gens/005_base_cond/02_neutral__dai/videos/G-unseen-cross__ctt_v2__mystification_0__ref_illustration_scene_4__s43.mp4,121,8,120,False,49d22bebfd98100b38f6b4e3c2484492,False,,neutral,v2,dedup_group=2;start_anchor=mystification_0_start9;endpoint_class=mystification
start_v2__saint_glow_3__s42,S-GRID-START,NULLGEN,,saint_glow_3,42,store/gens/005_base_cond/02_neutral__dai/videos/G-unseen-cross__ctt_v2__saint_glow_3__ref_polygon_4__s42.mp4,121,8,120,False,901ea97d4b901b07a08f45d1ab10c82d,False,,neutral,v2,dedup_group=2;start_anchor=saint_glow_3_start9;endpoint_class=saint_glow
start_v2__saint_glow_3__s43,S-GRID-START,NULLGEN,,saint_glow_3,43,store/gens/005_base_cond/02_neutral__dai/videos/G-unseen-cross__ctt_v2__saint_glow_3__ref_polygon_4__s43.mp4,121,8,120,False,06642f2a9656feea6f9547d26e2ef8b1,False,,neutral,v2,dedup_group=2;start_anchor=saint_glow_3_start9;endpoint_class=saint_glow
start_v2__water_element_4__s42,S-GRID-START,NULLGEN,,water_element_4,42,store/gens/005_base_cond/02_neutral__dai/videos/G-unseen-cross__ctt_v2__water_element_4__ref_shadow_10__s42.mp4,121,8,120,False,baa37d0155a0803a9fd2188fc618f627,False,,neutral,v2,dedup_group=1;start_anchor=water_element_4_start9;endpoint_class=water_element
start_v2__water_element_4__s43,S-GRID-START,NULLGEN,,water_element_4,43,store/gens/005_base_cond/02_neutral__dai/videos/G-unseen-cross__ctt_v2__water_element_4__ref_shadow_10__s43.mp4,121,8,120,False,a2359cab56f833d8e3cf624a251ad77b,False,,neutral,v2,dedup_group=1;start_anchor=water_element_4_start9;endpoint_class=water_element
start_v2__luminous_gaze_3__s42,S-GRID-START,NULLGEN,,luminous_gaze_3,42,store/gens/005_base_cond/02_neutral__dai/videos/G-zs-same__ctt_v2__luminous_gaze_3__ref_luminous_gaze_0__s42.mp4,121,8,120,False,b6502c8fa9e71f53cb70f24167b8490f,False,,neutral,v2,dedup_group=1;start_anchor=luminous_gaze_3_start9;endpoint_class=luminous_gaze
start_v2__luminous_gaze_3__s43,S-GRID-START,NULLGEN,,luminous_gaze_3,43,store/gens/005_base_cond/02_neutral__dai/videos/G-zs-same__ctt_v2__luminous_gaze_3__ref_luminous_gaze_0__s43.mp4,121,8,120,False,aeaa611398e4b95739be89ca1cccd2da,False,,neutral,v2,dedup_group=1;start_anchor=luminous_gaze_3_start9;endpoint_class=luminous_gaze
start_v3__animalization_3__s42,S-GRID-START,NULLGEN,,animalization_3,42,store/gens/005_base_cond/04_neutral_v3__dai/videos/G-fit__base_cond_neutral_v3__animalization_3__ref_animalization_1__s42.mp4,121,8,120,False,95f7c0d58dc65134c67bf97c19eb18ab,False,,neutral,v3,dedup_group=1;start_anchor=animalization_3_start9;endpoint_class=animalization
start_v3__animalization_3__s43,S-GRID-START,NULLGEN,,animalization_3,43,store/gens/005_base_cond/04_neutral_v3__dai/videos/G-fit__base_cond_neutral_v3__animalization_3__ref_animalization_1__s43.mp4,121,8,120,False,967935380b7da9e9b29ce340a7eda880,False,,neutral,v3,dedup_group=1;start_anchor=animalization_3_start9;endpoint_class=animalization
start_v3__color_rain_3__s42,S-GRID-START,NULLGEN,,color_rain_3,42,store/gens/005_base_cond/04_neutral_v3__dai/videos/G-fit__base_cond_neutral_v3__color_rain_3__ref_color_rain_1__s42.mp4,121,8,120,False,7f5867d85cf86977e7ab6f747482a565,False,,neutral,v3,dedup_group=1;start_anchor=color_rain_3_start9;endpoint_class=color_rain
start_v3__color_rain_3__s43,S-GRID-START,NULLGEN,,color_rain_3,43,store/gens/005_base_cond/04_neutral_v3__dai/videos/G-fit__base_cond_neutral_v3__color_rain_3__ref_color_rain_1__s43.mp4,121,8,120,False,b97ed75ca3ca7066e118628a54da8e79,False,,neutral,v3,dedup_group=1;start_anchor=color_rain_3_start9;endpoint_class=color_rain
start_v3__earth_element_1__s42,S-GRID-START,NULLGEN,,earth_element_1,42,store/gens/005_base_cond/04_neutral_v3__dai/videos/G-fit__base_cond_neutral_v3__earth_element_1__ref_earth_element_0__s42.mp4,121,8,120,False,123a9706edf770e1973650b47a2a73cd,False,,neutral,v3,dedup_group=1;start_anchor=earth_element_1_start9;endpoint_class=earth_element
start_v3__earth_element_1__s43,S-GRID-START,NULLGEN,,earth_element_1,43,store/gens/005_base_cond/04_neutral_v3__dai/videos/G-fit__base_cond_neutral_v3__earth_element_1__ref_earth_element_0__s43.mp4,121,8,120,False,670e0714a829f23391f600e05efb9299,True,,neutral,v3,dedup_group=1;start_anchor=earth_element_1_start9;endpoint_class=earth_element
start_v3__gas_transformation_1__s42,S-GRID-START,NULLGEN,,gas_transformation_1,42,store/gens/005_base_cond/04_neutral_v3__dai/videos/G-fit__base_cond_neutral_v3__gas_transformation_1__ref_gas_transformation_0__s42.mp4,121,8,120,False,27466cc978437929e4373b9a0283d38a,False,,neutral,v3,dedup_group=1;start_anchor=gas_transformation_1_start9;endpoint_class=gas_transformation
start_v3__gas_transformation_1__s43,S-GRID-START,NULLGEN,,gas_transformation_1,43,store/gens/005_base_cond/04_neutral_v3__dai/videos/G-fit__base_cond_neutral_v3__gas_transformation_1__ref_gas_transformation_0__s43.mp4,121,8,120,False,438ea591d4d367f1330db11eeea525a3,True,,neutral,v3,dedup_group=1;start_anchor=gas_transformation_1_start9;endpoint_class=gas_transformation
start_v3__illustration_scene_1__s42,S-GRID-START,NULLGEN,,illustration_scene_1,42,store/gens/005_base_cond/04_neutral_v3__dai/videos/G-fit__base_cond_neutral_v3__illustration_scene_1__ref_illustration_scene_0__s42.mp4,121,8,120,False,51af5819796a87a8fc2fbb005eb08b27,False,,neutral,v3,dedup_group=1;start_anchor=illustration_scene_1_start9;endpoint_class=illustration_scene
start_v3__illustration_scene_1__s43,S-GRID-START,NULLGEN,,illustration_scene_1,43,store/gens/005_base_cond/04_neutral_v3__dai/videos/G-fit__base_cond_neutral_v3__illustration_scene_1__ref_illustration_scene_0__s43.mp4,121,8,120,False,a1fcc6993b319cefab88146e0a7a9e67,False,,neutral,v3,dedup_group=1;start_anchor=illustration_scene_1_start9;endpoint_class=illustration_scene
start_v3__money_rain_2__s42,S-GRID-START,NULLGEN,,money_rain_2,42,store/gens/005_base_cond/04_neutral_v3__dai/videos/G-fit__base_cond_neutral_v3__money_rain_2__ref_money_rain_0__s42.mp4,121,8,120,False,99127cf4e6a4233d9df2aa6d0928d135,False,,neutral,v3,dedup_group=1;start_anchor=money_rain_2_start9;endpoint_class=money_rain
start_v3__money_rain_2__s43,S-GRID-START,NULLGEN,,money_rain_2,43,store/gens/005_base_cond/04_neutral_v3__dai/videos/G-fit__base_cond_neutral_v3__money_rain_2__ref_money_rain_0__s43.mp4,121,8,120,False,717a8414da85ce5a291b2b637eab0cc2,False,,neutral,v3,dedup_group=1;start_anchor=money_rain_2_start9;endpoint_class=money_rain
start_v3__polygon_1__s42,S-GRID-START,NULLGEN,,polygon_1,42,store/gens/005_base_cond/04_neutral_v3__dai/videos/G-fit__base_cond_neutral_v3__polygon_1__ref_polygon_0__s42.mp4,121,8,120,False,6474de609cbb2663f4beb1d49a8c57ef,False,,neutral,v3,dedup_group=1;start_anchor=polygon_1_start9;endpoint_class=polygon
start_v3__polygon_1__s43,S-GRID-START,NULLGEN,,polygon_1,43,store/gens/005_base_cond/04_neutral_v3__dai/videos/G-fit__base_cond_neutral_v3__polygon_1__ref_polygon_0__s43.mp4,121,8,120,False,abf9ec7443ee90ddd31fa19ab5e3d29c,False,,neutral,v3,dedup_group=1;start_anchor=polygon_1_start9;endpoint_class=polygon
start_v3__portal_10__s42,S-GRID-START,NULLGEN,,portal_10,42,store/gens/005_base_cond/04_neutral_v3__dai/videos/G-fit__base_cond_neutral_v3__portal_10__ref_portal_0__s42.mp4,121,8,120,False,078d1de0893eb6cb41e3af415833450b,False,,neutral,v3,dedup_group=1;start_anchor=portal_10_start9;endpoint_class=portal
start_v3__portal_10__s43,S-GRID-START,NULLGEN,,portal_10,43,store/gens/005_base_cond/04_neutral_v3__dai/videos/G-fit__base_cond_neutral_v3__portal_10__ref_portal_0__s43.mp4,121,8,120,False,02466376d53d5947690489e85a9a4468,False,,neutral,v3,dedup_group=1;start_anchor=portal_10_start9;endpoint_class=portal
start_v3__shadow_1__s42,S-GRID-START,NULLGEN,,shadow_1,42,store/gens/005_base_cond/04_neutral_v3__dai/videos/G-fit__base_cond_neutral_v3__shadow_1__ref_shadow_0__s42.mp4,121,8,120,False,5ee1f1c6b68c5a1af8e2a1cbea5b4ce8,False,,neutral,v3,dedup_group=1;start_anchor=shadow_1_start9;endpoint_class=shadow
start_v3__shadow_1__s43,S-GRID-START,NULLGEN,,shadow_1,43,store/gens/005_base_cond/04_neutral_v3__dai/videos/G-fit__base_cond_neutral_v3__shadow_1__ref_shadow_0__s43.mp4,121,8,120,False,9e123db113fa2c32fc0410de93687880,False,,neutral,v3,dedup_group=1;start_anchor=shadow_1_start9;endpoint_class=shadow
start_v3__super_fast_run_10__s42,S-GRID-START,NULLGEN,,super_fast_run_10,42,store/gens/005_base_cond/04_neutral_v3__dai/videos/G-fit__base_cond_neutral_v3__super_fast_run_10__ref_super_fast_run_1__s42.mp4,121,8,120,False,1250de1fae17bdd939151a78fb143664,False,,neutral,v3,dedup_group=1;start_anchor=super_fast_run_10_start9;endpoint_class=super_fast_run
start_v3__super_fast_run_10__s43,S-GRID-START,NULLGEN,,super_fast_run_10,43,store/gens/005_base_cond/04_neutral_v3__dai/videos/G-fit__base_cond_neutral_v3__super_fast_run_10__ref_super_fast_run_1__s43.mp4,121,8,120,False,ffdbb3524564704904b6a92f117f883b,False,,neutral,v3,dedup_group=1;start_anchor=super_fast_run_10_start9;endpoint_class=super_fast_run
start_v3__wireframe_2__s42,S-GRID-START,NULLGEN,,wireframe_2,42,store/gens/005_base_cond/04_neutral_v3__dai/videos/G-fit__base_cond_neutral_v3__wireframe_2__ref_wireframe_1__s42.mp4,121,8,120,False,24228e2e83b8f6ac332c9c7d7ae48581,False,,neutral,v3,dedup_group=1;start_anchor=wireframe_2_start9;endpoint_class=wireframe
start_v3__wireframe_2__s43,S-GRID-START,NULLGEN,,wireframe_2,43,store/gens/005_base_cond/04_neutral_v3__dai/videos/G-fit__base_cond_neutral_v3__wireframe_2__ref_wireframe_1__s43.mp4,121,8,120,False,0d4e0dc5e81be17e40ee5bc26c878235,False,,neutral,v3,dedup_group=1;start_anchor=wireframe_2_start9;endpoint_class=wireframe
start_v3__animalization_0__s42,S-GRID-START,NULLGEN,,animalization_0,42,store/gens/005_base_cond/04_neutral_v3__dai/videos/G-memo-probe__base_cond_neutral_v3__animalization_0__ref_animalization_1__s42.mp4,121,8,120,False,d903c7008b34311de0662b8efa7cedc1,False,,neutral,v3,dedup_group=4;start_anchor=animalization_0_start9;endpoint_class=animalization
start_v3__animalization_0__s43,S-GRID-START,NULLGEN,,animalization_0,43,store/gens/005_base_cond/04_neutral_v3__dai/videos/G-memo-probe__base_cond_neutral_v3__animalization_0__ref_animalization_1__s43.mp4,121,8,120,False,f28f188dc838765da2b7e891cb99a09c,False,,neutral,v3,dedup_group=4;start_anchor=animalization_0_start9;endpoint_class=animalization
start_v3__color_rain_0__s42,S-GRID-START,NULLGEN,,color_rain_0,42,store/gens/005_base_cond/04_neutral_v3__dai/videos/G-memo-probe__base_cond_neutral_v3__color_rain_0__ref_color_rain_1__s42.mp4,121,8,120,False,b084ddb84ae60a6bf73e4da9fa03c90c,False,,neutral,v3,dedup_group=5;start_anchor=color_rain_0_start9;endpoint_class=color_rain
start_v3__color_rain_0__s43,S-GRID-START,NULLGEN,,color_rain_0,43,store/gens/005_base_cond/04_neutral_v3__dai/videos/G-memo-probe__base_cond_neutral_v3__color_rain_0__ref_color_rain_1__s43.mp4,121,8,120,False,f9c05f3366bb1ffe5524fdb66c7c1532,False,,neutral,v3,dedup_group=5;start_anchor=color_rain_0_start9;endpoint_class=color_rain
start_v3__earth_element_4__s42,S-GRID-START,NULLGEN,,earth_element_4,42,store/gens/005_base_cond/04_neutral_v3__dai/videos/G-memo-probe__base_cond_neutral_v3__earth_element_4__ref_earth_element_0__s42.mp4,121,8,120,False,6cb21f852f0e5cb0af62dbf5154ebf87,False,,neutral,v3,dedup_group=5;start_anchor=earth_element_4_start9;endpoint_class=earth_element
start_v3__earth_element_4__s43,S-GRID-START,NULLGEN,,earth_element_4,43,store/gens/005_base_cond/04_neutral_v3__dai/videos/G-memo-probe__base_cond_neutral_v3__earth_element_4__ref_earth_element_0__s43.mp4,121,8,120,False,e5f0ebdc1b1731d3e5754bdd71f7950a,False,,neutral,v3,dedup_group=5;start_anchor=earth_element_4_start9;endpoint_class=earth_element
start_v3__gas_transformation_6__s42,S-GRID-START,NULLGEN,,gas_transformation_6,42,store/gens/005_base_cond/04_neutral_v3__dai/videos/G-memo-probe__base_cond_neutral_v3__gas_transformation_6__ref_gas_transformation_0__s42.mp4,121,8,120,False,f5c6293979d44274293ed779ebfdea7d,False,,neutral,v3,dedup_group=4;start_anchor=gas_transformation_6_start9;endpoint_class=gas_transformation
start_v3__gas_transformation_6__s43,S-GRID-START,NULLGEN,,gas_transformation_6,43,store/gens/005_base_cond/04_neutral_v3__dai/videos/G-memo-probe__base_cond_neutral_v3__gas_transformation_6__ref_gas_transformation_0__s43.mp4,121,8,120,False,32b1271cba4e7d1581ee705aa49b73c8,False,,neutral,v3,dedup_group=4;start_anchor=gas_transformation_6_start9;endpoint_class=gas_transformation
start_v3__illustration_scene_4__s42,S-GRID-START,NULLGEN,,illustration_scene_4,42,store/gens/005_base_cond/04_neutral_v3__dai/videos/G-memo-probe__base_cond_neutral_v3__illustration_scene_4__ref_illustration_scene_0__s42.mp4,121,8,120,False,9787fc6b52c119a938f9b3fc71d66cb7,False,,neutral,v3,dedup_group=4;start_anchor=illustration_scene_4_start9;endpoint_class=illustration_scene
start_v3__illustration_scene_4__s43,S-GRID-START,NULLGEN,,illustration_scene_4,43,store/gens/005_base_cond/04_neutral_v3__dai/videos/G-memo-probe__base_cond_neutral_v3__illustration_scene_4__ref_illustration_scene_0__s43.mp4,121,8,120,False,8b1b5e756bb98d5c28cfbdb877648002,False,,neutral,v3,dedup_group=4;start_anchor=illustration_scene_4_start9;endpoint_class=illustration_scene
start_v3__money_rain_1__s42,S-GRID-START,NULLGEN,,money_rain_1,42,store/gens/005_base_cond/04_neutral_v3__dai/videos/G-memo-probe__base_cond_neutral_v3__money_rain_1__ref_money_rain_0__s42.mp4,121,8,120,False,57b17df069b7e9cd0112beda3bb3dfab,False,,neutral,v3,dedup_group=4;start_anchor=money_rain_1_start9;endpoint_class=money_rain
start_v3__money_rain_1__s43,S-GRID-START,NULLGEN,,money_rain_1,43,store/gens/005_base_cond/04_neutral_v3__dai/videos/G-memo-probe__base_cond_neutral_v3__money_rain_1__ref_money_rain_0__s43.mp4,121,8,120,False,3d4f981bf9b4a8d16a755a989ac5fa93,False,,neutral,v3,dedup_group=4;start_anchor=money_rain_1_start9;endpoint_class=money_rain
start_v3__polygon_4__s42,S-GRID-START,NULLGEN,,polygon_4,42,store/gens/005_base_cond/04_neutral_v3__dai/videos/G-memo-probe__base_cond_neutral_v3__polygon_4__ref_polygon_0__s42.mp4,121,8,120,False,a868079356ca5cc71d8a2f1ce84a5768,False,,neutral,v3,dedup_group=4;start_anchor=polygon_4_start9;endpoint_class=polygon
start_v3__polygon_4__s43,S-GRID-START,NULLGEN,,polygon_4,43,store/gens/005_base_cond/04_neutral_v3__dai/videos/G-memo-probe__base_cond_neutral_v3__polygon_4__ref_polygon_0__s43.mp4,121,8,120,False,035f96f3ba2a691fff49ef7af1cfbe1a,False,,neutral,v3,dedup_group=4;start_anchor=polygon_4_start9;endpoint_class=polygon
start_v3__portal_1__s42,S-GRID-START,NULLGEN,,portal_1,42,store/gens/005_base_cond/04_neutral_v3__dai/videos/G-memo-probe__base_cond_neutral_v3__portal_1__ref_portal_0__s42.mp4,121,8,120,False,14933c5b3cbd1bbab2d4ba6ae21a4190,False,,neutral,v3,dedup_group=4;start_anchor=portal_1_start9;endpoint_class=portal
start_v3__portal_1__s43,S-GRID-START,NULLGEN,,portal_1,43,store/gens/005_base_cond/04_neutral_v3__dai/videos/G-memo-probe__base_cond_neutral_v3__portal_1__ref_portal_0__s43.mp4,121,8,120,False,fa6afc3e28979a5cb67ceb2c2d55718b,False,,neutral,v3,dedup_group=4;start_anchor=portal_1_start9;endpoint_class=portal
start_v3__shadow_10__s42,S-GRID-START,NULLGEN,,shadow_10,42,store/gens/005_base_cond/04_neutral_v3__dai/videos/G-memo-probe__base_cond_neutral_v3__shadow_10__ref_shadow_0__s42.mp4,121,8,120,False,4441dade7937244528eda7904b4522a2,False,,neutral,v3,dedup_group=3;start_anchor=shadow_10_start9;endpoint_class=shadow
start_v3__shadow_10__s43,S-GRID-START,NULLGEN,,shadow_10,43,store/gens/005_base_cond/04_neutral_v3__dai/videos/G-memo-probe__base_cond_neutral_v3__shadow_10__ref_shadow_0__s43.mp4,121,8,120,False,9b191ef66f006eda1bf3118a719a278a,False,,neutral,v3,dedup_group=3;start_anchor=shadow_10_start9;endpoint_class=shadow
start_v3__super_fast_run_0__s42,S-GRID-START,NULLGEN,,super_fast_run_0,42,store/gens/005_base_cond/04_neutral_v3__dai/videos/G-memo-probe__base_cond_neutral_v3__super_fast_run_0__ref_super_fast_run_1__s42.mp4,121,8,120,False,a6cd063d611d73c9ed71e31bf30b168f,False,,neutral,v3,dedup_group=4;start_anchor=super_fast_run_0_start9;endpoint_class=super_fast_run
start_v3__super_fast_run_0__s43,S-GRID-START,NULLGEN,,super_fast_run_0,43,store/gens/005_base_cond/04_neutral_v3__dai/videos/G-memo-probe__base_cond_neutral_v3__super_fast_run_0__ref_super_fast_run_1__s43.mp4,121,8,120,False,ef80f1a74a126609cc9315cb271542bb,False,,neutral,v3,dedup_group=4;start_anchor=super_fast_run_0_start9;endpoint_class=super_fast_run
start_v3__wireframe_0__s42,S-GRID-START,NULLGEN,,wireframe_0,42,store/gens/005_base_cond/04_neutral_v3__dai/videos/G-memo-probe__base_cond_neutral_v3__wireframe_0__ref_wireframe_1__s42.mp4,121,8,120,False,c9cbb89b9bf9128369cbde492ddc468c,True,,neutral,v3,dedup_group=3;start_anchor=wireframe_0_start9;endpoint_class=wireframe
start_v3__wireframe_0__s43,S-GRID-START,NULLGEN,,wireframe_0,43,store/gens/005_base_cond/04_neutral_v3__dai/videos/G-memo-probe__base_cond_neutral_v3__wireframe_0__ref_wireframe_1__s43.mp4,121,8,120,False,129b4bfebe3d71b3db793a2f283d3476,True,,neutral,v3,dedup_group=3;start_anchor=wireframe_0_start9;endpoint_class=wireframe
start_v3__acid_0__s42,S-GRID-START,NULLGEN,,acid_0,42,store/gens/005_base_cond/04_neutral_v3__dai/videos/G-unseen-cross__base_cond_neutral_v3__acid_0__ref_nature_bloom_1__s42.mp4,121,8,120,False,90744bb961a95118454628924780a5d7,False,,neutral,v3,dedup_group=2;start_anchor=acid_0_start9;endpoint_class=acid
start_v3__acid_0__s43,S-GRID-START,NULLGEN,,acid_0,43,store/gens/005_base_cond/04_neutral_v3__dai/videos/G-unseen-cross__base_cond_neutral_v3__acid_0__ref_nature_bloom_1__s43.mp4,121,8,120,False,e500f527512754a11973546c5bba84c8,False,,neutral,v3,dedup_group=2;start_anchor=acid_0_start9;endpoint_class=acid
start_v3__animalization_2__s42,S-GRID-START,NULLGEN,,animalization_2,42,store/gens/005_base_cond/04_neutral_v3__dai/videos/G-unseen-cross__base_cond_neutral_v3__animalization_2__ref_sakura_petals_1__s42.mp4,121,8,120,False,034cc427bdd332ebc23d9d95deab8eae,False,,neutral,v3,dedup_group=5;start_anchor=animalization_2_start9;endpoint_class=animalization
start_v3__animalization_2__s43,S-GRID-START,NULLGEN,,animalization_2,43,store/gens/005_base_cond/04_neutral_v3__dai/videos/G-unseen-cross__base_cond_neutral_v3__animalization_2__ref_sakura_petals_1__s43.mp4,121,8,120,False,c011d85363496731902ae66565f628b3,False,,neutral,v3,dedup_group=5;start_anchor=animalization_2_start9;endpoint_class=animalization
start_v3__color_rain_2__s42,S-GRID-START,NULLGEN,,color_rain_2,42,store/gens/005_base_cond/04_neutral_v3__dai/videos/G-unseen-cross__base_cond_neutral_v3__color_rain_2__ref_animalization_0__s42.mp4,121,8,120,False,e13d55e95b29cdff68c10509e1af4ba7,False,,neutral,v3,dedup_group=6;start_anchor=color_rain_2_start9;endpoint_class=color_rain
start_v3__color_rain_2__s43,S-GRID-START,NULLGEN,,color_rain_2,43,store/gens/005_base_cond/04_neutral_v3__dai/videos/G-unseen-cross__base_cond_neutral_v3__color_rain_2__ref_animalization_0__s43.mp4,121,8,120,False,b7490fa639d086ad37a31e9201316a57,False,,neutral,v3,dedup_group=6;start_anchor=color_rain_2_start9;endpoint_class=color_rain
start_v3__cotton_cloud_0__s42,S-GRID-START,NULLGEN,,cotton_cloud_0,42,store/gens/005_base_cond/04_neutral_v3__dai/videos/G-unseen-cross__base_cond_neutral_v3__cotton_cloud_0__ref_animalization_2__s42.mp4,121,8,120,False,5dde97f733c1c37f6b13ec3004b586fc,False,,neutral,v3,dedup_group=5;start_anchor=cotton_cloud_0_start9;endpoint_class=cotton_cloud
start_v3__cotton_cloud_0__s43,S-GRID-START,NULLGEN,,cotton_cloud_0,43,store/gens/005_base_cond/04_neutral_v3__dai/videos/G-unseen-cross__base_cond_neutral_v3__cotton_cloud_0__ref_animalization_2__s43.mp4,121,8,120,False,7f452183c06d2245811dd354f44bc3d7,False,,neutral,v3,dedup_group=5;start_anchor=cotton_cloud_0_start9;endpoint_class=cotton_cloud
start_v3__earth_element_6__s42,S-GRID-START,NULLGEN,,earth_element_6,42,store/gens/005_base_cond/04_neutral_v3__dai/videos/G-unseen-cross__base_cond_neutral_v3__earth_element_6__ref_color_rain_0__s42.mp4,121,8,120,False,b57edb5f635bf63a63149c9d193f1b2a,False,,neutral,v3,dedup_group=3;start_anchor=earth_element_6_start9;endpoint_class=earth_element
start_v3__earth_element_6__s43,S-GRID-START,NULLGEN,,earth_element_6,43,store/gens/005_base_cond/04_neutral_v3__dai/videos/G-unseen-cross__base_cond_neutral_v3__earth_element_6__ref_color_rain_0__s43.mp4,121,8,120,False,15ffee1f73cf3b0cd47aec27aa88efc7,False,,neutral,v3,dedup_group=3;start_anchor=earth_element_6_start9;endpoint_class=earth_element
start_v3__fire_element_2__s42,S-GRID-START,NULLGEN,,fire_element_2,42,store/gens/005_base_cond/04_neutral_v3__dai/videos/G-unseen-cross__base_cond_neutral_v3__fire_element_2__ref_color_rain_2__s42.mp4,121,8,120,False,1ae9c2f56d40b431cd9ee888b1ecbb5f,False,,neutral,v3,dedup_group=3;start_anchor=fire_element_2_start9;endpoint_class=fire_element
start_v3__fire_element_2__s43,S-GRID-START,NULLGEN,,fire_element_2,43,store/gens/005_base_cond/04_neutral_v3__dai/videos/G-unseen-cross__base_cond_neutral_v3__fire_element_2__ref_color_rain_2__s43.mp4,121,8,120,False,22c3a34bd312b5c6954e9234842b51c6,False,,neutral,v3,dedup_group=3;start_anchor=fire_element_2_start9;endpoint_class=fire_element
start_v3__gas_transformation_7__s42,S-GRID-START,NULLGEN,,gas_transformation_7,42,store/gens/005_base_cond/04_neutral_v3__dai/videos/G-unseen-cross__base_cond_neutral_v3__gas_transformation_7__ref_earth_element_4__s42.mp4,121,8,120,False,10a3ad5bb581264f897d3badc99006ac,False,,neutral,v3,dedup_group=4;start_anchor=gas_transformation_7_start9;endpoint_class=gas_transformation
start_v3__gas_transformation_7__s43,S-GRID-START,NULLGEN,,gas_transformation_7,43,store/gens/005_base_cond/04_neutral_v3__dai/videos/G-unseen-cross__base_cond_neutral_v3__gas_transformation_7__ref_earth_element_4__s43.mp4,121,8,120,False,84eac0e0a289d727fbbd37f51f62c705,False,,neutral,v3,dedup_group=4;start_anchor=gas_transformation_7_start9;endpoint_class=gas_transformation
start_v3__illustration_scene_7__s42,S-GRID-START,NULLGEN,,illustration_scene_7,42,store/gens/005_base_cond/04_neutral_v3__dai/videos/G-unseen-cross__base_cond_neutral_v3__illustration_scene_7__ref_gas_transformation_6__s42.mp4,121,8,120,False,5b4dea224de7fc901c39a213f7ced5d8,False,,neutral,v3,dedup_group=2;start_anchor=illustration_scene_7_start9;endpoint_class=illustration_scene
start_v3__illustration_scene_7__s43,S-GRID-START,NULLGEN,,illustration_scene_7,43,store/gens/005_base_cond/04_neutral_v3__dai/videos/G-unseen-cross__base_cond_neutral_v3__illustration_scene_7__ref_gas_transformation_6__s43.mp4,121,8,120,False,0099d5abf59e2de6554f0f3d4c0af642,False,,neutral,v3,dedup_group=2;start_anchor=illustration_scene_7_start9;endpoint_class=illustration_scene
start_v3__live_concert_0__s42,S-GRID-START,NULLGEN,,live_concert_0,42,store/gens/005_base_cond/04_neutral_v3__dai/videos/G-unseen-cross__base_cond_neutral_v3__live_concert_0__ref_gas_transformation_6__s42.mp4,121,8,120,False,e4e46e8e0c41f109f8ac1ae13f750280,False,,neutral,v3,dedup_group=4;start_anchor=live_concert_0_start9;endpoint_class=live_concert
start_v3__live_concert_0__s43,S-GRID-START,NULLGEN,,live_concert_0,43,store/gens/005_base_cond/04_neutral_v3__dai/videos/G-unseen-cross__base_cond_neutral_v3__live_concert_0__ref_gas_transformation_6__s43.mp4,121,8,120,False,b39a3f954ab724cf9f23ee6a9752960b,False,,neutral,v3,dedup_group=4;start_anchor=live_concert_0_start9;endpoint_class=live_concert
start_v3__live_concert_4__s42,S-GRID-START,NULLGEN,,live_concert_4,42,store/gens/005_base_cond/04_neutral_v3__dai/videos/G-unseen-cross__base_cond_neutral_v3__live_concert_4__ref_gas_transformation_7__s42.mp4,121,8,120,False,27e3d0bc01c25758af3ed72b7385ee60,False,,neutral,v3,dedup_group=1;start_anchor=live_concert_4_start9;endpoint_class=live_concert
start_v3__live_concert_4__s43,S-GRID-START,NULLGEN,,live_concert_4,43,store/gens/005_base_cond/04_neutral_v3__dai/videos/G-unseen-cross__base_cond_neutral_v3__live_concert_4__ref_gas_transformation_7__s43.mp4,121,8,120,False,d1e15c1634c869e07e33c043090d2276,False,,neutral,v3,dedup_group=1;start_anchor=live_concert_4_start9;endpoint_class=live_concert
start_v3__monstrosity_0__s42,S-GRID-START,NULLGEN,,monstrosity_0,42,store/gens/005_base_cond/04_neutral_v3__dai/videos/G-unseen-cross__base_cond_neutral_v3__monstrosity_0__ref_illustration_scene_4__s42.mp4,121,8,120,False,26ee15fcd3b6b4d1567e9686b897fa6f,False,,neutral,v3,dedup_group=2;start_anchor=monstrosity_0_start9;endpoint_class=monstrosity
start_v3__monstrosity_0__s43,S-GRID-START,NULLGEN,,monstrosity_0,43,store/gens/005_base_cond/04_neutral_v3__dai/videos/G-unseen-cross__base_cond_neutral_v3__monstrosity_0__ref_illustration_scene_4__s43.mp4,121,8,120,False,4c376eea6aec9dca1db27b73b56721b0,False,,neutral,v3,dedup_group=2;start_anchor=monstrosity_0_start9;endpoint_class=monstrosity
start_v3__mystification_0__s42,S-GRID-START,NULLGEN,,mystification_0,42,store/gens/005_base_cond/04_neutral_v3__dai/videos/G-unseen-cross__base_cond_neutral_v3__mystification_0__ref_illustration_scene_4__s42.mp4,121,8,120,False,c4254013e434c01059591a9890d6dd34,False,,neutral,v3,dedup_group=2;start_anchor=mystification_0_start9;endpoint_class=mystification
start_v3__mystification_0__s43,S-GRID-START,NULLGEN,,mystification_0,43,store/gens/005_base_cond/04_neutral_v3__dai/videos/G-unseen-cross__base_cond_neutral_v3__mystification_0__ref_illustration_scene_4__s43.mp4,121,8,120,False,49d22bebfd98100b38f6b4e3c2484492,False,,neutral,v3,dedup_group=2;start_anchor=mystification_0_start9;endpoint_class=mystification
start_v3__plasma_explosion_2__s42,S-GRID-START,NULLGEN,,plasma_explosion_2,42,store/gens/005_base_cond/04_neutral_v3__dai/videos/G-unseen-cross__base_cond_neutral_v3__plasma_explosion_2__ref_illustration_scene_7__s42.mp4,121,8,120,False,060fac7f4fe3bd38e138e553fae47e8f,False,,neutral,v3,dedup_group=3;start_anchor=plasma_explosion_2_start9;endpoint_class=plasma_explosion
start_v3__plasma_explosion_2__s43,S-GRID-START,NULLGEN,,plasma_explosion_2,43,store/gens/005_base_cond/04_neutral_v3__dai/videos/G-unseen-cross__base_cond_neutral_v3__plasma_explosion_2__ref_illustration_scene_7__s43.mp4,121,8,120,False,401dd3948eab4573df3428c8ac107cd6,False,,neutral,v3,dedup_group=3;start_anchor=plasma_explosion_2_start9;endpoint_class=plasma_explosion
start_v3__polygon_8__s42,S-GRID-START,NULLGEN,,polygon_8,42,store/gens/005_base_cond/04_neutral_v3__dai/videos/G-unseen-cross__base_cond_neutral_v3__polygon_8__ref_money_rain_1__s42.mp4,121,8,120,False,19c88599713d92582bd414193a625bef,False,,neutral,v3,dedup_group=4;start_anchor=polygon_8_start9;endpoint_class=polygon
start_v3__polygon_8__s43,S-GRID-START,NULLGEN,,polygon_8,43,store/gens/005_base_cond/04_neutral_v3__dai/videos/G-unseen-cross__base_cond_neutral_v3__polygon_8__ref_money_rain_1__s43.mp4,121,8,120,False,a90b527698981dc4098bffca109b7dc2,False,,neutral,v3,dedup_group=4;start_anchor=polygon_8_start9;endpoint_class=polygon
start_v3__portal_4__s42,S-GRID-START,NULLGEN,,portal_4,42,store/gens/005_base_cond/04_neutral_v3__dai/videos/G-unseen-cross__base_cond_neutral_v3__portal_4__ref_polygon_4__s42.mp4,121,8,120,False,44ffa6bc39ce9c7a99743b78f7757ebb,False,,neutral,v3,dedup_group=2;start_anchor=portal_4_start9;endpoint_class=portal
start_v3__portal_4__s43,S-GRID-START,NULLGEN,,portal_4,43,store/gens/005_base_cond/04_neutral_v3__dai/videos/G-unseen-cross__base_cond_neutral_v3__portal_4__ref_polygon_4__s43.mp4,121,8,120,False,c1a38b4a68022188fe9848066019d93a,False,,neutral,v3,dedup_group=2;start_anchor=portal_4_start9;endpoint_class=portal
start_v3__saint_glow_3__s42,S-GRID-START,NULLGEN,,saint_glow_3,42,store/gens/005_base_cond/04_neutral_v3__dai/videos/G-unseen-cross__base_cond_neutral_v3__saint_glow_3__ref_polygon_4__s42.mp4,121,8,120,False,901ea97d4b901b07a08f45d1ab10c82d,False,,neutral,v3,dedup_group=3;start_anchor=saint_glow_3_start9;endpoint_class=saint_glow
start_v3__saint_glow_3__s43,S-GRID-START,NULLGEN,,saint_glow_3,43,store/gens/005_base_cond/04_neutral_v3__dai/videos/G-unseen-cross__base_cond_neutral_v3__saint_glow_3__ref_polygon_4__s43.mp4,121,8,120,False,06642f2a9656feea6f9547d26e2ef8b1,False,,neutral,v3,dedup_group=3;start_anchor=saint_glow_3_start9;endpoint_class=saint_glow
start_v3__shadow_3__s42,S-GRID-START,NULLGEN,,shadow_3,42,store/gens/005_base_cond/04_neutral_v3__dai/videos/G-unseen-cross__base_cond_neutral_v3__shadow_3__ref_portal_1__s42.mp4,121,8,120,False,8a6738fd90404084bfcf7adb6207a257,False,,neutral,v3,dedup_group=2;start_anchor=shadow_3_start9;endpoint_class=shadow
start_v3__shadow_3__s43,S-GRID-START,NULLGEN,,shadow_3,43,store/gens/005_base_cond/04_neutral_v3__dai/videos/G-unseen-cross__base_cond_neutral_v3__shadow_3__ref_portal_1__s43.mp4,121,8,120,False,d7f52d25b4f59ae58463172db15c8155,False,,neutral,v3,dedup_group=2;start_anchor=shadow_3_start9;endpoint_class=shadow
start_v3__super_fast_run_3__s42,S-GRID-START,NULLGEN,,super_fast_run_3,42,store/gens/005_base_cond/04_neutral_v3__dai/videos/G-unseen-cross__base_cond_neutral_v3__super_fast_run_3__ref_portal_4__s42.mp4,121,8,120,False,f020fca1d5b1fdec146e6399825b4230,False,,neutral,v3,dedup_group=3;start_anchor=super_fast_run_3_start9;endpoint_class=super_fast_run
start_v3__super_fast_run_3__s43,S-GRID-START,NULLGEN,,super_fast_run_3,43,store/gens/005_base_cond/04_neutral_v3__dai/videos/G-unseen-cross__base_cond_neutral_v3__super_fast_run_3__ref_portal_4__s43.mp4,121,8,120,False,8f69904878dc4813fccefe6ea87f99f0,False,,neutral,v3,dedup_group=3;start_anchor=super_fast_run_3_start9;endpoint_class=super_fast_run
start_v3__water_element_4__s42,S-GRID-START,NULLGEN,,water_element_4,42,store/gens/005_base_cond/04_neutral_v3__dai/videos/G-unseen-cross__base_cond_neutral_v3__water_element_4__ref_shadow_10__s42.mp4,121,8,120,False,baa37d0155a0803a9fd2188fc618f627,False,,neutral,v3,dedup_group=2;start_anchor=water_element_4_start9;endpoint_class=water_element
start_v3__water_element_4__s43,S-GRID-START,NULLGEN,,water_element_4,43,store/gens/005_base_cond/04_neutral_v3__dai/videos/G-unseen-cross__base_cond_neutral_v3__water_element_4__ref_shadow_10__s43.mp4,121,8,120,False,a2359cab56f833d8e3cf624a251ad77b,False,,neutral,v3,dedup_group=2;start_anchor=water_element_4_start9;endpoint_class=water_element
start_v3__wireframe_7__s42,S-GRID-START,NULLGEN,,wireframe_7,42,store/gens/005_base_cond/04_neutral_v3__dai/videos/G-unseen-cross__base_cond_neutral_v3__wireframe_7__ref_shadow_3__s42.mp4,121,8,120,False,f0689b8b8ddda5ff9e1d40d115b458a7,False,,neutral,v3,dedup_group=2;start_anchor=wireframe_7_start9;endpoint_class=wireframe
start_v3__wireframe_7__s43,S-GRID-START,NULLGEN,,wireframe_7,43,store/gens/005_base_cond/04_neutral_v3__dai/videos/G-unseen-cross__base_cond_neutral_v3__wireframe_7__ref_shadow_3__s43.mp4,121,8,120,False,f784f20f5b926fcc8c406f36871fec1a,False,,neutral,v3,dedup_group=2;start_anchor=wireframe_7_start9;endpoint_class=wireframe
start_v3__fire_element_3__s42,S-GRID-START,NULLGEN,,fire_element_3,42,store/gens/005_base_cond/04_neutral_v3__dai/videos/G-unseen-same__base_cond_neutral_v3__fire_element_3__ref_fire_element_2__s42.mp4,121,8,120,False,5a3fb0eb7146f6982207519d76f5b675,False,,neutral,v3,dedup_group=2;start_anchor=fire_element_3_start9;endpoint_class=fire_element
start_v3__fire_element_3__s43,S-GRID-START,NULLGEN,,fire_element_3,43,store/gens/005_base_cond/04_neutral_v3__dai/videos/G-unseen-same__base_cond_neutral_v3__fire_element_3__ref_fire_element_2__s43.mp4,121,8,120,False,73ff3ea9030620ab2fcd13bb2b333d7d,False,,neutral,v3,dedup_group=2;start_anchor=fire_element_3_start9;endpoint_class=fire_element
start_v3__money_rain_3__s42,S-GRID-START,NULLGEN,,money_rain_3,42,store/gens/005_base_cond/04_neutral_v3__dai/videos/G-unseen-same__base_cond_neutral_v3__money_rain_3__ref_money_rain_1__s42.mp4,121,8,120,False,02174194396a36c8d68cb62b2555338b,False,,neutral,v3,dedup_group=3;start_anchor=money_rain_3_start9;endpoint_class=money_rain
start_v3__money_rain_3__s43,S-GRID-START,NULLGEN,,money_rain_3,43,store/gens/005_base_cond/04_neutral_v3__dai/videos/G-unseen-same__base_cond_neutral_v3__money_rain_3__ref_money_rain_1__s43.mp4,121,8,120,False,a702e075b8539c7da700b275ddd74fea,False,,neutral,v3,dedup_group=3;start_anchor=money_rain_3_start9;endpoint_class=money_rain
start_v3__mystification_1__s42,S-GRID-START,NULLGEN,,mystification_1,42,store/gens/005_base_cond/04_neutral_v3__dai/videos/G-unseen-same__base_cond_neutral_v3__mystification_1__ref_mystification_0__s42.mp4,121,8,120,False,70a93c11910edf581bf4dcfbc86ec095,False,,neutral,v3,dedup_group=2;start_anchor=mystification_1_start9;endpoint_class=mystification
start_v3__mystification_1__s43,S-GRID-START,NULLGEN,,mystification_1,43,store/gens/005_base_cond/04_neutral_v3__dai/videos/G-unseen-same__base_cond_neutral_v3__mystification_1__ref_mystification_0__s43.mp4,121,8,120,False,48a1c3b1b9c0aca9b349d0299523e82e,False,,neutral,v3,dedup_group=2;start_anchor=mystification_1_start9;endpoint_class=mystification
start_v3__plasma_explosion_3__s42,S-GRID-START,NULLGEN,,plasma_explosion_3,42,store/gens/005_base_cond/04_neutral_v3__dai/videos/G-unseen-same__base_cond_neutral_v3__plasma_explosion_3__ref_plasma_explosion_2__s42.mp4,121,8,120,False,3fbf35829ef98f84326718e5af8fc182,False,,neutral,v3,dedup_group=1;start_anchor=plasma_explosion_3_start9;endpoint_class=plasma_explosion
start_v3__plasma_explosion_3__s43,S-GRID-START,NULLGEN,,plasma_explosion_3,43,store/gens/005_base_cond/04_neutral_v3__dai/videos/G-unseen-same__base_cond_neutral_v3__plasma_explosion_3__ref_plasma_explosion_2__s43.mp4,121,8,120,False,e8999e7556df9a480af007c3ea182f3c,False,,neutral,v3,dedup_group=1;start_anchor=plasma_explosion_3_start9;endpoint_class=plasma_explosion
start_v3__water_element_3__s42,S-GRID-START,NULLGEN,,water_element_3,42,store/gens/005_base_cond/04_neutral_v3__dai/videos/G-unseen-same__base_cond_neutral_v3__water_element_3__ref_water_element_4__s42.mp4,121,8,120,False,fff00ee7c67672513acecdc1d32bd247,False,,neutral,v3,dedup_group=1;start_anchor=water_element_3_start9;endpoint_class=water_element
start_v3__water_element_3__s43,S-GRID-START,NULLGEN,,water_element_3,43,store/gens/005_base_cond/04_neutral_v3__dai/videos/G-unseen-same__base_cond_neutral_v3__water_element_3__ref_water_element_4__s43.mp4,121,8,120,False,65520ba10ae65b02eb0655ad65010f7e,False,,neutral,v3,dedup_group=1;start_anchor=water_element_3_start9;endpoint_class=water_element
start_v3__acid_1__s42,S-GRID-START,NULLGEN,,acid_1,42,store/gens/005_base_cond/04_neutral_v3__dai/videos/G-zs-same__base_cond_neutral_v3__acid_1__ref_acid_0__s42.mp4,121,8,120,False,89350efc42695cae7594bd6fe109dbf3,False,,neutral,v3,dedup_group=1;start_anchor=acid_1_start9;endpoint_class=acid
start_v3__acid_1__s43,S-GRID-START,NULLGEN,,acid_1,43,store/gens/005_base_cond/04_neutral_v3__dai/videos/G-zs-same__base_cond_neutral_v3__acid_1__ref_acid_0__s43.mp4,121,8,120,False,f511118fb3a445e67720598600fc6e75,False,,neutral,v3,dedup_group=1;start_anchor=acid_1_start9;endpoint_class=acid
start_v3__explosion_0__s42,S-GRID-START,NULLGEN,,explosion_0,42,store/gens/005_base_cond/04_neutral_v3__dai/videos/G-zs-same__base_cond_neutral_v3__explosion_0__ref_explosion_1__s42.mp4,121,8,120,False,a92e092d6122378a8505a3f88cffb207,False,,neutral,v3,dedup_group=1;start_anchor=explosion_0_start9;endpoint_class=explosion
start_v3__explosion_0__s43,S-GRID-START,NULLGEN,,explosion_0,43,store/gens/005_base_cond/04_neutral_v3__dai/videos/G-zs-same__base_cond_neutral_v3__explosion_0__ref_explosion_1__s43.mp4,121,8,120,False,a77669a068567ed395f2605b8e1253a7,False,,neutral,v3,dedup_group=1;start_anchor=explosion_0_start9;endpoint_class=explosion
start_v3__explosion_1__s42,S-GRID-START,NULLGEN,,explosion_1,42,store/gens/005_base_cond/04_neutral_v3__dai/videos/G-zs-same__base_cond_neutral_v3__explosion_1__ref_explosion_0__s42.mp4,121,8,120,False,f68e194b58c0d4496a95155103ae59d6,False,,neutral,v3,dedup_group=1;start_anchor=explosion_1_start9;endpoint_class=explosion
start_v3__explosion_1__s43,S-GRID-START,NULLGEN,,explosion_1,43,store/gens/005_base_cond/04_neutral_v3__dai/videos/G-zs-same__base_cond_neutral_v3__explosion_1__ref_explosion_0__s43.mp4,121,8,120,False,5f6f6293467424f239d1834d674a1811,False,,neutral,v3,dedup_group=1;start_anchor=explosion_1_start9;endpoint_class=explosion
start_v3__glitch_0__s42,S-GRID-START,NULLGEN,,glitch_0,42,store/gens/005_base_cond/04_neutral_v3__dai/videos/G-zs-same__base_cond_neutral_v3__glitch_0__ref_glitch_1__s42.mp4,121,8,120,False,096dce54f7331246bfb2271147b6eeb3,False,,neutral,v3,dedup_group=1;start_anchor=glitch_0_start9;endpoint_class=glitch
start_v3__glitch_0__s43,S-GRID-START,NULLGEN,,glitch_0,43,store/gens/005_base_cond/04_neutral_v3__dai/videos/G-zs-same__base_cond_neutral_v3__glitch_0__ref_glitch_1__s43.mp4,121,8,120,False,51638156a6f3f39fdf145bf7b99f71e5,False,,neutral,v3,dedup_group=1;start_anchor=glitch_0_start9;endpoint_class=glitch
start_v3__glitch_1__s42,S-GRID-START,NULLGEN,,glitch_1,42,store/gens/005_base_cond/04_neutral_v3__dai/videos/G-zs-same__base_cond_neutral_v3__glitch_1__ref_glitch_0__s42.mp4,121,8,120,False,b495510cf6270cb90a70e0bbe3c35a41,False,,neutral,v3,dedup_group=1;start_anchor=glitch_1_start9;endpoint_class=glitch
start_v3__glitch_1__s43,S-GRID-START,NULLGEN,,glitch_1,43,store/gens/005_base_cond/04_neutral_v3__dai/videos/G-zs-same__base_cond_neutral_v3__glitch_1__ref_glitch_0__s43.mp4,121,8,120,False,db3973a01e96840bb3a6910b3b2d0113,False,,neutral,v3,dedup_group=1;start_anchor=glitch_1_start9;endpoint_class=glitch
start_v3__luminous_gaze_3__s42,S-GRID-START,NULLGEN,,luminous_gaze_3,42,store/gens/005_base_cond/04_neutral_v3__dai/videos/G-zs-same__base_cond_neutral_v3__luminous_gaze_3__ref_luminous_gaze_0__s42.mp4,121,8,120,False,b6502c8fa9e71f53cb70f24167b8490f,False,,neutral,v3,dedup_group=2;start_anchor=luminous_gaze_3_start9;endpoint_class=luminous_gaze
start_v3__luminous_gaze_3__s43,S-GRID-START,NULLGEN,,luminous_gaze_3,43,store/gens/005_base_cond/04_neutral_v3__dai/videos/G-zs-same__base_cond_neutral_v3__luminous_gaze_3__ref_luminous_gaze_0__s43.mp4,121,8,120,False,aeaa611398e4b95739be89ca1cccd2da,False,,neutral,v3,dedup_group=2;start_anchor=luminous_gaze_3_start9;endpoint_class=luminous_gaze
start_v3__northern_lights_0__s42,S-GRID-START,NULLGEN,,northern_lights_0,42,store/gens/005_base_cond/04_neutral_v3__dai/videos/G-zs-same__base_cond_neutral_v3__northern_lights_0__ref_northern_lights_1__s42.mp4,121,8,120,False,16424d9f89b113c03b4b3f76ed463b8e,False,,neutral,v3,dedup_group=1;start_anchor=northern_lights_0_start9;endpoint_class=northern_lights
start_v3__northern_lights_0__s43,S-GRID-START,NULLGEN,,northern_lights_0,43,store/gens/005_base_cond/04_neutral_v3__dai/videos/G-zs-same__base_cond_neutral_v3__northern_lights_0__ref_northern_lights_1__s43.mp4,121,8,120,False,fdce6e2c002416d6bb41d00cba22267f,False,,neutral,v3,dedup_group=1;start_anchor=northern_lights_0_start9;endpoint_class=northern_lights
start_v3__northern_lights_1__s42,S-GRID-START,NULLGEN,,northern_lights_1,42,store/gens/005_base_cond/04_neutral_v3__dai/videos/G-zs-same__base_cond_neutral_v3__northern_lights_1__ref_northern_lights_0__s42.mp4,121,8,120,False,64f200d0a5a76dfb3ea40f15200092bc,False,,neutral,v3,dedup_group=1;start_anchor=northern_lights_1_start9;endpoint_class=northern_lights
start_v3__northern_lights_1__s43,S-GRID-START,NULLGEN,,northern_lights_1,43,store/gens/005_base_cond/04_neutral_v3__dai/videos/G-zs-same__base_cond_neutral_v3__northern_lights_1__ref_northern_lights_0__s43.mp4,121,8,120,False,0c059c336ae5a7ea56cbe24e393a858e,False,,neutral,v3,dedup_group=1;start_anchor=northern_lights_1_start9;endpoint_class=northern_lights
start_v3__point_cloud_0__s42,S-GRID-START,NULLGEN,,point_cloud_0,42,store/gens/005_base_cond/04_neutral_v3__dai/videos/G-zs-same__base_cond_neutral_v3__point_cloud_0__ref_point_cloud_1__s42.mp4,121,8,120,False,b2cd772d2f7963b49a1ae86102feff7e,False,,neutral,v3,dedup_group=1;start_anchor=point_cloud_0_start9;endpoint_class=point_cloud
start_v3__point_cloud_0__s43,S-GRID-START,NULLGEN,,point_cloud_0,43,store/gens/005_base_cond/04_neutral_v3__dai/videos/G-zs-same__base_cond_neutral_v3__point_cloud_0__ref_point_cloud_1__s43.mp4,121,8,120,False,c503ed54ea69a1f3761bbfad2d99cc70,False,,neutral,v3,dedup_group=1;start_anchor=point_cloud_0_start9;endpoint_class=point_cloud
start_v3__point_cloud_1__s42,S-GRID-START,NULLGEN,,point_cloud_1,42,store/gens/005_base_cond/04_neutral_v3__dai/videos/G-zs-same__base_cond_neutral_v3__point_cloud_1__ref_point_cloud_0__s42.mp4,121,8,120,False,f656cd86c5fa5813ea5d6290bd804bce,False,,neutral,v3,dedup_group=1;start_anchor=point_cloud_1_start9;endpoint_class=point_cloud
start_v3__point_cloud_1__s43,S-GRID-START,NULLGEN,,point_cloud_1,43,store/gens/005_base_cond/04_neutral_v3__dai/videos/G-zs-same__base_cond_neutral_v3__point_cloud_1__ref_point_cloud_0__s43.mp4,121,8,120,False,398ceb2d995d9d552e745f0900c9e57f,False,,neutral,v3,dedup_group=1;start_anchor=point_cloud_1_start9;endpoint_class=point_cloud
start_v3__train_rush_0__s42,S-GRID-START,NULLGEN,,train_rush_0,42,store/gens/005_base_cond/04_neutral_v3__dai/videos/G-zs-same__base_cond_neutral_v3__train_rush_0__ref_train_rush_1__s42.mp4,121,8,120,False,36de6c7923c907641b03c20f5159b66a,False,,neutral,v3,dedup_group=1;start_anchor=train_rush_0_start9;endpoint_class=train_rush
start_v3__train_rush_0__s43,S-GRID-START,NULLGEN,,train_rush_0,43,store/gens/005_base_cond/04_neutral_v3__dai/videos/G-zs-same__base_cond_neutral_v3__train_rush_0__ref_train_rush_1__s43.mp4,121,8,120,False,d04d624c61b0c5460e5109b412cbc0a0,False,,neutral,v3,dedup_group=1;start_anchor=train_rush_0_start9;endpoint_class=train_rush
start_v3__train_rush_1__s42,S-GRID-START,NULLGEN,,train_rush_1,42,store/gens/005_base_cond/04_neutral_v3__dai/videos/G-zs-same__base_cond_neutral_v3__train_rush_1__ref_train_rush_0__s42.mp4,121,8,120,False,d08c73119809f1ee6df2f008ba38d0c8,False,,neutral,v3,dedup_group=1;start_anchor=train_rush_1_start9;endpoint_class=train_rush
start_v3__train_rush_1__s43,S-GRID-START,NULLGEN,,train_rush_1,43,store/gens/005_base_cond/04_neutral_v3__dai/videos/G-zs-same__base_cond_neutral_v3__train_rush_1__ref_train_rush_0__s43.mp4,121,8,120,False,e5c975fe1c0578b06518188c9251ce82,False,,neutral,v3,dedup_group=1;start_anchor=train_rush_1_start9;endpoint_class=train_rush
start_v3__x_ray_0__s42,S-GRID-START,NULLGEN,,x_ray_0,42,store/gens/005_base_cond/04_neutral_v3__dai/videos/G-zs-same__base_cond_neutral_v3__x_ray_0__ref_x_ray_1__s42.mp4,121,8,120,False,3fa640eddfb1d528cc8096bd740bef5a,False,,neutral,v3,dedup_group=1;start_anchor=x_ray_0_start9;endpoint_class=x_ray
start_v3__x_ray_0__s43,S-GRID-START,NULLGEN,,x_ray_0,43,store/gens/005_base_cond/04_neutral_v3__dai/videos/G-zs-same__base_cond_neutral_v3__x_ray_0__ref_x_ray_1__s43.mp4,121,8,120,False,4196bc05e3d6a50b36f1fc3ffe6548c9,False,,neutral,v3,dedup_group=1;start_anchor=x_ray_0_start9;endpoint_class=x_ray
start_v3__x_ray_1__s42,S-GRID-START,NULLGEN,,x_ray_1,42,store/gens/005_base_cond/04_neutral_v3__dai/videos/G-zs-same__base_cond_neutral_v3__x_ray_1__ref_x_ray_0__s42.mp4,121,8,120,False,6b90418b749f4b15bda4b54f1c19fcbd,False,,neutral,v3,dedup_group=1;start_anchor=x_ray_1_start9;endpoint_class=x_ray
start_v3__x_ray_1__s43,S-GRID-START,NULLGEN,,x_ray_1,43,store/gens/005_base_cond/04_neutral_v3__dai/videos/G-zs-same__base_cond_neutral_v3__x_ray_1__ref_x_ray_0__s43.mp4,121,8,120,False,8db1aeded6905459bcedc940252a9018,False,,neutral,v3,dedup_group=1;start_anchor=x_ray_1_start9;endpoint_class=x_ray
GT__air_bending_1,S-GRID,GT,,air_bending_1,,data/processed/transitions_std121/air_bending/air_bending_1.mp4,121,8,113,True,8f06f5bc78073bd269d0cdf49a9b3184,False,,real,,gt_twin;class=air_bending
GT__display_transition_1,S-GRID,GT,,display_transition_1,,data/processed/transitions_std121/display_transition/display_transition_1.mp4,121,8,113,True,abbe17ffa7a66c48e659f4c2c93c0aee,False,,real,,gt_twin;class=display_transition
GT__earth_wave_3,S-GRID,GT,,earth_wave_3,,data/processed/transitions_std121/earth_wave/earth_wave_3.mp4,121,8,113,True,943fef092fb3dd6a468d971a70b7d166,False,,real,,gt_twin;class=earth_wave
GT__earth_wave_5,S-GRID,GT,,earth_wave_5,,data/processed/transitions_std121/earth_wave/earth_wave_5.mp4,121,8,113,True,2cfb6b5753019c2abe50cd8216e27497,False,,real,,gt_twin;class=earth_wave
GT__firelava_4,S-GRID,GT,,firelava_4,,data/processed/transitions_std121/firelava/firelava_4.mp4,121,8,113,True,5a28ae026e07fb9f84551d540eb6b30f,False,,real,,gt_twin;class=firelava
GT__flame_transition_2,S-GRID,GT,,flame_transition_2,,data/processed/transitions_std121/flame/flame_transition_2.mp4,121,8,113,True,ff5ffa010267a0417bffcc0bddb47333,False,,real,,gt_twin;class=flame
GT__flame_transition_3,S-GRID,GT,,flame_transition_3,,data/processed/transitions_std121/flame/flame_transition_3.mp4,121,8,113,True,da1dfb4c54a8303f0496eac41327e554,False,,real,,gt_twin;class=flame
GT__flying_cam_transition_4,S-GRID,GT,,flying_cam_transition_4,,data/processed/transitions_std121/flying_cam_transition/flying_cam_transition_4.mp4,121,8,113,True,e18f046ccf4719ed1c44bc7798729c88,False,,real,,gt_twin;class=flying_cam_transition
GT__giant_grab_3,S-GRID,GT,,giant_grab_3,,data/processed/transitions_std121/giant_grab/giant_grab_3.mp4,121,8,113,True,d46c7587bb0d12f93ae3773c1bef52ff,False,,real,,gt_twin;class=giant_grab
GT__giant_grab_5,S-GRID,GT,,giant_grab_5,,data/processed/transitions_std121/giant_grab/giant_grab_5.mp4,121,8,113,True,02f8a7ec7134c78e078b4fe06b5f6ce4,False,,real,,gt_twin;class=giant_grab
GT__hero_flight_1,S-GRID,GT,,hero_flight_1,,data/processed/transitions_std121/hero_flight/hero_flight_1.mp4,121,8,113,True,fea97d82b785dc47b7d6b63613bc30a8,False,,real,,gt_twin;class=hero_flight
GT__hero_flight_5,S-GRID,GT,,hero_flight_5,,data/processed/transitions_std121/hero_flight/hero_flight_5.mp4,121,8,113,True,4e0586ca539026e11e934647af0846f6,False,,real,,gt_twin;class=hero_flight
GT__hero_flight_6,S-GRID,GT,,hero_flight_6,,data/processed/transitions_std121/hero_flight/hero_flight_6.mp4,121,8,113,True,823092a8d0c8d04dc0c7bc185ef1ea62,False,,real,,gt_twin;class=hero_flight
GT__melt_transition_2,S-GRID,GT,,melt_transition_2,,data/processed/transitions_std121/melt_transition/melt_transition_2.mp4,121,8,113,True,673531afeb75a195eb2211b2f76c3198,False,,real,,gt_twin;class=melt_transition
GT__raven_transition_2,S-GRID,GT,,raven_transition_2,,data/processed/transitions_std121/raven_transition/raven_transition_2.mp4,121,8,113,True,fdc4641b7cca28c73659786b7bea3fd0,False,,real,,gt_twin;class=raven_transition
GT__shadow_smoke_0,S-GRID,GT,,shadow_smoke_0,,data/processed/transitions_std121/shadow_smoke/shadow_smoke_0.mp4,121,8,113,True,9d31e35a09768181eca7baf793c80fe0,False,,real,,gt_twin;class=shadow_smoke
GT__shadow_smoke_2,S-GRID,GT,,shadow_smoke_2,,data/processed/transitions_std121/shadow_smoke/shadow_smoke_2.mp4,121,8,113,True,bbc505375d60153002acdec37ab8b35b,False,,real,,gt_twin;class=shadow_smoke
GT__shadow_smoke_7,S-GRID,GT,,shadow_smoke_7,,data/processed/transitions_std121/shadow_smoke/shadow_smoke_7.mp4,121,8,113,True,e36ed03842bf28ee741754b542d7d0ce,False,,real,,gt_twin;class=shadow_smoke
GT__water_bending_3,S-GRID,GT,,water_bending_3,,data/processed/transitions_std121/water_bending/water_bending_3.mp4,121,8,113,True,c1438f737aefcf396de27d06382e99a9,False,,real,,gt_twin;class=water_bending
probe__P01H__wireframe_7__s42,S-PROBE,R1,high,wireframe_7,42,misc/2026-09-08_collapse_probe/out/r1/base_cond_neutral/probe__P01H__wireframe_7__s42.mp4,121,8,120,False,653e3fcf2a40fecace9bde99f83ac5d5,False,,full,,prompt_id=P01H;witness
probe_r2__P01H__s42,S-PROBE,R2,high,wireframe_7,42,misc/2026-09-08_collapse_probe/out/r2/base_cond_neutral/probe_r2__P01H__s42.mp4,121,8,113,True,8e94aa443cd39f0361ed2203d251e7fc,False,probe__P01H__wireframe_7__s42,full,,prompt_id=P01H
probe_r3__P01H__s42,S-PROBE,R3,high,wireframe_7,42,misc/2026-09-08_collapse_probe/out/r3/base_cond_neutral/probe_r3__P01H__s42.mp4,121,8,113,True,d965d8f070080edb0985db0f70479df2,False,probe__P01H__wireframe_7__s42,captions,,prompt_id=P01H
probe__P01H__wireframe_7__s43,S-PROBE,R1,high,wireframe_7,43,misc/2026-09-08_collapse_probe/out/r1/base_cond_neutral/probe__P01H__wireframe_7__s43.mp4,121,8,120,False,eb1dc8ea776ef93690bd1f3ba786cf69,False,,full,,prompt_id=P01H;witness
probe_r2__P01H__s43,S-PROBE,R2,high,wireframe_7,43,misc/2026-09-08_collapse_probe/out/r2/base_cond_neutral/probe_r2__P01H__s43.mp4,121,8,113,True,d0232224e2bf665d90e8ffe41715135d,False,probe__P01H__wireframe_7__s43,full,,prompt_id=P01H
probe_r3__P01H__s43,S-PROBE,R3,high,wireframe_7,43,misc/2026-09-08_collapse_probe/out/r3/base_cond_neutral/probe_r3__P01H__s43.mp4,121,8,113,True,ae3ad1eb910edfaed967fc1639a21eb3,False,probe__P01H__wireframe_7__s43,captions,,prompt_id=P01H
probe__P01H__wireframe_7__s44,S-PROBE,R1,high,wireframe_7,44,misc/2026-09-08_collapse_probe/out/r1/base_cond_neutral/probe__P01H__wireframe_7__s44.mp4,121,8,120,False,55702abc3bd2c0213ffbc942370efbbd,False,,full,,prompt_id=P01H;witness
probe_r2__P01H__s44,S-PROBE,R2,high,wireframe_7,44,misc/2026-09-08_collapse_probe/out/r2/base_cond_neutral/probe_r2__P01H__s44.mp4,121,8,113,True,a689efef21d03cc946466b9284eff812,False,probe__P01H__wireframe_7__s44,full,,prompt_id=P01H
probe_r3__P01H__s44,S-PROBE,R3,high,wireframe_7,44,misc/2026-09-08_collapse_probe/out/r3/base_cond_neutral/probe_r3__P01H__s44.mp4,121,8,113,True,7a1dbf12b85231990e36cfdfd409da3c,False,probe__P01H__wireframe_7__s44,captions,,prompt_id=P01H
probe__P02H__super_fast_run_10__s42,S-PROBE,R1,high,super_fast_run_10,42,misc/2026-09-08_collapse_probe/out/r1/base_cond_neutral/probe__P02H__super_fast_run_10__s42.mp4,121,8,120,False,e2790282ff60accf58452a3e03b351b0,False,,full,,prompt_id=P02H;witness
probe_r2__P02H__s42,S-PROBE,R2,high,super_fast_run_10,42,misc/2026-09-08_collapse_probe/out/r2/base_cond_neutral/probe_r2__P02H__s42.mp4,121,8,113,True,96ffa76391a3b24b1d67b70378359c1c,False,probe__P02H__super_fast_run_10__s42,full,,prompt_id=P02H
probe_r3__P02H__s42,S-PROBE,R3,high,super_fast_run_10,42,misc/2026-09-08_collapse_probe/out/r3/base_cond_neutral/probe_r3__P02H__s42.mp4,121,8,113,True,e2f543e0cf0704a4a20836f898aac714,False,probe__P02H__super_fast_run_10__s42,captions,,prompt_id=P02H
probe__P02H__super_fast_run_10__s43,S-PROBE,R1,high,super_fast_run_10,43,misc/2026-09-08_collapse_probe/out/r1/base_cond_neutral/probe__P02H__super_fast_run_10__s43.mp4,121,8,120,False,1109b21c90eb9622e739e91e98a94d88,False,,full,,prompt_id=P02H;witness
probe_r2__P02H__s43,S-PROBE,R2,high,super_fast_run_10,43,misc/2026-09-08_collapse_probe/out/r2/base_cond_neutral/probe_r2__P02H__s43.mp4,121,8,113,True,64b280ed59c4769c4d7011ea00e4a12f,False,probe__P02H__super_fast_run_10__s43,full,,prompt_id=P02H
probe_r3__P02H__s43,S-PROBE,R3,high,super_fast_run_10,43,misc/2026-09-08_collapse_probe/out/r3/base_cond_neutral/probe_r3__P02H__s43.mp4,121,8,113,True,a9d5687cb814f1972bc1b7fc4a5edc59,False,probe__P02H__super_fast_run_10__s43,captions,,prompt_id=P02H
probe__P02H__super_fast_run_10__s44,S-PROBE,R1,high,super_fast_run_10,44,misc/2026-09-08_collapse_probe/out/r1/base_cond_neutral/probe__P02H__super_fast_run_10__s44.mp4,121,8,120,False,48923d655cdb6e32614b347e7b6338ab,False,,full,,prompt_id=P02H;witness
probe_r2__P02H__s44,S-PROBE,R2,high,super_fast_run_10,44,misc/2026-09-08_collapse_probe/out/r2/base_cond_neutral/probe_r2__P02H__s44.mp4,121,8,113,True,d69ef843dc78885281f9330f89bb52d9,False,probe__P02H__super_fast_run_10__s44,full,,prompt_id=P02H
probe_r3__P02H__s44,S-PROBE,R3,high,super_fast_run_10,44,misc/2026-09-08_collapse_probe/out/r3/base_cond_neutral/probe_r3__P02H__s44.mp4,121,8,113,True,151aa5b17b1793a9123789f336d1c129,False,probe__P02H__super_fast_run_10__s44,captions,,prompt_id=P02H
probe__P03H__portal_1__s42,S-PROBE,R1,high,portal_1,42,misc/2026-09-08_collapse_probe/out/r1/base_cond_neutral/probe__P03H__portal_1__s42.mp4,121,8,120,False,be7b63b51b419bee403063c5a040cce0,False,,full,,prompt_id=P03H;witness
probe_r2__P03H__s42,S-PROBE,R2,high,portal_1,42,misc/2026-09-08_collapse_probe/out/r2/base_cond_neutral/probe_r2__P03H__s42.mp4,121,8,113,True,3306c06a62296358bcc1c84438f33c77,False,probe__P03H__portal_1__s42,full,,prompt_id=P03H
probe_r3__P03H__s42,S-PROBE,R3,high,portal_1,42,misc/2026-09-08_collapse_probe/out/r3/base_cond_neutral/probe_r3__P03H__s42.mp4,121,8,113,True,125fd491b118618b0f67354fb7062a71,False,probe__P03H__portal_1__s42,captions,,prompt_id=P03H
probe__P03H__portal_1__s43,S-PROBE,R1,high,portal_1,43,misc/2026-09-08_collapse_probe/out/r1/base_cond_neutral/probe__P03H__portal_1__s43.mp4,121,8,120,False,291b44d3bef88fc4fae074b1fe6fef82,False,,full,,prompt_id=P03H;witness
probe_r2__P03H__s43,S-PROBE,R2,high,portal_1,43,misc/2026-09-08_collapse_probe/out/r2/base_cond_neutral/probe_r2__P03H__s43.mp4,121,8,113,True,901a867162adc3bb360b2be15c219292,False,probe__P03H__portal_1__s43,full,,prompt_id=P03H
probe_r3__P03H__s43,S-PROBE,R3,high,portal_1,43,misc/2026-09-08_collapse_probe/out/r3/base_cond_neutral/probe_r3__P03H__s43.mp4,121,8,113,True,769f1a15b918ad9cf68824ce8578c267,False,probe__P03H__portal_1__s43,captions,,prompt_id=P03H
probe__P03H__portal_1__s44,S-PROBE,R1,high,portal_1,44,misc/2026-09-08_collapse_probe/out/r1/base_cond_neutral/probe__P03H__portal_1__s44.mp4,121,8,120,False,dd8238093c5a4f8dd2c442b1b149da69,False,,full,,prompt_id=P03H;witness
probe_r2__P03H__s44,S-PROBE,R2,high,portal_1,44,misc/2026-09-08_collapse_probe/out/r2/base_cond_neutral/probe_r2__P03H__s44.mp4,121,8,113,True,6a13a3294cc4568d80572c141cece364,False,probe__P03H__portal_1__s44,full,,prompt_id=P03H
probe_r3__P03H__s44,S-PROBE,R3,high,portal_1,44,misc/2026-09-08_collapse_probe/out/r3/base_cond_neutral/probe_r3__P03H__s44.mp4,121,8,113,True,dfd6498d1cb4ac7cc2e95c7ba569df0d,False,probe__P03H__portal_1__s44,captions,,prompt_id=P03H
probe__P04H__portal_10__s42,S-PROBE,R1,high,portal_10,42,misc/2026-09-08_collapse_probe/out/r1/base_cond_neutral/probe__P04H__portal_10__s42.mp4,121,8,120,False,7ef2501543d46fed816e958e153ec014,False,,full,,prompt_id=P04H;witness
probe_r2__P04H__s42,S-PROBE,R2,high,portal_10,42,misc/2026-09-08_collapse_probe/out/r2/base_cond_neutral/probe_r2__P04H__s42.mp4,121,8,113,True,744e41f1a7163f871f270a326ba55918,False,probe__P04H__portal_10__s42,full,,prompt_id=P04H
probe_r3__P04H__s42,S-PROBE,R3,high,portal_10,42,misc/2026-09-08_collapse_probe/out/r3/base_cond_neutral/probe_r3__P04H__s42.mp4,121,8,113,True,d08212f3b21d716243b6912471d3fd1f,False,probe__P04H__portal_10__s42,captions,,prompt_id=P04H
probe__P04H__portal_10__s43,S-PROBE,R1,high,portal_10,43,misc/2026-09-08_collapse_probe/out/r1/base_cond_neutral/probe__P04H__portal_10__s43.mp4,121,8,120,False,24fa85aa4833a55650bfae5630952400,False,,full,,prompt_id=P04H;witness
probe_r2__P04H__s43,S-PROBE,R2,high,portal_10,43,misc/2026-09-08_collapse_probe/out/r2/base_cond_neutral/probe_r2__P04H__s43.mp4,121,8,113,True,b3044d5401e7294b07621c0ae482e7cf,False,probe__P04H__portal_10__s43,full,,prompt_id=P04H
probe_r3__P04H__s43,S-PROBE,R3,high,portal_10,43,misc/2026-09-08_collapse_probe/out/r3/base_cond_neutral/probe_r3__P04H__s43.mp4,121,8,113,True,ebd10a5ab36e43d4b225308e9d5cfa01,False,probe__P04H__portal_10__s43,captions,,prompt_id=P04H
probe__P04H__portal_10__s44,S-PROBE,R1,high,portal_10,44,misc/2026-09-08_collapse_probe/out/r1/base_cond_neutral/probe__P04H__portal_10__s44.mp4,121,8,120,False,f2bf70a90f16c82cceb6a66b4940b06f,False,,full,,prompt_id=P04H;witness
probe_r2__P04H__s44,S-PROBE,R2,high,portal_10,44,misc/2026-09-08_collapse_probe/out/r2/base_cond_neutral/probe_r2__P04H__s44.mp4,121,8,113,True,e258bd458e4debedab86156ab2ef8687,False,probe__P04H__portal_10__s44,full,,prompt_id=P04H
probe_r3__P04H__s44,S-PROBE,R3,high,portal_10,44,misc/2026-09-08_collapse_probe/out/r3/base_cond_neutral/probe_r3__P04H__s44.mp4,121,8,113,True,cd69bc922a1082fa7add108ffc0e17ed,False,probe__P04H__portal_10__s44,captions,,prompt_id=P04H
probe__P05H__explosion_1__s42,S-PROBE,R1,high,explosion_1,42,misc/2026-09-08_collapse_probe/out/r1/base_cond_neutral/probe__P05H__explosion_1__s42.mp4,121,8,120,False,6a2170d4df5ff74a299577c48d7b9859,False,,full,,prompt_id=P05H;witness
probe_r2__P05H__s42,S-PROBE,R2,high,explosion_1,42,misc/2026-09-08_collapse_probe/out/r2/base_cond_neutral/probe_r2__P05H__s42.mp4,121,8,113,True,da2fb47a8b6e45c53cb3a830d51fd203,False,probe__P05H__explosion_1__s42,full,,prompt_id=P05H
probe_r3__P05H__s42,S-PROBE,R3,high,explosion_1,42,misc/2026-09-08_collapse_probe/out/r3/base_cond_neutral/probe_r3__P05H__s42.mp4,121,8,113,True,89f49b475dac18cd6c8ef70948e86f2b,False,probe__P05H__explosion_1__s42,captions,,prompt_id=P05H
probe__P05H__explosion_1__s43,S-PROBE,R1,high,explosion_1,43,misc/2026-09-08_collapse_probe/out/r1/base_cond_neutral/probe__P05H__explosion_1__s43.mp4,121,8,120,False,28d140ac1f0385809ca2fc8c691c7431,False,,full,,prompt_id=P05H;witness
probe_r2__P05H__s43,S-PROBE,R2,high,explosion_1,43,misc/2026-09-08_collapse_probe/out/r2/base_cond_neutral/probe_r2__P05H__s43.mp4,121,8,113,True,8e4b207c46f0fe0e296acecb98c9321b,False,probe__P05H__explosion_1__s43,full,,prompt_id=P05H
probe_r3__P05H__s43,S-PROBE,R3,high,explosion_1,43,misc/2026-09-08_collapse_probe/out/r3/base_cond_neutral/probe_r3__P05H__s43.mp4,121,8,113,True,06223ce5510341a5752946465efdfb01,False,probe__P05H__explosion_1__s43,captions,,prompt_id=P05H
probe__P05H__explosion_1__s44,S-PROBE,R1,high,explosion_1,44,misc/2026-09-08_collapse_probe/out/r1/base_cond_neutral/probe__P05H__explosion_1__s44.mp4,121,8,120,False,92f83c14ce98f97c1305b224beeba97e,False,,full,,prompt_id=P05H;witness
probe_r2__P05H__s44,S-PROBE,R2,high,explosion_1,44,misc/2026-09-08_collapse_probe/out/r2/base_cond_neutral/probe_r2__P05H__s44.mp4,121,8,113,True,090298c3321b1c4bfdd0f9817eaa0942,False,probe__P05H__explosion_1__s44,full,,prompt_id=P05H
probe_r3__P05H__s44,S-PROBE,R3,high,explosion_1,44,misc/2026-09-08_collapse_probe/out/r3/base_cond_neutral/probe_r3__P05H__s44.mp4,121,8,113,True,80c46f3dd9aabfea87118efd05d55d49,False,probe__P05H__explosion_1__s44,captions,,prompt_id=P05H
probe__P06H__explosion_0__s42,S-PROBE,R1,high,explosion_0,42,misc/2026-09-08_collapse_probe/out/r1/base_cond_neutral/probe__P06H__explosion_0__s42.mp4,121,8,120,False,70eac354c7e49808ab0903bc2b988816,False,,full,,prompt_id=P06H;witness
probe_r2__P06H__s42,S-PROBE,R2,high,explosion_0,42,misc/2026-09-08_collapse_probe/out/r2/base_cond_neutral/probe_r2__P06H__s42.mp4,121,8,113,True,721a2a2535fecd4c8593ce7ea990d282,False,probe__P06H__explosion_0__s42,full,,prompt_id=P06H
probe_r3__P06H__s42,S-PROBE,R3,high,explosion_0,42,misc/2026-09-08_collapse_probe/out/r3/base_cond_neutral/probe_r3__P06H__s42.mp4,121,8,113,True,81767c8fc9c709ab3c249e57fe2c7ce6,False,probe__P06H__explosion_0__s42,captions,,prompt_id=P06H
probe__P06H__explosion_0__s43,S-PROBE,R1,high,explosion_0,43,misc/2026-09-08_collapse_probe/out/r1/base_cond_neutral/probe__P06H__explosion_0__s43.mp4,121,8,120,False,aa9de5d3086f4b09c03c71865d5ee1f3,False,,full,,prompt_id=P06H;witness
probe_r2__P06H__s43,S-PROBE,R2,high,explosion_0,43,misc/2026-09-08_collapse_probe/out/r2/base_cond_neutral/probe_r2__P06H__s43.mp4,121,8,113,True,7113aeda2890bd19f9e66402e0019f47,False,probe__P06H__explosion_0__s43,full,,prompt_id=P06H
probe_r3__P06H__s43,S-PROBE,R3,high,explosion_0,43,misc/2026-09-08_collapse_probe/out/r3/base_cond_neutral/probe_r3__P06H__s43.mp4,121,8,113,True,7021889455db5b8416f9b8b99e923157,False,probe__P06H__explosion_0__s43,captions,,prompt_id=P06H
probe__P06H__explosion_0__s44,S-PROBE,R1,high,explosion_0,44,misc/2026-09-08_collapse_probe/out/r1/base_cond_neutral/probe__P06H__explosion_0__s44.mp4,121,8,120,False,3bf3aea48e962c4ccce733f1482640f0,False,,full,,prompt_id=P06H;witness
probe_r2__P06H__s44,S-PROBE,R2,high,explosion_0,44,misc/2026-09-08_collapse_probe/out/r2/base_cond_neutral/probe_r2__P06H__s44.mp4,121,8,113,True,5aa1c9ca1e6c054c441cdbd2e6f0c099,False,probe__P06H__explosion_0__s44,full,,prompt_id=P06H
probe_r3__P06H__s44,S-PROBE,R3,high,explosion_0,44,misc/2026-09-08_collapse_probe/out/r3/base_cond_neutral/probe_r3__P06H__s44.mp4,121,8,113,True,d8e560fba9ce673d51b196354774bfb1,False,probe__P06H__explosion_0__s44,captions,,prompt_id=P06H
probe__P07H__plasma_explosion_2__s42,S-PROBE,R1,high,plasma_explosion_2,42,misc/2026-09-08_collapse_probe/out/r1/base_cond_neutral/probe__P07H__plasma_explosion_2__s42.mp4,121,8,120,False,6ee079eae75b289a6983f4af5aa6cc15,False,,full,,prompt_id=P07H;witness
probe_r2__P07H__s42,S-PROBE,R2,high,plasma_explosion_2,42,misc/2026-09-08_collapse_probe/out/r2/base_cond_neutral/probe_r2__P07H__s42.mp4,121,8,113,True,fdbf4d17f7704bbc8f3f7d95fd55cf0d,False,probe__P07H__plasma_explosion_2__s42,full,,prompt_id=P07H
probe_r3__P07H__s42,S-PROBE,R3,high,plasma_explosion_2,42,misc/2026-09-08_collapse_probe/out/r3/base_cond_neutral/probe_r3__P07H__s42.mp4,121,8,113,True,17188dcd7680cefc8d96134d110d6c99,False,probe__P07H__plasma_explosion_2__s42,captions,,prompt_id=P07H
probe__P07H__plasma_explosion_2__s43,S-PROBE,R1,high,plasma_explosion_2,43,misc/2026-09-08_collapse_probe/out/r1/base_cond_neutral/probe__P07H__plasma_explosion_2__s43.mp4,121,8,120,False,4e42eb22e871c62d48c9308b6a801a35,False,,full,,prompt_id=P07H;witness
probe_r2__P07H__s43,S-PROBE,R2,high,plasma_explosion_2,43,misc/2026-09-08_collapse_probe/out/r2/base_cond_neutral/probe_r2__P07H__s43.mp4,121,8,113,True,3fd6e8c0b3110b779970b4fab952efee,False,probe__P07H__plasma_explosion_2__s43,full,,prompt_id=P07H
probe_r3__P07H__s43,S-PROBE,R3,high,plasma_explosion_2,43,misc/2026-09-08_collapse_probe/out/r3/base_cond_neutral/probe_r3__P07H__s43.mp4,121,8,113,True,cb863ad7fc272dac2d58809861839bad,False,probe__P07H__plasma_explosion_2__s43,captions,,prompt_id=P07H
probe__P07H__plasma_explosion_2__s44,S-PROBE,R1,high,plasma_explosion_2,44,misc/2026-09-08_collapse_probe/out/r1/base_cond_neutral/probe__P07H__plasma_explosion_2__s44.mp4,121,8,120,False,941bba75cbc82a5205274cfb4cdc323c,False,,full,,prompt_id=P07H;witness
probe_r2__P07H__s44,S-PROBE,R2,high,plasma_explosion_2,44,misc/2026-09-08_collapse_probe/out/r2/base_cond_neutral/probe_r2__P07H__s44.mp4,121,8,113,True,f3dcab01f4bd894d648e8a95b95daefc,False,probe__P07H__plasma_explosion_2__s44,full,,prompt_id=P07H
probe_r3__P07H__s44,S-PROBE,R3,high,plasma_explosion_2,44,misc/2026-09-08_collapse_probe/out/r3/base_cond_neutral/probe_r3__P07H__s44.mp4,121,8,113,True,91810986ca694a956513708ef9be0902,False,probe__P07H__plasma_explosion_2__s44,captions,,prompt_id=P07H
probe__P08H__point_cloud_1__s42,S-PROBE,R1,high,point_cloud_1,42,misc/2026-09-08_collapse_probe/out/r1/base_cond_neutral/probe__P08H__point_cloud_1__s42.mp4,121,8,120,False,aa0f0080a2d1ba2ebd1aff523883384a,False,,full,,prompt_id=P08H;witness
probe_r2__P08H__s42,S-PROBE,R2,high,point_cloud_1,42,misc/2026-09-08_collapse_probe/out/r2/base_cond_neutral/probe_r2__P08H__s42.mp4,121,8,113,True,019d61e676904c20d602eacad96c675e,False,probe__P08H__point_cloud_1__s42,full,,prompt_id=P08H
probe_r3__P08H__s42,S-PROBE,R3,high,point_cloud_1,42,misc/2026-09-08_collapse_probe/out/r3/base_cond_neutral/probe_r3__P08H__s42.mp4,121,8,113,True,7019b6d4eafc8852a6bd6adf693435f1,False,probe__P08H__point_cloud_1__s42,captions,,prompt_id=P08H
probe__P08H__point_cloud_1__s43,S-PROBE,R1,high,point_cloud_1,43,misc/2026-09-08_collapse_probe/out/r1/base_cond_neutral/probe__P08H__point_cloud_1__s43.mp4,121,8,120,False,3ae8319dd390d4982d38e59e9906f05d,False,,full,,prompt_id=P08H;witness
probe_r2__P08H__s43,S-PROBE,R2,high,point_cloud_1,43,misc/2026-09-08_collapse_probe/out/r2/base_cond_neutral/probe_r2__P08H__s43.mp4,121,8,113,True,e72887b6e8ff9bd0d15ad7259e1488ca,False,probe__P08H__point_cloud_1__s43,full,,prompt_id=P08H
probe_r3__P08H__s43,S-PROBE,R3,high,point_cloud_1,43,misc/2026-09-08_collapse_probe/out/r3/base_cond_neutral/probe_r3__P08H__s43.mp4,121,8,113,True,d056247094e805b4712c5b8dac01843b,False,probe__P08H__point_cloud_1__s43,captions,,prompt_id=P08H
probe__P08H__point_cloud_1__s44,S-PROBE,R1,high,point_cloud_1,44,misc/2026-09-08_collapse_probe/out/r1/base_cond_neutral/probe__P08H__point_cloud_1__s44.mp4,121,8,120,False,44d20f0878c42d25fd293300196a1507,False,,full,,prompt_id=P08H;witness
probe_r2__P08H__s44,S-PROBE,R2,high,point_cloud_1,44,misc/2026-09-08_collapse_probe/out/r2/base_cond_neutral/probe_r2__P08H__s44.mp4,121,8,113,True,63db1c0332bc0992615f0a3d1c9a1326,False,probe__P08H__point_cloud_1__s44,full,,prompt_id=P08H
probe_r3__P08H__s44,S-PROBE,R3,high,point_cloud_1,44,misc/2026-09-08_collapse_probe/out/r3/base_cond_neutral/probe_r3__P08H__s44.mp4,121,8,113,True,bd0a4f170951bc3bed8c4953ec921a00,False,probe__P08H__point_cloud_1__s44,captions,,prompt_id=P08H
probe__P09H__point_cloud_0__s42,S-PROBE,R1,high,point_cloud_0,42,misc/2026-09-08_collapse_probe/out/r1/base_cond_neutral/probe__P09H__point_cloud_0__s42.mp4,121,8,120,False,7816446ee2db19326788b792f7246cd1,False,,full,,prompt_id=P09H;witness
probe_r2__P09H__s42,S-PROBE,R2,high,point_cloud_0,42,misc/2026-09-08_collapse_probe/out/r2/base_cond_neutral/probe_r2__P09H__s42.mp4,121,8,113,True,14e93f0fddc283e974b80f76e02a6e4a,False,probe__P09H__point_cloud_0__s42,full,,prompt_id=P09H
probe_r3__P09H__s42,S-PROBE,R3,high,point_cloud_0,42,misc/2026-09-08_collapse_probe/out/r3/base_cond_neutral/probe_r3__P09H__s42.mp4,121,8,113,True,231918427c9621e3cc4e249181760f95,False,probe__P09H__point_cloud_0__s42,captions,,prompt_id=P09H
probe__P09H__point_cloud_0__s43,S-PROBE,R1,high,point_cloud_0,43,misc/2026-09-08_collapse_probe/out/r1/base_cond_neutral/probe__P09H__point_cloud_0__s43.mp4,121,8,120,False,eb9a57be83d3fe9332a92ff36fddb345,False,,full,,prompt_id=P09H;witness
probe_r2__P09H__s43,S-PROBE,R2,high,point_cloud_0,43,misc/2026-09-08_collapse_probe/out/r2/base_cond_neutral/probe_r2__P09H__s43.mp4,121,8,113,True,2e34bf0da78738196115ee29a450d7bb,False,probe__P09H__point_cloud_0__s43,full,,prompt_id=P09H
probe_r3__P09H__s43,S-PROBE,R3,high,point_cloud_0,43,misc/2026-09-08_collapse_probe/out/r3/base_cond_neutral/probe_r3__P09H__s43.mp4,121,8,113,True,264e422cb139ddf128bc44c537d8bc08,False,probe__P09H__point_cloud_0__s43,captions,,prompt_id=P09H
probe__P09H__point_cloud_0__s44,S-PROBE,R1,high,point_cloud_0,44,misc/2026-09-08_collapse_probe/out/r1/base_cond_neutral/probe__P09H__point_cloud_0__s44.mp4,121,8,120,False,3ea766a614d4911daf68276cc6c5a723,False,,full,,prompt_id=P09H;witness
probe_r2__P09H__s44,S-PROBE,R2,high,point_cloud_0,44,misc/2026-09-08_collapse_probe/out/r2/base_cond_neutral/probe_r2__P09H__s44.mp4,121,8,113,True,953348e9c456c3618cbf3230b4a270c3,False,probe__P09H__point_cloud_0__s44,full,,prompt_id=P09H
probe_r3__P09H__s44,S-PROBE,R3,high,point_cloud_0,44,misc/2026-09-08_collapse_probe/out/r3/base_cond_neutral/probe_r3__P09H__s44.mp4,121,8,113,True,2226c2f20dc35f1149c4f2542ae624c9,False,probe__P09H__point_cloud_0__s44,captions,,prompt_id=P09H
probe__P10H__monstrosity_0__s42,S-PROBE,R1,high,monstrosity_0,42,misc/2026-09-08_collapse_probe/out/r1/base_cond_neutral/probe__P10H__monstrosity_0__s42.mp4,121,8,120,False,fee5becac4e98286edae34dbcfd0e646,False,,full,,prompt_id=P10H;witness
probe_r2__P10H__s42,S-PROBE,R2,high,monstrosity_0,42,misc/2026-09-08_collapse_probe/out/r2/base_cond_neutral/probe_r2__P10H__s42.mp4,121,8,113,True,be917f0683680d426b29897a802f16a7,False,probe__P10H__monstrosity_0__s42,full,,prompt_id=P10H
probe_r3__P10H__s42,S-PROBE,R3,high,monstrosity_0,42,misc/2026-09-08_collapse_probe/out/r3/base_cond_neutral/probe_r3__P10H__s42.mp4,121,8,113,True,ea544668aa8b68121926e7ccc055e287,False,probe__P10H__monstrosity_0__s42,captions,,prompt_id=P10H
probe__P10H__monstrosity_0__s43,S-PROBE,R1,high,monstrosity_0,43,misc/2026-09-08_collapse_probe/out/r1/base_cond_neutral/probe__P10H__monstrosity_0__s43.mp4,121,8,120,False,9a9b043aad8237be1f5071e8e49e476c,False,,full,,prompt_id=P10H;witness
probe_r2__P10H__s43,S-PROBE,R2,high,monstrosity_0,43,misc/2026-09-08_collapse_probe/out/r2/base_cond_neutral/probe_r2__P10H__s43.mp4,121,8,113,True,2b532cea47bbad5955f74f920480a3a0,False,probe__P10H__monstrosity_0__s43,full,,prompt_id=P10H
probe_r3__P10H__s43,S-PROBE,R3,high,monstrosity_0,43,misc/2026-09-08_collapse_probe/out/r3/base_cond_neutral/probe_r3__P10H__s43.mp4,121,8,113,True,9d35c646002ccf76b12e5873266df1ff,False,probe__P10H__monstrosity_0__s43,captions,,prompt_id=P10H
probe__P10H__monstrosity_0__s44,S-PROBE,R1,high,monstrosity_0,44,misc/2026-09-08_collapse_probe/out/r1/base_cond_neutral/probe__P10H__monstrosity_0__s44.mp4,121,8,120,False,189dcafb2a2f2412330fa84b9e4bd91d,False,,full,,prompt_id=P10H;witness
probe_r2__P10H__s44,S-PROBE,R2,high,monstrosity_0,44,misc/2026-09-08_collapse_probe/out/r2/base_cond_neutral/probe_r2__P10H__s44.mp4,121,8,113,True,53e642f2d0387ff7eefbae2ed2296c3c,False,probe__P10H__monstrosity_0__s44,full,,prompt_id=P10H
probe_r3__P10H__s44,S-PROBE,R3,high,monstrosity_0,44,misc/2026-09-08_collapse_probe/out/r3/base_cond_neutral/probe_r3__P10H__s44.mp4,121,8,113,True,75ac1940f049a798475fa01b7e4f995b,False,probe__P10H__monstrosity_0__s44,captions,,prompt_id=P10H
probe__P11H__water_element_3__s42,S-PROBE,R1,high,water_element_3,42,misc/2026-09-08_collapse_probe/out/r1/base_cond_neutral/probe__P11H__water_element_3__s42.mp4,121,8,120,False,c97485b12bf08d39f7556a0123cd2e52,False,,full,,prompt_id=P11H;witness
probe_r2__P11H__s42,S-PROBE,R2,high,water_element_3,42,misc/2026-09-08_collapse_probe/out/r2/base_cond_neutral/probe_r2__P11H__s42.mp4,121,8,113,True,ca6fe351c9197c7ac5e30362b8283a05,False,probe__P11H__water_element_3__s42,full,,prompt_id=P11H
probe_r3__P11H__s42,S-PROBE,R3,high,water_element_3,42,misc/2026-09-08_collapse_probe/out/r3/base_cond_neutral/probe_r3__P11H__s42.mp4,121,8,113,True,9f88862b85096a3b912aa24d57b4226e,False,probe__P11H__water_element_3__s42,captions,,prompt_id=P11H
probe__P11H__water_element_3__s43,S-PROBE,R1,high,water_element_3,43,misc/2026-09-08_collapse_probe/out/r1/base_cond_neutral/probe__P11H__water_element_3__s43.mp4,121,8,120,False,56549e756430ea875abfb11501dd61df,False,,full,,prompt_id=P11H;witness
probe_r2__P11H__s43,S-PROBE,R2,high,water_element_3,43,misc/2026-09-08_collapse_probe/out/r2/base_cond_neutral/probe_r2__P11H__s43.mp4,121,8,113,True,79079ed742b06202fad67a6af9ef622f,False,probe__P11H__water_element_3__s43,full,,prompt_id=P11H
probe_r3__P11H__s43,S-PROBE,R3,high,water_element_3,43,misc/2026-09-08_collapse_probe/out/r3/base_cond_neutral/probe_r3__P11H__s43.mp4,121,8,113,True,132b1f03003ec05dfe0f8c1513aac3fd,False,probe__P11H__water_element_3__s43,captions,,prompt_id=P11H
probe__P11H__water_element_3__s44,S-PROBE,R1,high,water_element_3,44,misc/2026-09-08_collapse_probe/out/r1/base_cond_neutral/probe__P11H__water_element_3__s44.mp4,121,8,120,False,e0b0597fee092568c83487f0acf2e2dc,False,,full,,prompt_id=P11H;witness
probe_r2__P11H__s44,S-PROBE,R2,high,water_element_3,44,misc/2026-09-08_collapse_probe/out/r2/base_cond_neutral/probe_r2__P11H__s44.mp4,121,8,113,True,0f969a56dd06b12fffe3a178df935308,False,probe__P11H__water_element_3__s44,full,,prompt_id=P11H
probe_r3__P11H__s44,S-PROBE,R3,high,water_element_3,44,misc/2026-09-08_collapse_probe/out/r3/base_cond_neutral/probe_r3__P11H__s44.mp4,121,8,113,True,eaf4da5b1f8a6729eee4ed5dc8ce9415,False,probe__P11H__water_element_3__s44,captions,,prompt_id=P11H
probe__P12H__water_element_4__s42,S-PROBE,R1,high,water_element_4,42,misc/2026-09-08_collapse_probe/out/r1/base_cond_neutral/probe__P12H__water_element_4__s42.mp4,121,8,120,False,24df362956a128e10d2000ac5546b2d8,False,,full,,prompt_id=P12H;witness
probe_r2__P12H__s42,S-PROBE,R2,high,water_element_4,42,misc/2026-09-08_collapse_probe/out/r2/base_cond_neutral/probe_r2__P12H__s42.mp4,121,8,113,True,90fa0dadfe272d0e7d5f7fce1d79de68,False,probe__P12H__water_element_4__s42,full,,prompt_id=P12H
probe_r3__P12H__s42,S-PROBE,R3,high,water_element_4,42,misc/2026-09-08_collapse_probe/out/r3/base_cond_neutral/probe_r3__P12H__s42.mp4,121,8,113,True,e6f645589107952ac4c8574de69f0729,False,probe__P12H__water_element_4__s42,captions,,prompt_id=P12H
probe__P12H__water_element_4__s43,S-PROBE,R1,high,water_element_4,43,misc/2026-09-08_collapse_probe/out/r1/base_cond_neutral/probe__P12H__water_element_4__s43.mp4,121,8,120,False,093fdd708f5f12e30d8802c16a4c7fb1,False,,full,,prompt_id=P12H;witness
probe_r2__P12H__s43,S-PROBE,R2,high,water_element_4,43,misc/2026-09-08_collapse_probe/out/r2/base_cond_neutral/probe_r2__P12H__s43.mp4,121,8,113,True,ab4bea23848f8b7282cef225b598af99,False,probe__P12H__water_element_4__s43,full,,prompt_id=P12H
probe_r3__P12H__s43,S-PROBE,R3,high,water_element_4,43,misc/2026-09-08_collapse_probe/out/r3/base_cond_neutral/probe_r3__P12H__s43.mp4,121,8,113,True,043b7b4b217c2e66c744ada783bb94a0,False,probe__P12H__water_element_4__s43,captions,,prompt_id=P12H
probe__P12H__water_element_4__s44,S-PROBE,R1,high,water_element_4,44,misc/2026-09-08_collapse_probe/out/r1/base_cond_neutral/probe__P12H__water_element_4__s44.mp4,121,8,120,False,0f9b7d6868f820857eff88de728e1dfa,False,,full,,prompt_id=P12H;witness
probe_r2__P12H__s44,S-PROBE,R2,high,water_element_4,44,misc/2026-09-08_collapse_probe/out/r2/base_cond_neutral/probe_r2__P12H__s44.mp4,121,8,113,True,110dc7a0adf476ead2d2fcf89a4032db,False,probe__P12H__water_element_4__s44,full,,prompt_id=P12H
probe_r3__P12H__s44,S-PROBE,R3,high,water_element_4,44,misc/2026-09-08_collapse_probe/out/r3/base_cond_neutral/probe_r3__P12H__s44.mp4,121,8,113,True,e62122befc3ce811a37689ae4540bff5,False,probe__P12H__water_element_4__s44,captions,,prompt_id=P12H
probe__P13H__northern_lights_0__s42,S-PROBE,R1,high,northern_lights_0,42,misc/2026-09-08_collapse_probe/out/r1/base_cond_neutral/probe__P13H__northern_lights_0__s42.mp4,121,8,120,False,8c94bea41b07ef8540f4764f887e8848,False,,full,,prompt_id=P13H;witness
probe_r2__P13H__s42,S-PROBE,R2,high,northern_lights_0,42,misc/2026-09-08_collapse_probe/out/r2/base_cond_neutral/probe_r2__P13H__s42.mp4,121,8,113,True,3607f7b1c554db6df84945cc814db408,False,probe__P13H__northern_lights_0__s42,full,,prompt_id=P13H
probe_r3__P13H__s42,S-PROBE,R3,high,northern_lights_0,42,misc/2026-09-08_collapse_probe/out/r3/base_cond_neutral/probe_r3__P13H__s42.mp4,121,8,113,True,b62d867d29bf64da386044dc10fb70c8,False,probe__P13H__northern_lights_0__s42,captions,,prompt_id=P13H
probe__P13H__northern_lights_0__s43,S-PROBE,R1,high,northern_lights_0,43,misc/2026-09-08_collapse_probe/out/r1/base_cond_neutral/probe__P13H__northern_lights_0__s43.mp4,121,8,120,False,89dfc4ff951331057e2872113c818b65,False,,full,,prompt_id=P13H;witness
probe_r2__P13H__s43,S-PROBE,R2,high,northern_lights_0,43,misc/2026-09-08_collapse_probe/out/r2/base_cond_neutral/probe_r2__P13H__s43.mp4,121,8,113,True,1dab4d12016b81f0bd9ac04831e9928a,False,probe__P13H__northern_lights_0__s43,full,,prompt_id=P13H
probe_r3__P13H__s43,S-PROBE,R3,high,northern_lights_0,43,misc/2026-09-08_collapse_probe/out/r3/base_cond_neutral/probe_r3__P13H__s43.mp4,121,8,113,True,69c2e70668752f7e8ec0a1c9f91f51d2,False,probe__P13H__northern_lights_0__s43,captions,,prompt_id=P13H
probe__P13H__northern_lights_0__s44,S-PROBE,R1,high,northern_lights_0,44,misc/2026-09-08_collapse_probe/out/r1/base_cond_neutral/probe__P13H__northern_lights_0__s44.mp4,121,8,120,False,40cde4f988c51b810a7d60b645e17077,False,,full,,prompt_id=P13H;witness
probe_r2__P13H__s44,S-PROBE,R2,high,northern_lights_0,44,misc/2026-09-08_collapse_probe/out/r2/base_cond_neutral/probe_r2__P13H__s44.mp4,121,8,113,True,cc2502dc2cd3c50ff61d30fff6f8895f,False,probe__P13H__northern_lights_0__s44,full,,prompt_id=P13H
probe_r3__P13H__s44,S-PROBE,R3,high,northern_lights_0,44,misc/2026-09-08_collapse_probe/out/r3/base_cond_neutral/probe_r3__P13H__s44.mp4,121,8,113,True,b3168dc2d5901dcdfb5a7768bc896bfd,False,probe__P13H__northern_lights_0__s44,captions,,prompt_id=P13H
probe__P14H__fire_element_2__s42,S-PROBE,R1,high,fire_element_2,42,misc/2026-09-08_collapse_probe/out/r1/base_cond_neutral/probe__P14H__fire_element_2__s42.mp4,121,8,120,False,70789d0803c83b6ca9799f2c19711d7e,False,,full,,prompt_id=P14H;witness
probe_r2__P14H__s42,S-PROBE,R2,high,fire_element_2,42,misc/2026-09-08_collapse_probe/out/r2/base_cond_neutral/probe_r2__P14H__s42.mp4,121,8,113,True,3969409784cb0cb5e15f354ff2510548,False,probe__P14H__fire_element_2__s42,full,,prompt_id=P14H
probe_r3__P14H__s42,S-PROBE,R3,high,fire_element_2,42,misc/2026-09-08_collapse_probe/out/r3/base_cond_neutral/probe_r3__P14H__s42.mp4,121,8,113,True,853e1d975a416de3daf8f0097eaa2076,False,probe__P14H__fire_element_2__s42,captions,,prompt_id=P14H
probe__P14H__fire_element_2__s43,S-PROBE,R1,high,fire_element_2,43,misc/2026-09-08_collapse_probe/out/r1/base_cond_neutral/probe__P14H__fire_element_2__s43.mp4,121,8,120,False,61e07d270b0ccb41b26d473ff43f20ef,False,,full,,prompt_id=P14H;witness
probe_r2__P14H__s43,S-PROBE,R2,high,fire_element_2,43,misc/2026-09-08_collapse_probe/out/r2/base_cond_neutral/probe_r2__P14H__s43.mp4,121,8,113,True,6f3e5badd333605a745833248d875948,False,probe__P14H__fire_element_2__s43,full,,prompt_id=P14H
probe_r3__P14H__s43,S-PROBE,R3,high,fire_element_2,43,misc/2026-09-08_collapse_probe/out/r3/base_cond_neutral/probe_r3__P14H__s43.mp4,121,8,113,True,331b05a94cd59dbcb59eb5049727447a,False,probe__P14H__fire_element_2__s43,captions,,prompt_id=P14H
probe__P14H__fire_element_2__s44,S-PROBE,R1,high,fire_element_2,44,misc/2026-09-08_collapse_probe/out/r1/base_cond_neutral/probe__P14H__fire_element_2__s44.mp4,121,8,120,False,fdc0e4dd2fb1bfc97b22f9594b95db72,False,,full,,prompt_id=P14H;witness
probe_r2__P14H__s44,S-PROBE,R2,high,fire_element_2,44,misc/2026-09-08_collapse_probe/out/r2/base_cond_neutral/probe_r2__P14H__s44.mp4,121,8,113,True,f223681ece7706f489afc36fd838deea,False,probe__P14H__fire_element_2__s44,full,,prompt_id=P14H
probe_r3__P14H__s44,S-PROBE,R3,high,fire_element_2,44,misc/2026-09-08_collapse_probe/out/r3/base_cond_neutral/probe_r3__P14H__s44.mp4,121,8,113,True,f4321ddb6d53cf38497d9951090a90f1,False,probe__P14H__fire_element_2__s44,captions,,prompt_id=P14H
probe__P15H__fire_element_3__s42,S-PROBE,R1,high,fire_element_3,42,misc/2026-09-08_collapse_probe/out/r1/base_cond_neutral/probe__P15H__fire_element_3__s42.mp4,121,8,120,False,c4e10082a21dd978998dd317edc42adb,False,,full,,prompt_id=P15H;witness
probe_r2__P15H__s42,S-PROBE,R2,high,fire_element_3,42,misc/2026-09-08_collapse_probe/out/r2/base_cond_neutral/probe_r2__P15H__s42.mp4,121,8,113,True,6536b7fb90cf07a7eaa1a0b87373332c,False,probe__P15H__fire_element_3__s42,full,,prompt_id=P15H
probe_r3__P15H__s42,S-PROBE,R3,high,fire_element_3,42,misc/2026-09-08_collapse_probe/out/r3/base_cond_neutral/probe_r3__P15H__s42.mp4,121,8,113,True,55d0625521af99f76b526f4ec179830c,False,probe__P15H__fire_element_3__s42,captions,,prompt_id=P15H
probe__P15H__fire_element_3__s43,S-PROBE,R1,high,fire_element_3,43,misc/2026-09-08_collapse_probe/out/r1/base_cond_neutral/probe__P15H__fire_element_3__s43.mp4,121,8,120,False,62800a1cfe20acc4f5ff4471b53ba128,False,,full,,prompt_id=P15H;witness
probe_r2__P15H__s43,S-PROBE,R2,high,fire_element_3,43,misc/2026-09-08_collapse_probe/out/r2/base_cond_neutral/probe_r2__P15H__s43.mp4,121,8,113,True,842857d7628679b95a57611f01555549,False,probe__P15H__fire_element_3__s43,full,,prompt_id=P15H
probe_r3__P15H__s43,S-PROBE,R3,high,fire_element_3,43,misc/2026-09-08_collapse_probe/out/r3/base_cond_neutral/probe_r3__P15H__s43.mp4,121,8,113,True,49535c87f4002485bace34322fa27275,False,probe__P15H__fire_element_3__s43,captions,,prompt_id=P15H
probe__P15H__fire_element_3__s44,S-PROBE,R1,high,fire_element_3,44,misc/2026-09-08_collapse_probe/out/r1/base_cond_neutral/probe__P15H__fire_element_3__s44.mp4,121,8,120,False,e0227089817a5a68f45f591a56f2f614,False,,full,,prompt_id=P15H;witness
probe_r2__P15H__s44,S-PROBE,R2,high,fire_element_3,44,misc/2026-09-08_collapse_probe/out/r2/base_cond_neutral/probe_r2__P15H__s44.mp4,121,8,113,True,ee62b284f072615649200a0e747718a9,False,probe__P15H__fire_element_3__s44,full,,prompt_id=P15H
probe_r3__P15H__s44,S-PROBE,R3,high,fire_element_3,44,misc/2026-09-08_collapse_probe/out/r3/base_cond_neutral/probe_r3__P15H__s44.mp4,121,8,113,True,35b47a17210b0db316482693397871a2,False,probe__P15H__fire_element_3__s44,captions,,prompt_id=P15H
probe__P16H__color_rain_2__s42,S-PROBE,R1,high,color_rain_2,42,misc/2026-09-08_collapse_probe/out/r1/base_cond_neutral/probe__P16H__color_rain_2__s42.mp4,121,8,120,False,33456ebdb8d9101c2745556e2964c506,False,,full,,prompt_id=P16H;witness
probe_r2__P16H__s42,S-PROBE,R2,high,color_rain_2,42,misc/2026-09-08_collapse_probe/out/r2/base_cond_neutral/probe_r2__P16H__s42.mp4,121,8,113,True,c008c3126edbcf38e17de35819c68f74,False,probe__P16H__color_rain_2__s42,full,,prompt_id=P16H
probe_r3__P16H__s42,S-PROBE,R3,high,color_rain_2,42,misc/2026-09-08_collapse_probe/out/r3/base_cond_neutral/probe_r3__P16H__s42.mp4,121,8,113,True,db5f5dc1fcd635ff9f56758453679130,False,probe__P16H__color_rain_2__s42,captions,,prompt_id=P16H
probe__P16H__color_rain_2__s43,S-PROBE,R1,high,color_rain_2,43,misc/2026-09-08_collapse_probe/out/r1/base_cond_neutral/probe__P16H__color_rain_2__s43.mp4,121,8,120,False,17bc9ea303225159af47230cb8a2a102,False,,full,,prompt_id=P16H;witness
probe_r2__P16H__s43,S-PROBE,R2,high,color_rain_2,43,misc/2026-09-08_collapse_probe/out/r2/base_cond_neutral/probe_r2__P16H__s43.mp4,121,8,113,True,78e53116ec8632fb6df31540bfb81505,False,probe__P16H__color_rain_2__s43,full,,prompt_id=P16H
probe_r3__P16H__s43,S-PROBE,R3,high,color_rain_2,43,misc/2026-09-08_collapse_probe/out/r3/base_cond_neutral/probe_r3__P16H__s43.mp4,121,8,113,True,4be89f1582a2464eea5246567f261fff,False,probe__P16H__color_rain_2__s43,captions,,prompt_id=P16H
probe__P16H__color_rain_2__s44,S-PROBE,R1,high,color_rain_2,44,misc/2026-09-08_collapse_probe/out/r1/base_cond_neutral/probe__P16H__color_rain_2__s44.mp4,121,8,120,False,42fd8c9b93322c6ee2e139e5169bc583,False,,full,,prompt_id=P16H;witness
probe_r2__P16H__s44,S-PROBE,R2,high,color_rain_2,44,misc/2026-09-08_collapse_probe/out/r2/base_cond_neutral/probe_r2__P16H__s44.mp4,121,8,113,True,1d06b523dde34c24c23d51102645bdc4,False,probe__P16H__color_rain_2__s44,full,,prompt_id=P16H
probe_r3__P16H__s44,S-PROBE,R3,high,color_rain_2,44,misc/2026-09-08_collapse_probe/out/r3/base_cond_neutral/probe_r3__P16H__s44.mp4,121,8,113,True,77478f7de46d3be1e50c940381bf9a5e,False,probe__P16H__color_rain_2__s44,captions,,prompt_id=P16H
probe__P17H__color_rain_0__s42,S-PROBE,R1,high,color_rain_0,42,misc/2026-09-08_collapse_probe/out/r1/base_cond_neutral/probe__P17H__color_rain_0__s42.mp4,121,8,120,False,316743c889fe2f30d6852e77b56a2f78,False,,full,,prompt_id=P17H;witness
probe_r2__P17H__s42,S-PROBE,R2,high,color_rain_0,42,misc/2026-09-08_collapse_probe/out/r2/base_cond_neutral/probe_r2__P17H__s42.mp4,121,8,113,True,39a5c9a48b02bd62109906a0f77aac64,False,probe__P17H__color_rain_0__s42,full,,prompt_id=P17H
probe_r3__P17H__s42,S-PROBE,R3,high,color_rain_0,42,misc/2026-09-08_collapse_probe/out/r3/base_cond_neutral/probe_r3__P17H__s42.mp4,121,8,113,True,77156eaae46fed4e25ccecca764d58a7,False,probe__P17H__color_rain_0__s42,captions,,prompt_id=P17H
probe__P17H__color_rain_0__s43,S-PROBE,R1,high,color_rain_0,43,misc/2026-09-08_collapse_probe/out/r1/base_cond_neutral/probe__P17H__color_rain_0__s43.mp4,121,8,120,False,c994ce6a8cd87f65565d6624283fb4a7,False,,full,,prompt_id=P17H;witness
probe_r2__P17H__s43,S-PROBE,R2,high,color_rain_0,43,misc/2026-09-08_collapse_probe/out/r2/base_cond_neutral/probe_r2__P17H__s43.mp4,121,8,113,True,b767cce5f4b603ed6efa32e1c59b10ce,False,probe__P17H__color_rain_0__s43,full,,prompt_id=P17H
probe_r3__P17H__s43,S-PROBE,R3,high,color_rain_0,43,misc/2026-09-08_collapse_probe/out/r3/base_cond_neutral/probe_r3__P17H__s43.mp4,121,8,113,True,bf5e64370ebb9f7bb8a8d76395112087,False,probe__P17H__color_rain_0__s43,captions,,prompt_id=P17H
probe__P17H__color_rain_0__s44,S-PROBE,R1,high,color_rain_0,44,misc/2026-09-08_collapse_probe/out/r1/base_cond_neutral/probe__P17H__color_rain_0__s44.mp4,121,8,120,False,482c200837efbf2c071e223d5b78ac83,False,,full,,prompt_id=P17H;witness
probe_r2__P17H__s44,S-PROBE,R2,high,color_rain_0,44,misc/2026-09-08_collapse_probe/out/r2/base_cond_neutral/probe_r2__P17H__s44.mp4,121,8,113,True,b3675b7740a227fddc5dd9df223c330d,False,probe__P17H__color_rain_0__s44,full,,prompt_id=P17H
probe_r3__P17H__s44,S-PROBE,R3,high,color_rain_0,44,misc/2026-09-08_collapse_probe/out/r3/base_cond_neutral/probe_r3__P17H__s44.mp4,121,8,113,True,81001188bfd71714ccec12ec643e0b64,False,probe__P17H__color_rain_0__s44,captions,,prompt_id=P17H
probe__P18H__earth_element_6__s42,S-PROBE,R1,high,earth_element_6,42,misc/2026-09-08_collapse_probe/out/r1/base_cond_neutral/probe__P18H__earth_element_6__s42.mp4,121,8,120,False,11463a76c50d107488bc98f845c1ff7a,False,,full,,prompt_id=P18H;witness
probe_r2__P18H__s42,S-PROBE,R2,high,earth_element_6,42,misc/2026-09-08_collapse_probe/out/r2/base_cond_neutral/probe_r2__P18H__s42.mp4,121,8,113,True,b4c6527152bfb710de3b1f168e20ea52,False,probe__P18H__earth_element_6__s42,full,,prompt_id=P18H
probe_r3__P18H__s42,S-PROBE,R3,high,earth_element_6,42,misc/2026-09-08_collapse_probe/out/r3/base_cond_neutral/probe_r3__P18H__s42.mp4,121,8,113,True,444f105d50d3a4fe4456329cd611a4f1,False,probe__P18H__earth_element_6__s42,captions,,prompt_id=P18H
probe__P18H__earth_element_6__s43,S-PROBE,R1,high,earth_element_6,43,misc/2026-09-08_collapse_probe/out/r1/base_cond_neutral/probe__P18H__earth_element_6__s43.mp4,121,8,120,False,b9339f7d9606afbc1d63866cef0eca94,False,,full,,prompt_id=P18H;witness
probe_r2__P18H__s43,S-PROBE,R2,high,earth_element_6,43,misc/2026-09-08_collapse_probe/out/r2/base_cond_neutral/probe_r2__P18H__s43.mp4,121,8,113,True,4ef16b246848e68dc2847d510442d65b,False,probe__P18H__earth_element_6__s43,full,,prompt_id=P18H
probe_r3__P18H__s43,S-PROBE,R3,high,earth_element_6,43,misc/2026-09-08_collapse_probe/out/r3/base_cond_neutral/probe_r3__P18H__s43.mp4,121,8,113,True,77d9a507ed1d906d6e1d24cb685c989c,False,probe__P18H__earth_element_6__s43,captions,,prompt_id=P18H
probe__P18H__earth_element_6__s44,S-PROBE,R1,high,earth_element_6,44,misc/2026-09-08_collapse_probe/out/r1/base_cond_neutral/probe__P18H__earth_element_6__s44.mp4,121,8,120,False,b128487f47758659f08fa7f9fe1cffdb,False,,full,,prompt_id=P18H;witness
probe_r2__P18H__s44,S-PROBE,R2,high,earth_element_6,44,misc/2026-09-08_collapse_probe/out/r2/base_cond_neutral/probe_r2__P18H__s44.mp4,121,8,113,True,cf42010cc7d032e15d371f6459a7c884,False,probe__P18H__earth_element_6__s44,full,,prompt_id=P18H
probe_r3__P18H__s44,S-PROBE,R3,high,earth_element_6,44,misc/2026-09-08_collapse_probe/out/r3/base_cond_neutral/probe_r3__P18H__s44.mp4,121,8,113,True,c8295213f42818b38305159f6d014279,False,probe__P18H__earth_element_6__s44,captions,,prompt_id=P18H
probe__P19H__earth_element_4__s42,S-PROBE,R1,high,earth_element_4,42,misc/2026-09-08_collapse_probe/out/r1/base_cond_neutral/probe__P19H__earth_element_4__s42.mp4,121,8,120,False,835cb2a14a4d3a4b7896d753be5fb9f2,False,,full,,prompt_id=P19H;witness
probe_r2__P19H__s42,S-PROBE,R2,high,earth_element_4,42,misc/2026-09-08_collapse_probe/out/r2/base_cond_neutral/probe_r2__P19H__s42.mp4,121,8,113,True,798209636d67ead338d4716ae5c84228,False,probe__P19H__earth_element_4__s42,full,,prompt_id=P19H
probe_r3__P19H__s42,S-PROBE,R3,high,earth_element_4,42,misc/2026-09-08_collapse_probe/out/r3/base_cond_neutral/probe_r3__P19H__s42.mp4,121,8,113,True,97b3649e7e57c0b36f07031921bbe759,False,probe__P19H__earth_element_4__s42,captions,,prompt_id=P19H
probe__P19H__earth_element_4__s43,S-PROBE,R1,high,earth_element_4,43,misc/2026-09-08_collapse_probe/out/r1/base_cond_neutral/probe__P19H__earth_element_4__s43.mp4,121,8,120,False,a6a80dd770ca1ce5df807c572f939b3f,False,,full,,prompt_id=P19H;witness
probe_r2__P19H__s43,S-PROBE,R2,high,earth_element_4,43,misc/2026-09-08_collapse_probe/out/r2/base_cond_neutral/probe_r2__P19H__s43.mp4,121,8,113,True,67aeec3d779461ddf8df5554fef46982,False,probe__P19H__earth_element_4__s43,full,,prompt_id=P19H
probe_r3__P19H__s43,S-PROBE,R3,high,earth_element_4,43,misc/2026-09-08_collapse_probe/out/r3/base_cond_neutral/probe_r3__P19H__s43.mp4,121,8,113,True,c3a19cfe754cd1854ca4e9aa097b2347,False,probe__P19H__earth_element_4__s43,captions,,prompt_id=P19H
probe__P19H__earth_element_4__s44,S-PROBE,R1,high,earth_element_4,44,misc/2026-09-08_collapse_probe/out/r1/base_cond_neutral/probe__P19H__earth_element_4__s44.mp4,121,8,120,False,645a8e5c09be18e6d63e047c6f1ce614,False,,full,,prompt_id=P19H;witness
probe_r2__P19H__s44,S-PROBE,R2,high,earth_element_4,44,misc/2026-09-08_collapse_probe/out/r2/base_cond_neutral/probe_r2__P19H__s44.mp4,121,8,113,True,c15797f5d1d5b317dde0a73a8cbeeb02,False,probe__P19H__earth_element_4__s44,full,,prompt_id=P19H
probe_r3__P19H__s44,S-PROBE,R3,high,earth_element_4,44,misc/2026-09-08_collapse_probe/out/r3/base_cond_neutral/probe_r3__P19H__s44.mp4,121,8,113,True,9ff6510a20ac247b62babeac01cac252,False,probe__P19H__earth_element_4__s44,captions,,prompt_id=P19H
probe__P20H__train_rush_1__s42,S-PROBE,R1,high,train_rush_1,42,misc/2026-09-08_collapse_probe/out/r1/base_cond_neutral/probe__P20H__train_rush_1__s42.mp4,121,8,120,False,8931bf3c1fd69d2efaf7985f47bff327,False,,full,,prompt_id=P20H;witness
probe_r2__P20H__s42,S-PROBE,R2,high,train_rush_1,42,misc/2026-09-08_collapse_probe/out/r2/base_cond_neutral/probe_r2__P20H__s42.mp4,121,8,113,True,dbdbea2ba4557ea1a8837ee48136e84b,False,probe__P20H__train_rush_1__s42,full,,prompt_id=P20H
probe_r3__P20H__s42,S-PROBE,R3,high,train_rush_1,42,misc/2026-09-08_collapse_probe/out/r3/base_cond_neutral/probe_r3__P20H__s42.mp4,121,8,113,True,d064df1ab6878771a8b17d195efbb56e,False,probe__P20H__train_rush_1__s42,captions,,prompt_id=P20H
probe__P20H__train_rush_1__s43,S-PROBE,R1,high,train_rush_1,43,misc/2026-09-08_collapse_probe/out/r1/base_cond_neutral/probe__P20H__train_rush_1__s43.mp4,121,8,120,False,29e5b81a9e8564cc496eb914a4bd29b4,False,,full,,prompt_id=P20H;witness
probe_r2__P20H__s43,S-PROBE,R2,high,train_rush_1,43,misc/2026-09-08_collapse_probe/out/r2/base_cond_neutral/probe_r2__P20H__s43.mp4,121,8,113,True,a27c0ca8eb87de6fa48b01cf403b9542,False,probe__P20H__train_rush_1__s43,full,,prompt_id=P20H
probe_r3__P20H__s43,S-PROBE,R3,high,train_rush_1,43,misc/2026-09-08_collapse_probe/out/r3/base_cond_neutral/probe_r3__P20H__s43.mp4,121,8,113,True,1e86af90198167e34a88f8ef7ab0309c,False,probe__P20H__train_rush_1__s43,captions,,prompt_id=P20H
probe__P20H__train_rush_1__s44,S-PROBE,R1,high,train_rush_1,44,misc/2026-09-08_collapse_probe/out/r1/base_cond_neutral/probe__P20H__train_rush_1__s44.mp4,121,8,120,False,126765acad67f550b06ea2f358508821,False,,full,,prompt_id=P20H;witness
probe_r2__P20H__s44,S-PROBE,R2,high,train_rush_1,44,misc/2026-09-08_collapse_probe/out/r2/base_cond_neutral/probe_r2__P20H__s44.mp4,121,8,113,True,dd2f1ab7c419c87534cec8b7d6f84af3,False,probe__P20H__train_rush_1__s44,full,,prompt_id=P20H
probe_r3__P20H__s44,S-PROBE,R3,high,train_rush_1,44,misc/2026-09-08_collapse_probe/out/r3/base_cond_neutral/probe_r3__P20H__s44.mp4,121,8,113,True,5cdae9788ada6b643b565d5384d3b3eb,False,probe__P20H__train_rush_1__s44,captions,,prompt_id=P20H
probe__P21H__train_rush_0__s42,S-PROBE,R1,high,train_rush_0,42,misc/2026-09-08_collapse_probe/out/r1/base_cond_neutral/probe__P21H__train_rush_0__s42.mp4,121,8,120,False,0b7879697e1bc0bcf89f9abad49da67e,False,,full,,prompt_id=P21H;witness
probe_r2__P21H__s42,S-PROBE,R2,high,train_rush_0,42,misc/2026-09-08_collapse_probe/out/r2/base_cond_neutral/probe_r2__P21H__s42.mp4,121,8,113,True,efcc2ae97e2d84c7b5ec2e4f1926835b,False,probe__P21H__train_rush_0__s42,full,,prompt_id=P21H
probe_r3__P21H__s42,S-PROBE,R3,high,train_rush_0,42,misc/2026-09-08_collapse_probe/out/r3/base_cond_neutral/probe_r3__P21H__s42.mp4,121,8,113,True,b7001ef07a26851db37d22da47d49571,False,probe__P21H__train_rush_0__s42,captions,,prompt_id=P21H
probe__P21H__train_rush_0__s43,S-PROBE,R1,high,train_rush_0,43,misc/2026-09-08_collapse_probe/out/r1/base_cond_neutral/probe__P21H__train_rush_0__s43.mp4,121,8,120,False,7d3b0ea71a0f375d451df685fdeda4cb,False,,full,,prompt_id=P21H;witness
probe_r2__P21H__s43,S-PROBE,R2,high,train_rush_0,43,misc/2026-09-08_collapse_probe/out/r2/base_cond_neutral/probe_r2__P21H__s43.mp4,121,8,113,True,4b7e03d4625b824187de2ed9eb13c05c,False,probe__P21H__train_rush_0__s43,full,,prompt_id=P21H
probe_r3__P21H__s43,S-PROBE,R3,high,train_rush_0,43,misc/2026-09-08_collapse_probe/out/r3/base_cond_neutral/probe_r3__P21H__s43.mp4,121,8,113,True,d5182cecfa6cc8bf8414d36f7d6214ee,False,probe__P21H__train_rush_0__s43,captions,,prompt_id=P21H
probe__P21H__train_rush_0__s44,S-PROBE,R1,high,train_rush_0,44,misc/2026-09-08_collapse_probe/out/r1/base_cond_neutral/probe__P21H__train_rush_0__s44.mp4,121,8,120,False,5bc9997226c4685956703efc4f60faf6,False,,full,,prompt_id=P21H;witness
probe_r2__P21H__s44,S-PROBE,R2,high,train_rush_0,44,misc/2026-09-08_collapse_probe/out/r2/base_cond_neutral/probe_r2__P21H__s44.mp4,121,8,113,True,e2866118662e33da6363eeacb677d07b,False,probe__P21H__train_rush_0__s44,full,,prompt_id=P21H
probe_r3__P21H__s44,S-PROBE,R3,high,train_rush_0,44,misc/2026-09-08_collapse_probe/out/r3/base_cond_neutral/probe_r3__P21H__s44.mp4,121,8,113,True,672cec27a6595038cdc514cd64d59855,False,probe__P21H__train_rush_0__s44,captions,,prompt_id=P21H
probe__P22H__money_rain_3__s42,S-PROBE,R1,high,money_rain_3,42,misc/2026-09-08_collapse_probe/out/r1/base_cond_neutral/probe__P22H__money_rain_3__s42.mp4,121,8,120,False,723352c8ca4d80dad07e86ac9e00970a,False,,full,,prompt_id=P22H;witness
probe_r2__P22H__s42,S-PROBE,R2,high,money_rain_3,42,misc/2026-09-08_collapse_probe/out/r2/base_cond_neutral/probe_r2__P22H__s42.mp4,121,8,113,True,4bf9181aebe4ceef7daf3684cd675119,False,probe__P22H__money_rain_3__s42,full,,prompt_id=P22H
probe_r3__P22H__s42,S-PROBE,R3,high,money_rain_3,42,misc/2026-09-08_collapse_probe/out/r3/base_cond_neutral/probe_r3__P22H__s42.mp4,121,8,113,True,5bc38e2f4aa4d9800e3acc8a05f9e8f6,False,probe__P22H__money_rain_3__s42,captions,,prompt_id=P22H
probe__P22H__money_rain_3__s43,S-PROBE,R1,high,money_rain_3,43,misc/2026-09-08_collapse_probe/out/r1/base_cond_neutral/probe__P22H__money_rain_3__s43.mp4,121,8,120,False,d63eb837e294876172690743f24aa16b,False,,full,,prompt_id=P22H;witness
probe_r2__P22H__s43,S-PROBE,R2,high,money_rain_3,43,misc/2026-09-08_collapse_probe/out/r2/base_cond_neutral/probe_r2__P22H__s43.mp4,121,8,113,True,8ca087f9fb13f08d550606fc2220fee3,False,probe__P22H__money_rain_3__s43,full,,prompt_id=P22H
probe_r3__P22H__s43,S-PROBE,R3,high,money_rain_3,43,misc/2026-09-08_collapse_probe/out/r3/base_cond_neutral/probe_r3__P22H__s43.mp4,121,8,113,True,24c46e53028965e1b12fa985ba7b17a4,False,probe__P22H__money_rain_3__s43,captions,,prompt_id=P22H
probe__P22H__money_rain_3__s44,S-PROBE,R1,high,money_rain_3,44,misc/2026-09-08_collapse_probe/out/r1/base_cond_neutral/probe__P22H__money_rain_3__s44.mp4,121,8,120,False,37011de739b96eaa4c2dd11f5eb5ec51,False,,full,,prompt_id=P22H;witness
probe_r2__P22H__s44,S-PROBE,R2,high,money_rain_3,44,misc/2026-09-08_collapse_probe/out/r2/base_cond_neutral/probe_r2__P22H__s44.mp4,121,8,113,True,245af837c31b961e4d699bd413ab9dab,False,probe__P22H__money_rain_3__s44,full,,prompt_id=P22H
probe_r3__P22H__s44,S-PROBE,R3,high,money_rain_3,44,misc/2026-09-08_collapse_probe/out/r3/base_cond_neutral/probe_r3__P22H__s44.mp4,121,8,113,True,c134f9840e7992d1b4008dc0f99c3f84,False,probe__P22H__money_rain_3__s44,captions,,prompt_id=P22H
probe__P23H__glitch_1__s42,S-PROBE,R1,high,glitch_1,42,misc/2026-09-08_collapse_probe/out/r1/base_cond_neutral/probe__P23H__glitch_1__s42.mp4,121,8,120,False,ebaa3b3dedbc526b9be1e758017c1299,False,,full,,prompt_id=P23H;witness
probe_r2__P23H__s42,S-PROBE,R2,high,glitch_1,42,misc/2026-09-08_collapse_probe/out/r2/base_cond_neutral/probe_r2__P23H__s42.mp4,121,8,113,True,b876bfcbfad21deb45318934ae9a5e1e,False,probe__P23H__glitch_1__s42,full,,prompt_id=P23H
probe_r3__P23H__s42,S-PROBE,R3,high,glitch_1,42,misc/2026-09-08_collapse_probe/out/r3/base_cond_neutral/probe_r3__P23H__s42.mp4,121,8,113,True,f86609f7b76bbbf60de30c8a54e1c6de,False,probe__P23H__glitch_1__s42,captions,,prompt_id=P23H
probe__P23H__glitch_1__s43,S-PROBE,R1,high,glitch_1,43,misc/2026-09-08_collapse_probe/out/r1/base_cond_neutral/probe__P23H__glitch_1__s43.mp4,121,8,120,False,7b15ee0984da3044ec29b0e0f556815a,False,,full,,prompt_id=P23H;witness
probe_r2__P23H__s43,S-PROBE,R2,high,glitch_1,43,misc/2026-09-08_collapse_probe/out/r2/base_cond_neutral/probe_r2__P23H__s43.mp4,121,8,113,True,1b7d1144c4f2b9015703051d8958755a,False,probe__P23H__glitch_1__s43,full,,prompt_id=P23H
probe_r3__P23H__s43,S-PROBE,R3,high,glitch_1,43,misc/2026-09-08_collapse_probe/out/r3/base_cond_neutral/probe_r3__P23H__s43.mp4,121,8,113,True,4cd745c8fc103429cdda072088a6c328,False,probe__P23H__glitch_1__s43,captions,,prompt_id=P23H
probe__P23H__glitch_1__s44,S-PROBE,R1,high,glitch_1,44,misc/2026-09-08_collapse_probe/out/r1/base_cond_neutral/probe__P23H__glitch_1__s44.mp4,121,8,120,False,293a93a4dec790cdbd533f76ce6df3ed,False,,full,,prompt_id=P23H;witness
probe_r2__P23H__s44,S-PROBE,R2,high,glitch_1,44,misc/2026-09-08_collapse_probe/out/r2/base_cond_neutral/probe_r2__P23H__s44.mp4,121,8,113,True,4c214ec24856d8854d8389b91c943069,False,probe__P23H__glitch_1__s44,full,,prompt_id=P23H
probe_r3__P23H__s44,S-PROBE,R3,high,glitch_1,44,misc/2026-09-08_collapse_probe/out/r3/base_cond_neutral/probe_r3__P23H__s44.mp4,121,8,113,True,e9503cfdef4c2d411599b2a2ba01d94c,False,probe__P23H__glitch_1__s44,captions,,prompt_id=P23H
probe__P24H__acid_0__s42,S-PROBE,R1,high,acid_0,42,misc/2026-09-08_collapse_probe/out/r1/base_cond_neutral/probe__P24H__acid_0__s42.mp4,121,8,120,False,8a15f166a1c3a95fdabb170bf861c2a2,False,,full,,prompt_id=P24H;witness
probe_r2__P24H__s42,S-PROBE,R2,high,acid_0,42,misc/2026-09-08_collapse_probe/out/r2/base_cond_neutral/probe_r2__P24H__s42.mp4,121,8,113,True,03b7ef0a3d435a1c375d8032f2e875dc,False,probe__P24H__acid_0__s42,full,,prompt_id=P24H
probe_r3__P24H__s42,S-PROBE,R3,high,acid_0,42,misc/2026-09-08_collapse_probe/out/r3/base_cond_neutral/probe_r3__P24H__s42.mp4,121,8,113,True,abe3cafdf1facc0743bfe145176fb01f,False,probe__P24H__acid_0__s42,captions,,prompt_id=P24H
probe__P24H__acid_0__s43,S-PROBE,R1,high,acid_0,43,misc/2026-09-08_collapse_probe/out/r1/base_cond_neutral/probe__P24H__acid_0__s43.mp4,121,8,120,False,bd55b3562da16de0cb85887a1b156e73,False,,full,,prompt_id=P24H;witness
probe_r2__P24H__s43,S-PROBE,R2,high,acid_0,43,misc/2026-09-08_collapse_probe/out/r2/base_cond_neutral/probe_r2__P24H__s43.mp4,121,8,113,True,618d20fd3edd04ae84868860f59d4c7f,False,probe__P24H__acid_0__s43,full,,prompt_id=P24H
probe_r3__P24H__s43,S-PROBE,R3,high,acid_0,43,misc/2026-09-08_collapse_probe/out/r3/base_cond_neutral/probe_r3__P24H__s43.mp4,121,8,113,True,ee3794a6be80182d4b4d5403e592e171,False,probe__P24H__acid_0__s43,captions,,prompt_id=P24H
probe__P24H__acid_0__s44,S-PROBE,R1,high,acid_0,44,misc/2026-09-08_collapse_probe/out/r1/base_cond_neutral/probe__P24H__acid_0__s44.mp4,121,8,120,False,76f62e07674e9793c64726317586da4f,False,,full,,prompt_id=P24H;witness
probe_r2__P24H__s44,S-PROBE,R2,high,acid_0,44,misc/2026-09-08_collapse_probe/out/r2/base_cond_neutral/probe_r2__P24H__s44.mp4,121,8,113,True,ae63a0a2b6a3016ccda00a365888ca77,False,probe__P24H__acid_0__s44,full,,prompt_id=P24H
probe_r3__P24H__s44,S-PROBE,R3,high,acid_0,44,misc/2026-09-08_collapse_probe/out/r3/base_cond_neutral/probe_r3__P24H__s44.mp4,121,8,113,True,65fa342d6c1896c5b3c0f19a72363b57,False,probe__P24H__acid_0__s44,captions,,prompt_id=P24H
probe__P25H__luminous_gaze_3__s42,S-PROBE,R1,high,luminous_gaze_3,42,misc/2026-09-08_collapse_probe/out/r1/base_cond_neutral/probe__P25H__luminous_gaze_3__s42.mp4,121,8,120,False,4dc0dbcf1b7783d5c2935a4eea612f4e,False,,full,,prompt_id=P25H;witness
probe_r2__P25H__s42,S-PROBE,R2,high,luminous_gaze_3,42,misc/2026-09-08_collapse_probe/out/r2/base_cond_neutral/probe_r2__P25H__s42.mp4,121,8,113,True,a2ed004ab9a7bd3973d965ebad697de3,False,probe__P25H__luminous_gaze_3__s42,full,,prompt_id=P25H
probe_r3__P25H__s42,S-PROBE,R3,high,luminous_gaze_3,42,misc/2026-09-08_collapse_probe/out/r3/base_cond_neutral/probe_r3__P25H__s42.mp4,121,8,113,True,2695ff4f590fac4714f6c8f28e8213a2,False,probe__P25H__luminous_gaze_3__s42,captions,,prompt_id=P25H
probe__P25H__luminous_gaze_3__s43,S-PROBE,R1,high,luminous_gaze_3,43,misc/2026-09-08_collapse_probe/out/r1/base_cond_neutral/probe__P25H__luminous_gaze_3__s43.mp4,121,8,120,False,a09898f32563a722d7c22cd6901ddcf1,False,,full,,prompt_id=P25H;witness
probe_r2__P25H__s43,S-PROBE,R2,high,luminous_gaze_3,43,misc/2026-09-08_collapse_probe/out/r2/base_cond_neutral/probe_r2__P25H__s43.mp4,121,8,113,True,082da563974fa93f7e4fa214b78e9f17,False,probe__P25H__luminous_gaze_3__s43,full,,prompt_id=P25H
probe_r3__P25H__s43,S-PROBE,R3,high,luminous_gaze_3,43,misc/2026-09-08_collapse_probe/out/r3/base_cond_neutral/probe_r3__P25H__s43.mp4,121,8,113,True,abfb531f74d1d3422cef11c849df644d,False,probe__P25H__luminous_gaze_3__s43,captions,,prompt_id=P25H
probe__P25H__luminous_gaze_3__s44,S-PROBE,R1,high,luminous_gaze_3,44,misc/2026-09-08_collapse_probe/out/r1/base_cond_neutral/probe__P25H__luminous_gaze_3__s44.mp4,121,8,120,False,81c8ca573e6c1847cc7fee741160b8ec,False,,full,,prompt_id=P25H;witness
probe_r2__P25H__s44,S-PROBE,R2,high,luminous_gaze_3,44,misc/2026-09-08_collapse_probe/out/r2/base_cond_neutral/probe_r2__P25H__s44.mp4,121,8,113,True,c01bfbc6800fbebeaef373022aaf1689,False,probe__P25H__luminous_gaze_3__s44,full,,prompt_id=P25H
probe_r3__P25H__s44,S-PROBE,R3,high,luminous_gaze_3,44,misc/2026-09-08_collapse_probe/out/r3/base_cond_neutral/probe_r3__P25H__s44.mp4,121,8,113,True,da8d99eff98af368a821a7285f97cc89,False,probe__P25H__luminous_gaze_3__s44,captions,,prompt_id=P25H
probe__P26H__saint_glow_3__s42,S-PROBE,R1,high,saint_glow_3,42,misc/2026-09-08_collapse_probe/out/r1/base_cond_neutral/probe__P26H__saint_glow_3__s42.mp4,121,8,120,False,f5b46d73eeddc38ba84b7365e6169a41,False,,full,,prompt_id=P26H;witness
probe_r2__P26H__s42,S-PROBE,R2,high,saint_glow_3,42,misc/2026-09-08_collapse_probe/out/r2/base_cond_neutral/probe_r2__P26H__s42.mp4,121,8,113,True,31cf1a0e7a4a39992d9c1a9421e10148,False,probe__P26H__saint_glow_3__s42,full,,prompt_id=P26H
probe_r3__P26H__s42,S-PROBE,R3,high,saint_glow_3,42,misc/2026-09-08_collapse_probe/out/r3/base_cond_neutral/probe_r3__P26H__s42.mp4,121,8,113,True,3036bc12322297eb54fc858434498b40,False,probe__P26H__saint_glow_3__s42,captions,,prompt_id=P26H
probe__P26H__saint_glow_3__s43,S-PROBE,R1,high,saint_glow_3,43,misc/2026-09-08_collapse_probe/out/r1/base_cond_neutral/probe__P26H__saint_glow_3__s43.mp4,121,8,120,False,3180c4609d6ec3f346d36ee84b396471,False,,full,,prompt_id=P26H;witness
probe_r2__P26H__s43,S-PROBE,R2,high,saint_glow_3,43,misc/2026-09-08_collapse_probe/out/r2/base_cond_neutral/probe_r2__P26H__s43.mp4,121,8,113,True,362f8397730172b46d341d5a5e28d1b9,False,probe__P26H__saint_glow_3__s43,full,,prompt_id=P26H
probe_r3__P26H__s43,S-PROBE,R3,high,saint_glow_3,43,misc/2026-09-08_collapse_probe/out/r3/base_cond_neutral/probe_r3__P26H__s43.mp4,121,8,113,True,40ea3e30dbbf4acdb100df54168a9a5e,False,probe__P26H__saint_glow_3__s43,captions,,prompt_id=P26H
probe__P26H__saint_glow_3__s44,S-PROBE,R1,high,saint_glow_3,44,misc/2026-09-08_collapse_probe/out/r1/base_cond_neutral/probe__P26H__saint_glow_3__s44.mp4,121,8,120,False,b7bb566790335666a43eac344b2978d0,False,,full,,prompt_id=P26H;witness
probe_r2__P26H__s44,S-PROBE,R2,high,saint_glow_3,44,misc/2026-09-08_collapse_probe/out/r2/base_cond_neutral/probe_r2__P26H__s44.mp4,121,8,113,True,3feca15dbf1a1d53758d38e397376e38,False,probe__P26H__saint_glow_3__s44,full,,prompt_id=P26H
probe_r3__P26H__s44,S-PROBE,R3,high,saint_glow_3,44,misc/2026-09-08_collapse_probe/out/r3/base_cond_neutral/probe_r3__P26H__s44.mp4,121,8,113,True,47bd59331901b8c4384cc100235931c8,False,probe__P26H__saint_glow_3__s44,captions,,prompt_id=P26H
probe__P27H__live_concert_4__s42,S-PROBE,R1,high,live_concert_4,42,misc/2026-09-08_collapse_probe/out/r1/base_cond_neutral/probe__P27H__live_concert_4__s42.mp4,121,8,120,False,d6ed2e6394ed1eb8c04b8d8879ebb0c8,False,,full,,prompt_id=P27H;witness
probe_r2__P27H__s42,S-PROBE,R2,high,live_concert_4,42,misc/2026-09-08_collapse_probe/out/r2/base_cond_neutral/probe_r2__P27H__s42.mp4,121,8,113,True,ac8812027c006aa990581ce5e7aea2f7,False,probe__P27H__live_concert_4__s42,full,,prompt_id=P27H
probe_r3__P27H__s42,S-PROBE,R3,high,live_concert_4,42,misc/2026-09-08_collapse_probe/out/r3/base_cond_neutral/probe_r3__P27H__s42.mp4,121,8,113,True,c81884bdbf58242f6d0e177625a712c3,False,probe__P27H__live_concert_4__s42,captions,,prompt_id=P27H
probe__P27H__live_concert_4__s43,S-PROBE,R1,high,live_concert_4,43,misc/2026-09-08_collapse_probe/out/r1/base_cond_neutral/probe__P27H__live_concert_4__s43.mp4,121,8,120,False,e55182e7da356e8ae08236d24804981f,False,,full,,prompt_id=P27H;witness
probe_r2__P27H__s43,S-PROBE,R2,high,live_concert_4,43,misc/2026-09-08_collapse_probe/out/r2/base_cond_neutral/probe_r2__P27H__s43.mp4,121,8,113,True,d126138fbe77bfe34ef18ead001fe08d,False,probe__P27H__live_concert_4__s43,full,,prompt_id=P27H
probe_r3__P27H__s43,S-PROBE,R3,high,live_concert_4,43,misc/2026-09-08_collapse_probe/out/r3/base_cond_neutral/probe_r3__P27H__s43.mp4,121,8,113,True,ce90380907332453f3f3f47421e27ddb,False,probe__P27H__live_concert_4__s43,captions,,prompt_id=P27H
probe__P27H__live_concert_4__s44,S-PROBE,R1,high,live_concert_4,44,misc/2026-09-08_collapse_probe/out/r1/base_cond_neutral/probe__P27H__live_concert_4__s44.mp4,121,8,120,False,c745102a7793119116172183e00fc712,False,,full,,prompt_id=P27H;witness
probe_r2__P27H__s44,S-PROBE,R2,high,live_concert_4,44,misc/2026-09-08_collapse_probe/out/r2/base_cond_neutral/probe_r2__P27H__s44.mp4,121,8,113,True,95c15ec3086a292bf547ab6dd09899b6,False,probe__P27H__live_concert_4__s44,full,,prompt_id=P27H
probe_r3__P27H__s44,S-PROBE,R3,high,live_concert_4,44,misc/2026-09-08_collapse_probe/out/r3/base_cond_neutral/probe_r3__P27H__s44.mp4,121,8,113,True,4e9accf1e4e1398c1796ebc9697dc795,False,probe__P27H__live_concert_4__s44,captions,,prompt_id=P27H
probe__P28H__animalization_0__s42,S-PROBE,R1,high,animalization_0,42,misc/2026-09-08_collapse_probe/out/r1/base_cond_neutral/probe__P28H__animalization_0__s42.mp4,121,8,120,False,baac5d27d5f0c8569873b1225dc6dd9a,False,,full,,prompt_id=P28H;witness
probe_r2__P28H__s42,S-PROBE,R2,high,animalization_0,42,misc/2026-09-08_collapse_probe/out/r2/base_cond_neutral/probe_r2__P28H__s42.mp4,121,8,113,True,5c1104c88adcc765c0cd5cfa3401d5e1,False,probe__P28H__animalization_0__s42,full,,prompt_id=P28H
probe_r3__P28H__s42,S-PROBE,R3,high,animalization_0,42,misc/2026-09-08_collapse_probe/out/r3/base_cond_neutral/probe_r3__P28H__s42.mp4,121,8,113,True,6de1127fc15d98423416ef5f6799927c,False,probe__P28H__animalization_0__s42,captions,,prompt_id=P28H
probe__P28H__animalization_0__s43,S-PROBE,R1,high,animalization_0,43,misc/2026-09-08_collapse_probe/out/r1/base_cond_neutral/probe__P28H__animalization_0__s43.mp4,121,8,120,False,9d1afb565f933640d5f4979cf8098604,False,,full,,prompt_id=P28H;witness
probe_r2__P28H__s43,S-PROBE,R2,high,animalization_0,43,misc/2026-09-08_collapse_probe/out/r2/base_cond_neutral/probe_r2__P28H__s43.mp4,121,8,113,True,d75947efac47a0d006d59fb3f57d76b9,False,probe__P28H__animalization_0__s43,full,,prompt_id=P28H
probe_r3__P28H__s43,S-PROBE,R3,high,animalization_0,43,misc/2026-09-08_collapse_probe/out/r3/base_cond_neutral/probe_r3__P28H__s43.mp4,121,8,113,True,f7566fd7270661c954808ce10bf42c8d,False,probe__P28H__animalization_0__s43,captions,,prompt_id=P28H
probe__P28H__animalization_0__s44,S-PROBE,R1,high,animalization_0,44,misc/2026-09-08_collapse_probe/out/r1/base_cond_neutral/probe__P28H__animalization_0__s44.mp4,121,8,120,False,27eb81a1e6a9b76f716849f6343d36bf,False,,full,,prompt_id=P28H;witness
probe_r2__P28H__s44,S-PROBE,R2,high,animalization_0,44,misc/2026-09-08_collapse_probe/out/r2/base_cond_neutral/probe_r2__P28H__s44.mp4,121,8,113,True,0ae9e032131d6680474e37b7eb5be0f6,False,probe__P28H__animalization_0__s44,full,,prompt_id=P28H
probe_r3__P28H__s44,S-PROBE,R3,high,animalization_0,44,misc/2026-09-08_collapse_probe/out/r3/base_cond_neutral/probe_r3__P28H__s44.mp4,121,8,113,True,9654f1658f304afd29c80d5649187cdb,False,probe__P28H__animalization_0__s44,captions,,prompt_id=P28H
probe__P29H__shadow_3__s42,S-PROBE,R1,high,shadow_3,42,misc/2026-09-08_collapse_probe/out/r1/base_cond_neutral/probe__P29H__shadow_3__s42.mp4,121,8,120,False,4dbe90a3f0389d17b96bdfbb17c1a2ce,False,,full,,prompt_id=P29H;witness
probe_r2__P29H__s42,S-PROBE,R2,high,shadow_3,42,misc/2026-09-08_collapse_probe/out/r2/base_cond_neutral/probe_r2__P29H__s42.mp4,121,8,113,True,14300b01666f10e9aaab3ae14c019969,False,probe__P29H__shadow_3__s42,full,,prompt_id=P29H
probe_r3__P29H__s42,S-PROBE,R3,high,shadow_3,42,misc/2026-09-08_collapse_probe/out/r3/base_cond_neutral/probe_r3__P29H__s42.mp4,121,8,113,True,ce69e98118bfe7fb9d4cf806b5a39b7b,False,probe__P29H__shadow_3__s42,captions,,prompt_id=P29H
probe__P29H__shadow_3__s43,S-PROBE,R1,high,shadow_3,43,misc/2026-09-08_collapse_probe/out/r1/base_cond_neutral/probe__P29H__shadow_3__s43.mp4,121,8,120,False,c9833bb52a061edd21f39a8567d21708,False,,full,,prompt_id=P29H;witness
probe_r2__P29H__s43,S-PROBE,R2,high,shadow_3,43,misc/2026-09-08_collapse_probe/out/r2/base_cond_neutral/probe_r2__P29H__s43.mp4,121,8,113,True,432c500c8d49ce768e0ebc9b20305677,False,probe__P29H__shadow_3__s43,full,,prompt_id=P29H
probe_r3__P29H__s43,S-PROBE,R3,high,shadow_3,43,misc/2026-09-08_collapse_probe/out/r3/base_cond_neutral/probe_r3__P29H__s43.mp4,121,8,113,True,8e781bd47ca5b53c2e871367a4bee0e9,False,probe__P29H__shadow_3__s43,captions,,prompt_id=P29H
probe__P29H__shadow_3__s44,S-PROBE,R1,high,shadow_3,44,misc/2026-09-08_collapse_probe/out/r1/base_cond_neutral/probe__P29H__shadow_3__s44.mp4,121,8,120,False,cb4f34d339dbccf87024dd1fdeae3a4f,False,,full,,prompt_id=P29H;witness
probe_r2__P29H__s44,S-PROBE,R2,high,shadow_3,44,misc/2026-09-08_collapse_probe/out/r2/base_cond_neutral/probe_r2__P29H__s44.mp4,121,8,113,True,ad92d4c4cb7752b3ef3da39df39666e6,False,probe__P29H__shadow_3__s44,full,,prompt_id=P29H
probe_r3__P29H__s44,S-PROBE,R3,high,shadow_3,44,misc/2026-09-08_collapse_probe/out/r3/base_cond_neutral/probe_r3__P29H__s44.mp4,121,8,113,True,435c83b7f6ec76ddd8ace775934291ac,False,probe__P29H__shadow_3__s44,captions,,prompt_id=P29H
probe__P30H__gas_transformation_1__s42,S-PROBE,R1,high,gas_transformation_1,42,misc/2026-09-08_collapse_probe/out/r1/base_cond_neutral/probe__P30H__gas_transformation_1__s42.mp4,121,8,120,False,2cc6720fd7838fc40fa43f643de10574,False,,full,,prompt_id=P30H;witness
probe_r2__P30H__s42,S-PROBE,R2,high,gas_transformation_1,42,misc/2026-09-08_collapse_probe/out/r2/base_cond_neutral/probe_r2__P30H__s42.mp4,121,8,113,True,6bbd05ea80c611ef951a679aabd9c8c0,False,probe__P30H__gas_transformation_1__s42,full,,prompt_id=P30H
probe_r3__P30H__s42,S-PROBE,R3,high,gas_transformation_1,42,misc/2026-09-08_collapse_probe/out/r3/base_cond_neutral/probe_r3__P30H__s42.mp4,121,8,113,True,57469919a914c0e953a3eb620fa86006,False,probe__P30H__gas_transformation_1__s42,captions,,prompt_id=P30H
probe__P30H__gas_transformation_1__s43,S-PROBE,R1,high,gas_transformation_1,43,misc/2026-09-08_collapse_probe/out/r1/base_cond_neutral/probe__P30H__gas_transformation_1__s43.mp4,121,8,120,False,3b007e29bcf40a32b24b6ab49e8994cf,False,,full,,prompt_id=P30H;witness
probe_r2__P30H__s43,S-PROBE,R2,high,gas_transformation_1,43,misc/2026-09-08_collapse_probe/out/r2/base_cond_neutral/probe_r2__P30H__s43.mp4,121,8,113,True,d5dd844735a85f96ce453add8c495fae,False,probe__P30H__gas_transformation_1__s43,full,,prompt_id=P30H
probe_r3__P30H__s43,S-PROBE,R3,high,gas_transformation_1,43,misc/2026-09-08_collapse_probe/out/r3/base_cond_neutral/probe_r3__P30H__s43.mp4,121,8,113,True,32cafc21df7a98ccbb6380a4128b612d,False,probe__P30H__gas_transformation_1__s43,captions,,prompt_id=P30H
probe__P30H__gas_transformation_1__s44,S-PROBE,R1,high,gas_transformation_1,44,misc/2026-09-08_collapse_probe/out/r1/base_cond_neutral/probe__P30H__gas_transformation_1__s44.mp4,121,8,120,False,ac68011cdd9afa4bda79900e0cc5fdf0,False,,full,,prompt_id=P30H;witness
probe_r2__P30H__s44,S-PROBE,R2,high,gas_transformation_1,44,misc/2026-09-08_collapse_probe/out/r2/base_cond_neutral/probe_r2__P30H__s44.mp4,121,8,113,True,1e087fe2146d77f5467417481b44175b,False,probe__P30H__gas_transformation_1__s44,full,,prompt_id=P30H
probe_r3__P30H__s44,S-PROBE,R3,high,gas_transformation_1,44,misc/2026-09-08_collapse_probe/out/r3/base_cond_neutral/probe_r3__P30H__s44.mp4,121,8,113,True,12e89761f27d9dd3085085a1fa30606a,False,probe__P30H__gas_transformation_1__s44,captions,,prompt_id=P30H
probe__P01L__wireframe_7__s42,S-PROBE,R1,inplace,wireframe_7,42,misc/2026-09-08_collapse_probe/out/r1/base_cond_neutral/probe__P01L__wireframe_7__s42.mp4,121,8,120,False,b95672c5cb20f8e568d37794710c3e87,False,,full,,prompt_id=P01L;witness
probe_r2__P01L__s42,S-PROBE,R2,inplace,wireframe_7,42,misc/2026-09-08_collapse_probe/out/r2/base_cond_neutral/probe_r2__P01L__s42.mp4,121,8,113,True,798792bd444f6bc33f0644e6a973070f,False,probe__P01L__wireframe_7__s42,full,,prompt_id=P01L
probe_r3__P01L__s42,S-PROBE,R3,inplace,wireframe_7,42,misc/2026-09-08_collapse_probe/out/r3/base_cond_neutral/probe_r3__P01L__s42.mp4,121,8,113,True,e701a0bd9b571edeb29ef4544c6bb83d,False,probe__P01L__wireframe_7__s42,captions,,prompt_id=P01L
probe__P01L__wireframe_7__s43,S-PROBE,R1,inplace,wireframe_7,43,misc/2026-09-08_collapse_probe/out/r1/base_cond_neutral/probe__P01L__wireframe_7__s43.mp4,121,8,120,False,5d85183089fbdfe293c22ea008782ab8,False,,full,,prompt_id=P01L;witness
probe_r2__P01L__s43,S-PROBE,R2,inplace,wireframe_7,43,misc/2026-09-08_collapse_probe/out/r2/base_cond_neutral/probe_r2__P01L__s43.mp4,121,8,113,True,b0175f05eeba36fe2225274e012b8069,False,probe__P01L__wireframe_7__s43,full,,prompt_id=P01L
probe_r3__P01L__s43,S-PROBE,R3,inplace,wireframe_7,43,misc/2026-09-08_collapse_probe/out/r3/base_cond_neutral/probe_r3__P01L__s43.mp4,121,8,113,True,3b46ff1ff13f7fed83c057afec598127,False,probe__P01L__wireframe_7__s43,captions,,prompt_id=P01L
probe__P01L__wireframe_7__s44,S-PROBE,R1,inplace,wireframe_7,44,misc/2026-09-08_collapse_probe/out/r1/base_cond_neutral/probe__P01L__wireframe_7__s44.mp4,121,8,120,False,7b4b339d645d04c717f1d409fc79964b,False,,full,,prompt_id=P01L;witness
probe_r2__P01L__s44,S-PROBE,R2,inplace,wireframe_7,44,misc/2026-09-08_collapse_probe/out/r2/base_cond_neutral/probe_r2__P01L__s44.mp4,121,8,113,True,38ca29051a3ff2c2bb7c3966d71d43d2,False,probe__P01L__wireframe_7__s44,full,,prompt_id=P01L
probe_r3__P01L__s44,S-PROBE,R3,inplace,wireframe_7,44,misc/2026-09-08_collapse_probe/out/r3/base_cond_neutral/probe_r3__P01L__s44.mp4,121,8,113,True,a76f62d5b657d17bd16be64a4d585131,False,probe__P01L__wireframe_7__s44,captions,,prompt_id=P01L
probe__P06L__explosion_0__s42,S-PROBE,R1,inplace,explosion_0,42,misc/2026-09-08_collapse_probe/out/r1/base_cond_neutral/probe__P06L__explosion_0__s42.mp4,121,8,120,False,9fee8362006989acb675430b7f85508e,False,,full,,prompt_id=P06L;witness
probe_r2__P06L__s42,S-PROBE,R2,inplace,explosion_0,42,misc/2026-09-08_collapse_probe/out/r2/base_cond_neutral/probe_r2__P06L__s42.mp4,121,8,113,True,39054f6d11a04693400242099779279c,False,probe__P06L__explosion_0__s42,full,,prompt_id=P06L
probe_r3__P06L__s42,S-PROBE,R3,inplace,explosion_0,42,misc/2026-09-08_collapse_probe/out/r3/base_cond_neutral/probe_r3__P06L__s42.mp4,121,8,113,True,80fde4f6efa01fa9ef0f4650686b54c0,False,probe__P06L__explosion_0__s42,captions,,prompt_id=P06L
probe__P06L__explosion_0__s43,S-PROBE,R1,inplace,explosion_0,43,misc/2026-09-08_collapse_probe/out/r1/base_cond_neutral/probe__P06L__explosion_0__s43.mp4,121,8,120,False,48681a803ac716a997d6aa34f543ef31,False,,full,,prompt_id=P06L;witness
probe_r2__P06L__s43,S-PROBE,R2,inplace,explosion_0,43,misc/2026-09-08_collapse_probe/out/r2/base_cond_neutral/probe_r2__P06L__s43.mp4,121,8,113,True,faec59d6ff09d71aed12300b28898d85,False,probe__P06L__explosion_0__s43,full,,prompt_id=P06L
probe_r3__P06L__s43,S-PROBE,R3,inplace,explosion_0,43,misc/2026-09-08_collapse_probe/out/r3/base_cond_neutral/probe_r3__P06L__s43.mp4,121,8,113,True,4141e7c06b7a7733a25926c3c6b60065,False,probe__P06L__explosion_0__s43,captions,,prompt_id=P06L
probe__P06L__explosion_0__s44,S-PROBE,R1,inplace,explosion_0,44,misc/2026-09-08_collapse_probe/out/r1/base_cond_neutral/probe__P06L__explosion_0__s44.mp4,121,8,120,False,35db6cd9433b941d99d4aa2059b2c134,False,,full,,prompt_id=P06L;witness
probe_r2__P06L__s44,S-PROBE,R2,inplace,explosion_0,44,misc/2026-09-08_collapse_probe/out/r2/base_cond_neutral/probe_r2__P06L__s44.mp4,121,8,113,True,0d93b314e9462e62a7663ea161646bb1,False,probe__P06L__explosion_0__s44,full,,prompt_id=P06L
probe_r3__P06L__s44,S-PROBE,R3,inplace,explosion_0,44,misc/2026-09-08_collapse_probe/out/r3/base_cond_neutral/probe_r3__P06L__s44.mp4,121,8,113,True,92b39dbc144b36122ac9aa7bba8b0685,False,probe__P06L__explosion_0__s44,captions,,prompt_id=P06L
probe__P09L__point_cloud_0__s42,S-PROBE,R1,inplace,point_cloud_0,42,misc/2026-09-08_collapse_probe/out/r1/base_cond_neutral/probe__P09L__point_cloud_0__s42.mp4,121,8,120,False,21c36e95a9c0be0c1571c828cb634e29,False,,full,,prompt_id=P09L;witness
probe_r2__P09L__s42,S-PROBE,R2,inplace,point_cloud_0,42,misc/2026-09-08_collapse_probe/out/r2/base_cond_neutral/probe_r2__P09L__s42.mp4,121,8,113,True,fe249237543d63f44b7990f1622f5305,False,probe__P09L__point_cloud_0__s42,full,,prompt_id=P09L
probe_r3__P09L__s42,S-PROBE,R3,inplace,point_cloud_0,42,misc/2026-09-08_collapse_probe/out/r3/base_cond_neutral/probe_r3__P09L__s42.mp4,121,8,113,True,bb13acbf0aaf11783ba9676c229e9a8e,False,probe__P09L__point_cloud_0__s42,captions,,prompt_id=P09L
probe__P09L__point_cloud_0__s43,S-PROBE,R1,inplace,point_cloud_0,43,misc/2026-09-08_collapse_probe/out/r1/base_cond_neutral/probe__P09L__point_cloud_0__s43.mp4,121,8,120,False,2fd136e196bc42e3dbc328dcdda1e91b,False,,full,,prompt_id=P09L;witness
probe_r2__P09L__s43,S-PROBE,R2,inplace,point_cloud_0,43,misc/2026-09-08_collapse_probe/out/r2/base_cond_neutral/probe_r2__P09L__s43.mp4,121,8,113,True,b3378466d72559ffb693c9bc556b048d,False,probe__P09L__point_cloud_0__s43,full,,prompt_id=P09L
probe_r3__P09L__s43,S-PROBE,R3,inplace,point_cloud_0,43,misc/2026-09-08_collapse_probe/out/r3/base_cond_neutral/probe_r3__P09L__s43.mp4,121,8,113,True,fb9da765c7ae137fbeab38ae426f4324,False,probe__P09L__point_cloud_0__s43,captions,,prompt_id=P09L
probe__P09L__point_cloud_0__s44,S-PROBE,R1,inplace,point_cloud_0,44,misc/2026-09-08_collapse_probe/out/r1/base_cond_neutral/probe__P09L__point_cloud_0__s44.mp4,121,8,120,False,0c799ea4d0b76fe13e318e8fa9825d8d,False,,full,,prompt_id=P09L;witness
probe_r2__P09L__s44,S-PROBE,R2,inplace,point_cloud_0,44,misc/2026-09-08_collapse_probe/out/r2/base_cond_neutral/probe_r2__P09L__s44.mp4,121,8,113,True,44293f14cc6ffaed340e444c98256e1f,False,probe__P09L__point_cloud_0__s44,full,,prompt_id=P09L
probe_r3__P09L__s44,S-PROBE,R3,inplace,point_cloud_0,44,misc/2026-09-08_collapse_probe/out/r3/base_cond_neutral/probe_r3__P09L__s44.mp4,121,8,113,True,298b1d9d49d8f1eb31c066de3c042ea1,False,probe__P09L__point_cloud_0__s44,captions,,prompt_id=P09L
probe__P10L__monstrosity_0__s42,S-PROBE,R1,inplace,monstrosity_0,42,misc/2026-09-08_collapse_probe/out/r1/base_cond_neutral/probe__P10L__monstrosity_0__s42.mp4,121,8,120,False,1b0a57d953c8aa2b7548cde7f1a7475c,False,,full,,prompt_id=P10L;witness
probe_r2__P10L__s42,S-PROBE,R2,inplace,monstrosity_0,42,misc/2026-09-08_collapse_probe/out/r2/base_cond_neutral/probe_r2__P10L__s42.mp4,121,8,113,True,566f91418ed498906e0d066b9860788c,False,probe__P10L__monstrosity_0__s42,full,,prompt_id=P10L
probe_r3__P10L__s42,S-PROBE,R3,inplace,monstrosity_0,42,misc/2026-09-08_collapse_probe/out/r3/base_cond_neutral/probe_r3__P10L__s42.mp4,121,8,113,True,4c164606e77faf4236206bc929778dc9,False,probe__P10L__monstrosity_0__s42,captions,,prompt_id=P10L
probe__P10L__monstrosity_0__s43,S-PROBE,R1,inplace,monstrosity_0,43,misc/2026-09-08_collapse_probe/out/r1/base_cond_neutral/probe__P10L__monstrosity_0__s43.mp4,121,8,120,False,335fb72bf6aa4c83ad5f3345465ce47c,False,,full,,prompt_id=P10L;witness
probe_r2__P10L__s43,S-PROBE,R2,inplace,monstrosity_0,43,misc/2026-09-08_collapse_probe/out/r2/base_cond_neutral/probe_r2__P10L__s43.mp4,121,8,113,True,b688653cb5287be37e4b981f11f38696,False,probe__P10L__monstrosity_0__s43,full,,prompt_id=P10L
probe_r3__P10L__s43,S-PROBE,R3,inplace,monstrosity_0,43,misc/2026-09-08_collapse_probe/out/r3/base_cond_neutral/probe_r3__P10L__s43.mp4,121,8,113,True,06af481999dbb4b0f336c7bb6a0a27ed,False,probe__P10L__monstrosity_0__s43,captions,,prompt_id=P10L
probe__P10L__monstrosity_0__s44,S-PROBE,R1,inplace,monstrosity_0,44,misc/2026-09-08_collapse_probe/out/r1/base_cond_neutral/probe__P10L__monstrosity_0__s44.mp4,121,8,120,False,5514b2295d54cbfb6210442225888f79,False,,full,,prompt_id=P10L;witness
probe_r2__P10L__s44,S-PROBE,R2,inplace,monstrosity_0,44,misc/2026-09-08_collapse_probe/out/r2/base_cond_neutral/probe_r2__P10L__s44.mp4,121,8,113,True,c10b863c0a811f18d982b5ba663ee899,False,probe__P10L__monstrosity_0__s44,full,,prompt_id=P10L
probe_r3__P10L__s44,S-PROBE,R3,inplace,monstrosity_0,44,misc/2026-09-08_collapse_probe/out/r3/base_cond_neutral/probe_r3__P10L__s44.mp4,121,8,113,True,60e63c1965fd9705aa945338a65a8cc7,False,probe__P10L__monstrosity_0__s44,captions,,prompt_id=P10L
probe__P11L__water_element_3__s42,S-PROBE,R1,inplace,water_element_3,42,misc/2026-09-08_collapse_probe/out/r1/base_cond_neutral/probe__P11L__water_element_3__s42.mp4,121,8,120,False,0ae7380e75f22bf48afeba2259dd5ef3,False,,full,,prompt_id=P11L;witness
probe_r2__P11L__s42,S-PROBE,R2,inplace,water_element_3,42,misc/2026-09-08_collapse_probe/out/r2/base_cond_neutral/probe_r2__P11L__s42.mp4,121,8,113,True,591399b8b42ec509a98ad489e003d9f1,False,probe__P11L__water_element_3__s42,full,,prompt_id=P11L
probe_r3__P11L__s42,S-PROBE,R3,inplace,water_element_3,42,misc/2026-09-08_collapse_probe/out/r3/base_cond_neutral/probe_r3__P11L__s42.mp4,121,8,113,True,fa2ba2723a4bcb6e768bbdd833e48976,False,probe__P11L__water_element_3__s42,captions,,prompt_id=P11L
probe__P11L__water_element_3__s43,S-PROBE,R1,inplace,water_element_3,43,misc/2026-09-08_collapse_probe/out/r1/base_cond_neutral/probe__P11L__water_element_3__s43.mp4,121,8,120,False,17478efeeb53cb687588d4d99650349f,False,,full,,prompt_id=P11L;witness
probe_r2__P11L__s43,S-PROBE,R2,inplace,water_element_3,43,misc/2026-09-08_collapse_probe/out/r2/base_cond_neutral/probe_r2__P11L__s43.mp4,121,8,113,True,53d0e45230af04969a4e6986ebc83a80,False,probe__P11L__water_element_3__s43,full,,prompt_id=P11L
probe_r3__P11L__s43,S-PROBE,R3,inplace,water_element_3,43,misc/2026-09-08_collapse_probe/out/r3/base_cond_neutral/probe_r3__P11L__s43.mp4,121,8,113,True,f6c2e37d7a6ed30a9dac5232aa4a4136,False,probe__P11L__water_element_3__s43,captions,,prompt_id=P11L
probe__P11L__water_element_3__s44,S-PROBE,R1,inplace,water_element_3,44,misc/2026-09-08_collapse_probe/out/r1/base_cond_neutral/probe__P11L__water_element_3__s44.mp4,121,8,120,False,a1831a1a6c8b37a7b3ae62f86ad019e4,False,,full,,prompt_id=P11L;witness
probe_r2__P11L__s44,S-PROBE,R2,inplace,water_element_3,44,misc/2026-09-08_collapse_probe/out/r2/base_cond_neutral/probe_r2__P11L__s44.mp4,121,8,113,True,e008376a658b953710245e41c8c9e41b,False,probe__P11L__water_element_3__s44,full,,prompt_id=P11L
probe_r3__P11L__s44,S-PROBE,R3,inplace,water_element_3,44,misc/2026-09-08_collapse_probe/out/r3/base_cond_neutral/probe_r3__P11L__s44.mp4,121,8,113,True,4159f3e5b117d3558572feb785709355,False,probe__P11L__water_element_3__s44,captions,,prompt_id=P11L
probe__P14L__fire_element_2__s42,S-PROBE,R1,inplace,fire_element_2,42,misc/2026-09-08_collapse_probe/out/r1/base_cond_neutral/probe__P14L__fire_element_2__s42.mp4,121,8,120,False,c123faedc7da211c78e3d952668808f4,False,,full,,prompt_id=P14L;witness
probe_r2__P14L__s42,S-PROBE,R2,inplace,fire_element_2,42,misc/2026-09-08_collapse_probe/out/r2/base_cond_neutral/probe_r2__P14L__s42.mp4,121,8,113,True,49a65d0d40735e0cbef69b24882b5448,False,probe__P14L__fire_element_2__s42,full,,prompt_id=P14L
probe_r3__P14L__s42,S-PROBE,R3,inplace,fire_element_2,42,misc/2026-09-08_collapse_probe/out/r3/base_cond_neutral/probe_r3__P14L__s42.mp4,121,8,113,True,7af8cddd8abdfe10aa9b6beb88a4a422,False,probe__P14L__fire_element_2__s42,captions,,prompt_id=P14L
probe__P14L__fire_element_2__s43,S-PROBE,R1,inplace,fire_element_2,43,misc/2026-09-08_collapse_probe/out/r1/base_cond_neutral/probe__P14L__fire_element_2__s43.mp4,121,8,120,False,39765981bee1f8c787dafa7ae49ea65d,False,,full,,prompt_id=P14L;witness
probe_r2__P14L__s43,S-PROBE,R2,inplace,fire_element_2,43,misc/2026-09-08_collapse_probe/out/r2/base_cond_neutral/probe_r2__P14L__s43.mp4,121,8,113,True,6262db4684c0c7fd51194705ef100be2,False,probe__P14L__fire_element_2__s43,full,,prompt_id=P14L
probe_r3__P14L__s43,S-PROBE,R3,inplace,fire_element_2,43,misc/2026-09-08_collapse_probe/out/r3/base_cond_neutral/probe_r3__P14L__s43.mp4,121,8,113,True,3dd2540330e151a2c29af02d004e5a92,False,probe__P14L__fire_element_2__s43,captions,,prompt_id=P14L
probe__P14L__fire_element_2__s44,S-PROBE,R1,inplace,fire_element_2,44,misc/2026-09-08_collapse_probe/out/r1/base_cond_neutral/probe__P14L__fire_element_2__s44.mp4,121,8,120,False,bf8b1f737fae043f49ddf0eed7df277c,False,,full,,prompt_id=P14L;witness
probe_r2__P14L__s44,S-PROBE,R2,inplace,fire_element_2,44,misc/2026-09-08_collapse_probe/out/r2/base_cond_neutral/probe_r2__P14L__s44.mp4,121,8,113,True,b20e2687d39c81cb26dffaa78e62d4c0,False,probe__P14L__fire_element_2__s44,full,,prompt_id=P14L
probe_r3__P14L__s44,S-PROBE,R3,inplace,fire_element_2,44,misc/2026-09-08_collapse_probe/out/r3/base_cond_neutral/probe_r3__P14L__s44.mp4,121,8,113,True,a5baa1bdd5da3f601764570e52e42daf,False,probe__P14L__fire_element_2__s44,captions,,prompt_id=P14L
probe__P17L__color_rain_0__s42,S-PROBE,R1,inplace,color_rain_0,42,misc/2026-09-08_collapse_probe/out/r1/base_cond_neutral/probe__P17L__color_rain_0__s42.mp4,121,8,120,False,9d226eb4371e25b6640775b9c8fc0b0e,False,,full,,prompt_id=P17L;witness
probe_r2__P17L__s42,S-PROBE,R2,inplace,color_rain_0,42,misc/2026-09-08_collapse_probe/out/r2/base_cond_neutral/probe_r2__P17L__s42.mp4,121,8,113,True,b27a0dafddaeeca07f92e0ae5ba2a3ac,False,probe__P17L__color_rain_0__s42,full,,prompt_id=P17L
probe_r3__P17L__s42,S-PROBE,R3,inplace,color_rain_0,42,misc/2026-09-08_collapse_probe/out/r3/base_cond_neutral/probe_r3__P17L__s42.mp4,121,8,113,True,47cd05f51bda67ebd3c0afca7bb0cafc,False,probe__P17L__color_rain_0__s42,captions,,prompt_id=P17L
probe__P17L__color_rain_0__s43,S-PROBE,R1,inplace,color_rain_0,43,misc/2026-09-08_collapse_probe/out/r1/base_cond_neutral/probe__P17L__color_rain_0__s43.mp4,121,8,120,False,ea037b39f1434b3d8f2182ee7cfd6f10,False,,full,,prompt_id=P17L;witness
probe_r2__P17L__s43,S-PROBE,R2,inplace,color_rain_0,43,misc/2026-09-08_collapse_probe/out/r2/base_cond_neutral/probe_r2__P17L__s43.mp4,121,8,113,True,277d3aafa9f3931ce6b181a1b1f08d18,False,probe__P17L__color_rain_0__s43,full,,prompt_id=P17L
probe_r3__P17L__s43,S-PROBE,R3,inplace,color_rain_0,43,misc/2026-09-08_collapse_probe/out/r3/base_cond_neutral/probe_r3__P17L__s43.mp4,121,8,113,True,77dee5a03c27bc89a096226925cb5612,False,probe__P17L__color_rain_0__s43,captions,,prompt_id=P17L
probe__P17L__color_rain_0__s44,S-PROBE,R1,inplace,color_rain_0,44,misc/2026-09-08_collapse_probe/out/r1/base_cond_neutral/probe__P17L__color_rain_0__s44.mp4,121,8,120,False,7a556369fd838570ddc60ac9f77d2677,False,,full,,prompt_id=P17L;witness
probe_r2__P17L__s44,S-PROBE,R2,inplace,color_rain_0,44,misc/2026-09-08_collapse_probe/out/r2/base_cond_neutral/probe_r2__P17L__s44.mp4,121,8,113,True,b359578e3a33c17234c0e10232726ea9,False,probe__P17L__color_rain_0__s44,full,,prompt_id=P17L
probe_r3__P17L__s44,S-PROBE,R3,inplace,color_rain_0,44,misc/2026-09-08_collapse_probe/out/r3/base_cond_neutral/probe_r3__P17L__s44.mp4,121,8,113,True,4591a3943e354a513d657abfcf87b6a6,False,probe__P17L__color_rain_0__s44,captions,,prompt_id=P17L
probe__P19L__earth_element_4__s42,S-PROBE,R1,inplace,earth_element_4,42,misc/2026-09-08_collapse_probe/out/r1/base_cond_neutral/probe__P19L__earth_element_4__s42.mp4,121,8,120,False,5b265de84e1d65e0861d17cacd097d88,False,,full,,prompt_id=P19L;witness
probe_r2__P19L__s42,S-PROBE,R2,inplace,earth_element_4,42,misc/2026-09-08_collapse_probe/out/r2/base_cond_neutral/probe_r2__P19L__s42.mp4,121,8,113,True,c7f0b3ad342ef766f9e98951d60bc7c4,False,probe__P19L__earth_element_4__s42,full,,prompt_id=P19L
probe_r3__P19L__s42,S-PROBE,R3,inplace,earth_element_4,42,misc/2026-09-08_collapse_probe/out/r3/base_cond_neutral/probe_r3__P19L__s42.mp4,121,8,113,True,2e02bf1c4499feaf22fd0d7fb0c2cbd8,False,probe__P19L__earth_element_4__s42,captions,,prompt_id=P19L
probe__P19L__earth_element_4__s43,S-PROBE,R1,inplace,earth_element_4,43,misc/2026-09-08_collapse_probe/out/r1/base_cond_neutral/probe__P19L__earth_element_4__s43.mp4,121,8,120,False,f76851c5ed10482c045483bc55818f03,False,,full,,prompt_id=P19L;witness
probe_r2__P19L__s43,S-PROBE,R2,inplace,earth_element_4,43,misc/2026-09-08_collapse_probe/out/r2/base_cond_neutral/probe_r2__P19L__s43.mp4,121,8,113,True,b4a2c9671709d018e973013bd2dc8633,False,probe__P19L__earth_element_4__s43,full,,prompt_id=P19L
probe_r3__P19L__s43,S-PROBE,R3,inplace,earth_element_4,43,misc/2026-09-08_collapse_probe/out/r3/base_cond_neutral/probe_r3__P19L__s43.mp4,121,8,113,True,0d4e7f1fc5bb0b1ac9677902cac6420a,False,probe__P19L__earth_element_4__s43,captions,,prompt_id=P19L
probe__P19L__earth_element_4__s44,S-PROBE,R1,inplace,earth_element_4,44,misc/2026-09-08_collapse_probe/out/r1/base_cond_neutral/probe__P19L__earth_element_4__s44.mp4,121,8,120,False,20c7d604fe72dc5e6ec59567acffac25,False,,full,,prompt_id=P19L;witness
probe_r2__P19L__s44,S-PROBE,R2,inplace,earth_element_4,44,misc/2026-09-08_collapse_probe/out/r2/base_cond_neutral/probe_r2__P19L__s44.mp4,121,8,113,True,5044626944e6a532025417608325d516,False,probe__P19L__earth_element_4__s44,full,,prompt_id=P19L
probe_r3__P19L__s44,S-PROBE,R3,inplace,earth_element_4,44,misc/2026-09-08_collapse_probe/out/r3/base_cond_neutral/probe_r3__P19L__s44.mp4,121,8,113,True,b3c7c6452de27a4f23907cfc88f5e25a,False,probe__P19L__earth_element_4__s44,captions,,prompt_id=P19L
probe__P23L__glitch_1__s42,S-PROBE,R1,inplace,glitch_1,42,misc/2026-09-08_collapse_probe/out/r1/base_cond_neutral/probe__P23L__glitch_1__s42.mp4,121,8,120,False,593df590fbbeb8846820905527bc730a,False,,full,,prompt_id=P23L;witness
probe_r2__P23L__s42,S-PROBE,R2,inplace,glitch_1,42,misc/2026-09-08_collapse_probe/out/r2/base_cond_neutral/probe_r2__P23L__s42.mp4,121,8,113,True,39058e4b79d4f65f90e96c480ec655ee,False,probe__P23L__glitch_1__s42,full,,prompt_id=P23L
probe_r3__P23L__s42,S-PROBE,R3,inplace,glitch_1,42,misc/2026-09-08_collapse_probe/out/r3/base_cond_neutral/probe_r3__P23L__s42.mp4,121,8,113,True,8fe1022f25f0d1b070817f9e1a6c5e14,False,probe__P23L__glitch_1__s42,captions,,prompt_id=P23L
probe__P23L__glitch_1__s43,S-PROBE,R1,inplace,glitch_1,43,misc/2026-09-08_collapse_probe/out/r1/base_cond_neutral/probe__P23L__glitch_1__s43.mp4,121,8,120,False,3239cd10c797db5ff7ac828e7aee8bf5,False,,full,,prompt_id=P23L;witness
probe_r2__P23L__s43,S-PROBE,R2,inplace,glitch_1,43,misc/2026-09-08_collapse_probe/out/r2/base_cond_neutral/probe_r2__P23L__s43.mp4,121,8,113,True,f29253bc1f1c67b8027b3c687d5fb37f,False,probe__P23L__glitch_1__s43,full,,prompt_id=P23L
probe_r3__P23L__s43,S-PROBE,R3,inplace,glitch_1,43,misc/2026-09-08_collapse_probe/out/r3/base_cond_neutral/probe_r3__P23L__s43.mp4,121,8,113,True,b92937dfdd10abde3a10235daee473ea,False,probe__P23L__glitch_1__s43,captions,,prompt_id=P23L
probe__P23L__glitch_1__s44,S-PROBE,R1,inplace,glitch_1,44,misc/2026-09-08_collapse_probe/out/r1/base_cond_neutral/probe__P23L__glitch_1__s44.mp4,121,8,120,False,544d451dc9438c419c8bd3bbabd53561,False,,full,,prompt_id=P23L;witness
probe_r2__P23L__s44,S-PROBE,R2,inplace,glitch_1,44,misc/2026-09-08_collapse_probe/out/r2/base_cond_neutral/probe_r2__P23L__s44.mp4,121,8,113,True,d8ab7070712102e4b9690a288578b233,False,probe__P23L__glitch_1__s44,full,,prompt_id=P23L
probe_r3__P23L__s44,S-PROBE,R3,inplace,glitch_1,44,misc/2026-09-08_collapse_probe/out/r3/base_cond_neutral/probe_r3__P23L__s44.mp4,121,8,113,True,71e389a6215fb2ce5d7598bfb65a02b4,False,probe__P23L__glitch_1__s44,captions,,prompt_id=P23L
probe__P28L__animalization_0__s42,S-PROBE,R1,inplace,animalization_0,42,misc/2026-09-08_collapse_probe/out/r1/base_cond_neutral/probe__P28L__animalization_0__s42.mp4,121,8,120,False,9ebd7ba96abecea15f4c2d21bb22fe2e,False,,full,,prompt_id=P28L;witness
probe_r2__P28L__s42,S-PROBE,R2,inplace,animalization_0,42,misc/2026-09-08_collapse_probe/out/r2/base_cond_neutral/probe_r2__P28L__s42.mp4,121,8,113,True,c8f2e62c5e91f7c6b466ea8c2122c30c,False,probe__P28L__animalization_0__s42,full,,prompt_id=P28L
probe_r3__P28L__s42,S-PROBE,R3,inplace,animalization_0,42,misc/2026-09-08_collapse_probe/out/r3/base_cond_neutral/probe_r3__P28L__s42.mp4,121,8,113,True,e9c7d2a7634b7dc6756cf52384fefd7a,False,probe__P28L__animalization_0__s42,captions,,prompt_id=P28L
probe__P28L__animalization_0__s43,S-PROBE,R1,inplace,animalization_0,43,misc/2026-09-08_collapse_probe/out/r1/base_cond_neutral/probe__P28L__animalization_0__s43.mp4,121,8,120,False,4767d44d2e01d7d450ed6b1a056ffef8,False,,full,,prompt_id=P28L;witness
probe_r2__P28L__s43,S-PROBE,R2,inplace,animalization_0,43,misc/2026-09-08_collapse_probe/out/r2/base_cond_neutral/probe_r2__P28L__s43.mp4,121,8,113,True,1f7d3cc35fedaa4f7407513661ce629d,False,probe__P28L__animalization_0__s43,full,,prompt_id=P28L
probe_r3__P28L__s43,S-PROBE,R3,inplace,animalization_0,43,misc/2026-09-08_collapse_probe/out/r3/base_cond_neutral/probe_r3__P28L__s43.mp4,121,8,113,True,db1742d2bf92be4a62ef194ba6053ba9,False,probe__P28L__animalization_0__s43,captions,,prompt_id=P28L
probe__P28L__animalization_0__s44,S-PROBE,R1,inplace,animalization_0,44,misc/2026-09-08_collapse_probe/out/r1/base_cond_neutral/probe__P28L__animalization_0__s44.mp4,121,8,120,False,f6491037f892a16865b94f0ea9f70b72,False,,full,,prompt_id=P28L;witness
probe_r2__P28L__s44,S-PROBE,R2,inplace,animalization_0,44,misc/2026-09-08_collapse_probe/out/r2/base_cond_neutral/probe_r2__P28L__s44.mp4,121,8,113,True,6d136237deba1aeae5dd0590570a5cc8,False,probe__P28L__animalization_0__s44,full,,prompt_id=P28L
probe_r3__P28L__s44,S-PROBE,R3,inplace,animalization_0,44,misc/2026-09-08_collapse_probe/out/r3/base_cond_neutral/probe_r3__P28L__s44.mp4,121,8,113,True,571601e66630f819aaa6d1be99eabb49,False,probe__P28L__animalization_0__s44,captions,,prompt_id=P28L
sweep__class1__blackswan__mallard-water__A_empty__s42,S-SWEEP,A_empty,,class1__blackswan__mallard-water,42,outputs/videos/exp_024_ltx2_prompt_sweep/run_0003/class1__blackswan__mallard-water/A_empty/s42_catA_empty_steps40.mp4,193,24,168,True,1aad647912afdcd3655d00f215f6320a,False,,empty,,davis_pair;cats=25condframes/end
sweep__class1__blackswan__mallard-water__A_word__s42,S-SWEEP,A_word,,class1__blackswan__mallard-water,42,outputs/videos/exp_024_ltx2_prompt_sweep/run_0003/class1__blackswan__mallard-water/A_word/s42_catA_word_steps40.mp4,193,24,168,True,2ac9cacbffbdf6c71bc70376f46f8eb5,False,,word,,davis_pair;cats=25condframes/end
sweep__class1__blackswan__mallard-water__B__s42,S-SWEEP,B,,class1__blackswan__mallard-water,42,outputs/videos/exp_024_ltx2_prompt_sweep/run_0003/class1__blackswan__mallard-water/B/s42_catB_steps40.mp4,193,24,168,True,6135594dfa1185aac2bedfdb70a6bd52,False,,generic,,davis_pair;cats=25condframes/end
sweep__class1__blackswan__mallard-water__C__s42,S-SWEEP,C,,class1__blackswan__mallard-water,42,outputs/videos/exp_024_ltx2_prompt_sweep/run_0003/class1__blackswan__mallard-water/C/s42_catC_steps40.mp4,193,24,168,True,cf54fc36f6378d71f48dbc2b8c1c6aec,False,,abstract,,davis_pair;cats=25condframes/end
sweep__class1__blackswan__mallard-water__D__s42,S-SWEEP,D,,class1__blackswan__mallard-water,42,outputs/videos/exp_024_ltx2_prompt_sweep/run_0003/class1__blackswan__mallard-water/D/s42_catD_steps40.mp4,193,24,168,True,ba72293acb54230fa179e36d751be38a,False,,typed,,davis_pair;cats=25condframes/end
sweep__class1__blackswan__mallard-water__E__s42,S-SWEEP,E,,class1__blackswan__mallard-water,42,outputs/videos/exp_024_ltx2_prompt_sweep/run_0003/class1__blackswan__mallard-water/E/s42_catE_steps40.mp4,193,24,168,True,a26cfe62ee80dd2895c63dc332cba878,False,,timed,,davis_pair;cats=25condframes/end
sweep__class2__mallard-fly__mallard-water__A_empty__s42,S-SWEEP,A_empty,,class2__mallard-fly__mallard-water,42,outputs/videos/exp_024_ltx2_prompt_sweep/run_0003/class2__mallard-fly__mallard-water/A_empty/s42_catA_empty_steps40.mp4,193,24,168,True,b63536133cc7af37a784e520eeed690f,False,,empty,,davis_pair;cats=25condframes/end
sweep__class2__mallard-fly__mallard-water__A_word__s42,S-SWEEP,A_word,,class2__mallard-fly__mallard-water,42,outputs/videos/exp_024_ltx2_prompt_sweep/run_0003/class2__mallard-fly__mallard-water/A_word/s42_catA_word_steps40.mp4,193,24,168,True,a7cde2a9805374b6318311ffffaecb09,False,,word,,davis_pair;cats=25condframes/end
sweep__class2__mallard-fly__mallard-water__B__s42,S-SWEEP,B,,class2__mallard-fly__mallard-water,42,outputs/videos/exp_024_ltx2_prompt_sweep/run_0003/class2__mallard-fly__mallard-water/B/s42_catB_steps40.mp4,193,24,168,True,492f5145e4eb88eafc0bf5ca698645c3,False,,generic,,davis_pair;cats=25condframes/end
sweep__class2__mallard-fly__mallard-water__C__s42,S-SWEEP,C,,class2__mallard-fly__mallard-water,42,outputs/videos/exp_024_ltx2_prompt_sweep/run_0003/class2__mallard-fly__mallard-water/C/s42_catC_steps40.mp4,193,24,168,True,0ea6387e17ecfa005495037a2e424bae,False,,abstract,,davis_pair;cats=25condframes/end
sweep__class2__mallard-fly__mallard-water__D__s42,S-SWEEP,D,,class2__mallard-fly__mallard-water,42,outputs/videos/exp_024_ltx2_prompt_sweep/run_0003/class2__mallard-fly__mallard-water/D/s42_catD_steps40.mp4,193,24,168,True,0e63a0827ffb9fe1c6600fbd72b8801c,False,,typed,,davis_pair;cats=25condframes/end
sweep__class2__mallard-fly__mallard-water__E__s42,S-SWEEP,E,,class2__mallard-fly__mallard-water,42,outputs/videos/exp_024_ltx2_prompt_sweep/run_0003/class2__mallard-fly__mallard-water/E/s42_catE_steps40.mp4,193,24,168,True,969825ee3ee37da3949d798e0143fbe2,False,,timed,,davis_pair;cats=25condframes/end
sweep__class2__motocross-bumps__motocross-jump__A_empty__s42,S-SWEEP,A_empty,,class2__motocross-bumps__motocross-jump,42,outputs/videos/exp_024_ltx2_prompt_sweep/run_0003/class2__motocross-bumps__motocross-jump/A_empty/s42_catA_empty_steps40.mp4,193,24,168,True,5039b0dcf434361456082fcd31333ce7,False,,empty,,davis_pair;cats=25condframes/end
sweep__class2__motocross-bumps__motocross-jump__A_word__s42,S-SWEEP,A_word,,class2__motocross-bumps__motocross-jump,42,outputs/videos/exp_024_ltx2_prompt_sweep/run_0003/class2__motocross-bumps__motocross-jump/A_word/s42_catA_word_steps40.mp4,193,24,168,True,bc42a0d21a341fd984c457952d3174c1,False,,word,,davis_pair;cats=25condframes/end
sweep__class2__motocross-bumps__motocross-jump__B__s42,S-SWEEP,B,,class2__motocross-bumps__motocross-jump,42,outputs/videos/exp_024_ltx2_prompt_sweep/run_0003/class2__motocross-bumps__motocross-jump/B/s42_catB_steps40.mp4,193,24,168,True,8a1ac9869ce784a4341296bc4793d503,False,,generic,,davis_pair;cats=25condframes/end
sweep__class2__motocross-bumps__motocross-jump__C__s42,S-SWEEP,C,,class2__motocross-bumps__motocross-jump,42,outputs/videos/exp_024_ltx2_prompt_sweep/run_0003/class2__motocross-bumps__motocross-jump/C/s42_catC_steps40.mp4,193,24,168,True,a993ebce4e6863da98124c7a2cef7a7e,False,,abstract,,davis_pair;cats=25condframes/end
sweep__class2__motocross-bumps__motocross-jump__D__s42,S-SWEEP,D,,class2__motocross-bumps__motocross-jump,42,outputs/videos/exp_024_ltx2_prompt_sweep/run_0003/class2__motocross-bumps__motocross-jump/D/s42_catD_steps40.mp4,193,24,168,True,076f56685b95b2ef4ba18f7639d3b147,False,,typed,,davis_pair;cats=25condframes/end
sweep__class2__motocross-bumps__motocross-jump__E__s42,S-SWEEP,E,,class2__motocross-bumps__motocross-jump,42,outputs/videos/exp_024_ltx2_prompt_sweep/run_0003/class2__motocross-bumps__motocross-jump/E/s42_catE_steps40.mp4,193,24,168,True,ecbb84f924467dd33edcffbd06704fa0,False,,timed,,davis_pair;cats=25condframes/end
sweep__class2__paragliding-launch__paragliding__A_empty__s42,S-SWEEP,A_empty,,class2__paragliding-launch__paragliding,42,outputs/videos/exp_024_ltx2_prompt_sweep/run_0003/class2__paragliding-launch__paragliding/A_empty/s42_catA_empty_steps40.mp4,193,24,168,True,9096aef8e9455cb098e9dd6c0fe61891,False,,empty,,davis_pair;cats=25condframes/end
sweep__class2__paragliding-launch__paragliding__A_word__s42,S-SWEEP,A_word,,class2__paragliding-launch__paragliding,42,outputs/videos/exp_024_ltx2_prompt_sweep/run_0003/class2__paragliding-launch__paragliding/A_word/s42_catA_word_steps40.mp4,193,24,168,True,bdfeb413cff433a05a86492548661e22,False,,word,,davis_pair;cats=25condframes/end
sweep__class2__paragliding-launch__paragliding__B__s42,S-SWEEP,B,,class2__paragliding-launch__paragliding,42,outputs/videos/exp_024_ltx2_prompt_sweep/run_0003/class2__paragliding-launch__paragliding/B/s42_catB_steps40.mp4,193,24,168,True,356eb84003a6a24dc14a090e71abef0f,False,,generic,,davis_pair;cats=25condframes/end
sweep__class2__paragliding-launch__paragliding__C__s42,S-SWEEP,C,,class2__paragliding-launch__paragliding,42,outputs/videos/exp_024_ltx2_prompt_sweep/run_0003/class2__paragliding-launch__paragliding/C/s42_catC_steps40.mp4,193,24,168,True,a42b621bcf9c9d31b0e0085ccb2aa7c5,False,,abstract,,davis_pair;cats=25condframes/end
sweep__class2__paragliding-launch__paragliding__D__s42,S-SWEEP,D,,class2__paragliding-launch__paragliding,42,outputs/videos/exp_024_ltx2_prompt_sweep/run_0003/class2__paragliding-launch__paragliding/D/s42_catD_steps40.mp4,193,24,168,True,57e208c6895c80d568d75c2f65e337f3,False,,typed,,davis_pair;cats=25condframes/end
sweep__class2__paragliding-launch__paragliding__E__s42,S-SWEEP,E,,class2__paragliding-launch__paragliding,42,outputs/videos/exp_024_ltx2_prompt_sweep/run_0003/class2__paragliding-launch__paragliding/E/s42_catE_steps40.mp4,193,24,168,True,e7edc44cf8ba9e3b86c14e55bbf83749,False,,timed,,davis_pair;cats=25condframes/end
sweep__class5__breakdance-flare__breakdance__A_empty__s42,S-SWEEP,A_empty,,class5__breakdance-flare__breakdance,42,outputs/videos/exp_024_ltx2_prompt_sweep/run_0003/class5__breakdance-flare__breakdance/A_empty/s42_catA_empty_steps40.mp4,193,24,168,True,4c4104ff933539fd895ae131f2f75c7b,False,,empty,,davis_pair;cats=25condframes/end
sweep__class5__breakdance-flare__breakdance__A_word__s42,S-SWEEP,A_word,,class5__breakdance-flare__breakdance,42,outputs/videos/exp_024_ltx2_prompt_sweep/run_0003/class5__breakdance-flare__breakdance/A_word/s42_catA_word_steps40.mp4,193,24,168,True,f7bb2979bd1874b0c73212b12961ed76,False,,word,,davis_pair;cats=25condframes/end
sweep__class5__breakdance-flare__breakdance__B__s42,S-SWEEP,B,,class5__breakdance-flare__breakdance,42,outputs/videos/exp_024_ltx2_prompt_sweep/run_0003/class5__breakdance-flare__breakdance/B/s42_catB_steps40.mp4,193,24,168,True,f7a469685e55e00da76a15e3e2c259a5,False,,generic,,davis_pair;cats=25condframes/end
sweep__class5__breakdance-flare__breakdance__C__s42,S-SWEEP,C,,class5__breakdance-flare__breakdance,42,outputs/videos/exp_024_ltx2_prompt_sweep/run_0003/class5__breakdance-flare__breakdance/C/s42_catC_steps40.mp4,193,24,168,True,1fa02a1baaa7cc90e2ba4ba23968b26c,False,,abstract,,davis_pair;cats=25condframes/end
sweep__class5__breakdance-flare__breakdance__D__s42,S-SWEEP,D,,class5__breakdance-flare__breakdance,42,outputs/videos/exp_024_ltx2_prompt_sweep/run_0003/class5__breakdance-flare__breakdance/D/s42_catD_steps40.mp4,193,24,168,True,2bfd489eabb5bafe82f75dfa62fd3418,False,,typed,,davis_pair;cats=25condframes/end
sweep__class5__breakdance-flare__breakdance__E__s42,S-SWEEP,E,,class5__breakdance-flare__breakdance,42,outputs/videos/exp_024_ltx2_prompt_sweep/run_0003/class5__breakdance-flare__breakdance/E/s42_catE_steps40.mp4,193,24,168,True,026430bc4108369973d87a0c2a1c7e65,False,,timed,,davis_pair;cats=25condframes/end
sweep__class5__car-roundabout__bus__A_empty__s42,S-SWEEP,A_empty,,class5__car-roundabout__bus,42,outputs/videos/exp_024_ltx2_prompt_sweep/run_0003/class5__car-roundabout__bus/A_empty/s42_catA_empty_steps40.mp4,193,24,168,True,fe18769659796f72ac857969d51d174f,False,,empty,,davis_pair;cats=25condframes/end
sweep__class5__car-roundabout__bus__A_word__s42,S-SWEEP,A_word,,class5__car-roundabout__bus,42,outputs/videos/exp_024_ltx2_prompt_sweep/run_0003/class5__car-roundabout__bus/A_word/s42_catA_word_steps40.mp4,193,24,168,True,5881c02e3624f96d65116317e5f7522d,False,,word,,davis_pair;cats=25condframes/end
sweep__class5__car-roundabout__bus__B__s42,S-SWEEP,B,,class5__car-roundabout__bus,42,outputs/videos/exp_024_ltx2_prompt_sweep/run_0003/class5__car-roundabout__bus/B/s42_catB_steps40.mp4,193,24,168,True,68d10d791e177c861a8ee1eb385710c8,False,,generic,,davis_pair;cats=25condframes/end
sweep__class5__car-roundabout__bus__C__s42,S-SWEEP,C,,class5__car-roundabout__bus,42,outputs/videos/exp_024_ltx2_prompt_sweep/run_0003/class5__car-roundabout__bus/C/s42_catC_steps40.mp4,193,24,168,True,627d8f1b137584f4d4ca90083773b266,False,,abstract,,davis_pair;cats=25condframes/end
sweep__class5__car-roundabout__bus__D__s42,S-SWEEP,D,,class5__car-roundabout__bus,42,outputs/videos/exp_024_ltx2_prompt_sweep/run_0003/class5__car-roundabout__bus/D/s42_catD_steps40.mp4,193,24,168,True,df16211605675750dd1fe530d6773121,False,,typed,,davis_pair;cats=25condframes/end
sweep__class5__car-roundabout__bus__E__s42,S-SWEEP,E,,class5__car-roundabout__bus,42,outputs/videos/exp_024_ltx2_prompt_sweep/run_0003/class5__car-roundabout__bus/E/s42_catE_steps40.mp4,193,24,168,True,a1e9e990a853bed28378841cca31ade1,False,,timed,,davis_pair;cats=25condframes/end
sweep__class5__car-turn__car-shadow__A_empty__s42,S-SWEEP,A_empty,,class5__car-turn__car-shadow,42,outputs/videos/exp_024_ltx2_prompt_sweep/run_0003/class5__car-turn__car-shadow/A_empty/s42_catA_empty_steps40.mp4,193,24,168,True,2e1a8cc4c1b246583f6bea253fc15705,False,,empty,,davis_pair;cats=25condframes/end
sweep__class5__car-turn__car-shadow__A_word__s42,S-SWEEP,A_word,,class5__car-turn__car-shadow,42,outputs/videos/exp_024_ltx2_prompt_sweep/run_0003/class5__car-turn__car-shadow/A_word/s42_catA_word_steps40.mp4,193,24,168,True,086a06712a56692c11bfe88e6f8a2a6c,False,,word,,davis_pair;cats=25condframes/end
sweep__class5__car-turn__car-shadow__B__s42,S-SWEEP,B,,class5__car-turn__car-shadow,42,outputs/videos/exp_024_ltx2_prompt_sweep/run_0003/class5__car-turn__car-shadow/B/s42_catB_steps40.mp4,193,24,168,True,d5a8eb966b9301759febb0f5d8c51a0d,False,,generic,,davis_pair;cats=25condframes/end
sweep__class5__car-turn__car-shadow__C__s42,S-SWEEP,C,,class5__car-turn__car-shadow,42,outputs/videos/exp_024_ltx2_prompt_sweep/run_0003/class5__car-turn__car-shadow/C/s42_catC_steps40.mp4,193,24,168,True,e574d9dfbcb61c706c45dd5831bb66ad,False,,abstract,,davis_pair;cats=25condframes/end
sweep__class5__car-turn__car-shadow__D__s42,S-SWEEP,D,,class5__car-turn__car-shadow,42,outputs/videos/exp_024_ltx2_prompt_sweep/run_0003/class5__car-turn__car-shadow/D/s42_catD_steps40.mp4,193,24,168,True,61f28555e885349828de482b5db419f5,False,,typed,,davis_pair;cats=25condframes/end
sweep__class5__car-turn__car-shadow__E__s42,S-SWEEP,E,,class5__car-turn__car-shadow,42,outputs/videos/exp_024_ltx2_prompt_sweep/run_0003/class5__car-turn__car-shadow/E/s42_catE_steps40.mp4,193,24,168,True,2104f7832b1f7acd4661bdd2bd91b834,False,,timed,,davis_pair;cats=25condframes/end
sweep__class5__lucia__hike__A_empty__s42,S-SWEEP,A_empty,,class5__lucia__hike,42,outputs/videos/exp_024_ltx2_prompt_sweep/run_0003/class5__lucia__hike/A_empty/s42_catA_empty_steps40.mp4,193,24,168,True,a44be907bb2c270985192b0f9cdb8b18,False,,empty,,davis_pair;cats=25condframes/end
sweep__class5__lucia__hike__A_word__s42,S-SWEEP,A_word,,class5__lucia__hike,42,outputs/videos/exp_024_ltx2_prompt_sweep/run_0003/class5__lucia__hike/A_word/s42_catA_word_steps40.mp4,193,24,168,True,b3de413a156a5e573e86aa71bb068d4b,False,,word,,davis_pair;cats=25condframes/end
sweep__class5__lucia__hike__B__s42,S-SWEEP,B,,class5__lucia__hike,42,outputs/videos/exp_024_ltx2_prompt_sweep/run_0003/class5__lucia__hike/B/s42_catB_steps40.mp4,193,24,168,True,a57b5319002a1536f6e790f5d2f9f03f,False,,generic,,davis_pair;cats=25condframes/end
sweep__class5__lucia__hike__C__s42,S-SWEEP,C,,class5__lucia__hike,42,outputs/videos/exp_024_ltx2_prompt_sweep/run_0003/class5__lucia__hike/C/s42_catC_steps40.mp4,193,24,168,True,6fc0f8ce11f6decd7d599a3af615419d,False,,abstract,,davis_pair;cats=25condframes/end
sweep__class5__lucia__hike__D__s42,S-SWEEP,D,,class5__lucia__hike,42,outputs/videos/exp_024_ltx2_prompt_sweep/run_0003/class5__lucia__hike/D/s42_catD_steps40.mp4,193,24,168,True,64cfa62148add4e154d96cf475a7a2e7,False,,typed,,davis_pair;cats=25condframes/end
sweep__class5__lucia__hike__E__s42,S-SWEEP,E,,class5__lucia__hike,42,outputs/videos/exp_024_ltx2_prompt_sweep/run_0003/class5__lucia__hike/E/s42_catE_steps40.mp4,193,24,168,True,cbb618ffd13553340cd720faf50c28b2,False,,timed,,davis_pair;cats=25condframes/end
sweep__class6__longboard__kite-surf__A_empty__s42,S-SWEEP,A_empty,,class6__longboard__kite-surf,42,outputs/videos/exp_024_ltx2_prompt_sweep/run_0003/class6__longboard__kite-surf/A_empty/s42_catA_empty_steps40.mp4,193,24,168,True,45f0faedc1468f4c4de39ab55fb24b90,False,,empty,,davis_pair;cats=25condframes/end
sweep__class6__longboard__kite-surf__A_word__s42,S-SWEEP,A_word,,class6__longboard__kite-surf,42,outputs/videos/exp_024_ltx2_prompt_sweep/run_0003/class6__longboard__kite-surf/A_word/s42_catA_word_steps40.mp4,193,24,168,True,6a03e8bd62a075a09114ce5b12a3410d,False,,word,,davis_pair;cats=25condframes/end
sweep__class6__longboard__kite-surf__B__s42,S-SWEEP,B,,class6__longboard__kite-surf,42,outputs/videos/exp_024_ltx2_prompt_sweep/run_0003/class6__longboard__kite-surf/B/s42_catB_steps40.mp4,193,24,168,True,34dd9ecfc39bdd380c2ec0cdc22d1d5b,False,,generic,,davis_pair;cats=25condframes/end
sweep__class6__longboard__kite-surf__C__s42,S-SWEEP,C,,class6__longboard__kite-surf,42,outputs/videos/exp_024_ltx2_prompt_sweep/run_0003/class6__longboard__kite-surf/C/s42_catC_steps40.mp4,193,24,168,True,23832796ec9107862c12d505d43b9d11,False,,abstract,,davis_pair;cats=25condframes/end
sweep__class6__longboard__kite-surf__D__s42,S-SWEEP,D,,class6__longboard__kite-surf,42,outputs/videos/exp_024_ltx2_prompt_sweep/run_0003/class6__longboard__kite-surf/D/s42_catD_steps40.mp4,193,24,168,True,185d8642d44c0c97069be5181428f13a,False,,typed,,davis_pair;cats=25condframes/end
sweep__class6__longboard__kite-surf__E__s42,S-SWEEP,E,,class6__longboard__kite-surf,42,outputs/videos/exp_024_ltx2_prompt_sweep/run_0003/class6__longboard__kite-surf/E/s42_catE_steps40.mp4,193,24,168,True,7f4f78b7fc6f8bf3b913d09975a3939f,False,,timed,,davis_pair;cats=25condframes/end
sweep__class8__blackswan__boat__A_empty__s42,S-SWEEP,A_empty,,class8__blackswan__boat,42,outputs/videos/exp_024_ltx2_prompt_sweep/run_0003/class8__blackswan__boat/A_empty/s42_catA_empty_steps40.mp4,193,24,168,True,e6731b12239b7e6576049d2f16f5ac42,False,,empty,,davis_pair;cats=25condframes/end
sweep__class8__blackswan__boat__A_word__s42,S-SWEEP,A_word,,class8__blackswan__boat,42,outputs/videos/exp_024_ltx2_prompt_sweep/run_0003/class8__blackswan__boat/A_word/s42_catA_word_steps40.mp4,193,24,168,True,c3d1bf27050a0267a4fa11692d0af8c1,False,,word,,davis_pair;cats=25condframes/end
sweep__class8__blackswan__boat__B__s42,S-SWEEP,B,,class8__blackswan__boat,42,outputs/videos/exp_024_ltx2_prompt_sweep/run_0003/class8__blackswan__boat/B/s42_catB_steps40.mp4,193,24,168,True,7cd875bd68b06321ef09aab7a0f9ed60,False,,generic,,davis_pair;cats=25condframes/end
sweep__class8__blackswan__boat__C__s42,S-SWEEP,C,,class8__blackswan__boat,42,outputs/videos/exp_024_ltx2_prompt_sweep/run_0003/class8__blackswan__boat/C/s42_catC_steps40.mp4,193,24,168,True,cb5cc8abf33bfeebc9b4b2e792c62d81,False,,abstract,,davis_pair;cats=25condframes/end
sweep__class8__blackswan__boat__D__s42,S-SWEEP,D,,class8__blackswan__boat,42,outputs/videos/exp_024_ltx2_prompt_sweep/run_0003/class8__blackswan__boat/D/s42_catD_steps40.mp4,193,24,168,True,ef409c6e517df933c696e8bc1f928945,False,,typed,,davis_pair;cats=25condframes/end
sweep__class8__blackswan__boat__E__s42,S-SWEEP,E,,class8__blackswan__boat,42,outputs/videos/exp_024_ltx2_prompt_sweep/run_0003/class8__blackswan__boat/E/s42_catE_steps40.mp4,193,24,168,True,a23a75e61ac0ce8421840ea858a0184c,False,,timed,,davis_pair;cats=25condframes/end
