step_share,step_over_gap,step_pos,n_steps_big,md5,variant,endpoint,seed,two_sided,foreign,cls,DR_med,M,prompt,grid,sided
0.060346458107233,1.0917413234710691,0.6571428571428571,5,3a7fd20ca6705636f62f918f428a2ec0,01_effect__dai,shadow_smoke_7,42,True,False,REAL,0.6065733432769775,0.4423076923076923,effect,v2,
0.088442713022232,1.0084649324417114,0.2857142857142857,3,4bde96b943422b6180d61ea2707a1273,01_effect__dai,shadow_smoke_7,43,True,False,REAL,0.3279244899749756,0.4230769230769231,effect,v2,
0.0249795243144035,0.2496148198843002,0.7523809523809524,20,3e57e848b698884f7acfc5dd1eb87f28,01_effect__dai,hero_flight_6,42,True,False,REAL,0.7147643566131592,0.4230769230769231,effect,v2,
0.0181292798370122,0.3937157690525055,0.6476190476190476,63,8284827dea2f60bdfe199e12c1884a12,01_effect__dai,hero_flight_6,43,True,False,REAL,0.6493849754333496,0.5576923076923077,effect,v2,
0.0299279540777206,0.2046640813350677,0.3428571428571428,19,d2d2a7c987cc2d5a576f4b880ec30dbb,01_effect__dai,shadow_smoke_2,42,True,False,REAL,0.2736248970031738,0.173076923076923,effect,v2,
0.0267124697566032,0.208380788564682,0.1619047619047619,32,132cf963c09991fd58bff24619166da3,01_effect__dai,shadow_smoke_2,43,True,False,REAL,0.2252936214208603,0.2307692307692307,effect,v2,
0.0526962280273437,2.027721881866455,0.2952380952380952,9,cf66463329d6d3b4d583f49204fee58f,01_effect__dai,display_transition_1,42,True,False,REAL,0.3753874003887176,0.2403846153846154,effect,v2,
0.1077404469251632,3.1151716709136963,0.7142857142857143,2,a4a9982d4924c50ace124f54fe90ad2d,01_effect__dai,display_transition_1,43,True,False,REAL,0.5976691246032715,0.0384615384615384,effect,v2,
0.0851723775267601,0.5609647035598755,0.3714285714285714,1,06338c6484fda64e6a456ad708ef4318,01_effect__dai,raven_transition_2,42,True,False,REAL,0.3714874684810638,0.2980769230769231,effect,v2,
0.0237896740436553,0.2508175075054168,0.0380952380952381,37,4f0ed63b33b3b6e7048f982351242a50,01_effect__dai,raven_transition_2,43,True,False,REAL,0.5404574871063232,0.4807692307692308,effect,v2,
0.0510779358446598,0.4938678741455078,0.5904761904761905,7,f7282b0e454bc2aa5c43dd9aaedad294,01_effect__dai,melt_transition_2,42,True,False,CUT,0.0751328468322753,0.0288461538461538,effect,v2,
0.0242804996669292,0.6253750324249268,0.6285714285714286,42,321daf2df33bba226166537a14dddb53,01_effect__dai,melt_transition_2,43,True,False,REAL,0.8374248743057251,0.1923076923076923,effect,v2,
0.023112166672945,0.2784071862697601,0.2285714285714285,43,241669bd828793198cf314c7457cf895,01_effect__dai,shadow_smoke_0,42,True,False,REAL,0.6620370149612427,0.3269230769230769,effect,v2,
0.0389493554830551,0.4306539893150329,0.1333333333333333,13,7900e72368aabcb758626b912d0c4bda,01_effect__dai,shadow_smoke_0,43,True,False,REAL,0.2801178395748138,0.2596153846153846,effect,v2,
0.0444068200886249,0.6397700309753418,0.5047619047619047,17,813e309a3b583421ef9211d7efcd7d64,01_effect__dai,hero_flight_5,42,True,False,REAL,0.2394733428955078,0.0769230769230769,effect,v2,
0.0420973300933837,0.7544440627098083,0.2857142857142857,17,687fbf79aaf6b530752a85c548850288,01_effect__dai,hero_flight_5,43,True,False,REAL,0.3493047952651977,0.0865384615384615,effect,v2,
0.0226195454597473,0.2251905649900436,0.9904761904761904,51,f581b9e63ed5a22510f2d8006d7c1877,01_effect__dai,hero_flight_1,42,True,False,REAL,0.4703372716903686,0.1634615384615384,effect,v2,
0.0541724786162376,0.7204529047012329,0.638095238095238,6,c5e323ef940a052881aee0abc27bb8a4,01_effect__dai,hero_flight_1,43,True,False,REAL,0.4547078907489776,0.0288461538461538,effect,v2,
0.0260244198143482,0.4794320166110992,0.2571428571428571,39,3e341a79e1feb3ac3025be459f9f7b39,01_effect__dai,earth_wave_3,42,True,False,REAL,0.3670455813407898,0.375,effect,v2,
0.0388721190392971,1.0182067155838013,0.6666666666666666,18,2f6a3adca9c360d9c5bcacefbf45894e,01_effect__dai,earth_wave_3,43,True,False,REAL,0.7680392265319824,0.5288461538461539,effect,v2,
0.0291970111429691,0.6763319373130798,0.0380952380952381,19,1e2a894eb7c99f5375c4d870786adc2f,01_effect__dai,davis_bear_elephant,42,True,True,REAL,0.9093058109283448,0.4134615384615384,effect,v2,
0.0232460629194974,0.6276188492774963,0.6666666666666666,38,c7523bf289f1969f2f1e70224dbea8a8,01_effect__dai,davis_bear_elephant,43,True,True,REAL,0.6652361154556274,0.3557692307692308,effect,v2,
0.0227282363921403,0.2723835706710815,0.4857142857142857,37,02621e9eb7f7c05c8855befb0c1a998d,01_effect__dai,davis_bear_elephant,42,True,True,REAL,0.3243245482444763,0.125,effect,v2,
0.0234933421015739,0.6036543250083923,0.7047619047619048,30,f418ba2329a76e4e1dde8c89834948db,01_effect__dai,davis_bear_elephant,43,True,True,REAL,0.6988239288330078,0.0769230769230769,effect,v2,
0.0359226427972316,0.5629155039787292,0.4857142857142857,32,8ee30a0166e251789576a50377a6d21a,01_effect__dai,air_bending_1,42,True,False,REAL,0.1736589074134826,0.3173076923076923,effect,v2,
0.0856910198926925,0.7556483745574951,0.4375,3,2f5ddcf3c7810189c63d06f7483ff034,tier2_start__dai,water_bending_3,42,False,False,REAL,0.2750759124755859,0.036036036036036,neutral,v2,
0.1318039000034332,0.9183228015899658,0.3303571428571428,7,10406142a19485981a292bb4237818de,tier2_start__dai,water_bending_3,43,False,False,REAL,0.2811111509799957,0.045045045045045,neutral,v2,
0.015850692987442,0.2593509256839752,0.2767857142857143,82,0853eb4d64c809712957e5f4113a3d60,tier2_start__dai,davis_blackswan_rhino,42,False,True,REAL,0.5032160878181458,0.4864864864864865,neutral,v2,
0.0342447161674499,0.5728893280029297,0.2678571428571428,5,6c75337fc86ed649c068006b0da6e618,tier2_start__dai,davis_blackswan_rhino,43,False,True,REAL,0.5696461200714111,0.4864864864864865,neutral,v2,
0.0872424468398094,0.594123125076294,0.3482142857142857,2,eaa57c0ce37b88e108c509b08fdd92df,tier2_start__dai,firelava_4,42,False,False,REAL,0.3781452775001526,0.009009009009009,neutral,v2,
0.0582777597010135,0.5596346855163574,0.1785714285714285,16,5ff28d570a6bd1c64fb8ce241c9e805b,tier2_start__dai,firelava_4,43,False,False,REAL,0.4712420105934143,0.1081081081081081,neutral,v2,
0.1112719252705574,0.693188488483429,0.4285714285714285,7,7e07cab97c75e5cf912009de460df4d1,tier2_start__dai,flying_cam_transition_4,42,False,False,REAL,0.2056232541799545,0.027027027027027,neutral,v2,
0.0449155829846859,0.2907564342021942,0.1607142857142857,16,5c7a2784cd8df89fe52ce504902539a0,tier2_start__dai,flying_cam_transition_4,43,False,False,REAL,0.1717321872711181,0.1081081081081081,neutral,v2,
0.025942906737327576,0.46274909377098083,0.4666666666666667,42,460e0686c7f76f4c657dedbb32edda68,01_effect__dai,air_bending_1,43,True,False,REAL,0.1300234794616699,0.1442307692307692,effect,v2,two
0.026753321290016174,0.641411304473877,0.580952380952381,25,8c2df723b56465c902e1ad3c91511486,01_effect__dai,hero_flight_6,42,True,False,REAL,0.4737238883972168,0.375,effect,v2,two
0.02956352010369301,0.8612479567527771,0.17142857142857143,17,9c3bea0fd6e886f21b3333fa22a0d51b,01_effect__dai,hero_flight_6,43,True,False,REAL,0.6881518363952637,0.5,effect,v2,two
0.030156098306179047,0.2608940303325653,0.6476190476190476,26,26e88fe22604ea958b0297881edc44a3,01_effect__dai,shadow_smoke_7,42,True,False,REAL,0.5352908372879028,0.5,effect,v2,two
0.028631767258048058,0.3996412456035614,0.17142857142857143,25,113bf7682e3ad1f42e87ea2a16cfd998,01_effect__dai,shadow_smoke_7,43,True,False,REAL,0.4525485038757324,0.4807692307692308,effect,v2,two
0.030434193089604378,0.07384045422077179,0.9904761904761905,14,3fa82a8782b4b2bd4fd66b99ac586984,01_effect__dai,hero_flight_5,42,True,False,REAL,0.1524893939495086,0.3846153846153846,effect,v2,two
0.03346126154065132,0.1395750194787979,0.2857142857142857,17,c31212b5966c2eb3fb3b4ce50d485c9c,01_effect__dai,hero_flight_5,43,True,False,REAL,0.2903550863265991,0.3269230769230769,effect,v2,two
0.030887052416801453,0.4988160729408264,0.6571428571428571,18,7573379443e58b8bbb0b69ab67761ef9,01_effect__dai,hero_flight_6,42,True,False,REAL,0.4324593544006347,0.2884615384615384,effect,v2,two
0.03392353281378746,0.7523999810218811,0.17142857142857143,29,d9b8e4a0b0a6cb89b95d298a654515c1,01_effect__dai,hero_flight_6,43,True,False,REAL,0.6534478664398193,0.5,effect,v2,two
0.02846396714448929,0.5473718643188477,0.9904761904761905,29,9fe6229798d6471a48848db993128957,01_effect__dai,davis_tennis_snowboard,42,True,True,REAL,0.6432713270187378,0.1826923076923076,effect,v2,two
0.02657494880259037,0.606325089931488,0.7238095238095238,33,47d7618e08b5b886a051c2b6ffe56a55,01_effect__dai,davis_tennis_snowboard,43,True,True,REAL,1.1665936708450315,0.4423076923076923,effect,v2,two
0.02430291473865509,0.3689747452735901,0.26666666666666666,38,47e712a655441a01010b1b95776de8e2,01_effect__dai,earth_wave_3,42,True,False,REAL,0.2424342334270477,0.173076923076923,effect,v2,two
0.023370657116174698,0.5927419066429138,0.34285714285714286,46,d9e7eba9afc97746ed4f825430c29e4c,01_effect__dai,earth_wave_3,43,True,False,REAL,0.4147284626960754,0.375,effect,v2,two
0.031134242191910744,0.7492328882217407,0.6666666666666666,32,7130bc6e27b37d8c1aea2b1db77321ab,01_effect__dai,giant_grab_3,42,True,False,REAL,1.3040482997894287,0.2115384615384615,effect,v2,two
0.05004212260246277,1.0098893642425537,0.5523809523809524,10,f5c8a240ad34b0aa2a6847cc0961afa2,01_effect__dai,giant_grab_3,43,True,False,REAL,1.0141096115112305,0.0961538461538461,effect,v2,two
0.03191062808036804,0.7226712107658386,0.4,25,bdd3a0d2c87350116e73bf2b3ad94a19,01_effect__dai,earth_wave_3,42,True,False,REAL,0.322032630443573,0.1538461538461538,effect,v2,two
0.022470127791166306,0.6761801242828369,0.49523809523809526,49,a4d6b204e16643e451ec09361ee799e2,01_effect__dai,earth_wave_3,43,True,False,REAL,0.597551703453064,0.4423076923076923,effect,v2,two
0.04098412021994591,0.6571220755577087,0.06666666666666667,19,0d9dc202e1703d1dbb681ee02ae515a9,01_effect__dai,giant_grab_3,42,True,False,REAL,0.37115478515625,0.1442307692307692,effect,v2,two
0.027339071035385132,0.6218731999397278,0.23809523809523808,38,ce5bdbe2781646b79704701f92b7e19a,01_effect__dai,giant_grab_3,43,True,False,REAL,0.395039290189743,0.0865384615384615,effect,v2,two
0.07848939299583435,1.4408586025238037,0.6476190476190476,1,bfb7e1ce7be42af71e072b9d419135e9,01_effect__dai,hero_flight_5,42,True,False,REAL,0.2174588143825531,0.2211538461538461,effect,v2,two
0.03638651221990585,0.7392641305923462,0.6190476190476191,29,25f97942b31d7a7bef9d5475062b554c,01_effect__dai,hero_flight_5,43,True,False,REAL,0.2718388736248016,0.25,effect,v2,two
0.06753040105104446,1.217531442642212,0.2761904761904762,2,4c9b34ae353693659f3ea899b7ab4d1b,01_effect__dai,davis_tennis_snowboard,42,True,True,REAL,0.7056295871734619,0.5096153846153846,effect,v2,two
0.0485091507434845,0.8745512962341309,0.05714285714285714,13,27aba0133a8fc560dc022637317fe027,01_effect__dai,davis_tennis_snowboard,43,True,True,REAL,0.6343539953231812,0.6923076923076923,effect,v2,two
0.026078885421156883,0.34510087966918945,0.5333333333333333,35,b576f6d7d57144ef47e979c0894eca28,01_effect__dai,water_bending_3,42,True,False,REAL,0.6856153011322021,0.3461538461538461,effect,v2,two
0.020703408867120743,0.6009817719459534,0.2857142857142857,52,5f383a2e961edd152f781106564c1b7e,01_effect__dai,water_bending_3,43,True,False,REAL,0.7134268283843994,0.3365384615384615,effect,v2,two
0.02704712189733982,0.5529227256774902,0.29523809523809524,32,e768b232e9f320d6dfd40365f7cb866c,01_effect__dai,shadow_smoke_7,42,True,False,REAL,0.5240368247032166,0.2211538461538461,effect,v2,two
0.02363230101764202,0.5691372156143188,0.3523809523809524,44,bd3bc1adb8f3350db8df9d48ab119e0d,01_effect__dai,shadow_smoke_7,43,True,False,REAL,0.2641044557094574,0.2596153846153846,effect,v2,two
0.03165767714381218,0.6346802115440369,0.5714285714285714,22,2f8cf3fa64213eb667d833521ec5305a,01_effect__dai,davis_bear_elephant,42,True,True,REAL,0.3505535721778869,0.0769230769230769,effect,v2,two
0.022961026057600975,0.36878660321235657,0.5904761904761905,45,678fecab4491801538effc7c839ccb52,01_effect__dai,davis_bear_elephant,43,True,True,REAL,0.604183554649353,0.0673076923076923,effect,v2,two
0.08189322054386139,0.8203824162483215,0.009523809523809525,1,db39f41b30d7133789c4ee1b4b72acb9,01_effect__dai,davis_bear_elephant,42,True,True,REAL,0.6689109802246094,0.2211538461538461,effect,v2,two
0.025631098076701164,0.32725492119789124,0.580952380952381,28,4319a2cea3759241cd052f3df1871523,01_effect__dai,davis_bear_elephant,43,True,True,REAL,0.6827113032341003,0.125,effect,v2,two
0.03860573470592499,0.6799688935279846,0.6857142857142857,15,6830c61c7cc1673df3c77e5b1e338962,01_effect__dai,davis_tennis_snowboard,42,True,True,REAL,0.7821788787841797,0.5576923076923077,effect,v2,two
0.03424130380153656,0.8649170994758606,0.7238095238095238,18,ae12f91e1feb2c6b41f7aeae75fd1a35,01_effect__dai,davis_tennis_snowboard,43,True,True,REAL,1.0312916040420532,0.5288461538461539,effect,v2,two
0.05967189371585846,1.2628906965255737,0.0761904761904762,6,21dd94befa35e1d5058adb015d042e6d,01_effect__dai,davis_blackswan_rhino,42,True,True,REAL,1.5603303909301758,0.0384615384615384,effect,v2,two
0.03677070513367653,0.8740387558937073,0.8095238095238095,18,cec9ba2febee173b42ba044404575e31,01_effect__dai,davis_blackswan_rhino,43,True,True,REAL,1.0628762245178225,0.5769230769230769,effect,v2,two
0.01870379038155079,0.2015790343284607,0.06666666666666667,62,ce3d46a5983510f835aa262fdcded8ef,01_effect__dai,davis_blackswan_rhino,42,True,True,REAL,0.3875908851623535,0.5192307692307693,effect,v2,two
0.018069211393594742,0.2293509691953659,0.1619047619047619,55,c6f503263193b48f7128d7f69f0f1c23,01_effect__dai,davis_blackswan_rhino,43,True,True,REAL,0.6203956604003906,0.4326923076923077,effect,v2,two
0.02894645184278488,0.5152819156646729,0.49523809523809526,33,3bc91b20947b7013b3e34cf0ba7757fa,01_effect__dai,firelava_4,42,True,False,REAL,0.2364836931228637,0.0673076923076923,effect,v2,two
0.01986454613506794,0.3859117329120636,0.3619047619047619,58,6e82809a4d023b60ddbe3fc47171e90b,01_effect__dai,firelava_4,43,True,False,REAL,0.5651521682739258,0.0961538461538461,effect,v2,two
0.05921151861548424,0.5603093504905701,0.9904761904761905,3,4a0a478b39a8bf747baf1f0216e0c72d,01_effect__dai,davis_tennis_snowboard,42,True,True,REAL,0.6756985187530518,0.2211538461538461,effect,v2,two
0.021556567400693893,0.5628482699394226,0.9904761904761905,66,56397cc8055f73546ee0b1cae883b971,01_effect__dai,davis_tennis_snowboard,43,True,True,REAL,0.8968318700790405,0.125,effect,v2,two
0.07608835399150848,0.5600453019142151,0.9904761904761905,1,8f589ec2b4b0f1bae0d4cec9bdfbdc65,01_effect__dai,davis_tennis_snowboard,42,True,True,REAL,0.5083910226821899,0.4230769230769231,effect,v2,two
0.017060693353414536,0.5599736571311951,0.9904761904761905,79,ccea422c2ef330b2ed48c71e66102343,01_effect__dai,davis_tennis_snowboard,43,True,True,REAL,0.7404998540878296,0.5576923076923077,effect,v2,two
0.03729034587740898,0.5048458576202393,0.0761904761904762,29,952310a83a63170f5905b9c0e1b5fbda,01_effect__dai,raven_transition_2,42,True,False,REAL,0.1655260622501373,0.173076923076923,effect,v2,two
0.028924617916345596,0.6120957136154175,0.17142857142857143,33,4b71cfdfc20d8d39b60fb63c7d9d2f05,01_effect__dai,raven_transition_2,43,True,False,REAL,0.2335169911384582,0.4423076923076923,effect,v2,two
0.02366614155471325,0.12887535989284515,0.3047619047619048,37,499a1f208ccd42a2c7890e4b0ddfff2d,01_effect__dai,davis_bear_elephant,42,True,True,REAL,0.2588064074516296,0.2211538461538461,effect,v2,two
0.026222242042422295,0.15184730291366577,0.8,18,c3ae6d9426d37c8864ca7296c5e5f701,01_effect__dai,davis_bear_elephant,43,True,True,REAL,0.3315597176551819,0.2692307692307692,effect,v2,two
0.02008899673819542,0.2815454304218292,0.0761904761904762,56,73a02b1f60623677817350c755397fe8,01_effect__dai,davis_blackswan_rhino,42,True,True,REAL,0.85976642370224,0.3461538461538461,effect,v2,two
0.017772210761904716,0.7201709151268005,0.45714285714285713,64,6d0795297ea7b14d560401a3f370d163,01_effect__dai,davis_blackswan_rhino,43,True,True,REAL,1.3514553308486938,0.4423076923076923,effect,v2,two
0.07110036164522171,0.25411257147789,0.24761904761904763,6,9b5bcdb688c37782599082ef3f8d7ffd,01_effect__dai,melt_transition_2,42,True,False,CUT,0.0734224319458007,0.1153846153846153,effect,v2,two
0.037647467106580734,0.3527071475982666,0.38095238095238093,26,00b9d47b644d60ca8e18c6b206b7fa61,01_effect__dai,melt_transition_2,43,True,False,CUT,0.1122858524322509,0.0961538461538461,effect,v2,two
0.08113289624452591,0.3824007511138916,0.3238095238095238,10,b75f66507c224b36a7dd6a2a131a9e3c,02_neutral__dai,shadow_smoke_2,42,True,False,CUT,0.1147767305374145,0.0673076923076923,neutral,v2,two
0.09800305217504501,0.4457932412624359,0.17142857142857143,8,d1bfbb02ea8280b59dfd91efd0009e1e,02_neutral__dai,shadow_smoke_2,43,True,False,CUT,0.1112230569124221,0.0288461538461538,neutral,v2,two
0.023139312863349915,0.5549275279045105,0.5238095238095238,33,6689776f76b0f873bd81cc832b63d085,01_effect__dai,davis_blackswan_rhino,42,True,True,REAL,0.6195341348648071,0.3461538461538461,effect,v2,two
0.021872643381357193,0.7033765912055969,0.8095238095238095,49,546c099dc2cc686d30d7c8c1954e5cc6,01_effect__dai,davis_blackswan_rhino,43,True,True,REAL,0.8687926530838013,0.4615384615384615,effect,v2,two
0.07119573652744293,0.3877526521682739,0.7333333333333333,11,94fc1b2320c8bea1f822c2d8667248e4,02_neutral__dai,hero_flight_1,42,True,False,REAL,0.2040862441062927,0.0384615384615384,neutral,v2,two
0.07387445867061615,0.6804172396659851,0.6476190476190476,6,ecf792363a4314ba47f5c8174c5fa92f,02_neutral__dai,hero_flight_1,43,True,False,REAL,0.2573407292366028,0.0288461538461538,neutral,v2,two
0.05109260976314545,0.5997971892356873,0.29523809523809524,16,ac037030818f59b3c66e1bea4a0aaf17,01_effect__dai,flying_cam_transition_4,42,True,False,REAL,0.2498494237661361,0.0673076923076923,effect,v2,two
0.03033854253590107,0.5185633897781372,0.5714285714285714,29,d560172951ac36076d54132ea1b295eb,01_effect__dai,flying_cam_transition_4,43,True,False,REAL,0.4246464967727661,0.0673076923076923,effect,v2,two
0.3017062842845917,0.9904494285583496,0.0761904761904762,1,fe0941d063f6697b14d05db6e1af3e34,02_neutral__dai,hero_flight_5,42,True,False,CUT,0.1193494945764541,0.0,neutral,v2,two
0.08627717941999435,0.7160511016845703,0.11428571428571428,9,25b3f2770b08c450f44fccd2859d6f8f,02_neutral__dai,hero_flight_5,43,True,False,CUT,0.114056795835495,0.0769230769230769,neutral,v2,two
0.08542424440383911,1.149539589881897,0.11428571428571428,5,720915ff778838100c7b7df7b3ecc1a3,02_neutral__dai,shadow_smoke_0,42,True,False,REAL,0.4251381456851959,0.2403846153846154,neutral,v2,two
0.04641216993331909,0.7562477588653564,0.24761904761904763,18,2e79dab2175ef4c81597a4986c343b04,02_neutral__dai,shadow_smoke_0,43,True,False,REAL,0.4790016710758209,0.173076923076923,neutral,v2,two
0.03143125772476196,0.34390249848365784,0.0761904761904762,18,3116148bc04ed150d17c14d1b8a061aa,02_neutral__dai,hero_flight_6,42,True,False,REAL,0.4338953495025635,0.1346153846153846,neutral,v2,two
0.04536348581314087,0.9947106838226318,0.02857142857142857,5,966d3071c1e4a559b90ca0930b07f839,02_neutral__dai,hero_flight_6,43,True,False,REAL,0.5696723461151123,0.0673076923076923,neutral,v2,two
0.08131951838731766,0.5635976791381836,0.09523809523809523,7,ceaa51c0958237b941e993f488a25c7c,02_neutral__dai,shadow_smoke_7,42,True,False,REAL,0.3814498782157898,0.0384615384615384,neutral,v2,two
0.06826169043779373,0.9977015256881714,0.13333333333333333,14,d119ff0f69e2384d1c2a6fb158a308d2,02_neutral__dai,shadow_smoke_7,43,True,False,CUT,0.104308433830738,0.173076923076923,neutral,v2,two
0.103391133248806,0.7843282222747803,0.42857142857142855,9,31678118ad3a1d675e8addaf4b3c4efa,02_neutral__dai,melt_transition_2,42,True,False,CUT,0.0418416857719421,0.0673076923076923,neutral,v2,two
0.038903750479221344,0.6856624484062195,0.41904761904761906,27,5705cfd3107677501452c3db2db918b5,02_neutral__dai,melt_transition_2,43,True,False,REAL,0.1901118010282516,0.0576923076923076,neutral,v2,two
0.15191683173179626,1.0198017358779907,0.38095238095238093,1,59837bb346ff069ee4a9edc2a9a671c7,02_neutral__dai,display_transition_1,42,True,False,REAL,0.1901746094226837,0.0,neutral,v2,two
0.23416286706924438,1.0880039930343628,0.8095238095238095,1,7fbee203ab18f7fba61b52211192c08f,02_neutral__dai,display_transition_1,43,True,False,REAL,0.1843366175889969,0.0769230769230769,neutral,v2,two
0.05181337147951126,0.7824405431747437,0.38095238095238093,19,7ab0436cde98b09cbf0b98bf4b16ffae,02_neutral__dai,earth_wave_3,42,True,False,REAL,0.1960812211036682,0.1826923076923076,neutral,v2,two
0.03321508318185806,0.8681140542030334,0.17142857142857143,32,aad816cba61d1076d0cd77182903a04f,02_neutral__dai,earth_wave_3,43,True,False,REAL,0.4790793359279632,0.2596153846153846,neutral,v2,two
0.02996770851314068,0.26437535881996155,0.5714285714285714,11,821905c084f08d71fcac2dd70e3c8def,02_neutral__dai,davis_bear_elephant,42,True,True,REAL,0.3580967783927917,0.0384615384615384,neutral,v2,two
0.050052933394908905,0.7670345306396484,0.2857142857142857,11,09fe6e3503807d48a6f06e4fad5a5963,02_neutral__dai,davis_bear_elephant,43,True,True,REAL,0.4860300421714782,0.0576923076923076,neutral,v2,two
0.18987369537353516,0.9574524164199829,0.37142857142857144,1,a41f062145afabf1fbe571b3e0709b3a,02_neutral__dai,raven_transition_2,42,True,False,REAL,0.2157641053199768,0.0,neutral,v2,two
0.08478803932666779,0.9295682311058044,0.18095238095238095,1,5adb26652d690d65b54be6b00cfe830c,02_neutral__dai,raven_transition_2,43,True,False,REAL,0.2692542672157287,0.0576923076923076,neutral,v2,two
0.023269305005669594,0.837651252746582,0.49523809523809526,40,1fb4bb1e72d61bd8554d7fad4e376fa3,02_neutral__dai,davis_tennis_snowboard,42,True,True,REAL,0.6332759857177734,0.3269230769230769,neutral,v2,two
0.035647545009851456,1.1421061754226685,0.2761904761904762,3,547ca74faae01e7802a9aa714298d598,02_neutral__dai,davis_tennis_snowboard,43,True,True,REAL,0.7263085842132568,0.5288461538461539,neutral,v2,two
0.05259796977043152,0.29878944158554077,0.8571428571428571,11,6fdab8d8f1fcc822e78beff2af3ea0c9,02_neutral__dai,water_bending_3,42,True,False,REAL,0.2261503934860229,0.048076923076923,neutral,v2,two
0.12433424592018127,1.1819088459014893,0.3047619047619048,6,62f0c4a0fce4741eb493b9300023e75c,02_neutral__dai,water_bending_3,43,True,False,REAL,0.2526994049549103,0.0096153846153846,neutral,v2,two
0.1417989879846573,0.7927960753440857,0.5047619047619047,6,075c4aa3d8bcd78cf159a4a60ff98f87,02_neutral__dai,air_bending_1,42,True,False,CUT,0.0388764292001724,0.0576923076923076,neutral,v2,two
0.10870905965566635,0.4805600941181183,0.34285714285714286,6,a1e4751084be49dffe1654a6f7372aa5,02_neutral__dai,air_bending_1,43,True,False,CUT,0.0884714424610138,0.0288461538461538,neutral,v2,two
0.05681971088051796,0.6528264284133911,0.5238095238095238,8,648009936d1a533078693c8c50ad46e7,02_neutral__dai,giant_grab_3,42,True,False,REAL,0.5423876643180847,0.2692307692307692,neutral,v2,two
0.10484819859266281,0.9629980325698853,0.5619047619047619,1,f81d058f353c8b21a1341e9b1dd2be81,02_neutral__dai,giant_grab_3,43,True,False,REAL,0.3068933486938476,0.0576923076923076,neutral,v2,two
0.037739530205726624,0.757466197013855,0.6571428571428571,7,1c39dd98c9de24f334f88e659fba8a92,02_neutral__dai,davis_blackswan_rhino,42,True,True,REAL,0.7154622077941895,0.625,neutral,v2,two
0.04561161622405052,0.9344213604927063,0.6095238095238096,5,1d99746e493450829c547ff5bf30030e,02_neutral__dai,davis_blackswan_rhino,43,True,True,REAL,0.6641305088996887,0.4807692307692308,neutral,v2,two
0.0618194080889225,0.3527471423149109,0.44761904761904764,9,21cd31b3a2c986f30aacd68da59dd6db,02_neutral__dai,firelava_4,42,True,False,REAL,0.2052749097347259,0.0673076923076923,neutral,v2,two
0.1285131424665451,0.8354830145835876,0.42857142857142855,1,afb22e7e4c5488756a44a2c3a69b8ed3,02_neutral__dai,firelava_4,43,True,False,REAL,0.2949568033218384,0.0096153846153846,neutral,v2,two
0.03690805286169052,0.1316109001636505,0.37142857142857144,11,e772ee2fe28f64320ffa11b3c7ab1dea,02_neutral__dai,flying_cam_transition_4,42,True,False,REAL,0.185031309723854,0.0576923076923076,neutral,v2,two
0.030146639794111252,0.11012952774763107,0.5523809523809524,19,a5d75183c6688e9e5862948634690b10,02_neutral__dai,flying_cam_transition_4,43,True,False,REAL,0.3014810681343078,0.1153846153846153,neutral,v2,two
0.07665679603815079,0.6115063428878784,0.42857142857142855,12,5f52f843c1ecb22da95033c685759b6c,04_neutral_v3__dai,earth_wave_5,42,True,False,REAL,0.1968834847211837,0.0865384615384615,neutral,v3,two
0.0831335037946701,0.9190590381622314,0.4380952380952381,2,4de7bdcb5f383703ce12a20bfcf64f8b,04_neutral_v3__dai,earth_wave_5,43,True,False,REAL,0.1506466269493103,0.1346153846153846,neutral,v3,two
0.4538392424583435,1.0034477710723877,0.37142857142857144,1,c321d2f05d2f53c027aab09c6f055ab1,04_neutral_v3__dai,hvpair.humanvid_10042758.humanvid_7537430,42,True,True,REAL,0.1213747337460517,0.0,neutral,v3,two
0.1128862202167511,0.6695388555526733,0.2857142857142857,8,94b6faf318da586eb81de942447f5876,04_neutral_v3__dai,hvpair.humanvid_10042758.humanvid_7537430,43,True,True,CUT,0.0721427202224731,0.048076923076923,neutral,v3,two
0.09030640125274658,0.9158764481544495,0.38095238095238093,1,9f87e38c63b23d1532992009e8726f22,04_neutral_v3__dai,hvpair.humanvid_12405668.humanvid_7539020,42,True,True,REAL,0.3120945394039154,0.2019230769230769,neutral,v3,two
0.033919140696525574,0.5734744071960449,0.5714285714285714,20,5d6bc9436efa6f5773c85b134dd37e06,04_neutral_v3__dai,hvpair.humanvid_12405668.humanvid_7539020,43,True,True,REAL,0.4820049703121185,0.2019230769230769,neutral,v3,two
0.13981559872627258,0.5297490954399109,0.47619047619047616,6,eed3d1f9494ab3b48c3dc1ebcffb7186,04_neutral_v3__dai,hvpair.humanvid_4058810.humanvid_7682587,42,True,True,CUT,0.0397674515843391,0.0384615384615384,neutral,v3,two
0.10567612200975418,0.490680456161499,0.2857142857142857,6,0a909a8f92b6b39ead31a89614ae296d,04_neutral_v3__dai,hvpair.humanvid_4058810.humanvid_7682587,43,True,True,CUT,0.1065201088786125,0.0192307692307692,neutral,v3,two
0.2254176139831543,1.0420483350753784,0.09523809523809523,1,3de666b197b081a980cb738f384d124e,04_neutral_v3__dai,hvpair.humanvid_4076737.humanvid_7707744,42,True,True,REAL,0.2875969409942627,0.0,neutral,v3,two
0.12250172346830368,1.0551698207855225,0.09523809523809523,5,4ef138cb58e2ff7026e07ff9aa561fa5,04_neutral_v3__dai,hvpair.humanvid_4076737.humanvid_7707744,43,True,True,REAL,0.2739504277706146,0.0192307692307692,neutral,v3,two
0.3220759332180023,0.9997329115867615,0.23809523809523808,1,0c501cb59395e66e6f26731ac61fc33d,04_neutral_v3__dai,hvpair.humanvid_4223661.humanvid_7772314,42,True,True,CUT,0.0491116270422935,0.0,neutral,v3,two
0.0958072692155838,0.5723851919174194,0.2857142857142857,10,b7d347d8d4c45684811a4871de4e51bd,04_neutral_v3__dai,hvpair.humanvid_4223661.humanvid_7772314,43,True,True,CUT,0.0579966865479946,0.0769230769230769,neutral,v3,two
0.06993167847394943,0.3108059763908386,0.47619047619047616,12,08698ec0b64f41ca12219d3f7859ccb2,04_neutral_v3__dai,hvpair.humanvid_4325522.humanvid_7776745,42,True,True,CUT,0.0641588866710662,0.125,neutral,v3,two
0.2062750905752182,0.8367125391960144,0.4380952380952381,2,5988dac90d6b0322823f638cf6412472,04_neutral_v3__dai,hvpair.humanvid_4325522.humanvid_7776745,43,True,True,REAL,0.1260553896427154,0.1538461538461538,neutral,v3,two
0.3810111880302429,0.9924448132514954,0.47619047619047616,1,ae2918a06932a3b19e6094d448f4412d,04_neutral_v3__dai,hvpair.humanvid_2402374.humanvid_7663067,42,True,True,REAL,0.1527567505836486,0.0,neutral,v3,two
0.3205084800720215,1.0133956670761108,0.06666666666666667,1,b95b6df17ffa39eb64f02b1a37177ac6,04_neutral_v3__dai,hvpair.humanvid_2402374.humanvid_7663067,43,True,True,CUT,0.0935568362474441,0.0,neutral,v3,two
0.5221543908119202,0.9464359879493713,0.09523809523809523,1,ce76d36158d417bffe7e1bc7c1412070,04_neutral_v3__dai,hvpair.humanvid_3795426.humanvid_7670221,42,True,True,CUT,0.0278462078422307,0.0,neutral,v3,two
0.35095852613449097,1.1943598985671997,0.09523809523809523,2,d75acb5d49f43677de065bb44af6af21,04_neutral_v3__dai,hvpair.humanvid_3795426.humanvid_7670221,43,True,True,CUT,0.0372106805443763,0.0,neutral,v3,two
0.024622317403554916,0.4085981249809265,0.5142857142857142,45,3bbcf966373f2b4e9ac4e09ef9b09329,04_neutral_v3__dai,giant_grab_5,42,True,False,REAL,0.3931843638420105,0.3365384615384615,neutral,v3,two
0.04497361183166504,0.7891502976417542,0.6476190476190476,3,463efd30982328d014d2d58dc118eec9,04_neutral_v3__dai,giant_grab_5,43,True,False,REAL,0.5174349546432495,0.4711538461538461,neutral,v3,two
0.15634259581565857,1.4025447368621826,0.23809523809523808,1,29bd40fd59b04a76da144a0a2f988069,04_neutral_v3__dai,flame_transition_2,42,True,False,REAL,0.1886568367481231,0.0,neutral,v3,two
0.2143365889787674,1.026139736175537,0.3619047619047619,1,7063ece92eb7b512378f0e9b877c6d27,04_neutral_v3__dai,flame_transition_2,43,True,False,REAL,0.2804272770881653,0.0,neutral,v3,two
0.3288729786872864,0.9931264519691467,0.22857142857142856,1,ba6e8f41539b2c13c5b8e57a1541e428,04_neutral_v3__dai,flame_transition_3,42,True,False,REAL,0.1594254970550537,0.0,neutral,v3,two
0.08867810666561127,0.48323264718055725,0.17142857142857143,6,ea3fb305cecf36e568e45758ebf42168,04_neutral_v3__dai,flame_transition_3,43,True,False,REAL,0.2360998541116714,0.0288461538461538,neutral,v3,two
0.2694920599460602,0.9609814286231995,0.6476190476190476,1,232346796ea612950a5f7962e51a0f0e,04_neutral_v3__dai,hvpair.humanvid_5124224.humanvid_7970355,42,True,True,REAL,0.2336733043193817,0.0,neutral,v3,two
0.2626311779022217,0.8962093591690063,0.580952380952381,2,e2b42ffbc12de4e467d408efd94eae0b,04_neutral_v3__dai,hvpair.humanvid_5124224.humanvid_7970355,43,True,True,REAL,0.1629936397075653,0.0,neutral,v3,two
0.10623960942029953,0.7595961689949036,0.17142857142857143,3,819435eebbdf5bca0b00aa5c469a9347,04_neutral_v3__dai,hvpair.humanvid_4734626.humanvid_7957231,42,True,True,REAL,0.6100898385047913,0.5865384615384616,neutral,v3,two
0.02761634811758995,0.4757739305496216,0.780952380952381,12,fe909f21338c848e005a407dbe01870c,04_neutral_v3__dai,hvpair.humanvid_4734626.humanvid_7957231,43,True,True,REAL,0.5669327974319458,0.4423076923076923,neutral,v3,two
0.11029429733753204,0.4904172420501709,0.6095238095238096,2,f189b4891a20f13f6e5ac143f29bf5e5,04_neutral_v3__dai,hvpair.humanvid_4873451.humanvid_7969628,42,True,True,REAL,0.2886874675750732,0.0096153846153846,neutral,v3,two
0.09358159452676773,0.7526316046714783,0.42857142857142855,1,abe814f2f903e17fcc998afeb11c3f83,04_neutral_v3__dai,hvpair.humanvid_4873451.humanvid_7969628,43,True,True,REAL,0.3755558133125305,0.125,neutral,v3,two
0.0773252323269844,0.43469008803367615,0.4380952380952381,5,fd61e452d53a3921bb9ee278ffc87f59,04_neutral_v3__dai,hvpair.humanvid_4457812.humanvid_7864986,42,True,True,REAL,0.1373993754386901,0.0384615384615384,neutral,v3,two
0.12130098044872284,0.8933674693107605,0.6476190476190476,1,77cab22af95fdc98187d17832b0a1ef7,04_neutral_v3__dai,hvpair.humanvid_4457812.humanvid_7864986,43,True,True,REAL,0.2413635551929474,0.0,neutral,v3,two
0.07273231446743011,0.7309736609458923,0.49523809523809526,7,6c4a69cd71638907ab9539ceb5c67bca,04_neutral_v3__dai,hvpair.humanvid_4650062.humanvid_7884019,42,True,True,CUT,0.1037481725215911,0.048076923076923,neutral,v3,two
0.08285187184810638,1.041746973991394,0.2761904761904762,1,942c4e44d6b658cdc01066312ae1ff6a,04_neutral_v3__dai,hvpair.humanvid_4650062.humanvid_7884019,43,True,True,REAL,0.4563833773136139,0.4038461538461538,neutral,v3,two
0.06005916744470596,0.5575704574584961,0.5428571428571428,7,0abb4dacd2f25d21c2c7743307012a5c,06_effect_v3__dai,air_bending_1,42,True,False,REAL,0.27830770611763,0.3461538461538461,effect,v3,two
0.03701487556099892,0.5869289636611938,0.8666666666666667,19,5e85d0442b611988405adc320bc3ec03,06_effect_v3__dai,air_bending_1,43,True,False,REAL,0.5338418483734131,0.4711538461538461,effect,v3,two
0.027911696583032608,0.8946554660797119,0.5238095238095238,39,8bb324683235f19cbb02cf22f627bc4f,06_effect_v3__dai,air_bending_1,42,True,False,REAL,0.3408296704292297,0.3173076923076923,effect,v3,two
0.027756989002227783,0.7806049585342407,0.24761904761904763,34,b09fcb4480427d73ca0190e7768210fa,06_effect_v3__dai,air_bending_1,43,True,False,REAL,0.4886225461959839,0.25,effect,v3,two
0.11944079399108887,2.402251720428467,0.7238095238095238,1,61ce3edf007e6f2d1fd41b00a595cc01,06_effect_v3__dai,display_transition_1,42,True,False,REAL,1.447770118713379,0.0,effect,v3,two
0.017490414902567863,0.4928388297557831,0.49523809523809526,70,4d2b00da10edfa5cbee1ef7355d3ab5d,06_effect_v3__dai,display_transition_1,43,True,False,REAL,1.6408897638320925,0.0673076923076923,effect,v3,two
0.0395190455019474,0.7790068984031677,0.5238095238095238,14,6a772b6928f57db9e06e4a9de1508365,06_effect_v3__dai,firelava_4,42,True,False,REAL,0.3863370716571808,0.1153846153846153,effect,v3,two
0.030282728374004364,0.7442308068275452,0.3238095238095238,40,8b69a3316adbeff7f7075c51037158c4,06_effect_v3__dai,firelava_4,43,True,False,REAL,0.5179858803749084,0.2596153846153846,effect,v3,two
0.02672794833779335,0.5364565253257751,0.3047619047619048,36,84fb2714a11f132272601bfdead024fc,06_effect_v3__dai,earth_wave_5,42,True,False,REAL,0.2539284229278564,0.0865384615384615,effect,v3,two
0.02240484021604061,0.5042965412139893,0.47619047619047616,49,815a381f4620583068e62cf78dd80b6a,06_effect_v3__dai,earth_wave_5,43,True,False,REAL,0.4073015749454498,0.0961538461538461,effect,v3,two
0.04922245442867279,0.5016801357269287,0.5428571428571428,15,3d2abe7d18f283e232e75142bf4c286e,06_effect_v3__dai,firelava_4,42,True,False,REAL,0.2201583683490753,0.0288461538461538,effect,v3,two
0.04123205691576004,0.4291422367095947,0.3238095238095238,23,c39fcb8c045f21704a5ebd56e38b07f9,06_effect_v3__dai,firelava_4,43,True,False,REAL,0.2625424265861511,0.048076923076923,effect,v3,two
0.04019063711166382,0.6443489193916321,0.6571428571428571,12,1dd96d3e1a0bf77de97be377c9664f68,06_effect_v3__dai,hero_flight_6,42,True,False,REAL,0.4405656158924103,0.2596153846153846,effect,v3,two
0.03493887931108475,0.6854488849639893,0.5714285714285714,13,d900e41b7aea1533f0518db293a9724c,06_effect_v3__dai,hero_flight_6,43,True,False,REAL,0.4544631838798523,0.1923076923076923,effect,v3,two
0.05877678468823433,0.4670388102531433,0.37142857142857144,8,2358aa004095c900be6f299892636211,06_effect_v3__dai,water_bending_3,42,True,False,REAL,0.3497337400913238,0.2692307692307692,effect,v3,two
0.07455331832170486,0.5484939813613892,0.42857142857142855,6,f1e1635db0096484263ce9f1b86c7c4c,06_effect_v3__dai,water_bending_3,43,True,False,REAL,0.1789584755897522,0.1923076923076923,effect,v3,two
0.029151512309908867,0.4093877673149109,0.8571428571428571,36,8d69b85a3c73db25b79febaefd523ab7,06_effect_v3__dai,hvpair.humanvid_2402374.humanvid_7663067,42,True,True,REAL,0.4786321222782135,0.3173076923076923,effect,v3,two
0.01656866818666458,0.2759634554386139,0.17142857142857143,80,675abc701494ef9247b38828515c69d1,06_effect_v3__dai,hvpair.humanvid_2402374.humanvid_7663067,43,True,True,REAL,0.4611948728561401,0.6634615384615384,effect,v3,two
0.21476614475250244,0.996858537197113,0.1619047619047619,1,94a8e69b428ebfc4c2727bbc77811aea,06_effect_v3__dai,hvpair.humanvid_3795426.humanvid_7670221,42,True,True,CUT,0.0377854257822036,0.0,effect,v3,two
0.07316996902227402,0.5760251879692078,0.09523809523809523,1,cdda433ad0e982fbe410e6734eb5daee,06_effect_v3__dai,hvpair.humanvid_3795426.humanvid_7670221,43,True,True,REAL,0.1257442831993103,0.0673076923076923,effect,v3,two
0.048136789351701736,0.9386735558509827,0.6476190476190476,5,fb0e8e8064617735c5177c80b134623c,06_effect_v3__dai,hvpair.humanvid_10042758.humanvid_7537430,42,True,True,REAL,0.4171628654003143,0.2788461538461538,effect,v3,two
0.10706072300672531,0.9784660339355469,0.6666666666666666,1,5ee4a108a781a6add8c41e9f24315f5d,06_effect_v3__dai,hvpair.humanvid_10042758.humanvid_7537430,43,True,True,REAL,0.425649344921112,0.2403846153846154,effect,v3,two
0.0296188797801733,0.22319522500038147,0.2571428571428571,20,69006501f8426cb871a64c22f2431e93,06_effect_v3__dai,hvpair.humanvid_12405668.humanvid_7539020,42,True,True,REAL,0.3452128171920776,0.4326923076923077,effect,v3,two
0.023006612434983253,0.18865685164928436,0.11428571428571428,42,b3d704f1855ce4e1a8a2570cca18df1a,06_effect_v3__dai,hvpair.humanvid_12405668.humanvid_7539020,43,True,True,REAL,0.6382941007614136,0.5384615384615384,effect,v3,two
0.04514908045530319,0.2574966549873352,0.4095238095238095,19,b9bf71b7cd244709a086a7d809fb36e6,06_effect_v3__dai,hvpair.humanvid_4058810.humanvid_7682587,42,True,True,CUT,0.0779575556516647,0.0576923076923076,effect,v3,two
0.05269928276538849,0.33981946110725403,0.23809523809523808,9,28b6920170fd04d177d9206f07d8716f,06_effect_v3__dai,hvpair.humanvid_4058810.humanvid_7682587,43,True,True,REAL,0.2138570994138717,0.0769230769230769,effect,v3,two
0.046780072152614594,1.4537184238433838,0.26666666666666666,19,8de1baf9a39db1eab4f91ddd5c3372ac,06_effect_v3__dai,hvpair.humanvid_4076737.humanvid_7707744,42,True,True,REAL,0.3799106478691101,0.048076923076923,effect,v3,two
0.023882504552602768,0.9963811039924622,0.09523809523809523,54,06742a882bea5fcf6acf1340082b5558,06_effect_v3__dai,hvpair.humanvid_4076737.humanvid_7707744,43,True,True,REAL,0.6755239963531494,0.0384615384615384,effect,v3,two
0.022602492943406105,0.670950174331665,0.3904761904761905,45,5e51e57ffc80cfbf927a0e584d482e1c,06_effect_v3__dai,hvpair.humanvid_4223661.humanvid_7772314,42,True,True,REAL,0.6454614400863647,0.25,effect,v3,two
0.017734169960021973,0.5252145528793335,0.6190476190476191,60,4813e14570aef26fddbe729407610863,06_effect_v3__dai,hvpair.humanvid_4223661.humanvid_7772314,43,True,True,REAL,0.8678733706474304,0.5096153846153846,effect,v3,two
0.02014838345348835,0.7006760239601135,0.41904761904761906,52,8ef2156a8dd91962af853f5a1485ce49,06_effect_v3__dai,hvpair.humanvid_4325522.humanvid_7776745,42,True,True,REAL,0.8634308576583862,0.0769230769230769,effect,v3,two
0.017700623720884323,0.6367889046669006,0.3619047619047619,63,f8b50a5323642b31133bf74f7574e056,06_effect_v3__dai,hvpair.humanvid_4325522.humanvid_7776745,43,True,True,REAL,0.8417932987213135,0.1346153846153846,effect,v3,two
0.06843839585781097,0.8962033987045288,0.1619047619047619,9,9aa289a35963f38ca4364fb5c9addfb9,06_effect_v3__dai,giant_grab_5,42,True,False,REAL,0.5602165460586548,0.5096153846153846,effect,v3,two
0.04271290451288223,1.053663969039917,0.09523809523809523,16,2f3573216783eb618115c14c6cf99f63,06_effect_v3__dai,giant_grab_5,43,True,False,REAL,0.5958192348480225,0.5673076923076923,effect,v3,two
0.1510368436574936,1.171128511428833,0.29523809523809524,1,74148093f3c39809fabbf4ff1e236a67,06_effect_v3__dai,hero_flight_5,42,True,False,REAL,0.1877184510231018,0.0,effect,v3,two
0.09942881762981415,1.2253648042678833,0.05714285714285714,1,c2a1ffc29e6088c97bd12cfd7c656a35,06_effect_v3__dai,hero_flight_5,43,True,False,CUT,0.111021801829338,0.2115384615384615,effect,v3,two
0.03371642902493477,0.3740234673023224,0.6761904761904762,20,1074f54b30ccc7c011cf0f44e17653c6,06_effect_v3__dai,earth_wave_5,42,True,False,REAL,0.3251158893108368,0.4519230769230769,effect,v3,two
0.026784399524331093,0.3305600881576538,0.24761904761904763,40,e217f70b13e8da81fe028d68b4438f51,06_effect_v3__dai,earth_wave_5,43,True,False,REAL,0.3594698309898376,0.3942307692307692,effect,v3,two
0.03267403692007065,0.9120895266532898,0.5523809523809524,32,69cba43b6b03196c1552852166f45c1b,06_effect_v3__dai,flame_transition_2,42,True,False,REAL,0.8229409456253052,0.0288461538461538,effect,v3,two
0.021650483831763268,0.6531623005867004,0.5428571428571428,55,21b99a28e49eaa468edbfa1c03e3dde9,06_effect_v3__dai,flame_transition_2,43,True,False,REAL,0.9174275994300842,0.048076923076923,effect,v3,two
0.031541164964437485,0.7738713026046753,0.5428571428571428,34,9dd1e490ce8f2df8f3189ca42ec7ca68,06_effect_v3__dai,flame_transition_3,42,True,False,REAL,0.1212216466665268,0.0769230769230769,effect,v3,two
0.021912580356001854,0.5572630763053894,0.4380952380952381,51,bb7044bf7a3a68cfb1a66fb44996601d,06_effect_v3__dai,flame_transition_3,43,True,False,REAL,0.4808253943920135,0.3461538461538461,effect,v3,two
0.027126846835017204,0.27844929695129395,0.5047619047619047,35,1e03d93fd35d0ebd5799ec0623f89dbf,06_effect_v3__dai,shadow_smoke_0,42,True,False,REAL,0.5776908993721008,0.4038461538461538,effect,v3,two
0.03732521831989288,0.4222698211669922,0.18095238095238095,15,24fd1791f6f30092b0d022da3d4359d3,06_effect_v3__dai,shadow_smoke_0,43,True,False,REAL,0.3845464587211609,0.3557692307692308,effect,v3,two
0.035629816353321075,0.8304778933525085,0.5333333333333333,32,6a5397a8e15bc3676e88eb466eb7148e,06_effect_v3__dai,air_bending_1,42,True,False,DISSOLVE,0.0825585573911666,0.2884615384615384,effect,v3,two
0.04308009892702103,0.8005589246749878,0.2761904761904762,28,05d3b4b84fbf3b91e9c3398598678199,06_effect_v3__dai,air_bending_1,43,True,False,CUT,0.1061917692422866,0.1634615384615384,effect,v3,two
0.026738030835986137,0.20506316423416138,0.7047619047619048,32,46265351014cd905752c0ef11ea27c45,06_effect_v3__dai,hero_flight_6,42,True,False,REAL,0.3462740480899811,0.2019230769230769,effect,v3,two
0.035734958946704865,0.30603155493736267,0.8,15,46f2b06c47eed230e7e6f8edeffe5fc7,06_effect_v3__dai,hero_flight_6,43,True,False,REAL,0.38388392329216,0.4423076923076923,effect,v3,two
0.04254339262843132,0.7003670334815979,0.5238095238095238,13,562e9dbabd9dca678c650bc85ae6857a,06_effect_v3__dai,hero_flight_5,42,True,False,REAL,0.2761991918087005,0.3076923076923077,effect,v3,two
0.032190192490816116,0.8447834253311157,0.2761904761904762,32,d4abd1f3af5eb5a87bb76aabe3e1c247,06_effect_v3__dai,hero_flight_5,43,True,False,REAL,0.4007944166660309,0.173076923076923,effect,v3,two
0.022003231570124626,1.7556536197662354,0.580952380952381,60,00e9ed334046e35cb17dcc9f3bad6d81,06_effect_v3__dai,giant_grab_3,42,True,False,REAL,1.4613739252090454,0.375,effect,v3,two
0.016510555520653725,1.6485180854797363,0.2857142857142857,68,5ccf17b7ec10100a9ef4ce334ad29a66,06_effect_v3__dai,giant_grab_3,43,True,False,REAL,1.2282171249389648,0.1346153846153846,effect,v3,two
0.029467079788446426,0.6910071969032288,0.21904761904761905,25,cc2d39beec3bf08cf0bcc149bce2828c,06_effect_v3__dai,shadow_smoke_0,42,True,False,REAL,0.9780465364456176,0.4615384615384615,effect,v3,two
0.045246902853250504,0.985440731048584,0.11428571428571428,7,894d78873e24046b7e2bb053a62c88de,06_effect_v3__dai,shadow_smoke_0,43,True,False,REAL,1.3597294092178345,0.3173076923076923,effect,v3,two
0.052705809473991394,0.8606398701667786,0.638095238095238,14,f8695edbad845693c55e63f6fbc8a71c,06_effect_v3__dai,flying_cam_transition_4,42,True,False,REAL,0.3625006973743438,0.3076923076923077,effect,v3,two
0.04188716411590576,1.1082607507705688,0.2761904761904762,6,0ec024a2d8949c38b7e1e87f0c6c8bcf,06_effect_v3__dai,flying_cam_transition_4,43,True,False,REAL,0.5828571915626526,0.2115384615384615,effect,v3,two
0.05962110683321953,0.7405930161476135,0.6571428571428571,2,b365c56e46e1119ffcad3e00fbd89901,06_effect_v3__dai,hvpair.humanvid_4734626.humanvid_7957231,42,True,True,REAL,0.655858039855957,0.5865384615384616,effect,v3,two
0.02649158239364624,0.5787332653999329,0.2857142857142857,31,1bf735596ad49f3e9ab0fd751a4def61,06_effect_v3__dai,hvpair.humanvid_4734626.humanvid_7957231,43,True,True,REAL,0.7525649070739746,0.2307692307692307,effect,v3,two
0.0152971176430583,0.052277129143476486,0.0,82,ff5a51267225c249ede5df68ca94acd7,06_effect_v3__dai,hvpair.humanvid_4873451.humanvid_7969628,42,True,True,REAL,0.24630206823349,0.2980769230769231,effect,v3,two
0.028552938252687454,0.18829913437366486,0.6666666666666666,28,18ff3dd98842db47c636bbd07da76854,06_effect_v3__dai,hvpair.humanvid_4873451.humanvid_7969628,43,True,True,REAL,0.3310758471488952,0.1057692307692307,effect,v3,two
0.028619984164834023,0.4607212543487549,0.42857142857142855,31,71cc66f2195b1a9a757346d5edce2334,06_effect_v3__dai,hvpair.humanvid_4457812.humanvid_7864986,42,True,True,REAL,0.3048610985279083,0.0865384615384615,effect,v3,two
0.02116570621728897,0.4921540915966034,0.13333333333333333,54,5d84266a6d74ca1a33367da71e3358ac,06_effect_v3__dai,hvpair.humanvid_4457812.humanvid_7864986,43,True,True,REAL,0.5685925483703613,0.0769230769230769,effect,v3,two
0.03171134740114212,0.4564952850341797,0.47619047619047616,26,1ee252d0859c5d25da89cd4292e2f88a,06_effect_v3__dai,hvpair.humanvid_4650062.humanvid_7884019,42,True,True,REAL,0.4724556803703308,0.1538461538461538,effect,v3,two
0.035101328045129776,0.703876793384552,0.2857142857142857,16,7c6a354be1d8c40171251ea6f02e0a13,06_effect_v3__dai,hvpair.humanvid_4650062.humanvid_7884019,43,True,True,REAL,0.593390703201294,0.3076923076923077,effect,v3,two
0.028685370460152626,0.43950656056404114,0.44761904761904764,37,2e7ba401405600435dc21426a784de46,06_effect_v3__dai,firelava_4,42,True,False,REAL,0.2214097082614898,0.048076923076923,effect,v3,two
0.025153199210762978,0.44921818375587463,0.2761904761904762,44,edcafc9c15e4ec6d71f41121934d6d9b,06_effect_v3__dai,firelava_4,43,True,False,REAL,0.4231009185314178,0.0865384615384615,effect,v3,two
0.029284223914146423,0.879956841468811,0.6285714285714286,31,4b35f6cfe8a43e9f81083b814699097e,06_effect_v3__dai,display_transition_1,42,True,False,REAL,0.6647477149963379,0.4326923076923077,effect,v3,two
0.0223480723798275,0.46408572793006897,0.7523809523809524,46,50c5908a5eef6dbea88421e41d298587,06_effect_v3__dai,display_transition_1,43,True,False,REAL,0.5859216451644897,0.4615384615384615,effect,v3,two
0.03688085079193115,0.8602930903434753,0.638095238095238,24,a4652a1aa5a9aaa523553610658fc161,06_effect_v3__dai,hvpair.humanvid_5124224.humanvid_7970355,42,True,True,REAL,0.2809822559356689,0.0961538461538461,effect,v3,two
0.018040403723716736,0.8322717547416687,0.6190476190476191,67,ef0501cd8f6c6579e744cc167e92a16a,06_effect_v3__dai,hvpair.humanvid_5124224.humanvid_7970355,43,True,True,REAL,0.654083788394928,0.1538461538461538,effect,v3,two
0.08613070100545883,0.44316667318344116,0.47619047619047616,7,3fddb6761438efa3a23f886833343c28,06_effect_v3__dai,melt_transition_2,42,True,False,CUT,0.0750696808099746,0.0288461538461538,effect,v3,two
0.030799351632595062,0.3144594728946686,0.13333333333333333,37,d20eb4aae988c90e6a279ce1849ff5e8,06_effect_v3__dai,melt_transition_2,43,True,False,CUT,0.0632547438144683,0.1057692307692307,effect,v3,two
0.07657116651535034,0.22456073760986328,0.2767857142857143,1,532274766681672280f519c2e821a945,tier2_start__dai,hero_flight_1,42,False,False,REAL,0.2221277058124542,0.3243243243243243,neutral,v2,one(regen)
0.02652782015502453,0.36535006761550903,0.6607142857142857,28,92e0dcaef1774c5ee3a7132039d98e2b,tier2_start__dai,hero_flight_1,43,False,False,REAL,0.5346377491950989,0.1801801801801801,neutral,v2,one(regen)
0.48409345746040344,0.9887422919273376,0.2767857142857143,1,73d71123a60d36bdc5f43f334043e5f2,tier2_start__dai,shadow_smoke_2,42,False,False,CUT,0.0429668650031089,0.0,neutral,v2,one(regen)
0.047381192445755005,0.4062997102737427,0.13392857142857142,12,bc721f851a78cbb6a45efcdb51194d18,tier2_start__dai,shadow_smoke_2,43,False,False,CUT,0.0930930972099304,0.063063063063063,neutral,v2,one(regen)
0.05781242996454239,0.10475113987922668,0.5892857142857143,3,2c231ffbfbfccbc8f9b4cea1067148a1,tier2_start__dai,hero_flight_5,42,False,False,CUT,0.1010503619909286,0.1621621621621621,neutral,v2,one(regen)
0.05732588469982147,0.672642171382904,0.08928571428571429,7,39cb1dd064912ee6aa0b2a59e46252ad,tier2_start__dai,hero_flight_5,43,False,False,REAL,0.5824627876281738,0.081081081081081,neutral,v2,one(regen)
0.13053542375564575,1.0466629266738892,0.08928571428571429,1,c16958aa434f3cc788df71dd59104448,tier2_start__dai,shadow_smoke_0,42,False,False,REAL,0.4340509474277496,0.0,neutral,v2,one(regen)
0.0387834869325161,0.6983652114868164,0.16071428571428573,5,16f5d2e544a369dff41f62bb2f40e47a,tier2_start__dai,shadow_smoke_0,43,False,False,REAL,0.7087228298187256,0.081081081081081,neutral,v2,one(regen)
0.253947913646698,0.9381980299949646,0.16071428571428573,2,45d149dcf7245ee3c8cc39ade85c1978,tier2_start__dai,display_transition_1,42,False,False,REAL,0.3361513316631317,0.4594594594594595,neutral,v2,one(regen)
0.4174823760986328,1.0342676639556885,0.26785714285714285,1,0eb8ec0eaefb009a1caf115653f273a1,tier2_start__dai,display_transition_1,43,False,False,REAL,0.3535251319408417,0.0,neutral,v2,one(regen)
0.3635951578617096,0.9935559034347534,0.16071428571428573,1,fb5bf72d678de1be886130180703ee36,tier2_start__dai,earth_wave_3,42,False,False,REAL,0.1411011517047882,0.0,neutral,v2,one(regen)
0.05054440349340439,0.4187658727169037,0.14285714285714285,8,fb500d48a4a63e10b87a321f127721c6,tier2_start__dai,earth_wave_3,43,False,False,REAL,0.2306790500879287,0.027027027027027,neutral,v2,one(regen)
0.04873928800225258,0.650314450263977,0.2767857142857143,1,a2944b69e3a9c402604f69e9529288f4,tier2_start__dai,hero_flight_6,42,False,False,REAL,0.3721853196620941,0.2522522522522522,neutral,v2,one(regen)
0.040116649121046066,0.6319624185562134,0.16071428571428573,8,f478bafe12f41d131d1798107e93cfa6,tier2_start__dai,hero_flight_6,43,False,False,REAL,0.4782313406467438,0.2972972972972973,neutral,v2,one(regen)
0.17246487736701965,0.6540114283561707,0.07142857142857142,6,09ac18a6f576c1f0df43c50bb300e6f6,tier2_start__dai,shadow_smoke_7,42,False,False,REAL,0.1796492934226989,0.036036036036036,neutral,v2,one(regen)
0.10807112604379654,0.9398053884506226,0.125,1,56d5dc6e006b365ef460a554792361c1,tier2_start__dai,shadow_smoke_7,43,False,False,REAL,0.4077571928501129,0.1081081081081081,neutral,v2,one(regen)
0.01904127560555935,0.41013580560684204,0.42857142857142855,43,1cde516fe005b32b5a80ab92353f57c4,tier2_start__dai,davis_tennis_snowboard,42,False,True,REAL,0.4007807075977325,0.2612612612612612,neutral,v2,one(regen)
0.019664784893393517,0.49105024337768555,0.25892857142857145,48,60103adeddba3ac20c5f742a3bb84b7c,tier2_start__dai,davis_tennis_snowboard,43,False,True,REAL,0.4615290760993957,0.1261261261261261,neutral,v2,one(regen)
0.3873666524887085,1.039586067199707,0.2767857142857143,1,fe2aa1e0c8a4cd8436e19256ece1d3c8,tier2_start__dai,melt_transition_2,42,False,False,REAL,0.3138441145420074,0.0,neutral,v2,one(regen)
0.08631614595651627,0.5300707221031189,0.15178571428571427,11,1051a733ed7cf4ef747721d028a61baf,tier2_start__dai,melt_transition_2,43,False,False,REAL,0.2457532733678817,0.054054054054054,neutral,v2,one(regen)
0.1659127026796341,1.071533441543579,0.875,4,66ba6217e5833f9f682da994b61d59cc,tier2_start__dai,raven_transition_2,42,False,False,REAL,0.4159747064113617,0.045045045045045,neutral,v2,one(regen)
0.1692688912153244,1.0220621824264526,0.16964285714285715,1,5eb298ec32c7bde9aa49bd445d9ff749,tier2_start__dai,raven_transition_2,43,False,False,REAL,0.1995842456817627,0.0,neutral,v2,one(regen)
0.24452312290668488,1.016268253326416,0.16071428571428573,1,7efaed22d4942915ea0ade5626c4ead4,tier2_start__dai,air_bending_1,42,False,False,REAL,0.3827358782291412,0.0,neutral,v2,one(regen)
0.16091300547122955,0.9491164088249207,0.26785714285714285,1,2e4e39f6381a7e85d42ce2daf2205fa6,tier2_start__dai,air_bending_1,43,False,False,REAL,0.505703330039978,0.0,neutral,v2,one(regen)
0.017492007464170456,0.2417074292898178,0.22321428571428573,55,36992125a3a9b29bbecef1f39c080a28,tier2_start__dai,davis_bear_elephant,42,False,True,REAL,0.5115819573402405,0.2882882882882883,neutral,v2,one(regen)
0.026752149686217308,0.35359424352645874,0.23214285714285715,25,cf903658cefdfd03dbfd334164318604,tier2_start__dai,davis_bear_elephant,43,False,True,REAL,0.2997007966041565,0.1261261261261261,neutral,v2,one(regen)
0.029565490782260895,0.5998913645744324,0.017857142857142856,16,fb42adea360889c766a07375bfd4816b,tier2_start__dai,giant_grab_3,42,False,False,REAL,0.6823495626449585,0.3693693693693693,neutral,v2,one(regen)
0.026936298236250877,0.36864420771598816,0.9464285714285714,18,65d457cee7985d70f94fcf1d6093190b,tier2_start__dai,giant_grab_3,43,False,False,REAL,0.5221849083900452,0.3333333333333333,neutral,v2,one(regen)
0.014537155628204346,0.33172452449798584,0.22321428571428573,90,75ed2493d0660662d268f9d4dd6ef136,01_effect__dai,super_fast_run_3,42,False,False,REAL,0.3210631906986236,0.1171171171171171,effect,v2,one
0.012801901437342167,0.7931705117225647,0.16071428571428573,103,2ca2b718adf4b5704bd7136e22232e5c,01_effect__dai,super_fast_run_3,43,False,False,REAL,0.6720082759857178,0.3153153153153153,effect,v2,one
0.0225481316447258,0.08953432738780975,0.2857142857142857,27,5aa8b8be79441933363b2857605ae1e9,01_effect__dai,color_rain_2,42,False,False,REAL,0.4632410705089569,0.0990990990990991,effect,v2,one
0.03678100183606148,0.14011937379837036,0.24107142857142858,11,923d8c74d77c51935c681e6692e1de27,01_effect__dai,color_rain_2,43,False,False,REAL,0.183183953166008,0.1261261261261261,effect,v2,one
0.050566211342811584,1.009634256362915,0.6160714285714286,5,3484b1aca9aa50e537dfb9b249eaa5d3,01_effect__dai,color_rain_2,42,False,False,REAL,0.4885423183441162,0.036036036036036,effect,v2,one
0.015840552747249603,0.8797820806503296,0.16964285714285715,76,c39157dc5347ec28aee2b74807f626cd,01_effect__dai,color_rain_2,43,False,False,REAL,0.7513963580131531,0.5855855855855856,effect,v2,one
0.06383424997329712,0.42517879605293274,0.25892857142857145,5,8913a98c53ecab3f13ea4db03307ab52,01_effect__dai,polygon_4,42,False,False,REAL,0.2137283086776733,0.1441441441441441,effect,v2,one
0.03161802887916565,0.1912546306848526,0.125,28,440e7afb008d07287b08bf926d368f0c,01_effect__dai,polygon_4,43,False,False,REAL,0.1241473630070686,0.1711711711711711,effect,v2,one
0.033807702362537384,0.37597277760505676,0.4107142857142857,35,3833f1accad2950cfe2cf5558b52da29,01_effect__dai,portal_1,42,False,False,REAL,0.4246092736721039,0.2342342342342342,effect,v2,one
0.025722498074173927,0.43123969435691833,0.5714285714285714,50,53dc127035c6359f0bb6309fc30ac4cc,01_effect__dai,portal_1,43,False,False,REAL,0.1817083954811096,0.1081081081081081,effect,v2,one
0.028685910627245903,0.7578291296958923,0.5892857142857143,17,2a9e529a2df2cce1381cc8eda4580e27,01_effect__dai,super_fast_run_0,42,False,False,REAL,0.8721461296081543,0.5315315315315315,effect,v2,one
0.014393013902008533,0.9011065363883972,0.7857142857142857,91,430e6d55ea8627f8a61bb721836ebe05,01_effect__dai,super_fast_run_0,43,False,False,REAL,0.5996749401092529,0.7117117117117117,effect,v2,one
0.027539892122149467,0.032095372676849365,0.3482142857142857,40,dad9ef733b51ca0a1cc836d237f3892b,01_effect__dai,wireframe_0,42,False,False,CUT,0.0060780243948102,0.1981981981981982,effect,v2,one
0.01929550990462303,0.02416587993502617,0.41964285714285715,54,77a1b46a448e62dd50cf1331de16fea6,01_effect__dai,wireframe_0,43,False,False,CUT,0.0341827273368835,0.2342342342342342,effect,v2,one
0.029307760298252106,0.11098717898130417,0.375,30,4ffb720eb665d28c3a7b540770b6c039,01_effect__dai,illustration_scene_7,42,False,False,REAL,0.1871974021196365,0.2342342342342342,effect,v2,one
0.03976668417453766,0.15104208886623383,0.14285714285714285,16,280483ee68aa0e4ba15b277c5dac90c5,01_effect__dai,illustration_scene_7,43,False,False,REAL,0.2325704842805862,0.1081081081081081,effect,v2,one
0.02332412078976631,0.7772916555404663,0.6964285714285714,32,bb277a3c227d107e7652ae5dabde84cb,01_effect__dai,super_fast_run_10,42,False,False,REAL,0.7648091912269592,0.3873873873873873,effect,v2,one
0.016845233738422394,0.8482629656791687,0.22321428571428573,68,4b0132a1509e4e0b4f7878258652af45,01_effect__dai,super_fast_run_10,43,False,False,REAL,0.7470284104347229,0.6126126126126126,effect,v2,one
0.0429641529917717,0.2820456326007843,0.9107142857142857,6,39455656d503614151b88d52897466b0,01_effect__dai,animalization_3,42,False,False,REAL,0.3644919991493225,0.3333333333333333,effect,v2,one
0.012118449434638023,0.1398192048072815,0.8214285714285714,94,47a17538b333b0be03ea09378c78fe5c,01_effect__dai,animalization_3,43,False,False,REAL,0.2102829068899154,0.1981981981981982,effect,v2,one
0.020270677283406258,0.5651496648788452,0.2857142857142857,48,fb4dcd9d213fe7ec42d83fd58cfe8af2,01_effect__dai,color_rain_3,42,False,False,REAL,0.5567060708999634,0.2792792792792792,effect,v2,one
0.020756060257554054,0.950238049030304,0.33035714285714285,40,2284dd9e3bf52c8abccee20464fce35c,01_effect__dai,color_rain_3,43,False,False,REAL,0.6939234137535095,0.1171171171171171,effect,v2,one
0.0389581173658371,0.09849103540182114,0.8035714285714286,22,dc197192e64d50631130ea780f6f99e9,01_effect__dai,gas_transformation_7,42,False,False,REAL,0.2957316040992737,0.4144144144144144,effect,v2,one
0.06612204760313034,0.3188396394252777,0.23214285714285715,7,6afb93a35fa0fe4df856b71fdf2df570,01_effect__dai,gas_transformation_7,43,False,False,REAL,0.5028354525566101,0.5495495495495496,effect,v2,one
0.054657503962516785,0.11091683059930801,0.8839285714285714,2,62c1d4ec45561edb388c3de5026447fa,01_effect__dai,illustration_scene_7,42,False,False,REAL,0.1360843926668167,0.1711711711711711,effect,v2,one
0.062189776450395584,0.502718985080719,0.6875,7,29304fc9dcf04bde131ec7ed0886cd73,01_effect__dai,illustration_scene_7,43,False,False,REAL,0.2319215685129165,0.1171171171171171,effect,v2,one
0.02910209819674492,2.4833123683929443,0.875,20,101546e5af94015a5e9175cb5d6ba358,01_effect__dai,cotton_cloud_0,42,False,False,REAL,1.5095694065093994,0.4684684684684684,effect,v2,one
0.015577389858663082,0.9484275579452515,0.25892857142857145,86,c915b81f248f3d579be4b7308f4c1dda,01_effect__dai,cotton_cloud_0,43,False,False,REAL,0.6526319980621338,0.6846846846846847,effect,v2,one
0.050021179020404816,0.30445945262908936,0.35714285714285715,12,366022fe181dfeb1e10be411f5d727cd,01_effect__dai,monstrosity_0,42,False,False,REAL,0.3428919911384582,0.3603603603603603,effect,v2,one
0.04985867440700531,0.31771329045295715,0.0625,11,f595a0b17e9f1ffcc391b5a4890a43fe,01_effect__dai,monstrosity_0,43,False,False,REAL,0.2814838588237762,0.3423423423423423,effect,v2,one
0.03145141899585724,0.11105570942163467,0.2767857142857143,17,306f92fdd1eefd620c2340f42b9bb9e9,01_effect__dai,mystification_0,42,False,False,REAL,0.3973929584026336,0.4144144144144144,effect,v2,one
0.2132454663515091,0.5350140333175659,0.26785714285714285,1,0af3fc3b6ba14e67ae8cbc122402bbe5,01_effect__dai,mystification_0,43,False,False,REAL,0.1955046653747558,0.1711711711711711,effect,v2,one
0.06034073606133461,0.24722948670387268,0.08035714285714286,14,247d1c785a2e36f532e2365370aed369,01_effect__dai,portal_4,42,False,False,REAL,0.1427764445543289,0.09009009009009,effect,v2,one
0.0754661038517952,0.4283060133457184,0.017857142857142856,7,c22804e93e7b7a0ad142d8b163e7f89b,01_effect__dai,portal_4,43,False,False,REAL,0.2798485159873962,0.045045045045045,effect,v2,one
0.025073926895856857,0.9149174094200134,0.6964285714285714,39,ef87b0579161d1f4399c23b31544164e,01_effect__dai,portal_4,42,False,False,REAL,0.6297823190689087,0.3243243243243243,effect,v2,one
0.022338859736919403,0.8880568146705627,0.10714285714285714,22,1c17a6517e0448dde20fe1d513fd36f4,01_effect__dai,portal_4,43,False,False,REAL,0.5678050518035889,0.7207207207207207,effect,v2,one
0.06630556285381317,0.1446220874786377,0.05357142857142857,7,dd2c973500805ecb173ed32a7bcaa5c7,01_effect__dai,shadow_3,42,False,False,REAL,0.1859291195869445,0.054054054054054,effect,v2,one
0.026368046179413795,0.07660344988107681,0.125,21,d294c715a7d509b39cd866564ae276b2,01_effect__dai,shadow_3,43,False,False,REAL,0.1920487135648727,0.0990990990990991,effect,v2,one
0.05362237989902496,0.2815975844860077,0.08035714285714286,6,30e3a7e795bae76dea3c7b959ab22654,01_effect__dai,live_concert_0,42,False,False,REAL,0.3178390264511108,0.1801801801801801,effect,v2,one
0.031371232122182846,0.23690031468868256,0.008928571428571428,20,9d4c1608c475af79c486a52c94ec484a,01_effect__dai,live_concert_0,43,False,False,REAL,0.2969109714031219,0.2342342342342342,effect,v2,one
0.04631068557500839,0.0661337673664093,0.2767857142857143,5,08eccc29906b230ab448e60285e688af,01_effect__dai,wireframe_2,42,False,False,CUT,0.0757139101624488,0.2342342342342342,effect,v2,one
0.02935010939836502,0.04112406075000763,0.45535714285714285,35,e2a0cf7c8ee71f3bde229dba00fd46dd,01_effect__dai,wireframe_2,43,False,False,CUT,0.0128574520349502,0.1531531531531531,effect,v2,one
0.01281367801129818,0.09270099550485611,0.45535714285714285,97,eb661cffd8cbedd23ad57be2a7e641b5,01_effect__dai,animalization_0,42,False,False,REAL,0.4526960551738739,0.4594594594594595,effect,v2,one
0.014432950876653194,0.18687720596790314,0.32142857142857145,87,015bc5528b6cf90abf197d1dfd8a787a,01_effect__dai,animalization_0,43,False,False,REAL,0.5287889838218689,0.3783783783783784,effect,v2,one
0.02571740932762623,0.12285096943378448,0.16071428571428573,24,272cd7efc18684850167dcc0f84d2eee,01_effect__dai,shadow_10,42,False,False,REAL,0.2754078805446625,0.1801801801801801,effect,v2,one
0.014609074220061302,0.06948975473642349,0.44642857142857145,82,8a7d83802134a59ba85c29c2b09da0c9,01_effect__dai,shadow_10,43,False,False,REAL,0.2950569689273834,0.3063063063063063,effect,v2,one
0.0701594427227974,0.49625363945961,0.16071428571428573,6,cb3fc1a9d44907724a3b35f41e1e6510,01_effect__dai,illustration_scene_4,42,False,False,REAL,0.3573434948921203,0.4504504504504504,effect,v2,one
0.056066758930683136,0.49560004472732544,0.35714285714285715,12,1ad3fd104f136e27ba95c7b14396d9de,01_effect__dai,illustration_scene_4,43,False,False,REAL,0.4722882509231567,0.2252252252252252,effect,v2,one
0.0205378420650959,0.8951634168624878,0.7946428571428571,54,0dd61665fe4276fe1a878771977598be,01_effect__dai,money_rain_1,42,False,False,REAL,1.1689567565917969,0.4234234234234234,effect,v2,one
0.016994575038552284,0.4105627238750458,0.6607142857142857,70,e917363356f31bac2de52e73ba02da90,01_effect__dai,money_rain_1,43,False,False,REAL,0.4934479892253876,0.2882882882882883,effect,v2,one
0.037423569709062576,0.18184201419353485,0.6607142857142857,13,e8a08a4398ea47fa1325462beffabd0e,01_effect__dai,gas_transformation_6,42,False,False,REAL,0.2320598661899566,0.1711711711711711,effect,v2,one
0.07377839088439941,0.37991756200790405,0.7857142857142857,5,a7fb080afb73d592acef740b9657d88b,01_effect__dai,gas_transformation_6,43,False,False,REAL,0.1916288286447525,0.2972972972972973,effect,v2,one
0.08502579480409622,0.17418250441551208,0.35714285714285715,1,09ff85351f77fd9d975af7099a4d2378,01_effect__dai,illustration_scene_1,42,False,False,REAL,0.1561397165060043,0.3063063063063063,effect,v2,one
0.05306875705718994,0.25811338424682617,0.5446428571428571,4,56062e7af018d1fb47aaac639542a4a9,01_effect__dai,illustration_scene_1,43,False,False,REAL,0.320385605096817,0.063063063063063,effect,v2,one
0.05442120507359505,0.45211586356163025,0.0,8,a0640bc00d84cba4a38aedc534fef9cf,01_effect__dai,portal_10,42,False,False,REAL,0.5555340051651001,0.5405405405405406,effect,v2,one
0.02386975660920143,0.4654434621334076,0.03571428571428571,20,ed33c8e5d11e283d25207b2f8f1d4f27,01_effect__dai,portal_10,43,False,False,REAL,0.3598537445068359,0.081081081081081,effect,v2,one
0.024969104677438736,0.09497393667697906,0.38392857142857145,27,d13376ac565a9a0b2e04368f52b12c31,01_effect__dai,shadow_1,42,False,False,REAL,0.2376864701509475,0.1531531531531531,effect,v2,one
0.015850771218538284,0.059566304087638855,0.7946428571428571,73,a8a801a05270e75aad64516c6d2e060d,01_effect__dai,shadow_1,43,False,False,REAL,0.2953959107398987,0.3693693693693693,effect,v2,one
0.02020113356411457,0.1862257719039917,0.8035714285714286,51,1db32bbc9f1e398571783e22ab2ce9c3,01_effect__dai,money_rain_3,42,False,False,REAL,0.3853822648525238,0.1261261261261261,effect,v2,one
0.020389722660183907,0.260492205619812,0.35714285714285715,47,a97c7e1534c18667a2563954ddde88fd,01_effect__dai,money_rain_3,43,False,False,REAL,0.3087892234325409,0.2972972972972973,effect,v2,one
0.09053266793489456,0.21562029421329498,0.05357142857142857,4,c3b69e0840d4bb28beaee44f5fb4d51f,01_effect__dai,polygon_8,42,False,False,REAL,0.2440097779035568,0.1081081081081081,effect,v2,one
0.040142953395843506,0.1970110833644867,0.08928571428571429,19,9377e82140bb0b0a6ec50916a37c6555,01_effect__dai,polygon_8,43,False,False,REAL,0.1248687654733657,0.2432432432432432,effect,v2,one
0.03634275496006012,0.08038447797298431,0.4107142857142857,4,390b535f3ad874eb52e9855bad976c72,01_effect__dai,earth_element_1,42,False,False,REAL,0.2253056019544601,0.2432432432432432,effect,v2,one
0.01982053741812706,0.12068008631467819,0.26785714285714285,27,c934672faf922b3808711a7966541326,01_effect__dai,earth_element_1,43,False,False,REAL,0.3961771428585052,0.3693693693693693,effect,v2,one
0.035685233771800995,0.12423789501190186,0.6517857142857143,11,b695a0486b577a1a4d907fa58f7b4011,01_effect__dai,gas_transformation_1,42,False,False,REAL,0.2072420269250869,0.2162162162162162,effect,v2,one
0.038242559880018234,0.45354729890823364,0.23214285714285715,17,f0b7deeff706dc8353892373478733e4,01_effect__dai,gas_transformation_1,43,False,False,REAL,0.5874084830284119,0.1531531531531531,effect,v2,one
0.01451375987380743,0.2532740533351898,0.15178571428571427,87,de322decc8bba98cd09a5988e32e14eb,01_effect__dai,color_rain_0,42,False,False,REAL,0.4374956786632538,0.4324324324324324,effect,v2,one
0.031084828078746796,0.757759153842926,0.15178571428571427,19,aa5a90a69baf47f1b3acbe5f3010cbe3,01_effect__dai,color_rain_0,43,False,False,REAL,0.2672099769115448,0.1171171171171171,effect,v2,one
0.04382163658738136,0.23003359138965607,0.39285714285714285,10,17020243c44e0b221694b3717baac1be,01_effect__dai,earth_element_4,42,False,False,REAL,0.1353820562362671,0.1801801801801801,effect,v2,one
0.018443390727043152,0.07926233112812042,0.5,55,fb8bf74edb8ef81ff8b8ec5c4e3a1553,01_effect__dai,earth_element_4,43,False,False,REAL,0.2931144833564758,0.2612612612612612,effect,v2,one
0.01911548152565956,0.08634761720895767,0.2857142857142857,45,05022f87778ad6abf9549a0cffa4670d,01_effect__dai,earth_element_6,42,False,False,REAL,0.2157371491193771,0.2792792792792792,effect,v2,one
0.021445194259285927,0.08488381654024124,0.008928571428571428,34,2493dbf35aadd179a70fa5461b9b077a,01_effect__dai,earth_element_6,43,False,False,REAL,0.3080441057682037,0.2882882882882883,effect,v2,one
0.0733497142791748,0.291618674993515,0.4642857142857143,15,8e23bd800092c340491cc94c30be9035,01_effect__dai,gas_transformation_7,42,False,False,CUT,0.0060974704101681,0.054054054054054,effect,v2,one
0.08918293565511703,0.34649524092674255,0.26785714285714285,7,5b4fe093152d7e24a233a6ff503b6773,01_effect__dai,gas_transformation_7,43,False,False,CUT,0.0906945243477821,0.1081081081081081,effect,v2,one
0.014314706437289715,0.11113910377025604,0.23214285714285715,76,b26b12c6b980bc0610c905b80cc0cc1d,01_effect__dai,earth_element_4,42,False,False,REAL,0.2490574121475219,0.2612612612612612,effect,v2,one
0.011823100969195366,0.2612229287624359,0.24107142857142858,103,6981bf2e688adbe64ef91900dc214ac6,01_effect__dai,earth_element_4,43,False,False,REAL,0.4274177551269531,0.4594594594594595,effect,v2,one
0.19036351144313812,0.7457584738731384,0.16071428571428573,1,17640d22f8313e77524736c49bc8d042,01_effect__dai,earth_element_6,42,False,False,REAL,0.2090232819318771,0.1171171171171171,effect,v2,one
0.011228673160076141,0.14943502843379974,0.5803571428571429,109,28e9b65d0ca5de4cf0c4578d7aa04628,01_effect__dai,earth_element_6,43,False,False,REAL,0.3501047790050506,0.3423423423423423,effect,v2,one
0.03334091603755951,0.14377045631408691,0.2857142857142857,15,dee150ce85dc8ab01075a381f2fcaff2,01_effect__dai,wireframe_7,42,False,False,REAL,0.3108557164669037,0.1711711711711711,effect,v2,one
0.01397701259702444,0.07726917415857315,0.22321428571428573,85,038212e78f891225b5d704db9884011d,01_effect__dai,wireframe_7,43,False,False,REAL,0.5780360102653503,0.3063063063063063,effect,v2,one
0.027006065472960472,0.12224622070789337,0.5267857142857143,20,8b0ee7ac3807ebe7da9e68e6cf1b50c5,01_effect__dai,color_rain_0,42,False,False,REAL,0.3808530867099762,0.2972972972972973,effect,v2,one
0.01793285645544529,0.1961658000946045,0.7589285714285714,54,d540d14b4d6cb281f420578b9644fcce,01_effect__dai,color_rain_0,43,False,False,REAL,0.5971767902374268,0.081081081081081,effect,v2,one
0.1993226706981659,0.585353672504425,0.07142857142857142,1,d2dbfba823b1c0dbd848a57c741e5648,01_effect__dai,earth_element_6,42,False,False,CUT,0.0235088858753442,0.045045045045045,effect,v2,one
0.028390517458319664,0.12261675298213959,0.5267857142857143,15,6b966fd521566efab91fa3094910c972,01_effect__dai,earth_element_6,43,False,False,REAL,0.331123024225235,0.3333333333333333,effect,v2,one
0.01637296937406063,0.5201038718223572,0.8660714285714286,72,93ece6cafc177a1163031b4d6894b6bd,01_effect__dai,polygon_4,42,False,False,REAL,0.7027216553688049,0.5315315315315315,effect,v2,one
0.016317766159772873,0.4704670011997223,0.5267857142857143,75,134f6fc38b880da15c11b6e2430c6bf3,01_effect__dai,polygon_4,43,False,False,REAL,0.6810342669487,0.5945945945945946,effect,v2,one
0.02613017149269581,0.7109093070030212,0.6964285714285714,46,1a7e47d0747dd0049710183ac1ed6539,01_effect__dai,polygon_8,42,False,False,REAL,0.7593302726745605,0.8558558558558559,effect,v2,one
0.021940011531114578,0.6085343360900879,0.9821428571428571,36,ba7a3d886c94c95fe88c05afcc9bc1bd,01_effect__dai,polygon_8,43,False,False,REAL,0.6584007143974304,0.2342342342342342,effect,v2,one
0.020452206954360008,0.6296970844268799,0.8035714285714286,51,7df7422e0840648c4b25268ec29a8f01,01_effect__dai,money_rain_2,42,False,False,REAL,0.5979430675506592,0.3513513513513513,effect,v2,one
0.01589149422943592,0.5789467096328735,0.5178571428571429,81,f4827d8d0755e8bffe7045715e047b3a,01_effect__dai,money_rain_2,43,False,False,REAL,0.6374975442886353,0.5135135135135135,effect,v2,one
0.03452082723379135,0.17997810244560242,0.6607142857142857,21,dfaa2a5699b9b6252bce46d26fd10ffd,01_effect__dai,polygon_1,42,False,False,REAL,0.1892120838165283,0.2972972972972973,effect,v2,one
0.0667354166507721,0.37149378657341003,0.16071428571428573,2,bf5217198aca40dae9ef5edc2752aa01,01_effect__dai,polygon_1,43,False,False,REAL,0.2094347029924392,0.2612612612612612,effect,v2,one
0.029834887012839317,0.11413168907165527,0.2767857142857143,23,91d2268d7fd3d669bd88c44cd2fbc431,01_effect__dai,fire_element_2,42,False,False,REAL,0.2436621934175491,0.1441441441441441,effect,v2,one
0.015185886062681675,0.05869531258940697,0.6607142857142857,78,0982d5fb53dd32d0bd0c70d7478119ae,01_effect__dai,fire_element_2,43,False,False,REAL,0.3504599928855896,0.4594594594594595,effect,v2,one
0.03183365985751152,0.058965008705854416,0.39285714285714285,18,82073491350ea84f2c946b41dd87df5a,01_effect__dai,gas_transformation_6,42,False,False,CUT,0.0805382505059242,0.1621621621621621,effect,v2,one
0.041839055716991425,0.1489121913909912,0.10714285714285714,9,a06bb2d6ff76a91dadc4d77c47443e4c,01_effect__dai,gas_transformation_6,43,False,False,REAL,0.5175597071647644,0.5585585585585585,effect,v2,one
0.017662163823843002,0.3018646240234375,0.35714285714285715,52,69748b64fe3b1d687ab80898a40c6377,01_effect__dai,animalization_2,42,False,False,REAL,0.3655108511447906,0.3873873873873873,effect,v2,one
0.01245807483792305,0.5024170279502869,0.23214285714285715,108,1278767442c96650e91bb8695fa8eef7,01_effect__dai,animalization_2,43,False,False,REAL,0.4754113554954529,0.2882882882882883,effect,v2,one
0.04810062050819397,0.17679007351398468,0.4375,11,a13abe7ab64df0a799e8f34ec0c5fb74,01_effect__dai,color_rain_2,42,False,False,CUT,0.0942856222391128,0.1801801801801801,effect,v2,one
0.07904500514268875,0.1771007925271988,0.14285714285714285,2,1ba59a1d9b75daddb9332ce4dc49d40c,01_effect__dai,color_rain_2,43,False,False,REAL,0.2289466112852096,0.072072072072072,effect,v2,one
0.0186880212277174,0.11704545468091965,0.42857142857142855,42,47e945ccfa3915b6d4d31cfa9f3137cd,01_effect__dai,super_fast_run_0,42,False,False,REAL,0.227281168103218,0.2072072072072072,effect,v2,one
0.024296477437019348,0.28886163234710693,0.25892857142857145,22,d19a99a4c824e4889b933fbcef832a6e,01_effect__dai,super_fast_run_0,43,False,False,REAL,0.3573597371578216,0.1981981981981982,effect,v2,one
0.016468118876218796,0.056262146681547165,0.7857142857142857,57,6799844e75ab2f438fe467d3cb4ce4db,01_effect__dai,water_element_4,42,False,False,REAL,0.3699543476104736,0.3963963963963964,effect,v2,one
0.018941549584269524,0.05980416014790535,0.09821428571428571,51,30298bd55a7304afb5a36ca0d670bd93,01_effect__dai,water_element_4,43,False,False,REAL,0.328493595123291,0.3423423423423423,effect,v2,one
0.02635732851922512,0.11435475200414658,0.24107142857142858,23,535659e21fdeb1b3cbfb795388e88094,01_effect__dai,saint_glow_3,42,False,False,REAL,0.3272003829479217,0.3693693693693693,effect,v2,one
0.027600055560469627,0.0633668452501297,0.5446428571428571,21,43cc5864325c3adbbeebcec5ff9b59c7,01_effect__dai,saint_glow_3,43,False,False,CUT,0.094999760389328,0.1621621621621621,effect,v2,one
0.017264792695641518,0.13582465052604675,0.625,70,e5956d8ea1ec62355de94cf2dce40d04,01_effect__dai,shadow_3,42,False,False,REAL,0.3649123311042785,0.2252252252252252,effect,v2,one
0.023139983415603638,0.17694760859012604,0.6607142857142857,41,0bef5b0f3c92996fe59615bb11a73cf6,01_effect__dai,shadow_3,43,False,False,REAL,0.3693119585514068,0.2252252252252252,effect,v2,one
0.07264072448015213,0.3367934226989746,0.39285714285714285,9,8633883b76ab6601f150e9c6ce6e6625,01_effect__dai,wireframe_0,42,False,False,CUT,0.102104365825653,0.054054054054054,effect,v2,one
0.021258942782878876,0.11533165723085403,0.39285714285714285,42,fdd27391e6e6a3723cc9a179af0a1623,01_effect__dai,wireframe_0,43,False,False,REAL,0.2947796583175659,0.2882882882882883,effect,v2,one
0.026401199400424957,0.15872329473495483,0.07142857142857142,22,be13eb197932a86cf03f67ad75e84c67,01_effect__dai,davis_hike,42,False,True,REAL,0.4615378677845001,0.3513513513513513,effect,v2,one
0.03449418768286705,0.32482078671455383,0.2767857142857143,9,abcbcf75dd83923219343436087d6f3f,01_effect__dai,davis_hike,43,False,True,REAL,0.3417690098285675,0.1621621621621621,effect,v2,one
0.01389513909816742,0.1815236359834671,0.07142857142857142,99,a2dfad78f21dd036b3074e63bbed944e,01_effect__dai,davis_hike,42,False,True,REAL,0.3822589814662933,0.2342342342342342,effect,v2,one
0.021500522270798683,0.7406579852104187,0.17857142857142858,31,0b3eab7fd7a8c13719c49468cc07a422,01_effect__dai,davis_hike,43,False,True,REAL,0.4989815950393677,0.0990990990990991,effect,v2,one
0.02119540050625801,0.13503865897655487,0.24107142857142858,45,ed9c162ee2ba744ca2c9f9edd420eccd,01_effect__dai,davis_hike,42,False,True,REAL,0.3301139175891876,0.1891891891891892,effect,v2,one
0.019820036366581917,0.13954143226146698,0.026785714285714284,41,a8ddb42185a5c7d96e3d47e6dbf8b3b4,01_effect__dai,davis_hike,43,False,True,REAL,0.4853473901748657,0.3603603603603603,effect,v2,one
0.036246005445718765,0.14008282124996185,0.0625,25,b237fe2c7a3e7171b39c6ed59e2df3cf,01_effect__dai,animalization_0,42,False,False,REAL,0.1557022333145141,0.1621621621621621,effect,v2,one
0.06339161843061447,0.30054667592048645,0.017857142857142856,9,6684b1dcb8290f95921639cd1008bda6,01_effect__dai,animalization_0,43,False,False,REAL,0.2168596237897873,0.072072072072072,effect,v2,one
0.049203336238861084,0.20315930247306824,0.26785714285714285,21,91d7aefbb046d5720175d477ee02404d,01_effect__dai,illustration_scene_7,42,False,False,CUT,0.119081474840641,0.072072072072072,effect,v2,one
0.07368780672550201,0.33658769726753235,0.26785714285714285,7,1330d252a33ce3383fec2b70913ed7be,01_effect__dai,illustration_scene_7,43,False,False,REAL,0.2019809335470199,0.045045045045045,effect,v2,one
0.021831730380654335,0.52362459897995,0.5892857142857143,46,3034453a436fb4567277a1eac7c3bc5c,01_effect__dai,money_rain_3,42,False,False,REAL,0.7223536372184753,0.7027027027027027,effect,v2,one
0.016792096197605133,0.4126285910606384,0.26785714285714285,56,8eb94a793e54fb5d434bcbdc6473c2ed,01_effect__dai,money_rain_3,43,False,False,REAL,0.6648285388946533,0.6486486486486487,effect,v2,one
0.02523963525891304,0.0963103249669075,0.22321428571428573,24,f9366e941f5452a432b505439e5e30bc,01_effect__dai,animalization_2,42,False,False,REAL,0.3898332715034485,0.3693693693693693,effect,v2,one
0.014414859935641289,0.04739752784371376,0.44642857142857145,71,6b52d4f1d557735c2646acb8476d2496,01_effect__dai,animalization_2,43,False,False,REAL,0.2959188520908355,0.2792792792792792,effect,v2,one
0.030768677592277527,0.12675528228282928,0.35714285714285715,15,e16942815002e4e63665e49311d8a7f7,01_effect__dai,animalization_2,42,False,False,REAL,0.2608958780765533,0.054054054054054,effect,v2,one
0.04073977470397949,0.17573611438274384,0.03571428571428571,12,20a41500ea3fcf9e6991895bb86a3f22,01_effect__dai,animalization_2,43,False,False,REAL,0.3006780743598938,0.1531531531531531,effect,v2,one
0.10450096428394318,0.2150549441576004,0.8660714285714286,4,227463965bcb4032d811e0e369133f63,01_effect__dai,gas_transformation_7,42,False,False,CUT,0.0804842039942741,0.2432432432432432,effect,v2,one
0.01578911393880844,0.030996738001704216,0.25,66,f153b4a2012242fcd2643e76109afbc1,01_effect__dai,gas_transformation_7,43,False,False,REAL,0.1230779886245727,0.2252252252252252,effect,v2,one
0.03740626573562622,0.16577747464179993,0.625,6,df5dd52168155434931fd84bbd0c8fe4,01_effect__dai,shadow_3,42,False,False,REAL,0.4770881831645965,0.3603603603603603,effect,v2,one
0.03758957237005234,0.11702454090118408,0.19642857142857142,16,0f55ee48afeb48305f00c0d7cd1a5adf,01_effect__dai,shadow_3,43,False,False,REAL,0.2169163674116134,0.1351351351351351,effect,v2,one
0.0655779242515564,0.2489747256040573,0.008928571428571428,13,eeade4ff9e5d8201607b3d0e7a93e2d4,01_effect__dai,davis_mallard_water,42,False,True,REAL,0.1316896677017212,0.1081081081081081,effect,v2,one
0.05267638713121414,0.4726262092590332,0.125,16,4b197f113ae69e69871a448070fb7ee0,01_effect__dai,davis_mallard_water,43,False,True,REAL,0.3115087151527405,0.1531531531531531,effect,v2,one
0.21786463260650635,1.0221036672592163,0.16071428571428573,1,5da4e9513456992243c5249beaf82c41,01_effect__dai,davis_mallard_water,42,False,True,CUT,0.0086891511455178,0.0,effect,v2,one
0.08253609389066696,0.6686890125274658,0.08928571428571429,8,cc8f98de5f6626cbb819f0efca6976e9,01_effect__dai,davis_mallard_water,43,False,True,CUT,0.0115711605176329,0.1351351351351351,effect,v2,one
0.036178912967443466,0.41426658630371094,0.9553571428571429,16,05c82cf99e250b069fc85fa5872e047e,01_effect__dai,animalization_2,42,False,False,REAL,1.4358986616134644,0.3873873873873873,effect,v2,one
0.0378551222383976,0.21047888696193695,0.026785714285714284,10,fb477c556d37b9e50b832e9e6202d76b,01_effect__dai,animalization_2,43,False,False,REAL,0.3119162023067474,0.09009009009009,effect,v2,one
0.017852434888482094,0.470988929271698,0.9375,60,b1ae5368c2a9310a314b004952c9d449,01_effect__dai,davis_hike,42,False,True,REAL,0.6126749515533447,0.3063063063063063,effect,v2,one
0.013464708812534809,0.3750193119049072,0.7142857142857143,75,133c4440eec378e4722f4962bbe9eb8b,01_effect__dai,davis_hike,43,False,True,REAL,0.7107873558998108,0.2072072072072072,effect,v2,one
0.025609541684389114,0.16787879168987274,0.32142857142857145,35,52bf4c2065dcbf3287943038fb8f851b,01_effect__dai,davis_hike,42,False,True,REAL,0.3740937411785126,0.3783783783783784,effect,v2,one
0.05986073240637779,0.2582910358905792,0.15178571428571427,14,122cc3217a4164783ec968f6ffa93cde,01_effect__dai,davis_hike,43,False,True,CUT,0.0132235512137413,0.09009009009009,effect,v2,one
0.02273985557258129,0.1253558099269867,0.08035714285714286,42,46e4e24da02cd7849ffbcc2ea2252151,01_effect__dai,davis_lucia,42,False,True,REAL,0.1506673246622085,0.2522522522522522,effect,v2,one
0.017040152102708817,0.1073182076215744,0.1875,52,1b6db7a61145fbcae088150197cf94f9,01_effect__dai,davis_lucia,43,False,True,REAL,0.2438105791807174,0.2252252252252252,effect,v2,one
0.049644406884908676,0.1793597936630249,0.08035714285714286,22,cba2cd3ee55be1a78d668d9dfb2bc43b,01_effect__dai,davis_lucia,42,False,True,REAL,0.1247506886720657,0.063063063063063,effect,v2,one
0.038962434977293015,0.24432002007961273,0.14285714285714285,26,024aeb390764bf885adc7a424f24a50d,01_effect__dai,davis_lucia,43,False,True,CUT,0.026455570012331,0.1261261261261261,effect,v2,one
0.04471080005168915,0.18553057312965393,0.07142857142857142,14,d817484c60650cd0cdf95e64eab82b6a,01_effect__dai,davis_mallard_water,42,False,True,CUT,0.0098197236657142,0.1891891891891892,effect,v2,one
0.05121776834130287,0.21375535428524017,0.14285714285714285,13,6d3f43906ec448581fa08e46267501ba,01_effect__dai,davis_mallard_water,43,False,True,REAL,0.2877496778964996,0.2342342342342342,effect,v2,one
0.029822509735822678,0.25528061389923096,0.008928571428571428,27,8b0911afe4cb206f34851c682fe17b80,01_effect__dai,davis_mallard_water,42,False,True,REAL,0.2383544594049453,0.2702702702702703,effect,v2,one
0.044312983751297,0.390323668718338,0.125,15,12e7cd397375acf200826df60ab48289,01_effect__dai,davis_mallard_water,43,False,True,REAL,0.2611526548862457,0.1711711711711711,effect,v2,one
0.02550129033625126,0.15365013480186462,0.8660714285714286,22,51c2deaebb8f656c80491f02fb1630b0,01_effect__dai,polygon_4,42,False,False,REAL,0.3097792863845825,0.3693693693693693,effect,v2,one
0.031280502676963806,0.14734423160552979,0.3392857142857143,19,7f224c28671ba549438b55371a1c46aa,01_effect__dai,polygon_4,43,False,False,REAL,0.2118307948112487,0.3783783783783784,effect,v2,one
0.06607594341039658,0.2153155654668808,0.07142857142857142,2,16309266621bd6380c4fe245ae135baa,01_effect__dai,polygon_8,42,False,False,REAL,0.2394995242357254,0.09009009009009,effect,v2,one
0.04707389697432518,0.20377254486083984,0.08928571428571429,13,d19ef1bb8fda7fb3ca089f487e9325ae,01_effect__dai,polygon_8,43,False,False,CUT,0.055068302899599,0.036036036036036,effect,v2,one
0.019091496244072914,0.06063329800963402,0.07142857142857142,46,1b24fd58dc259a5b2b159493de126839,01_effect__dai,color_rain_0,42,False,False,REAL,0.1314024180173874,0.3153153153153153,effect,v2,one
0.2025085985660553,0.7702919840812683,0.07142857142857142,1,e486880b70f0da25d234a5353b48e864,01_effect__dai,color_rain_0,43,False,False,REAL,0.3495486080646515,0.2342342342342342,effect,v2,one
0.32344359159469604,0.723876953125,0.2767857142857143,1,e32718f5414e1f8f5415abb7c25c3374,01_effect__dai,polygon_8,42,False,False,CUT,0.0087734516710042,0.2252252252252252,effect,v2,one
0.05731033533811569,0.30747100710868835,0.35714285714285715,15,e8bb458dc37a5148de25f5e9e7647b52,01_effect__dai,polygon_8,43,False,False,REAL,0.4002260863780975,0.2612612612612612,effect,v2,one
0.04545518010854721,0.3478100001811981,0.5535714285714286,19,0c062e4c8ca637dc0ba71ca79789fca0,01_effect__dai,portal_4,42,False,False,REAL,0.434748500585556,0.5045045045045045,effect,v2,one
0.02918548695743084,0.6531434655189514,0.3392857142857143,33,f391be91757b00de6c56c0dbe3d15438,01_effect__dai,portal_4,43,False,False,REAL,1.082144260406494,0.5405405405405406,effect,v2,one
0.025355571880936623,1.7749711275100708,0.8839285714285714,27,790ed86718461972d6e15b9182acf25d,01_effect__dai,davis_lucia,42,False,True,REAL,0.8558936715126038,0.8918918918918919,effect,v2,one
0.013977711088955402,0.7077779769897461,0.8392857142857143,80,61dcac4d9b56f9476a7495afb6013de6,01_effect__dai,davis_lucia,43,False,True,REAL,0.6629431247711182,0.7747747747747747,effect,v2,one
0.026425054296851158,0.3988580107688904,0.0625,33,7af9748a582414c2638aecd93023d442,01_effect__dai,davis_lucia,42,False,True,REAL,0.3997623920440674,0.2072072072072072,effect,v2,one
0.015546967275440693,0.24634544551372528,0.22321428571428573,60,3d33e6d29560e0325158dd8c002f9f2b,01_effect__dai,davis_lucia,43,False,True,REAL,0.4064190089702606,0.2972972972972973,effect,v2,one
0.027644934132695198,1.7370244264602661,0.8660714285714286,29,b5263e3bc55ecd58581ecf779e1413ed,01_effect__dai,super_fast_run_3,42,False,False,REAL,0.7587817311286926,0.5675675675675675,effect,v2,one
0.016935545951128006,1.3797626495361328,0.7142857142857143,72,5ad153780a061bb214fbe04e8e42a9dc,01_effect__dai,super_fast_run_3,43,False,False,REAL,0.7520196437835693,0.7027027027027027,effect,v2,one
0.028539851307868958,0.07263964414596558,0.044642857142857144,16,17465aeeccdb439bcf1a475beb67c793,01_effect__dai,wireframe_7,42,False,False,REAL,0.1822645515203476,0.1261261261261261,effect,v2,one
0.03312365710735321,0.0900476723909378,0.08035714285714286,14,f2fa772843788806c5d94fbec688fae2,01_effect__dai,wireframe_7,43,False,False,CUT,0.0880578905344009,0.0990990990990991,effect,v2,one
0.026197440922260284,0.18674498796463013,0.05357142857142857,29,a89d9f07f1d6254e8700b14802c1a5e1,01_effect__dai,davis_lucia,42,False,True,REAL,0.4220978915691376,0.1351351351351351,effect,v2,one
0.027942702174186707,0.4585910737514496,0.25892857142857145,30,38278c1d149388805a25db35bc085dbc,01_effect__dai,davis_lucia,43,False,True,REAL,0.3280311226844787,0.081081081081081,effect,v2,one
0.022722773253917694,0.19635561108589172,0.0625,50,f9fa6c899b01162a43b7bbe734acab20,01_effect__dai,davis_lucia,42,False,True,REAL,0.198593184351921,0.1531531531531531,effect,v2,one
0.022399652749300003,0.2579784095287323,0.16071428571428573,37,4442bc6c15a2e0707ec2fceed4b064ca,01_effect__dai,davis_lucia,43,False,True,REAL,0.457187294960022,0.4324324324324324,effect,v2,one
0.012692795135080814,0.22027134895324707,0.08035714285714286,96,5e8042d019ac250139a627a0010a1606,01_effect__dai,davis_lucia,42,False,True,REAL,0.5926116704940796,0.3153153153153153,effect,v2,one
0.014788378030061722,0.20615655183792114,0.17857142857142858,75,f125eee8c5d7073052ad3a4b4e479aba,01_effect__dai,davis_lucia,43,False,True,REAL,0.4212182164192199,0.2342342342342342,effect,v2,one
0.030514342710375786,1.1171557903289795,0.8660714285714286,9,177ac5a40494c1648e3802265b59cc50,01_effect__dai,davis_lucia,42,False,True,REAL,0.5487224459648132,0.2342342342342342,effect,v2,one
0.023668477311730385,0.5624144077301025,0.6875,25,e8d8e0d82026ec37d4e1bd259b1850ee,01_effect__dai,davis_lucia,43,False,True,REAL,0.4320984780788421,0.5045045045045045,effect,v2,one
0.015332494862377644,0.08119472861289978,0.5714285714285714,75,63fde0471ffc46dee14f84f27d74a952,01_effect__dai,davis_hike,42,False,True,REAL,0.3364992141723633,0.2972972972972973,effect,v2,one
0.03459857776761055,0.2200251817703247,0.6607142857142857,14,e5afa9e24e7f9d538c571e40438554ce,01_effect__dai,davis_hike,43,False,True,REAL,0.4135388731956482,0.2882882882882883,effect,v2,one
0.035212431102991104,0.07033734023571014,0.3482142857142857,35,8e1d62feca0406174865ad5f58a7ffad,01_effect__dai,davis_hike,42,False,True,CUT,0.0064999856986105,0.1801801801801801,effect,v2,one
0.06225317344069481,0.18974141776561737,0.14285714285714285,12,2be5163dbaf0396411bc658b3ea056bb,01_effect__dai,davis_hike,43,False,True,CUT,0.0120193865150213,0.054054054054054,effect,v2,one
0.043096691370010376,0.7505103349685669,0.44642857142857145,15,26ae15c4917560e119ce9ac01c14c031,01_effect__dai,money_rain_3,42,False,False,REAL,0.4493870437145233,0.1801801801801801,effect,v2,one
0.03720353916287422,0.7036591172218323,0.26785714285714285,26,ac351aaa32ef3038d77f7a6bc3bce687,01_effect__dai,money_rain_3,43,False,False,REAL,0.4067491292953491,0.2342342342342342,effect,v2,one
0.029625307768583298,0.48712778091430664,0.26785714285714285,30,bb774fdad6ee7aa56655c877afa6d246,01_effect__dai,mystification_0,42,False,False,REAL,0.3051056265830993,0.1351351351351351,effect,v2,one
0.03765472397208214,0.7701729536056519,0.26785714285714285,23,169bd53b54ae98ddcd85725ae933214e,01_effect__dai,mystification_0,43,False,False,REAL,0.3280389308929443,0.2882882882882883,effect,v2,one
0.017011072486639023,0.4474222660064697,0.22321428571428573,75,1331f478c51ace6b36522ca8c35638bb,01_effect__dai,davis_mallard_water,42,False,True,REAL,0.7404809594154358,0.4144144144144144,effect,v2,one
0.022783972322940826,0.8891965746879578,0.26785714285714285,38,018edff7167adf9a6749208fe942a2f4,01_effect__dai,davis_mallard_water,43,False,True,REAL,0.6334054470062256,0.5765765765765766,effect,v2,one
0.015402240678668022,0.2536235451698303,0.35714285714285715,80,03e0409cbe950330abb3ce7b6c3b009a,01_effect__dai,color_rain_2,42,False,False,REAL,0.3156942427158355,0.3693693693693693,effect,v2,one
0.012786636129021645,0.5445120334625244,0.23214285714285715,99,89c9d7abd941c0beea5de94c07408847,01_effect__dai,color_rain_2,43,False,False,REAL,0.5207583904266357,0.2252252252252252,effect,v2,one
0.14823219180107117,0.4901062250137329,0.44642857142857145,2,decbdc792724743359fadaa5c2d09088,01_effect__dai,earth_element_6,42,False,False,REAL,0.3250242471694946,0.3783783783783784,effect,v2,one
0.024426057934761047,0.1545640230178833,0.3392857142857143,15,9d7caea43ed92ca144939a577ed2bd52,01_effect__dai,earth_element_6,43,False,False,REAL,0.4307398200035095,0.1981981981981982,effect,v2,one
0.05121118947863579,0.17733122408390045,0.05357142857142857,15,1f6935b5f551a2fe1c423aea44d00865,01_effect__dai,davis_lucia,42,False,True,REAL,0.13294118642807,0.0990990990990991,effect,v2,one
0.0764089822769165,0.3135720491409302,0.125,12,b7109ffdb441b360433d457d88bf02b4,01_effect__dai,davis_lucia,43,False,True,CUT,0.0209018941968679,0.036036036036036,effect,v2,one
0.014140290208160877,0.25253692269325256,0.08928571428571429,90,996e7d8b07ca7f6b9eacde679c7cc083,01_effect__dai,davis_mallard_water,42,False,True,REAL,0.4891412556171417,0.1891891891891892,effect,v2,one
0.015689419582486153,0.4654461145401001,0.19642857142857142,66,f34969f94f0911422098e3f9063eec0e,01_effect__dai,davis_mallard_water,43,False,True,REAL,0.6407545208930969,0.6576576576576577,effect,v2,one
0.08295654505491257,0.4785827696323395,0.35714285714285715,1,f3661cda42493ca679d8847a4835c47b,01_effect__dai,super_fast_run_3,42,False,False,REAL,0.1531132459640503,0.1081081081081081,effect,v2,one
0.03475099802017212,0.761398196220398,0.4017857142857143,13,211354902a03bc5acef28f501490dbc4,01_effect__dai,super_fast_run_3,43,False,False,REAL,0.6517525315284729,0.045045045045045,effect,v2,one
0.026530666276812553,0.30383753776550293,0.4107142857142857,26,96b78ced340f39d752ece1191c0468a9,01_effect__dai,super_fast_run_0,42,False,False,REAL,0.4280678331851959,0.1981981981981982,effect,v2,one
0.024316808208823204,0.37135618925094604,0.2857142857142857,30,3151fec83244927f0879cf44d27f8f82,01_effect__dai,super_fast_run_0,43,False,False,REAL,0.5992335677146912,0.2612612612612612,effect,v2,one
0.03185916319489479,0.21578727662563324,0.22321428571428573,30,ffc1c0ac9223b01c3fe65fde20c20995,01_effect__dai,davis_mallard_water,42,False,True,REAL,0.3085506558418274,0.1711711711711711,effect,v2,one
0.03781436011195183,0.5778784155845642,0.25,18,597d3b863e5d45c17d4f5fd6f52368ae,01_effect__dai,davis_mallard_water,43,False,True,REAL,0.409667819738388,0.2882882882882883,effect,v2,one
0.017466191202402115,0.06589769572019577,0.2857142857142857,56,ececf81a1b7aa368f414dd59eac2f1b2,01_effect__dai,cotton_cloud_0,42,False,False,REAL,0.2525146901607513,0.2162162162162162,effect,v2,one
0.025067390874028206,0.09152434021234512,0.42857142857142855,43,56f4391df63437635d34f6f6f723a6a4,01_effect__dai,cotton_cloud_0,43,False,False,REAL,0.1692621260881424,0.2162162162162162,effect,v2,one
0.047457173466682434,0.5928622484207153,0.6160714285714286,10,078d1de0893eb6cb41e3af415833450b,02_neutral__dai,portal_10,42,False,False,REAL,0.5062749981880188,0.1081081081081081,neutral,v2,one
0.03055731952190399,0.9300420880317688,0.008928571428571428,22,02466376d53d5947690489e85a9a4468,02_neutral__dai,portal_10,43,False,False,REAL,0.641872763633728,0.2432432432432432,neutral,v2,one
0.05477546527981758,0.6446545720100403,0.6875,9,5ee1f1c6b68c5a1af8e2a1cbea5b4ce8,02_neutral__dai,shadow_1,42,False,False,REAL,0.4112915098667145,0.09009009009009,neutral,v2,one
0.039318766444921494,0.3998359143733978,0.3392857142857143,18,9e123db113fa2c32fc0410de93687880,02_neutral__dai,shadow_1,43,False,False,REAL,0.7981226444244385,0.6846846846846847,neutral,v2,one
0.027288004755973816,0.15607395768165588,0.05357142857142857,29,35a244ff834b31bf13f9e7df6853fb77,01_effect__dai,davis_lucia,42,False,True,REAL,0.3474242389202118,0.2702702702702703,effect,v2,one
0.024275466799736023,0.18942533433437347,0.15178571428571427,33,8207018591d9d50099f0a69c7ecf791f,01_effect__dai,davis_lucia,43,False,True,REAL,0.2739139497280121,0.1801801801801801,effect,v2,one
0.027822712436318398,0.2709839344024658,0.5357142857142857,28,38b45b0250f4f5da88bbcebb8ce0901c,01_effect__dai,davis_lucia,42,False,True,REAL,0.3498530983924866,0.1441441441441441,effect,v2,one
0.01565021090209484,0.307598352432251,0.05357142857142857,69,3235a8618c5eb18878ac8280cd9e959d,01_effect__dai,davis_lucia,43,False,True,REAL,0.6507708430290222,0.5405405405405406,effect,v2,one
0.019231900572776794,0.039040472358465195,0.35714285714285715,49,9d23e9e3879fbcf6d81ecc3df015c5c5,01_effect__dai,saint_glow_3,42,False,False,CUT,0.1070372760295867,0.1531531531531531,effect,v2,one
0.04229011759161949,0.12278012931346893,0.08928571428571429,9,e492986f7bf3a25683bc0e72180ae898,01_effect__dai,saint_glow_3,43,False,False,REAL,0.17142154276371,0.2522522522522522,effect,v2,one
0.020118283107876778,0.08459929376840591,0.8660714285714286,40,3a0ddf365bc665c78393ff29acca44f6,01_effect__dai,luminous_gaze_3,42,False,False,REAL,0.3016417026519775,0.1261261261261261,effect,v2,one
0.01749231666326523,0.11821714043617249,0.44642857142857145,52,07eadd64571f5d76aa809ea4e66c8925,01_effect__dai,luminous_gaze_3,43,False,False,REAL,0.1700062900781631,0.3603603603603603,effect,v2,one
0.020797891542315483,0.5142648220062256,0.5625,49,1250de1fae17bdd939151a78fb143664,02_neutral__dai,super_fast_run_10,42,False,False,REAL,0.7548723816871643,0.1801801801801801,neutral,v2,one
0.10611459612846375,1.0528502464294434,0.6071428571428571,1,ffdbb3524564704904b6a92f117f883b,02_neutral__dai,super_fast_run_10,43,False,False,REAL,0.3314318060874939,0.0,neutral,v2,one
0.056199174374341965,0.7785137295722961,0.20535714285714285,12,5b02bf2a14bc3d8994992b362daa2f81,01_effect__dai,davis_mallard_water,42,False,True,REAL,0.3158079385757446,0.1171171171171171,effect,v2,one
0.10351936519145966,1.3398170471191406,0.10714285714285714,3,e43d359955eae2cae3994a56d2778382,01_effect__dai,davis_mallard_water,43,False,True,REAL,0.4261903166770935,0.081081081081081,effect,v2,one
0.06544294208288193,0.2635045647621155,0.07142857142857142,14,7b9a8ea7385ef186533827b5c2b312ac,01_effect__dai,davis_mallard_water,42,False,True,CUT,0.0093486113473773,0.045045045045045,effect,v2,one
0.042579226195812225,0.2416841983795166,0.08928571428571429,19,4784c1059e08b9c831fa74b01663d82d,01_effect__dai,davis_mallard_water,43,False,True,CUT,0.0658894330263137,0.1891891891891892,effect,v2,one
0.03762365132570267,0.6647636294364929,0.36607142857142855,17,9435956ece47637efa3cf1970e93451d,01_effect__dai,davis_hike,42,False,True,REAL,0.2829637229442596,0.027027027027027,effect,v2,one
0.0458693690598011,0.7480068802833557,0.19642857142857142,17,54b6dc1131ac7b91ba44e2afe140fe7e,01_effect__dai,davis_hike,43,False,True,REAL,0.2304780483245849,0.2072072072072072,effect,v2,one
0.01899491250514984,0.27139779925346375,0.2767857142857143,42,c7457a836d4733563dde38d5a7d63f0b,01_effect__dai,davis_hike,42,False,True,REAL,0.394820898771286,0.1891891891891892,effect,v2,one
0.016442714259028435,0.2662197947502136,0.25892857142857145,59,7d64ac63e68d23b4bbc60a518483dd65,01_effect__dai,davis_hike,43,False,True,REAL,0.565202534198761,0.4774774774774775,effect,v2,one
0.02385639026761055,0.1655205488204956,0.16071428571428573,38,927947d675a006eba0b00771d0a070c1,01_effect__dai,davis_hike,42,False,True,REAL,0.321526288986206,0.2612612612612612,effect,v2,one
0.03144751861691475,0.19249077141284943,0.125,20,1cabf77c77f9456d26b523d3f6aa7dcd,01_effect__dai,davis_hike,43,False,True,REAL,0.5016505718231201,0.2252252252252252,effect,v2,one
0.018416782841086388,0.12179389595985413,0.08035714285714286,59,550efff950767de9232fa8e3f74b9788,01_effect__dai,davis_lucia,42,False,True,REAL,0.340166836977005,0.3333333333333333,effect,v2,one
0.018395114690065384,0.16776055097579956,0.33035714285714285,69,e4bee3d51251c0abea7c14e1c3d14cf3,01_effect__dai,davis_lucia,43,False,True,REAL,0.2715532779693603,0.2072072072072072,effect,v2,one
0.02287331596016884,0.1692822277545929,0.07142857142857142,29,622c2aedbf61fe7e03ae18089f640271,01_effect__dai,davis_hike,42,False,True,REAL,0.5724130868911743,0.4684684684684684,effect,v2,one
0.017313677817583084,0.1539948731660843,0.044642857142857144,63,e5579513539d0a70ce6d80272a5aac8f,01_effect__dai,davis_hike,43,False,True,REAL,0.6196498870849609,0.5045045045045045,effect,v2,one
0.01929222047328949,0.08243433386087418,0.4107142857142857,33,51af5819796a87a8fc2fbb005eb08b27,02_neutral__dai,illustration_scene_1,42,False,False,REAL,0.5437479615211487,0.4684684684684684,neutral,v2,one
0.02099326066672802,0.08886154741048813,0.017857142857142856,27,a1fcc6993b319cefab88146e0a7a9e67,02_neutral__dai,illustration_scene_1,43,False,False,REAL,0.5586397647857666,0.4954954954954955,neutral,v2,one
0.025059899315238,0.5599011182785034,0.08035714285714286,7,8c29e716253dac26a2affdb440ef67da,01_effect__dai,live_concert_0,42,False,False,REAL,0.6193598508834839,0.4234234234234234,effect,v2,one
0.043536510318517685,0.6163353323936462,0.10714285714285714,22,93d134e49210adac68f0bb6fe07a0dd7,01_effect__dai,live_concert_0,43,False,False,REAL,0.2055201381444931,0.1351351351351351,effect,v2,one
0.03186577185988426,0.6370016932487488,0.7232142857142857,18,95f7c0d58dc65134c67bf97c19eb18ab,02_neutral__dai,animalization_3,42,False,False,REAL,0.5137417316436768,0.09009009009009,neutral,v2,one
0.03235219046473503,0.6537532806396484,0.75,23,967935380b7da9e9b29ce340a7eda880,02_neutral__dai,animalization_3,43,False,False,REAL,0.4358748495578766,0.2882882882882883,neutral,v2,one
0.06973110884428024,0.3110423684120178,0.9910714285714286,6,7f5867d85cf86977e7ab6f747482a565,02_neutral__dai,color_rain_3,42,False,False,REAL,0.3807967007160187,0.1171171171171171,neutral,v2,one
0.01408736314624548,0.07995115965604782,0.10714285714285714,91,b97ed75ca3ca7066e118628a54da8e79,02_neutral__dai,color_rain_3,43,False,False,REAL,0.7120298743247986,0.7027027027027027,neutral,v2,one
0.06352071464061737,0.20791342854499817,0.9910714285714286,6,b084ddb84ae60a6bf73e4da9fa03c90c,02_neutral__dai,color_rain_0,42,False,False,REAL,0.178143709897995,0.0990990990990991,neutral,v2,one
0.023792022839188576,0.16131803393363953,0.4107142857142857,21,f9c05f3366bb1ffe5524fdb66c7c1532,02_neutral__dai,color_rain_0,43,False,False,REAL,0.4219846427440643,0.3513513513513513,neutral,v2,one
0.15607181191444397,0.6488546133041382,0.4375,6,6cb21f852f0e5cb0af62dbf5154ebf87,02_neutral__dai,earth_element_4,42,False,False,REAL,0.1469676792621612,0.027027027027027,neutral,v2,one
0.02750874124467373,0.1759236752986908,0.7767857142857143,22,e5f0ebdc1b1731d3e5754bdd71f7950a,02_neutral__dai,earth_element_4,43,False,False,REAL,0.3276661038398742,0.1801801801801801,neutral,v2,one
0.2576182782649994,1.005284070968628,0.6964285714285714,1,123a9706edf770e1973650b47a2a73cd,02_neutral__dai,earth_element_1,42,False,False,REAL,0.2573355436325073,0.0,neutral,v2,one
0.02150029130280018,0.23517979681491852,0.3392857142857143,23,670e0714a829f23391f600e05efb9299,02_neutral__dai,earth_element_1,43,False,False,REAL,0.6697301864624023,0.1801801801801801,neutral,v2,one
0.01844816468656063,0.2502252459526062,0.2857142857142857,65,27466cc978437929e4373b9a0283d38a,02_neutral__dai,gas_transformation_1,42,False,False,REAL,0.5219133496284485,0.2432432432432432,neutral,v2,one
0.04431486129760742,1.0699493885040283,0.7232142857142857,15,438ea591d4d367f1330db11eeea525a3,02_neutral__dai,gas_transformation_1,43,False,False,REAL,0.5609755516052246,0.5765765765765766,neutral,v2,one
0.028359033167362213,0.18900510668754578,0.6964285714285714,19,a6cd063d611d73c9ed71e31bf30b168f,02_neutral__dai,super_fast_run_0,42,False,False,REAL,0.4341323673725128,0.1171171171171171,neutral,v2,one
0.022930564358830452,0.14047057926654816,0.3392857142857143,32,ef80f1a74a126609cc9315cb271542bb,02_neutral__dai,super_fast_run_0,43,False,False,REAL,0.4546427428722381,0.2702702702702703,neutral,v2,one
0.014120588079094887,0.5342686772346497,0.07142857142857142,84,c9cbb89b9bf9128369cbde492ddc468c,02_neutral__dai,wireframe_0,42,False,False,STATIC,0.7355670928955078,0.8648648648648649,neutral,v2,one
0.013706362806260586,0.49499452114105225,0.07142857142857142,85,129b4bfebe3d71b3db793a2f283d3476,02_neutral__dai,wireframe_0,43,False,False,STATIC,0.713751494884491,0.8738738738738738,neutral,v2,one
0.24163289368152618,0.8083636164665222,0.9375,2,24228e2e83b8f6ac332c9c7d7ae48581,02_neutral__dai,wireframe_2,42,False,False,CUT,0.0811906531453132,0.072072072072072,neutral,v2,one
0.09585258364677429,0.6467871069908142,0.6607142857142857,2,0d4e0dc5e81be17e40ee5bc26c878235,02_neutral__dai,wireframe_2,43,False,False,CUT,0.0756674483418464,0.1081081081081081,neutral,v2,one
0.055165473371744156,0.31413233280181885,0.08928571428571429,14,d903c7008b34311de0662b8efa7cedc1,02_neutral__dai,animalization_0,42,False,False,REAL,0.7714517116546631,0.5945945945945946,neutral,v2,one
0.04802892729640007,0.33891987800598145,0.0625,12,f28f188dc838765da2b7e891cb99a09c,02_neutral__dai,animalization_0,43,False,False,REAL,0.4238134920597076,0.027027027027027,neutral,v2,one
0.08776016533374786,0.8131183385848999,0.6785714285714286,6,f5c6293979d44274293ed779ebfdea7d,02_neutral__dai,gas_transformation_6,42,False,False,REAL,0.2757344543933868,0.054054054054054,neutral,v2,one
0.056119926273822784,0.8629134893417358,0.7589285714285714,1,32b1271cba4e7d1581ee705aa49b73c8,02_neutral__dai,gas_transformation_6,43,False,False,REAL,0.2699158191680908,0.1711711711711711,neutral,v2,one
0.018847674131393433,0.12293002754449844,0.5,43,034cc427bdd332ebc23d9d95deab8eae,02_neutral__dai,animalization_2,42,False,False,REAL,0.3951871395111084,0.2612612612612612,neutral,v2,one
0.01611809991300106,0.30297210812568665,0.9375,56,c011d85363496731902ae66565f628b3,02_neutral__dai,animalization_2,43,False,False,REAL,0.9990005493164062,0.2252252252252252,neutral,v2,one
0.019510822370648384,0.15598495304584503,0.13392857142857142,35,e13d55e95b29cdff68c10509e1af4ba7,02_neutral__dai,color_rain_2,42,False,False,REAL,0.6205490827560425,0.3963963963963964,neutral,v2,one
0.015517023392021656,0.10535553097724915,0.9017857142857143,58,b7490fa639d086ad37a31e9201316a57,02_neutral__dai,color_rain_2,43,False,False,REAL,0.6469065546989441,0.6036036036036037,neutral,v2,one
0.03565056994557381,0.4178347587585449,0.3392857142857143,13,9787fc6b52c119a938f9b3fc71d66cb7,02_neutral__dai,illustration_scene_4,42,False,False,REAL,0.6358316540718079,0.4594594594594595,neutral,v2,one
0.057364027947187424,0.5869189500808716,0.3392857142857143,7,8b1b5e756bb98d5c28cfbdb877648002,02_neutral__dai,illustration_scene_4,43,False,False,REAL,0.6792311072349548,0.1171171171171171,neutral,v2,one
0.017038242891430855,0.04160436987876892,0.9375,68,57b17df069b7e9cd0112beda3bb3dfab,02_neutral__dai,money_rain_1,42,False,False,REAL,0.3223929703235626,0.4864864864864865,neutral,v2,one
0.014912362210452557,0.03843812644481659,0.9553571428571429,87,3d4f981bf9b4a8d16a755a989ac5fa93,02_neutral__dai,money_rain_1,43,False,False,REAL,0.3414773046970367,0.3603603603603603,neutral,v2,one
0.016306404024362564,0.21896155178546906,0.008928571428571428,69,a868079356ca5cc71d8a2f1ce84a5768,02_neutral__dai,polygon_4,42,False,False,REAL,0.5861731171607971,0.4414414414414414,neutral,v2,one
0.015205181203782558,0.28276267647743225,0.26785714285714285,97,035f96f3ba2a691fff49ef7af1cfbe1a,02_neutral__dai,polygon_4,43,False,False,REAL,0.7351991534233093,0.5315315315315315,neutral,v2,one
0.07875858247280121,0.36804279685020447,0.6339285714285714,10,14933c5b3cbd1bbab2d4ba6ae21a4190,02_neutral__dai,portal_1,42,False,False,REAL,0.212507352232933,0.09009009009009,neutral,v2,one
0.028910420835018158,0.42408615350723267,0.8214285714285714,27,fa6afc3e28979a5cb67ceb2c2d55718b,02_neutral__dai,portal_1,43,False,False,REAL,0.3192325234413147,0.2702702702702703,neutral,v2,one
0.04868721216917038,0.11889953911304474,0.6160714285714286,11,99127cf4e6a4233d9df2aa6d0928d135,02_neutral__dai,money_rain_2,42,False,False,REAL,0.2017513513565063,0.063063063063063,neutral,v2,one
0.06970606744289398,0.4337705969810486,0.4642857142857143,7,717a8414da85ce5a291b2b637eab0cc2,02_neutral__dai,money_rain_2,43,False,False,REAL,0.4575109481811523,0.4504504504504504,neutral,v2,one
0.050718389451503754,0.14565908908843994,0.0,2,6474de609cbb2663f4beb1d49a8c57ef,02_neutral__dai,polygon_1,42,False,False,REAL,0.3644016981124878,0.4684684684684684,neutral,v2,one
0.030571743845939636,0.13387681543827057,0.0,3,abf9ec7443ee90ddd31fa19ab5e3d29c,02_neutral__dai,polygon_1,43,False,False,REAL,0.4919875562191009,0.4684684684684684,neutral,v2,one
0.040915168821811676,0.32821160554885864,0.6964285714285714,17,4441dade7937244528eda7904b4522a2,02_neutral__dai,shadow_10,42,False,False,REAL,0.2209142744541168,0.045045045045045,neutral,v2,one
0.030230941250920296,0.40044593811035156,0.125,29,9b191ef66f006eda1bf3118a719a278a,02_neutral__dai,shadow_10,43,False,False,REAL,0.4609629213809967,0.1261261261261261,neutral,v2,one
0.02091147191822529,0.23106111586093903,0.2857142857142857,30,b57edb5f635bf63a63149c9d193f1b2a,02_neutral__dai,earth_element_6,42,False,False,REAL,0.6372982859611511,0.6486486486486487,neutral,v2,one
0.017197981476783752,0.2595626711845398,0.4107142857142857,63,15ffee1f73cf3b0cd47aec27aa88efc7,02_neutral__dai,earth_element_6,43,False,False,REAL,0.6893140077590942,0.3693693693693693,neutral,v2,one
0.1046033501625061,0.8349000215530396,0.6160714285714286,4,10a3ad5bb581264f897d3badc99006ac,02_neutral__dai,gas_transformation_7,42,False,False,CUT,0.0833005160093307,0.0,neutral,v2,one
0.04310164973139763,0.6040869951248169,0.6964285714285714,16,84eac0e0a289d727fbbd37f51f62c705,02_neutral__dai,gas_transformation_7,43,False,False,REAL,0.4351037740707397,0.09009009009009,neutral,v2,one
0.06513365358114243,0.28145232796669006,0.45535714285714285,4,02174194396a36c8d68cb62b2555338b,02_neutral__dai,money_rain_3,42,False,False,REAL,0.3266303539276123,0.2612612612612612,neutral,v2,one
0.02511822059750557,0.12483707815408707,0.125,16,a702e075b8539c7da700b275ddd74fea,02_neutral__dai,money_rain_3,43,False,False,REAL,0.6137962341308594,0.5855855855855856,neutral,v2,one
0.07321872562170029,0.47616976499557495,0.2767857142857143,5,19c88599713d92582bd414193a625bef,02_neutral__dai,polygon_8,42,False,False,REAL,0.5590852499008179,0.4954954954954955,neutral,v2,one
0.043101850897073746,0.34311923384666443,0.4107142857142857,13,a90b527698981dc4098bffca109b7dc2,02_neutral__dai,polygon_8,43,False,False,REAL,0.5042650699615479,0.2162162162162162,neutral,v2,one
0.1124906912446022,0.7640612125396729,0.45535714285714285,3,5b4dea224de7fc901c39a213f7ced5d8,02_neutral__dai,illustration_scene_7,42,False,False,REAL,0.2371018826961517,0.1621621621621621,neutral,v2,one
0.028215982019901276,0.2203393578529358,0.375,26,0099d5abf59e2de6554f0f3d4c0af642,02_neutral__dai,illustration_scene_7,43,False,False,REAL,0.4960264563560486,0.1441441441441441,neutral,v2,one
0.02365824580192566,0.13214212656021118,0.2767857142857143,21,f020fca1d5b1fdec146e6399825b4230,02_neutral__dai,super_fast_run_3,42,False,False,REAL,0.367958515882492,0.5135135135135135,neutral,v2,one
0.022581173107028008,0.13373860716819763,0.5267857142857143,21,8f69904878dc4813fccefe6ea87f99f0,02_neutral__dai,super_fast_run_3,43,False,False,REAL,0.6027299165725708,0.3693693693693693,neutral,v2,one
0.045943886041641235,0.45539945363998413,0.8035714285714286,13,e4e46e8e0c41f109f8ac1ae13f750280,02_neutral__dai,live_concert_0,42,False,False,REAL,0.6141636371612549,0.1621621621621621,neutral,v2,one
0.02552754059433937,0.47361618280410767,0.16964285714285715,18,b39a3f954ab724cf9f23ee6a9752960b,02_neutral__dai,live_concert_0,43,False,False,REAL,1.013390302658081,0.6486486486486487,neutral,v2,one
0.013590975664556026,0.09604913741350174,0.5446428571428571,86,f0689b8b8ddda5ff9e1d40d115b458a7,02_neutral__dai,wireframe_7,42,False,False,REAL,0.5777919292449951,0.4054054054054054,neutral,v2,one
0.011837865225970745,0.15107403695583344,0.9107142857142857,112,f784f20f5b926fcc8c406f36871fec1a,02_neutral__dai,wireframe_7,43,False,False,REAL,0.7206196188926697,0.3693693693693693,neutral,v2,one
0.06232968345284462,1.3745286464691162,0.8660714285714286,4,5dde97f733c1c37f6b13ec3004b586fc,02_neutral__dai,cotton_cloud_0,42,False,False,REAL,0.559112012386322,0.3513513513513513,neutral,v2,one
0.04395699128508568,0.6539692282676697,0.6071428571428571,3,7f452183c06d2245811dd354f44bc3d7,02_neutral__dai,cotton_cloud_0,43,False,False,REAL,0.5362351536750793,0.3063063063063063,neutral,v2,one
0.017469028010964394,0.09356797486543655,0.9821428571428571,68,1ae9c2f56d40b431cd9ee888b1ecbb5f,02_neutral__dai,fire_element_2,42,False,False,REAL,0.5520908236503601,0.3513513513513513,neutral,v2,one
0.058086372911930084,0.4426770806312561,0.44642857142857145,3,22c3a34bd312b5c6954e9234842b51c6,02_neutral__dai,fire_element_2,43,False,False,REAL,0.4279080629348755,0.4144144144144144,neutral,v2,one
0.01810852251946926,0.322075754404068,0.75,45,901ea97d4b901b07a08f45d1ab10c82d,02_neutral__dai,saint_glow_3,42,False,False,REAL,0.5921784043312073,0.3423423423423423,neutral,v2,one
0.08819328248500824,0.43707898259162903,0.2767857142857143,1,06642f2a9656feea6f9547d26e2ef8b1,02_neutral__dai,saint_glow_3,43,False,False,REAL,0.2165965437889099,0.2162162162162162,neutral,v2,one
0.041847847402095795,0.10012546926736832,0.05357142857142857,8,8a6738fd90404084bfcf7adb6207a257,02_neutral__dai,shadow_3,42,False,False,REAL,0.294857382774353,0.2882882882882883,neutral,v2,one
0.03240514174103737,0.07491548359394073,0.017857142857142856,13,d7f52d25b4f59ae58463172db15c8155,02_neutral__dai,shadow_3,43,False,False,CUT,0.1114904582500457,0.1981981981981982,neutral,v2,one
0.23678331077098846,1.0450758934020996,0.6160714285714286,1,44ffa6bc39ce9c7a99743b78f7757ebb,02_neutral__dai,portal_4,42,False,False,REAL,0.4067081809043884,0.0,neutral,v2,one
0.050848592072725296,0.8045555949211121,0.017857142857142856,5,c1a38b4a68022188fe9848066019d93a,02_neutral__dai,portal_4,43,False,False,REAL,0.4544928967952728,0.2792792792792792,neutral,v2,one
0.01761818490922451,0.2811230421066284,0.9285714285714286,46,26ee15fcd3b6b4d1567e9686b897fa6f,02_neutral__dai,monstrosity_0,42,False,False,REAL,0.4527447521686554,0.2162162162162162,neutral,v2,one
0.015324660576879978,0.2305787056684494,0.9375,76,4c376eea6aec9dca1db27b73b56721b0,02_neutral__dai,monstrosity_0,43,False,False,REAL,0.4329858124256134,0.2792792792792792,neutral,v2,one
0.08160392940044403,0.8770443201065063,0.8035714285714286,1,c4254013e434c01059591a9890d6dd34,02_neutral__dai,mystification_0,42,False,False,REAL,0.3322113156318664,0.2252252252252252,neutral,v2,one
0.051448315382003784,1.0386497974395752,0.8392857142857143,1,49d22bebfd98100b38f6b4e3c2484492,02_neutral__dai,mystification_0,43,False,False,REAL,0.4725613892078399,0.3873873873873873,neutral,v2,one
0.019589118659496307,0.06326279789209366,0.9910714285714286,31,baa37d0155a0803a9fd2188fc618f627,02_neutral__dai,water_element_4,42,False,False,REAL,0.5276837944984436,0.5945945945945946,neutral,v2,one
0.012277164496481419,0.033846188336610794,0.4642857142857143,111,a2359cab56f833d8e3cf624a251ad77b,02_neutral__dai,water_element_4,43,False,False,REAL,0.3446694314479828,0.3693693693693693,neutral,v2,one
0.017532020807266235,0.19727975130081177,0.9910714285714286,50,8bf248b608a77b0f4ebb2b81719cc294,02_neutral__dai,davis_hike,42,False,True,REAL,0.6001541018486023,0.2792792792792792,neutral,v2,one
0.01451688539236784,0.16366581618785858,0.0625,75,ea759a1bfc7a29120729e0ea46962b2a,02_neutral__dai,davis_hike,43,False,True,REAL,0.6289367079734802,0.6036036036036037,neutral,v2,one
0.015212512575089931,0.34043794870376587,0.0625,81,6974b660fc0fbddff7727d22ba7a8118,02_neutral__dai,davis_lucia,42,False,True,REAL,0.5760537385940552,0.4684684684684684,neutral,v2,one
0.01276972983032465,0.3561771810054779,0.16964285714285715,97,380455950b8c881d385311ed72649543,02_neutral__dai,davis_lucia,43,False,True,REAL,0.6350060105323792,0.4774774774774775,neutral,v2,one
0.014163987711071968,0.5535860061645508,0.875,104,9f72d14813ddb27607e715979bbb7f5e,02_neutral__dai,davis_mallard_water,42,False,True,REAL,0.8887087106704712,0.5405405405405406,neutral,v2,one
0.013780592009425163,0.3310432732105255,0.25892857142857145,110,5e459e9a8a6458f57f2088498f413328,02_neutral__dai,davis_mallard_water,43,False,True,REAL,0.6464304327964783,0.5855855855855856,neutral,v2,one
0.017411038279533386,0.05989290028810501,0.2767857142857143,70,b6502c8fa9e71f53cb70f24167b8490f,02_neutral__dai,luminous_gaze_3,42,False,False,REAL,0.4129069149494171,0.3603603603603603,neutral,v2,one
0.019642049446702003,0.09142235666513443,0.6607142857142857,46,aeaa611398e4b95739be89ca1cccd2da,02_neutral__dai,luminous_gaze_3,43,False,False,REAL,0.4008974730968475,0.3063063063063063,neutral,v2,one
0.01722724922001362,0.07354015111923218,0.9910714285714286,54,90744bb961a95118454628924780a5d7,04_neutral_v3__dai,acid_0,42,False,False,REAL,0.5136421918869019,0.4414414414414414,neutral,v3,one
0.01974383369088173,0.0936531126499176,0.5446428571428571,38,e500f527512754a11973546c5bba84c8,04_neutral_v3__dai,acid_0,43,False,False,REAL,0.490068644285202,0.3423423423423423,neutral,v3,one
0.047910429537296295,0.7987344264984131,0.875,3,27e3d0bc01c25758af3ed72b7385ee60,04_neutral_v3__dai,live_concert_4,42,False,False,REAL,0.6761045455932617,0.6756756756756757,neutral,v3,one
0.03759594261646271,0.31588834524154663,0.0,4,d1e15c1634c869e07e33c043090d2276,04_neutral_v3__dai,live_concert_4,43,False,False,REAL,0.625008225440979,0.6306306306306306,neutral,v3,one
0.017715884372591972,0.14422886073589325,0.4642857142857143,43,060fac7f4fe3bd38e138e553fae47e8f,04_neutral_v3__dai,plasma_explosion_2,42,False,False,REAL,0.4254910349845886,0.3243243243243243,neutral,v3,one
0.017343629151582718,0.15956595540046692,0.8214285714285714,54,401dd3948eab4573df3428c8ac107cd6,04_neutral_v3__dai,plasma_explosion_2,43,False,False,REAL,0.5124301314353943,0.5945945945945946,neutral,v3,one
0.01391760352998972,0.04380425810813904,0.7857142857142857,67,4daeb4af393c5a7029fb8a52235a6896,04_neutral_v3__dai,humanvid_10042758,42,False,True,REAL,0.4076870381832123,0.3333333333333333,neutral,v3,one
0.030443033203482628,0.279244989156723,0.6071428571428571,26,7602b957a5287f434e0a267d8c38aaad,04_neutral_v3__dai,humanvid_10042758,43,False,True,REAL,0.4503971934318542,0.4864864864864865,neutral,v3,one
0.079899862408638,0.49424073100090027,0.6160714285714286,6,c8f7967ac68747c6b117065a36a68607,04_neutral_v3__dai,humanvid_12405668,42,False,True,REAL,0.2554123997688293,0.018018018018018,neutral,v3,one
0.019386259838938713,0.2042662501335144,0.3392857142857143,45,85055d16c8fe95734856232f656d7f28,04_neutral_v3__dai,humanvid_12405668,43,False,True,REAL,0.560748815536499,0.5405405405405406,neutral,v3,one
0.01641431264579296,0.12299984693527222,0.0,62,0d5ed44dffc53013c4224280750ea399,04_neutral_v3__dai,humanvid_2402374,42,False,True,REAL,1.1428844928741455,0.3153153153153153,neutral,v3,one
0.017291869968175888,0.1371961236000061,0.9553571428571429,62,b8d21ce0bff730d15af1e8a1ed90b7dd,04_neutral_v3__dai,humanvid_2402374,43,False,True,REAL,0.6452541947364807,0.3153153153153153,neutral,v3,one
0.021138712763786316,0.19616219401359558,0.008928571428571428,31,ba33d73483e90049835fd76946efa34f,04_neutral_v3__dai,humanvid_3795426,42,False,True,REAL,0.5406858921051025,0.3153153153153153,neutral,v3,one
0.015920525416731834,0.17242193222045898,0.26785714285714285,69,b051cc7b483c7a2d8fbb704694de2d23,04_neutral_v3__dai,humanvid_3795426,43,False,True,REAL,0.7029024362564087,0.5585585585585585,neutral,v3,one
0.075871542096138,0.5479387640953064,0.44642857142857145,3,68fea61fb76bd493a2b99b04c2f9ed80,04_neutral_v3__dai,humanvid_4223661,42,False,True,REAL,0.4511555731296539,0.3873873873873873,neutral,v3,one
0.0875614732503891,0.5032121539115906,0.3392857142857143,2,d0f3e7c16f3da8e614e4fbeca531bf47,04_neutral_v3__dai,humanvid_4223661,43,False,True,REAL,0.3400115668773651,0.1711711711711711,neutral,v3,one
0.022584455087780952,0.16203327476978302,0.9910714285714286,35,3c9a98f4fb10c6697a69a71a21c4af8a,04_neutral_v3__dai,humanvid_4325522,42,False,True,REAL,0.5914425849914551,0.4774774774774775,neutral,v3,one
0.029833829030394554,0.38919797539711,0.1875,24,83a669987e0d1c3fc5a9b6e6a88bbba2,04_neutral_v3__dai,humanvid_4325522,43,False,True,REAL,0.5284557938575745,0.4684684684684684,neutral,v3,one
0.02360351011157036,0.26801401376724243,0.6339285714285714,36,35a4f7440c492e53a33c5ec754e7a777,04_neutral_v3__dai,humanvid_4058810,42,False,True,REAL,0.5075547695159912,0.4234234234234234,neutral,v3,one
0.04041459411382675,0.2802349627017975,0.3125,12,abca3739a416652dfc62c3fdec83fdf8,04_neutral_v3__dai,humanvid_4058810,43,False,True,REAL,0.2386707365512848,0.081081081081081,neutral,v3,one
0.04610311612486839,0.7046077251434326,0.41964285714285715,11,4520c7cfb4cb283e492d9118ce2a920c,04_neutral_v3__dai,humanvid_4076737,42,False,True,REAL,0.7446126937866211,0.3873873873873873,neutral,v3,one
0.02507239766418934,0.536963164806366,0.5357142857142857,34,95d4a35309766aea462e856ee58f810f,04_neutral_v3__dai,humanvid_4076737,43,False,True,REAL,0.6520770192146301,0.4504504504504504,neutral,v3,one
0.02086469903588295,0.11935250461101532,0.9196428571428571,42,9a8f9228982c3762eb32136f5f340dbe,04_neutral_v3__dai,humanvid_4457812,42,False,True,REAL,0.6054924130439758,0.4774774774774775,neutral,v3,one
0.019958360120654106,0.12223652005195618,0.26785714285714285,37,19e95ea71e3195113afe5e5ac9487136,04_neutral_v3__dai,humanvid_4457812,43,False,True,REAL,0.5710266828536987,0.4054054054054054,neutral,v3,one
0.013533863238990307,0.03547323867678642,0.9821428571428571,112,4db7b3106ece0083d1aa4f54c3715ec8,04_neutral_v3__dai,humanvid_4650062,42,False,True,REAL,0.358948141336441,0.4414414414414414,neutral,v3,one
0.023386798799037933,0.0783020406961441,0.07142857142857142,15,ca395e4d8a428b01daf8b19cd33ceb76,04_neutral_v3__dai,humanvid_4650062,43,False,True,REAL,0.337430477142334,0.2522522522522522,neutral,v3,one
0.023289360105991364,0.33146557211875916,0.05357142857142857,28,2052576ece4882ae0d95aeb8453c8167,04_neutral_v3__dai,humanvid_4734626,42,False,True,REAL,0.5063400864601135,0.4234234234234234,neutral,v3,one
0.01732572726905346,0.3675565719604492,0.0625,55,9e8325eee142f39eb913e4017ed2795c,04_neutral_v3__dai,humanvid_4734626,43,False,True,REAL,0.5787531137466431,0.6126126126126126,neutral,v3,one
0.018800167366862297,0.19542083144187927,0.19642857142857142,41,2d1f8c8e46bf745ba3af324064de9d44,04_neutral_v3__dai,humanvid_4873451,42,False,True,REAL,0.5908328890800476,0.1261261261261261,neutral,v3,one
0.021616948768496513,0.16179250180721283,0.08928571428571429,20,7ddf5e53e97db080dca0899f133c9c70,04_neutral_v3__dai,humanvid_4873451,43,False,True,REAL,0.4876888692378998,0.6396396396396397,neutral,v3,one
0.020071331411600113,0.16697299480438232,0.19642857142857142,35,e71eb7eb03f42ccc8976c5170cd7a6e3,04_neutral_v3__dai,humanvid_5124224,42,False,True,REAL,0.5851974487304688,0.7837837837837838,neutral,v3,one
0.02165556140244007,0.14397494494915009,0.32142857142857145,28,2f2215ff5ba22830ac43cacc15da4602,04_neutral_v3__dai,humanvid_5124224,43,False,True,REAL,0.5053436756134033,0.3873873873873873,neutral,v3,one
0.015210878103971481,0.4763317406177521,0.9017857142857143,72,9b27e1f9e23b3c67a2cfcf6a86915b04,04_neutral_v3__dai,humanvid_5385990,42,False,True,REAL,0.8497955203056335,0.7297297297297297,neutral,v3,one
0.0178904440253973,0.4108944237232208,0.7946428571428571,44,4f862d4e28e324669dd42b7e206f8d34,04_neutral_v3__dai,humanvid_5385990,43,False,True,REAL,0.6364920735359192,0.0990990990990991,neutral,v3,one
0.035040151327848434,0.20905226469039917,0.42857142857142855,12,b248b85acd287c77a5e511ef21ab9d8f,04_neutral_v3__dai,humanvid_6011432,42,False,True,REAL,0.3033861517906189,0.3063063063063063,neutral,v3,one
0.029545720666646957,0.1662665456533432,0.3392857142857143,27,8e1bbc1ff63ac1fcf5a7280daf6a63d9,04_neutral_v3__dai,humanvid_6011432,43,False,True,REAL,0.4757198691368103,0.1261261261261261,neutral,v3,one
0.03031281940639019,0.3272886276245117,0.5803571428571429,24,148a8fe3dda0d2a163a566603df52982,04_neutral_v3__dai,humanvid_6111509,42,False,True,REAL,0.3332874178886413,0.0990990990990991,neutral,v3,one
0.019062675535678864,0.3092322051525116,0.4642857142857143,33,4dc8a5afa6f336cabd859bd928d94248,04_neutral_v3__dai,humanvid_6111509,43,False,True,REAL,0.5235572457313538,0.3153153153153153,neutral,v3,one
0.025206536054611206,0.42507344484329224,0.7946428571428571,18,f6998ce34bc0ea9fab34da0dac874a86,04_neutral_v3__dai,humanvid_5712746,42,False,True,REAL,0.6729919910430908,0.5765765765765766,neutral,v3,one
0.028538919985294342,0.28433969616889954,0.7678571428571429,8,a7dd2b3df419a80121db4339efd9cf6b,04_neutral_v3__dai,humanvid_5712746,43,False,True,REAL,0.5969395041465759,0.6846846846846847,neutral,v3,one
0.05806951969861984,0.36054784059524536,0.8660714285714286,10,d6f6970c1c69024fedae3244650922f8,04_neutral_v3__dai,humanvid_5759064,42,False,True,REAL,0.2470218390226364,0.063063063063063,neutral,v3,one
0.023515861481428146,0.1697922796010971,0.125,20,d381886a675fcdae174a31b8bf7327e3,04_neutral_v3__dai,humanvid_5759064,43,False,True,REAL,0.8427590727806091,0.1441441441441441,neutral,v3,one
0.07572060078382492,0.8647270798683167,0.8035714285714286,2,70a93c11910edf581bf4dcfbc86ec095,04_neutral_v3__dai,mystification_1,42,False,False,REAL,0.3617204427719116,0.2522522522522522,neutral,v3,one
0.024498946964740753,0.09392526000738144,0.5267857142857143,24,48a1c3b1b9c0aca9b349d0299523e82e,04_neutral_v3__dai,mystification_1,43,False,False,REAL,0.1815314888954162,0.2252252252252252,neutral,v3,one
0.019473286345601082,0.10454947501420975,0.9910714285714286,30,5a3fb0eb7146f6982207519d76f5b675,04_neutral_v3__dai,fire_element_3,42,False,False,REAL,0.5090805292129517,0.3693693693693693,neutral,v3,one
0.014960632659494877,0.10381893813610077,0.4017857142857143,88,73ff3ea9030620ab2fcd13bb2b333d7d,04_neutral_v3__dai,fire_element_3,43,False,False,REAL,0.5523472428321838,0.4684684684684684,neutral,v3,one
0.022057289257645607,0.27566054463386536,0.6964285714285714,26,3fbf35829ef98f84326718e5af8fc182,04_neutral_v3__dai,plasma_explosion_3,42,False,False,REAL,0.6694552302360535,0.6846846846846847,neutral,v3,one
0.02394995652139187,0.2354460209608078,0.7946428571428571,19,e8999e7556df9a480af007c3ea182f3c,04_neutral_v3__dai,plasma_explosion_3,43,False,False,REAL,0.6586475372314453,0.6036036036036037,neutral,v3,one
0.13699458539485931,0.7709148526191711,0.6071428571428571,1,fff00ee7c67672513acecdc1d32bd247,04_neutral_v3__dai,water_element_3,42,False,False,REAL,0.3167228400707245,0.081081081081081,neutral,v3,one
0.019807927310466766,0.22930774092674255,0.5089285714285714,39,65520ba10ae65b02eb0655ad65010f7e,04_neutral_v3__dai,water_element_3,43,False,False,REAL,0.6469559669494629,0.3783783783783784,neutral,v3,one
0.026607023552060127,0.365447074174881,0.9910714285714286,27,debff06ff560e2c0866c26ce42bbb456,04_neutral_v3__dai,humanvid_6111510,42,False,True,REAL,0.5404608845710754,0.1621621621621621,neutral,v3,one
0.02087486907839775,0.4020930230617523,0.6875,42,90094a93a02f456a283855d50c3f17c0,04_neutral_v3__dai,humanvid_6111510,43,False,True,REAL,0.751787006855011,0.5855855855855856,neutral,v3,one
0.01820949837565422,0.16270679235458374,0.9910714285714286,49,3aa6d47acf4c2940eb14c9ba3613d66a,04_neutral_v3__dai,humanvid_6202949,42,False,True,REAL,0.846943199634552,0.7297297297297297,neutral,v3,one
0.019472504034638405,0.11229965835809708,0.6696428571428571,40,518a4dc43dd5e2e3d7f070be9ee15ed0,04_neutral_v3__dai,humanvid_6202949,43,False,True,REAL,0.5815765261650085,0.5765765765765766,neutral,v3,one
0.027448568493127823,0.38167235255241394,0.07142857142857142,22,82cd6e024f8c5964a850572d32159424,04_neutral_v3__dai,humanvid_6263410,42,False,True,REAL,1.1341347694396973,0.045045045045045,neutral,v3,one
0.024215176701545715,0.22234483063220978,0.08928571428571429,23,7d35774f729eb2c7a95ec7e65046511d,04_neutral_v3__dai,humanvid_6263410,43,False,True,REAL,0.5797344446182251,0.5855855855855856,neutral,v3,one
0.013420232571661472,0.27039027214050293,0.8660714285714286,99,f06f32e522fc344c93cd4eebd0159233,04_neutral_v3__dai,humanvid_6300528,42,False,True,REAL,0.8019148707389832,0.7567567567567568,neutral,v3,one
0.03648322448134422,0.5081967115402222,0.14285714285714285,11,cc662da6f4fdfbac60cf98390abb5331,04_neutral_v3__dai,humanvid_6300528,43,False,True,REAL,0.5707588791847229,0.5135135135135135,neutral,v3,one
0.03523800149559975,0.17949937283992767,0.9910714285714286,10,13a5a6f5e042efc128acdedf0eb18174,04_neutral_v3__dai,humanvid_6316946,42,False,True,REAL,0.2683359980583191,0.063063063063063,neutral,v3,one
0.027177151292562485,0.34517449140548706,0.5982142857142857,19,1eeaaeb5df2f3918cbe1e053646aaf1c,04_neutral_v3__dai,humanvid_6316946,43,False,True,REAL,0.7364041209220886,0.2702702702702703,neutral,v3,one
0.025864599272608757,0.4433918595314026,0.0,27,2af3c129c862c5772d8aeecf48fda122,04_neutral_v3__dai,humanvid_6396124,42,False,True,REAL,0.55926513671875,0.4234234234234234,neutral,v3,one
0.01665665954351425,0.6249507069587708,0.6071428571428571,62,dd3a770eba379d794d159588815dfb32,04_neutral_v3__dai,humanvid_6396124,43,False,True,REAL,0.8541765809059143,0.8738738738738738,neutral,v3,one
0.02746775932610035,0.1322277933359146,0.45535714285714285,21,8e600dee68c5e4a055cb9cef115c3c98,04_neutral_v3__dai,humanvid_6438110,42,False,True,REAL,0.264441967010498,0.1261261261261261,neutral,v3,one
0.017014164477586746,0.07798539102077484,0.9285714285714286,52,265b69dea9640c1799107ad404394432,04_neutral_v3__dai,humanvid_6438110,43,False,True,REAL,0.4281619787216186,0.7027027027027027,neutral,v3,one
0.015620354562997818,0.5410904884338379,0.8660714285714286,79,7440918b1b950d56920e01846cd196ab,04_neutral_v3__dai,humanvid_6455384,42,False,True,REAL,0.6163205504417419,0.7747747747747747,neutral,v3,one
0.01368386298418045,0.45316746830940247,0.9642857142857143,97,3bb3697babc433d184ef738eda84eac3,04_neutral_v3__dai,humanvid_6455384,43,False,True,REAL,0.8929612040519714,0.9009009009009008,neutral,v3,one
0.025528883561491966,0.20479342341423035,0.6071428571428571,19,b29eb162103aa7971e90d934871da1b5,04_neutral_v3__dai,humanvid_6517487,42,False,True,REAL,0.4239284694194793,0.1981981981981982,neutral,v3,one
0.0267475638538599,0.14436019957065582,0.8392857142857143,16,bfe76c9a31f627c1287ee2dc80f0b577,04_neutral_v3__dai,humanvid_6517487,43,False,True,REAL,0.4207768738269806,0.6396396396396397,neutral,v3,one
0.04143063724040985,0.5819964408874512,0.8660714285714286,9,3f007279e0bb9cac7163da80bd71fef7,04_neutral_v3__dai,humanvid_6548002,42,False,True,REAL,0.50450599193573,0.081081081081081,neutral,v3,one
0.02284441702067852,0.3634983003139496,0.2857142857142857,34,b2ae173d32d97307ff0611947d6429b4,04_neutral_v3__dai,humanvid_6548002,43,False,True,REAL,0.6025079488754272,0.2522522522522522,neutral,v3,one
0.011984286829829216,0.03235965594649315,0.17857142857142858,112,cc1c9b5422858d1e1a0518aa8be36df7,04_neutral_v3__dai,humanvid_6570439,42,False,True,REAL,0.2695565223693847,0.4324324324324324,neutral,v3,one
0.016498573124408722,0.043855901807546616,0.14285714285714285,69,24dba942472af5e55391c084be288546,04_neutral_v3__dai,humanvid_6570439,43,False,True,REAL,0.2359897494316101,0.3873873873873873,neutral,v3,one
0.02462596818804741,0.25934672355651855,0.8928571428571429,25,eecb6afe0712d6fa1918b88f93d1e13a,04_neutral_v3__dai,humanvid_6625516,42,False,True,REAL,0.4713033139705658,0.2792792792792792,neutral,v3,one
0.020170316100120544,0.16522985696792603,0.625,39,5c32539997712b5a9df3d5cc5956b29e,04_neutral_v3__dai,humanvid_6625516,43,False,True,REAL,0.4473996162414551,0.4234234234234234,neutral,v3,one
0.018646709620952606,0.1058223694562912,0.49107142857142855,43,6c3787b0e70df1c27d0589b5b6cd89be,04_neutral_v3__dai,humanvid_6697837,42,False,True,REAL,0.5144075751304626,0.3423423423423423,neutral,v3,one
0.023695893585681915,0.15791989862918854,0.5267857142857143,22,7f722ebe8a021e372aa8c9267ec3aab1,04_neutral_v3__dai,humanvid_6697837,43,False,True,REAL,0.3748829960823059,0.1351351351351351,neutral,v3,one
0.015324175357818604,0.11911433190107346,0.22321428571428573,70,45d302eea6a9e94f650415708622ffee,04_neutral_v3__dai,humanvid_6815493,42,False,True,REAL,0.5377436280250549,0.2432432432432432,neutral,v3,one
0.01319027878344059,0.13007692992687225,0.8214285714285714,80,c51fa91297067e69de4072d3d77928e6,04_neutral_v3__dai,humanvid_6815493,43,False,True,REAL,0.6808813810348511,0.6756756756756757,neutral,v3,one
0.020926794037222862,0.3143403232097626,0.5803571428571429,38,10edb42ff25f7cecf0bc8e74ab69eb2e,04_neutral_v3__dai,humanvid_6868356,42,False,True,REAL,0.4463138282299042,0.4414414414414414,neutral,v3,one
0.027952734380960464,0.5972586274147034,0.7678571428571429,23,1de8a3a5e20611fb1402639954425488,04_neutral_v3__dai,humanvid_6868356,43,False,True,REAL,0.5080466270446777,0.3243243243243243,neutral,v3,one
0.024325313046574593,0.20875857770442963,0.4107142857142857,17,92a7960bb01d4ce59218a4a2a8c8980f,04_neutral_v3__dai,humanvid_6774466,42,False,True,REAL,0.4957908391952514,0.2702702702702703,neutral,v3,one
0.019703805446624756,0.2569313943386078,0.44642857142857145,36,759b0b113e1c1201114a8ba20feb0c76,04_neutral_v3__dai,humanvid_6774466,43,False,True,REAL,0.6448382139205933,0.6126126126126126,neutral,v3,one
0.01511107012629509,0.10910966992378235,0.4375,71,afe3ea195418a599e91ca9b6becf7c71,04_neutral_v3__dai,humanvid_6778823,42,False,True,REAL,0.5143815875053406,0.4684684684684684,neutral,v3,one
0.03335800766944885,0.3013460040092468,0.44642857142857145,21,62fb69248746c5712b82d57fcaf0a7a6,04_neutral_v3__dai,humanvid_6778823,43,False,True,REAL,0.4181298911571502,0.1261261261261261,neutral,v3,one
0.021793438121676445,0.2672870457172394,0.23214285714285715,32,8ffc40ea6a28ab021dd47b143c101281,04_neutral_v3__dai,humanvid_6878737,42,False,True,REAL,0.6643002033233643,0.3513513513513513,neutral,v3,one
0.02308102510869503,0.09623869508504868,0.8214285714285714,21,f3316aa2bf9a34199bc4884a04a426e9,04_neutral_v3__dai,humanvid_6878737,43,False,True,REAL,0.3418422937393188,0.5585585585585585,neutral,v3,one
0.01724368706345558,0.29449212551116943,0.6964285714285714,53,c39c2a3b1b150c9a37db561deea6894b,04_neutral_v3__dai,humanvid_6898098,42,False,True,REAL,0.6773739457130432,0.7567567567567568,neutral,v3,one
0.024206073954701424,0.4791530668735504,0.6071428571428571,23,7390da74f6cbed1bd6f62717d63ef03e,04_neutral_v3__dai,humanvid_6898098,43,False,True,REAL,0.6689507365226746,0.6486486486486487,neutral,v3,one
0.02043323405086994,0.10123395919799805,0.625,25,89350efc42695cae7594bd6fe109dbf3,04_neutral_v3__dai,acid_1,42,False,False,REAL,0.7171976566314697,0.5045045045045045,neutral,v3,one
0.0238334983587265,0.19378694891929626,0.26785714285714285,19,f511118fb3a445e67720598600fc6e75,04_neutral_v3__dai,acid_1,43,False,False,REAL,0.5147954821586609,0.1351351351351351,neutral,v3,one
0.09064719080924988,0.12385974079370499,0.9861111111111112,10,81c8ee48d3424229d0f265209c27cf91,05_neutral_v3ed81__dai,ed.Ant_glyph_aura.0f6ac03f76f43971.M,42,False,False,FREEZE,0.0116845974698662,0.0632911392405063,neutral,v3ed81,one
0.08456394821405411,0.6639035940170288,0.9861111111111112,1,0b6a95f24252515a4af1f80abc2ce918,05_neutral_v3ed81__dai,ed.Ant_glyph_aura.0f6ac03f76f43971.M,43,False,False,STATIC,0.3311428129673004,0.0126582278481012,neutral,v3ed81,one
0.031022638082504272,0.40813952684402466,0.0,21,a92e092d6122378a8505a3f88cffb207,04_neutral_v3__dai,explosion_0,42,False,False,REAL,0.74000084400177,0.1621621621621621,neutral,v3,one
0.03174561634659767,0.34723174571990967,0.008928571428571428,15,a77669a068567ed395f2605b8e1253a7,04_neutral_v3__dai,explosion_0,43,False,False,REAL,0.7299647927284241,0.7027027027027027,neutral,v3,one
0.028234170749783516,0.2624138593673706,0.9910714285714286,17,f68e194b58c0d4496a95155103ae59d6,04_neutral_v3__dai,explosion_1,42,False,False,REAL,0.5618618726730347,0.1531531531531531,neutral,v3,one
0.022463634610176086,0.3967481255531311,0.9285714285714286,28,5f6f6293467424f239d1834d674a1811,04_neutral_v3__dai,explosion_1,43,False,False,REAL,1.4641424417495728,0.6936936936936937,neutral,v3,one
0.031109414994716644,0.22358956933021545,0.5446428571428571,12,096dce54f7331246bfb2271147b6eeb3,04_neutral_v3__dai,glitch_0,42,False,False,REAL,0.4655031561851501,0.6666666666666666,neutral,v3,one
0.024903789162635803,0.1042260006070137,0.4107142857142857,23,51638156a6f3f39fdf145bf7b99f71e5,04_neutral_v3__dai,glitch_0,43,False,False,REAL,0.4984281361103058,0.6126126126126126,neutral,v3,one
0.037976447492837906,0.09267201274633408,0.044642857142857144,4,b495510cf6270cb90a70e0bbe3c35a41,04_neutral_v3__dai,glitch_1,42,False,False,REAL,0.2011043280363083,0.2792792792792792,neutral,v3,one
0.03445957228541374,0.09239353984594345,0.017857142857142856,11,db3973a01e96840bb3a6910b3b2d0113,04_neutral_v3__dai,glitch_1,43,False,False,REAL,0.2960807979106903,0.0990990990990991,neutral,v3,one
0.01871754601597786,0.2108505666255951,0.7222222222222222,72,e43b5c85244b557195a8ec5694222e58,05_neutral_v3ed81__dai,ed.Acid_mist_ring_barrier.124845165dd76dbe.M,42,False,False,STATIC,0.2317268252372741,0.4936708860759494,neutral,v3ed81,one
0.018292998895049095,0.6400885581970215,0.8194444444444444,72,7ea5d50500827901f4c0ea2d675e4a37,05_neutral_v3ed81__dai,ed.Acid_mist_ring_barrier.124845165dd76dbe.M,43,False,False,STATIC,0.7089890241622925,0.8734177215189873,neutral,v3ed81,one
0.07073032855987549,0.5714039206504822,0.7777777777777778,11,16becbe224d6d71e69ddab893e8749f5,05_neutral_v3ed81__dai,ed.Ants_in_hair.1c25610a8ac6e272.M,42,False,False,REAL,0.1627969443798065,0.1518987341772152,neutral,v3ed81,one
0.03549160435795784,0.3678922653198242,0.3194444444444444,15,2f4bfac3a86454344ffbcda014260c35,05_neutral_v3ed81__dai,ed.Ants_in_hair.1c25610a8ac6e272.M,43,False,False,STATIC,0.3631117045879364,0.1772151898734177,neutral,v3ed81,one
0.022169582545757294,0.5505658388137817,0.16666666666666666,52,93205edb127b59cfc65d41b3a2d65a42,05_neutral_v3ed81__dai,ed.Acidic_Body_Aura.1666bbc4d89600ca.M,42,False,False,STATIC,0.715621292591095,0.7088607594936709,neutral,v3ed81,one
0.022823063656687737,0.5336564779281616,0.0,46,e958a45940e8b821accd658601e387cf,05_neutral_v3ed81__dai,ed.Acidic_Body_Aura.1666bbc4d89600ca.M,43,False,False,STATIC,0.6915066838264465,0.6962025316455697,neutral,v3ed81,one
0.01855817809700966,0.3099198639392853,0.125,38,16424d9f89b113c03b4b3f76ed463b8e,04_neutral_v3__dai,northern_lights_0,42,False,False,REAL,0.7248659133911133,0.4684684684684684,neutral,v3,one
0.017180558294057846,0.22953182458877563,0.15178571428571427,73,fdce6e2c002416d6bb41d00cba22267f,04_neutral_v3__dai,northern_lights_0,43,False,False,REAL,0.6509970426559448,0.3153153153153153,neutral,v3,one
0.018565846607089043,0.5705406665802002,0.875,48,64f200d0a5a76dfb3ea40f15200092bc,04_neutral_v3__dai,northern_lights_1,42,False,False,REAL,0.52189701795578,0.7927927927927928,neutral,v3,one
0.03244286775588989,0.9430639743804932,0.7857142857142857,3,0c059c336ae5a7ea56cbe24e393a858e,04_neutral_v3__dai,northern_lights_1,43,False,False,REAL,0.4747488498687744,0.5585585585585585,neutral,v3,one
0.09283217042684555,0.8762767910957336,0.008928571428571428,2,b2cd772d2f7963b49a1ae86102feff7e,04_neutral_v3__dai,point_cloud_0,42,False,False,REAL,0.6793973445892334,0.6126126126126126,neutral,v3,one
0.09210222959518433,0.8401155471801758,0.26785714285714285,1,c503ed54ea69a1f3761bbfad2d99cc70,04_neutral_v3__dai,point_cloud_0,43,False,False,REAL,0.3569158315658569,0.1711711711711711,neutral,v3,one
0.023284830152988434,0.5226879715919495,0.16666666666666666,41,ac136d160b61d70d6f62dbd879bcc66d,05_neutral_v3ed81__dai,ed.Apple_core_in_chest.09795be76e2b7ec4.M,42,False,False,STATIC,0.6305728554725647,0.6835443037974683,neutral,v3ed81,one
0.02359563112258911,0.529074490070343,0.1111111111111111,39,6df3c88fafb162e41fe07e85f5141d67,05_neutral_v3ed81__dai,ed.Apple_core_in_chest.09795be76e2b7ec4.M,43,False,False,STATIC,0.6958274245262146,0.6962025316455697,neutral,v3ed81,one
0.1660514771938324,1.8858901262283325,0.5982142857142857,6,f656cd86c5fa5813ea5d6290bd804bce,04_neutral_v3__dai,point_cloud_1,42,False,False,REAL,0.7944505214691162,0.6216216216216216,neutral,v3,one
0.111274354159832,0.7153606414794922,0.8392857142857143,4,398ceb2d995d9d552e745f0900c9e57f,04_neutral_v3__dai,point_cloud_1,43,False,False,REAL,0.6280835270881653,0.8288288288288288,neutral,v3,one
0.022328021004796028,0.524608314037323,0.0,57,cc0de7b9d17b44fbcbfce4fafb9e8cac,05_neutral_v3ed81__dai,ed.Apple_blossoms_in_hair.0619b4c4abb83d1a.M,42,False,False,STATIC,0.6720302700996399,0.759493670886076,neutral,v3ed81,one
0.02397855743765831,0.5915496945381165,0.16666666666666666,50,ea5231ef5f434b9f505427d436803355,05_neutral_v3ed81__dai,ed.Apple_blossoms_in_hair.0619b4c4abb83d1a.M,43,False,False,STATIC,0.739901065826416,0.7848101265822784,neutral,v3ed81,one
0.019884523004293442,0.5696803331375122,0.7222222222222222,67,cb58624f5a5849486fabcdd5224d928c,05_neutral_v3ed81__dai,ed.Arm_circuit_electronic_cloud.0ecbeef919f89a12.M,42,False,False,STATIC,0.7136510014533997,0.7848101265822784,neutral,v3ed81,one
0.08685767650604248,0.13094677031040192,0.9861111111111112,9,f9fe4cde60f0178f950661c170199c53,05_neutral_v3ed81__dai,ed.Arm_circuit_electronic_cloud.0ecbeef919f89a12.M,43,False,False,FREEZE,0.0193670652806758,0.050632911392405,neutral,v3ed81,one
0.040114838629961014,0.6672317981719971,0.8660714285714286,5,3fa640eddfb1d528cc8096bd740bef5a,04_neutral_v3__dai,x_ray_0,42,False,False,REAL,0.6699286699295044,0.4054054054054054,neutral,v3,one
0.027875732630491257,0.5276281237602234,0.08928571428571429,5,4196bc05e3d6a50b36f1fc3ffe6548c9,04_neutral_v3__dai,x_ray_0,43,False,False,REAL,0.7039567232131958,0.7927927927927928,neutral,v3,one
0.129191592335701,0.45476242899894714,0.044642857142857144,1,6b90418b749f4b15bda4b54f1c19fcbd,04_neutral_v3__dai,x_ray_1,42,False,False,REAL,0.4568638503551483,0.5585585585585585,neutral,v3,one
0.1429697573184967,0.6074679493904114,0.017857142857142856,2,8db1aeded6905459bcedc940252a9018,04_neutral_v3__dai,x_ray_1,43,False,False,REAL,0.6486407518386841,0.4504504504504504,neutral,v3,one
0.028350288048386574,0.6141342520713806,0.44642857142857145,22,36de6c7923c907641b03c20f5159b66a,04_neutral_v3__dai,train_rush_0,42,False,False,REAL,0.5284055471420288,0.4234234234234234,neutral,v3,one
0.0230118241161108,0.8371108174324036,0.7767857142857143,29,d04d624c61b0c5460e5109b412cbc0a0,04_neutral_v3__dai,train_rush_0,43,False,False,REAL,0.8649891018867493,0.4954954954954955,neutral,v3,one
0.08296367526054382,0.9034417867660522,0.6160714285714286,3,d08c73119809f1ee6df2f008ba38d0c8,04_neutral_v3__dai,train_rush_1,42,False,False,REAL,0.6318551898002625,0.2612612612612612,neutral,v3,one
0.09068456292152405,5.133142471313477,0.07142857142857142,7,e5c975fe1c0578b06518188c9251ce82,04_neutral_v3__dai,train_rush_1,43,False,False,STATIC,0.5002304315567017,0.8108108108108109,neutral,v3,one
0.021938882768154144,0.5578941702842712,0.16666666666666666,60,893187e94fe22826f713d71a851b8b93,05_neutral_v3ed81__dai,ed.Arm_shadow_chains.0e513cd16d065c6a.M,42,False,False,STATIC,0.7059828042984009,0.7088607594936709,neutral,v3ed81,one
0.021954305469989777,0.5477834343910217,0.1111111111111111,56,78bc38db251774a11a9079a142b862a6,05_neutral_v3ed81__dai,ed.Arm_shadow_chains.0e513cd16d065c6a.M,43,False,False,STATIC,0.6603913307189941,0.6582278481012658,neutral,v3ed81,one
0.021026412025094032,0.5293870568275452,0.0,64,213cc3982a954bb51ffd64d1030fe8ca,05_neutral_v3ed81__dai,ed.Array_encircling_feet.0c27bd005ad52648.M,42,False,False,STATIC,0.711872935295105,0.7468354430379747,neutral,v3ed81,one
0.022515447810292244,0.5509722828865051,0.1111111111111111,50,94f2fc8aabc669e664d9954471e45610,05_neutral_v3ed81__dai,ed.Array_encircling_feet.0c27bd005ad52648.M,43,False,False,STATIC,0.7494691610336304,0.7088607594936709,neutral,v3ed81,one
0.02262123115360737,0.5242899060249329,0.16666666666666666,47,61ff08e0a9e4d977730bf258d039e88e,05_neutral_v3ed81__dai,ed.Body_as_mist.1e2592b60cc87490.M,42,False,False,STATIC,0.7100594639778137,0.7468354430379747,neutral,v3ed81,one
0.021312108263373375,0.5285714268684387,0.16666666666666666,50,b7032c38021f4328b1cd10732dd403d6,05_neutral_v3ed81__dai,ed.Body_as_mist.1e2592b60cc87490.M,43,False,False,STATIC,0.696092963218689,0.7468354430379747,neutral,v3ed81,one
0.024258309975266457,0.5108604431152344,0.1111111111111111,43,8f62ed9aed03656e3a9488bba3c69801,05_neutral_v3ed81__dai,ed.Back_page_wings.06c44eb16774b786.M,42,False,False,STATIC,0.6635178923606873,0.6962025316455697,neutral,v3ed81,one
0.024073829874396324,0.5222421884536743,0.0,42,4e11b9a99ab450b859c3fde6771014de,05_neutral_v3ed81__dai,ed.Back_page_wings.06c44eb16774b786.M,43,False,False,STATIC,0.680378258228302,0.7848101265822784,neutral,v3ed81,one
0.018666649237275124,0.0463431179523468,0.7083333333333334,66,371b1c2be9e2fb28c995c52ac0ed7d3f,05_neutral_v3ed81__dai,ed.Body_Laser_Aura.1858d4165ab7c7d2.M,42,False,False,DISSOLVE,0.0854632183909416,0.3544303797468354,neutral,v3ed81,one
0.024092528969049454,0.5469539761543274,0.1111111111111111,38,1596f530ab5b71f52c5959f9cf4c388f,05_neutral_v3ed81__dai,ed.Body_Laser_Aura.1858d4165ab7c7d2.M,43,False,False,STATIC,0.6882094740867615,0.7088607594936709,neutral,v3ed81,one
0.022464977577328682,0.5516360998153687,0.16666666666666666,50,81165d4796d7c3a507a5d31d20f947aa,05_neutral_v3ed81__dai,ed.Body_Banknote_Shield.0640ff900e5d6c50.M,42,False,False,STATIC,0.6643267869949341,0.759493670886076,neutral,v3ed81,one
0.022428099066019058,0.5312252044677734,0.16666666666666666,49,101eb05de8e4723d565dfbb643020dcc,05_neutral_v3ed81__dai,ed.Body_Banknote_Shield.0640ff900e5d6c50.M,43,False,False,STATIC,0.6392467617988586,0.7088607594936709,neutral,v3ed81,one
0.017201488837599754,0.5467574000358582,0.1111111111111111,72,9b4b115f37cd77eff3db62ae3674fd7e,05_neutral_v3ed81__dai,ed.Body_laser_shield.03f28acb3eadecd1.M,42,False,False,STATIC,0.6395401954650879,0.569620253164557,neutral,v3ed81,one
0.018314169719815254,0.6003168225288391,0.1111111111111111,72,d30240d67e65e2ba275e4c6365724ae6,05_neutral_v3ed81__dai,ed.Body_laser_shield.03f28acb3eadecd1.M,43,False,False,STATIC,0.6726194620132446,0.6582278481012658,neutral,v3ed81,one
0.024094337597489357,0.5670056343078613,0.1111111111111111,44,59d4709e6dfba72043252bc2954d60ab,05_neutral_v3ed81__dai,ed.Body_vine_slime.142742df912f8b98.M,42,False,False,STATIC,0.6783818006515503,0.7341772151898734,neutral,v3ed81,one
0.024032972753047943,0.5799281597137451,0.1111111111111111,47,3bc4547166a4ce392d76f52da52fb285,05_neutral_v3ed81__dai,ed.Body_vine_slime.142742df912f8b98.M,43,False,False,STATIC,0.7182614803314209,0.759493670886076,neutral,v3ed81,one
0.024999693036079407,0.552810788154602,0.16666666666666666,42,04bdcea3dde736a709919db1212b263f,05_neutral_v3ed81__dai,ed.Code_Mirror_Duplicate.02c8c50a3fbcd46d.M,42,False,False,STATIC,0.6950114965438843,0.7721518987341772,neutral,v3ed81,one
0.024496540427207947,0.5527635812759399,0.16666666666666666,41,352d658c5580bbd09392ae021b5773be,05_neutral_v3ed81__dai,ed.Code_Mirror_Duplicate.02c8c50a3fbcd46d.M,43,False,False,STATIC,0.7028926014900208,0.759493670886076,neutral,v3ed81,one
0.018326301127672195,0.5755437016487122,0.16666666666666666,72,e16e262a46845df072f591d1175a585e,05_neutral_v3ed81__dai,ed.Cold_Tears_Gaze.0e28a4f8490df43f.M,42,False,False,STATIC,0.7043371200561523,0.7974683544303798,neutral,v3ed81,one
0.2160838395357132,0.5033265352249146,0.9444444444444444,5,798225bedf6525ec0df3081dd3c57d17,05_neutral_v3ed81__dai,ed.Cold_Tears_Gaze.0e28a4f8490df43f.M,43,False,False,FREEZE,0.0155710596591234,0.0253164556962025,neutral,v3ed81,one
0.01998979225754738,0.5307124853134155,0.7222222222222222,68,6a8441290961e91f0bc72c9199c8880a,05_neutral_v3ed81__dai,humanvid_6944277,42,False,True,STATIC,0.6576585173606873,0.759493670886076,neutral,v3ed81,one
0.020090578123927116,0.5576238036155701,0.16666666666666666,64,39f57fef2ca36089ee21f0e9daecad99,05_neutral_v3ed81__dai,humanvid_6944277,43,False,True,STATIC,0.6722036600112915,0.7215189873417721,neutral,v3ed81,one
0.043189261108636856,0.15993288159370422,0.2222222222222222,6,caf417f4023f6339b442b7fa78bec9ca,05_neutral_v3ed81__dai,humanvid_6970182,42,False,True,REAL,0.3331051766872406,0.240506329113924,neutral,v3ed81,one
0.022193029522895813,0.5077369809150696,0.16666666666666666,50,abbac2eb9c2fc372fc14d637c763e7c2,05_neutral_v3ed81__dai,humanvid_6970182,43,False,True,STATIC,0.6846181750297546,0.7088607594936709,neutral,v3ed81,one
0.09599653631448746,0.31472617387771606,0.9583333333333334,5,6eecd6a542d8bf09dc70f85866b8c0cd,05_neutral_v3ed81__dai,humanvid_7150191,42,False,True,REAL,0.1884924620389938,0.1518987341772152,neutral,v3ed81,one
0.02300950512290001,0.5012394189834595,0.0,47,f3a084b2f545ab71c6b511cb51f95b5f,05_neutral_v3ed81__dai,humanvid_7150191,43,False,True,STATIC,0.6455560922622681,0.7088607594936709,neutral,v3ed81,one
0.019931713119149208,0.16153477132320404,0.1111111111111111,67,81b70556696843721105c5c8d67620de,05_neutral_v3ed81__dai,humanvid_7301433,42,False,True,STATIC,0.2269295305013656,0.430379746835443,neutral,v3ed81,one
0.02164829708635807,0.4529392719268799,0.7222222222222222,62,b5d29e521b2a764ad78ac5336fcb09c0,05_neutral_v3ed81__dai,humanvid_7301433,43,False,True,STATIC,0.4728143513202667,0.2531645569620253,neutral,v3ed81,one
0.023780232295393944,0.5568442344665527,0.1111111111111111,42,870a84440657c61ac3a61cade7a3e9a8,05_neutral_v3ed81__dai,humanvid_7169950,42,False,True,STATIC,0.6884405016899109,0.7468354430379747,neutral,v3ed81,one
0.024340856820344925,0.5635948181152344,0.1111111111111111,44,23cec4b4b27892a4a9ca30d8e53ada01,05_neutral_v3ed81__dai,humanvid_7169950,43,False,True,STATIC,0.6654559969902039,0.7468354430379747,neutral,v3ed81,one
0.019680887460708618,0.048344194889068604,0.9444444444444444,58,7eb0055f7c41b4408fe9d2998d2c9d4d,05_neutral_v3ed81__dai,humanvid_7171022,42,False,True,DISSOLVE,0.0957347229123115,0.2911392405063291,neutral,v3ed81,one
0.07885037362575531,1.4671517610549927,0.6111111111111112,8,c404632cec1208bcae79533b4d028e94,05_neutral_v3ed81__dai,humanvid_7171022,43,False,True,REAL,0.3742108643054962,0.3544303797468354,neutral,v3ed81,one
0.025618664920330048,0.4015393555164337,0.2638888888888889,41,16ef2960cfe01a6c512925882b7f7a71,05_neutral_v3ed81__dai,humanvid_7319993,42,False,True,REAL,1.3273056745529177,0.7468354430379747,neutral,v3ed81,one
0.02288859523832798,0.36746639013290405,0.6666666666666666,47,2c71a22522b5eaa15f1ee4970f4f5892,05_neutral_v3ed81__dai,humanvid_7319993,43,False,True,REAL,0.8077118396759033,0.8607594936708861,neutral,v3ed81,one
0.028747200965881348,0.16748912632465363,0.9861111111111112,27,c8e1a546f93dd1cbfe6073f868e9f395,05_neutral_v3ed81__dai,humanvid_7218892,42,False,True,REAL,0.3791298866271972,0.2784810126582278,neutral,v3ed81,one
0.017056558281183243,0.5532086491584778,0.0,72,903ec414204de0fcede9759790d5e352,05_neutral_v3ed81__dai,humanvid_7218892,43,False,True,STATIC,0.657902181148529,0.8481012658227848,neutral,v3ed81,one
0.05065411701798439,0.4895961880683899,0.7083333333333334,16,bfc4d1951e3d6e390a4c33d88c2ec8e7,05_neutral_v3ed81__dai,humanvid_7534403,42,False,True,REAL,0.3505668640136719,0.189873417721519,neutral,v3ed81,one
0.02263759635388851,0.5127973556518555,0.1111111111111111,52,63012879695f64cc7cbba041966f655d,05_neutral_v3ed81__dai,humanvid_7534403,43,False,True,STATIC,0.723355233669281,0.7088607594936709,neutral,v3ed81,one
0.017821166664361954,0.5828678607940674,0.0,72,02b3ac5a20d270bf02b3ff3e1dc15034,05_neutral_v3ed81__dai,humanvid_7236896,42,False,True,STATIC,0.7455388903617859,0.759493670886076,neutral,v3ed81,one
0.026303589344024658,0.22658683359622955,0.6111111111111112,39,c673cd37791bc6a43533a6b3857f1d18,05_neutral_v3ed81__dai,humanvid_7236896,43,False,True,REAL,0.4992164075374603,0.3544303797468354,neutral,v3ed81,one
0.021663198247551918,0.5486823916435242,0.1111111111111111,55,9ebf553b8feb57cafdbedca0c49c2576,05_neutral_v3ed81__dai,humanvid_7467659,42,False,True,STATIC,0.7055772542953491,0.810126582278481,neutral,v3ed81,one
0.02181735634803772,0.4779264032840729,0.16666666666666666,54,51f5a3f6fdea429f1df85212b07644e9,05_neutral_v3ed81__dai,humanvid_7467659,43,False,True,STATIC,0.7178894281387329,0.9113924050632912,neutral,v3ed81,one
0.01968333311378956,0.07199174165725708,0.05555555555555555,69,c7e5b5af2913041f67896ad2a2d5b7e5,05_neutral_v3ed81__dai,humanvid_7235992,42,False,True,REAL,0.560612678527832,0.5822784810126582,neutral,v3ed81,one
0.03580659627914429,0.4396071135997772,0.4444444444444444,17,9a83981b12f58012701d64ab048bd75d,05_neutral_v3ed81__dai,humanvid_7235992,43,False,True,REAL,0.6128416061401367,0.5316455696202531,neutral,v3ed81,one
0.032377127557992935,0.5437743663787842,0.6944444444444444,32,f9249957c930a5a7c45f3bafdd99bd1c,05_neutral_v3ed81__dai,humanvid_7480485,42,False,True,REAL,0.6934149861335754,0.4556962025316455,neutral,v3ed81,one
0.025058317929506302,0.5324912667274475,0.7916666666666666,49,f242ac6de9c3923449d0c42b425ff259,05_neutral_v3ed81__dai,humanvid_7480485,43,False,True,REAL,0.8240568041801453,0.5949367088607594,neutral,v3ed81,one
0.06697490811347961,0.20510904490947723,0.8888888888888888,11,284eae2a4f4c48a0428653d44e287da6,05_neutral_v3ed81__dai,humanvid_7537430,42,False,True,CUT,0.0559618100523948,0.050632911392405,neutral,v3ed81,one
0.03466625511646271,0.2215549498796463,0.7777777777777778,30,66c98cb3c561ed5663d03d581ce0d189,05_neutral_v3ed81__dai,humanvid_7537430,43,False,True,DISSOLVE,0.0363396927714347,0.3164556962025316,neutral,v3ed81,one
0.02480323240160942,0.15733382105827332,0.9722222222222222,50,bbcc370745204603a0d39d255ecc2e37,05_neutral_v3ed81__dai,humanvid_7663067,42,False,True,REAL,0.4731428027153015,0.240506329113924,neutral,v3ed81,one
0.02639543078839779,0.16478490829467773,0.0,34,712008286a48ebb4d294befef3b95fa7,05_neutral_v3ed81__dai,humanvid_7663067,43,False,True,REAL,0.3961312472820282,0.1645569620253164,neutral,v3ed81,one
0.02040935680270195,0.5078080892562866,0.7777777777777778,67,a69375aa8ba6acddf4f6f5f1b4cba7e1,05_neutral_v3ed81__dai,humanvid_7670221,42,False,True,STATIC,0.7516152858734131,0.8607594936708861,neutral,v3ed81,one
0.02149338647723198,0.5230517983436584,0.0,59,d28e101c8a482c5f11241b5112cbadb7,05_neutral_v3ed81__dai,humanvid_7670221,43,False,True,STATIC,0.7076085805892944,0.620253164556962,neutral,v3ed81,one
0.02829485759139061,0.3376922607421875,0.1388888888888889,31,de51b063a7fd95d60dbf825de509d2a6,05_neutral_v3ed81__dai,humanvid_7539020,42,False,True,REAL,0.5645291805267334,0.240506329113924,neutral,v3ed81,one
0.022179370746016502,0.23119448125362396,0.027777777777777776,55,a2d3668f01b8a059357bfdaab15382a0,05_neutral_v3ed81__dai,humanvid_7539020,43,False,True,REAL,0.4973467588424682,0.3544303797468354,neutral,v3ed81,one
0.026754721999168396,0.11022587865591049,0.5,32,a8d3a0404ec0f96fc1bfd5ef1842d1be,05_neutral_v3ed81__dai,ed.Amber_roots_from_feet.140f18915e0e58bd.M,42,False,False,CUT,0.1053340137004852,0.1012658227848101,neutral,v3ed81,one
0.02220032550394535,0.5514927506446838,0.1111111111111111,53,a5f997d29bc22589e77cb1bf87eb92b7,05_neutral_v3ed81__dai,ed.Amber_roots_from_feet.140f18915e0e58bd.M,43,False,False,STATIC,0.6798908710479736,0.810126582278481,neutral,v3ed81,one
0.05951860174536705,0.46383136510849,0.625,11,618e9859c49b691f0bf385fa87775c26,05_neutral_v3ed81__dai,ed.Amber_streams_from_eyes.163ded7ec9e49fc8.M,42,False,False,REAL,0.2364053130149841,0.0886075949367088,neutral,v3ed81,one
0.03681018576025963,0.16410990059375763,0.2222222222222222,17,b3b483391b849de01bd722e1efcdd3d4,05_neutral_v3ed81__dai,ed.Amber_streams_from_eyes.163ded7ec9e49fc8.M,43,False,False,REAL,0.3172450959682464,0.2911392405063291,neutral,v3ed81,one
0.5176178216934204,0.9886041283607483,0.9444444444444444,1,23feab7ea7505bb8215e141ad03c5a56,05_neutral_v3ed81__dai,ed.Amethyst_sword_from_palm.04b7a1c4ba96f12f.M,42,False,False,FREEZE,0.0367330610752105,0.0,neutral,v3ed81,one
0.040736123919487,0.4702262580394745,0.9444444444444444,16,c5dc210c96e5faf657b82588eb14000e,05_neutral_v3ed81__dai,ed.Amethyst_sword_from_palm.04b7a1c4ba96f12f.M,43,False,False,REAL,0.4471413791179657,0.4430379746835443,neutral,v3ed81,one
0.022686641663312912,0.48112019896507263,0.0,50,96e9917f7f09fb82c043f91c6f8e0857,05_neutral_v3ed81__dai,ed.Ants_flow_from_eyes.0620ac943c6d8ba8.M,42,False,False,STATIC,0.6846914291381836,0.7341772151898734,neutral,v3ed81,one
0.022822286933660507,0.49127691984176636,0.0,53,2e845b6543324c40f5048b273d2eff50,05_neutral_v3ed81__dai,ed.Ants_flow_from_eyes.0620ac943c6d8ba8.M,43,False,False,STATIC,0.6893334984779358,0.759493670886076,neutral,v3ed81,one
0.022374505177140236,0.4997803866863251,0.1111111111111111,51,61adb8e99055dc6a7902d6eafdddace9,05_neutral_v3ed81__dai,ed.Acid_mist_limb_transformation.0f4fc4edacb19f56.M,42,False,False,STATIC,0.6615644693374634,0.7341772151898734,neutral,v3ed81,one
0.023243030533194542,0.5317893624305725,0.1111111111111111,47,9c84298bc76f38e64b3bc539bb716023,05_neutral_v3ed81__dai,ed.Acid_mist_limb_transformation.0f4fc4edacb19f56.M,43,False,False,STATIC,0.6831582188606262,0.7341772151898734,neutral,v3ed81,one
0.13290752470493317,0.19385060667991638,0.9583333333333334,6,1e6b69384f0f3808c8dd28f578a3fd54,05_neutral_v3ed81__dai,ed.Amber_crystal_wings_on_back.0b899d5068edcb66.M,42,False,False,FREEZE,0.0215832404792308,0.0379746835443038,neutral,v3ed81,one
0.09555839002132416,0.12344174087047577,0.875,10,435708e1bc793da23466a037b009d89b,05_neutral_v3ed81__dai,ed.Amber_crystal_wings_on_back.0b899d5068edcb66.M,43,False,False,FREEZE,0.0134729612618684,0.0632911392405063,neutral,v3ed81,one
0.026225928217172623,0.1141945943236351,0.0,34,f72c0b4bc1c77cb20f4aa1d3efe63d76,05_neutral_v3ed81__dai,ed.Arm_chip_serpent.140f18915e0e58bd.M,42,False,False,REAL,0.2838920652866363,0.3544303797468354,neutral,v3ed81,one
0.021158739924430847,0.5618821978569031,0.16666666666666666,54,b1ae6e12a14c6622479486c0078596fc,05_neutral_v3ed81__dai,ed.Arm_chip_serpent.140f18915e0e58bd.M,43,False,False,STATIC,0.6837682127952576,0.7468354430379747,neutral,v3ed81,one
0.5780003070831299,0.9762869477272034,0.9444444444444444,1,e156f2930b211eb26fcbf5acbd9624c2,05_neutral_v3ed81__dai,ed.Arm_data_corruption.04b7a1c4ba96f12f.M,42,False,False,FREEZE,0.0185481868684291,0.0,neutral,v3ed81,one
0.04531729221343994,0.21314352750778198,0.9305555555555556,18,634d26584611883c6d8db0f24b37b63a,05_neutral_v3ed81__dai,ed.Arm_data_corruption.04b7a1c4ba96f12f.M,43,False,False,REAL,0.1832887977361679,0.2025316455696202,neutral,v3ed81,one
0.0693691149353981,0.5221766233444214,0.625,12,58f01005497a2ebd27e9786851d53976,05_neutral_v3ed81__dai,ed.Avocado_Pulp_Aura.163ded7ec9e49fc8.M,42,False,False,REAL,0.1995690613985061,0.0632911392405063,neutral,v3ed81,one
0.038228150457143784,0.17366544902324677,0.2222222222222222,17,797fc5b83751fe525ff3d05c34824c0d,05_neutral_v3ed81__dai,ed.Avocado_Pulp_Aura.163ded7ec9e49fc8.M,43,False,False,REAL,0.3124699294567108,0.2658227848101265,neutral,v3ed81,one
0.023061729967594147,0.5211318135261536,0.7222222222222222,35,fab89e8c91de498ffcdc3136c6ec36dd,05_neutral_v3ed81__dai,ed.Avocado_Seed_Pendant.07ecaee96f206e14.M,42,False,False,STATIC,0.6988905072212219,0.7974683544303798,neutral,v3ed81,one
0.10556486994028091,0.19979189336299896,0.9861111111111112,5,4d79e0b2b12b2a2cc42c6d13f1575f8a,05_neutral_v3ed81__dai,ed.Avocado_Seed_Pendant.07ecaee96f206e14.M,43,False,False,FREEZE,0.0421384461224079,0.0379746835443038,neutral,v3ed81,one
0.13703691959381104,0.20342124998569489,0.9583333333333334,6,3912d2503fdc05d93f4713ad14ae1c92,05_neutral_v3ed81__dai,ed.Back_Born_Letter_Wings.0b899d5068edcb66.M,42,False,False,FREEZE,0.0221410822123289,0.0253164556962025,neutral,v3ed81,one
0.10019055008888245,0.12745001912117004,0.875,10,46d9355527c96cd805e7ddea4279b052,05_neutral_v3ed81__dai,ed.Back_Born_Letter_Wings.0b899d5068edcb66.M,43,False,False,CUT,0.0126755023375153,0.0632911392405063,neutral,v3ed81,one
0.04896479845046997,0.2820075750350952,0.6944444444444444,16,34cd526fbddfb97d8febf052698c170e,05_neutral_v3ed81__dai,ed.Back_bubble_cloak.1c1353a8962ef9be.M,42,False,False,REAL,0.1679178327322006,0.3037974683544304,neutral,v3ed81,one
0.0348472036421299,0.4234384596347809,0.5138888888888888,26,40a5acef4bc4971e5d196613c372e843,05_neutral_v3ed81__dai,ed.Back_bubble_cloak.1c1353a8962ef9be.M,43,False,False,REAL,0.4164835810661316,0.240506329113924,neutral,v3ed81,one
0.02285989373922348,0.5031225085258484,0.7222222222222222,45,c66105afd96f9d86f9021f1e0487a5c3,05_neutral_v3ed81__dai,ed.Back_laser_wings.0e4ad9078efa26f4.M,42,False,False,STATIC,0.6835712194442749,0.7215189873417721,neutral,v3ed81,one
0.0848177894949913,0.14190199971199036,0.9861111111111112,10,11fde85fbab34509ee0d178de72ee002,05_neutral_v3ed81__dai,ed.Back_laser_wings.0e4ad9078efa26f4.M,43,False,False,FREEZE,0.0287425778806209,0.050632911392405,neutral,v3ed81,one
0.02262054942548275,0.527678906917572,0.16666666666666666,50,a0c61e9d8c9efdf83a3585eceac8cb19,05_neutral_v3ed81__dai,ed.Bamboo_shield_in_front.0f4fc4edacb19f56.M,42,False,False,STATIC,0.673225462436676,0.7468354430379747,neutral,v3ed81,one
0.02340250089764595,0.5354386568069458,0.16666666666666666,45,ef105b50a1ef66debbc4c9503b47159a,05_neutral_v3ed81__dai,ed.Bamboo_shield_in_front.0f4fc4edacb19f56.M,43,False,False,STATIC,0.6923643946647644,0.7341772151898734,neutral,v3ed81,one
0.021852700039744377,0.5099695920944214,0.7777777777777778,57,35723b90853e2e788840085e33f346a6,05_neutral_v3ed81__dai,ed.Chaotic_wings_from_shoulders.1728ea54ae676560.M,42,False,False,STATIC,0.7373580932617188,0.759493670886076,neutral,v3ed81,one
0.023888414725661278,0.5530081987380981,0.1111111111111111,46,de21ae1478abe3ff2cf34d66026b4c5c,05_neutral_v3ed81__dai,ed.Chaotic_wings_from_shoulders.1728ea54ae676560.M,43,False,False,STATIC,0.7174152135848999,0.7215189873417721,neutral,v3ed81,one
0.024326086044311523,0.5504326224327087,0.16666666666666666,41,4737a35606fe71c326c67174dcf0adbb,05_neutral_v3ed81__dai,ed.Chest_Burst_Ribbons.1db1c2ae4733d3dc.M,42,False,False,STATIC,0.6651972532272339,0.6835443037974683,neutral,v3ed81,one
0.02236265316605568,0.5076355338096619,0.1111111111111111,48,84cecb19080c05e0ee86c797b9a613dc,05_neutral_v3ed81__dai,ed.Chest_Burst_Ribbons.1db1c2ae4733d3dc.M,43,False,False,STATIC,0.6649481654167175,0.7721518987341772,neutral,v3ed81,one
0.02193194068968296,0.4874062240123749,0.16666666666666666,50,cb338ffb3f7bf1b7487fa11bd3c5ee67,05_neutral_v3ed81__dai,ed.Chest_Erupting_Shield.0e8ec528ffd657e9.M,42,False,False,STATIC,0.6449165940284729,0.7215189873417721,neutral,v3ed81,one
0.02375628426671028,0.5457180142402649,0.1111111111111111,45,63b649bfb3c425452a97e18f01618410,05_neutral_v3ed81__dai,ed.Chest_Erupting_Shield.0e8ec528ffd657e9.M,43,False,False,STATIC,0.685114860534668,0.759493670886076,neutral,v3ed81,one
0.023874100297689438,0.5419471263885498,0.16666666666666666,45,f6a9c6ae1bba60b39e047e963f34589e,05_neutral_v3ed81__dai,ed.Chest_Laser_Burst.1db1c2ae4733d3dc.M,42,False,False,STATIC,0.6609066724777222,0.7721518987341772,neutral,v3ed81,one
0.02328525111079216,0.5347043871879578,0.0,43,9743de1edfaac671d5c736899d2acfdf,05_neutral_v3ed81__dai,ed.Chest_Laser_Burst.1db1c2ae4733d3dc.M,43,False,False,STATIC,0.6730554699897766,0.6962025316455697,neutral,v3ed81,one
0.02298424206674099,0.4944019615650177,0.1111111111111111,47,c7424271c0587f64bfd6671db1149e7d,05_neutral_v3ed81__dai,ed.Body_gear_field.06ad4482b7de1301.M,42,False,False,STATIC,0.6344375014305115,0.5949367088607594,neutral,v3ed81,one
0.02278212271630764,0.5308784246444702,0.16666666666666666,49,3a3e3701a2bf6d6018ca7707c90a10cc,05_neutral_v3ed81__dai,ed.Body_gear_field.06ad4482b7de1301.M,43,False,False,STATIC,0.6673122048377991,0.6455696202531646,neutral,v3ed81,one
0.021344423294067383,0.479439377784729,0.1111111111111111,58,5227565b228e4736400ac38beb3a3d3c,05_neutral_v3ed81__dai,ed.Brass_serpent_coil.1728ea54ae676560.M,42,False,False,STATIC,0.717341959476471,0.7974683544303798,neutral,v3ed81,one
0.02352955751121044,0.5630173087120056,0.0,47,6da7ef213979ef38e551cbac882de014,05_neutral_v3ed81__dai,ed.Brass_serpent_coil.1728ea54ae676560.M,43,False,False,STATIC,0.6902033686637878,0.6708860759493671,neutral,v3ed81,one
0.023547574877738953,0.5485157370567322,0.0,47,9d57192ea14beaf85f7dc1dc823cba30,05_neutral_v3ed81__dai,ed.Bile_aura_hands.0620ac943c6d8ba8.M,42,False,False,STATIC,0.690559983253479,0.7341772151898734,neutral,v3ed81,one
0.025528885424137115,0.5570806860923767,0.0,38,1decc84512ce40a1fe121e9ad50f4341,05_neutral_v3ed81__dai,ed.Bile_aura_hands.0620ac943c6d8ba8.M,43,False,False,STATIC,0.6875232458114624,0.6962025316455697,neutral,v3ed81,one
0.023217475041747093,0.5503820180892944,0.16666666666666666,45,6be3b27925e8fe52be61b240d8bcb4dc,05_neutral_v3ed81__dai,ed.Body_Meteorite_Crystal.0e4ad9078efa26f4.M,42,False,False,STATIC,0.6911247372627258,0.7341772151898734,neutral,v3ed81,one
0.08615554124116898,0.1502775102853775,0.9861111111111112,9,d25073572861c392ed86f509cd60e585,05_neutral_v3ed81__dai,ed.Body_Meteorite_Crystal.0e4ad9078efa26f4.M,43,False,False,FREEZE,0.0315544083714485,0.0632911392405063,neutral,v3ed81,one
0.02288563922047615,0.4986398220062256,0.1111111111111111,48,be69d5a2204435394d3aaaa8c46920e4,05_neutral_v3ed81__dai,ed.Chest_sigil.0e8ec528ffd657e9.M,42,False,False,STATIC,0.6307137608528137,0.6962025316455697,neutral,v3ed81,one
0.023572521284222603,0.5453611612319946,0.1111111111111111,45,0e6111be12f2438cbf3bf67347011cf0,05_neutral_v3ed81__dai,ed.Chest_sigil.0e8ec528ffd657e9.M,43,False,False,STATIC,0.6718685626983643,0.7215189873417721,neutral,v3ed81,one
0.019266637042164803,0.04075229540467262,0.2222222222222222,64,a30e7b24179e46129d39fe00630bdf02,05_neutral_v3ed81__dai,ed.Confetti_Burst_from_Hands.116c93366b05a44e.M,42,False,False,DISSOLVE,0.0944428667426109,0.3544303797468354,neutral,v3ed81,one
0.05087587237358093,0.3225446045398712,0.5694444444444444,14,5cf564a673d5613064d443d749d70cf6,05_neutral_v3ed81__dai,ed.Confetti_Burst_from_Hands.116c93366b05a44e.M,43,False,False,REAL,0.1660318821668625,0.0379746835443038,neutral,v3ed81,one
0.02189328521490097,0.500333309173584,0.16666666666666666,36,7a93f0aa23261ba5f5e28ecf97ddb84b,05_neutral_v3ed81__dai,ed.Chest_fish_burst.07ecaee96f206e14.M,42,False,False,STATIC,0.690971851348877,0.7468354430379747,neutral,v3ed81,one
0.09918372333049774,0.14148902893066406,0.9861111111111112,8,32e7343f9ee72574bfba2754579de216,05_neutral_v3ed81__dai,ed.Chest_fish_burst.07ecaee96f206e14.M,43,False,False,FREEZE,0.0200735833495855,0.0632911392405063,neutral,v3ed81,one
0.0377282053232193,0.18219928443431854,0.8472222222222222,13,456a86b15343dc1930f626ca99fff4ef,05_neutral_v3ed81__dai,ed.Chest_light_field.1c1353a8962ef9be.M,42,False,False,REAL,0.3099621534347534,0.3164556962025316,neutral,v3ed81,one
0.04500901326537132,0.4339210093021393,0.5277777777777778,14,a752442f0292010168314239222236d2,05_neutral_v3ed81__dai,ed.Chest_light_field.1c1353a8962ef9be.M,43,False,False,REAL,0.3970853686332702,0.2531645569620253,neutral,v3ed81,one
0.025144999846816063,0.06547735631465912,0.7777777777777778,35,860af76847843dcb982542d26bd69a4c,05_neutral_v3ed81__dai,ed.Cucumber_seeds_from_chest.01f95ede20c32e61.M,42,False,False,CUT,0.0645603686571121,0.2151898734177215,neutral,v3ed81,one
0.02307760715484619,0.5468919277191162,0.16666666666666666,50,de36ec4a0812ad491b840ea022931756,05_neutral_v3ed81__dai,ed.Cucumber_seeds_from_chest.01f95ede20c32e61.M,43,False,False,STATIC,0.6862034201622009,0.7974683544303798,neutral,v3ed81,one
0.023759987205266953,0.5372151732444763,0.16666666666666666,47,d2f4087c95f5069e3384e10167e6357f,05_neutral_v3ed81__dai,ed.Dark_mist_from_mouth.03191b8530530fce.M,42,False,False,STATIC,0.6759805083274841,0.6962025316455697,neutral,v3ed81,one
0.023912204429507256,0.5245838165283203,0.16666666666666666,45,4ef3598f0f66c7442c8bb192cbb895eb,05_neutral_v3ed81__dai,ed.Dark_mist_from_mouth.03191b8530530fce.M,43,False,False,STATIC,0.6702705025672913,0.6329113924050633,neutral,v3ed81,one
0.023406829684972763,0.5050367712974548,0.16666666666666666,49,0295563c87c2d7a5244136f6fbf366da,05_neutral_v3ed81__dai,ed.Eye_Shard_Stream.06ad4482b7de1301.M,42,False,False,STATIC,0.6555442214012146,0.7468354430379747,neutral,v3ed81,one
0.02281818352639675,0.5195081830024719,0.1111111111111111,49,9ea2a1ead92c54e134473dbdf8e0ab5e,05_neutral_v3ed81__dai,ed.Eye_Shard_Stream.06ad4482b7de1301.M,43,False,False,STATIC,0.6695894002914429,0.7341772151898734,neutral,v3ed81,one
0.023108284920454025,0.5193561315536499,0.1111111111111111,46,2fac4eb7f2f88c261eb8bdd6735dd003,05_neutral_v3ed81__dai,ed.Fist_heat_blast.01f95ede20c32e61.M,42,False,False,STATIC,0.6719885468482971,0.7088607594936709,neutral,v3ed81,one
0.023723434656858444,0.5686396360397339,0.16666666666666666,47,c6b1ff06766cdafccb02342abfd5d3f4,05_neutral_v3ed81__dai,ed.Fist_heat_blast.01f95ede20c32e61.M,43,False,False,STATIC,0.7063093185424805,0.759493670886076,neutral,v3ed81,one
0.022403163835406303,0.5630049705505371,0.16666666666666666,55,a7f20a49443c4a0331ee1e16b9ed4c5c,05_neutral_v3ed81__dai,ed.Electric_Clothes_Glow.0c71d4091805ed87.M,42,False,False,STATIC,0.6992667317390442,0.7341772151898734,neutral,v3ed81,one
0.023744672536849976,0.6126710176467896,0.16666666666666666,47,c72b2a2e7261f75ac9d50693b1d8b893,05_neutral_v3ed81__dai,ed.Electric_Clothes_Glow.0c71d4091805ed87.M,43,False,False,STATIC,0.713938295841217,0.6835443037974683,neutral,v3ed81,one
0.017539802938699722,0.030723603442311287,0.3888888888888889,64,207b4b8015d15273d287d31ed80506da,05_neutral_v3ed81__dai,ed.Eye_Meteor_Burst.116c93366b05a44e.M,42,False,False,REAL,0.1752268970012664,0.3417721518987341,neutral,v3ed81,one
0.06928502768278122,0.7034569382667542,0.9444444444444444,11,5f6c5251bbc4a10b4fd84a05f9708259,05_neutral_v3ed81__dai,ed.Eye_Meteor_Burst.116c93366b05a44e.M,43,False,False,REAL,0.1272739171981811,0.1265822784810126,neutral,v3ed81,one
0.02423899807035923,0.5396174788475037,0.1111111111111111,47,eb26a3bdce62849025842c564bb658e0,05_neutral_v3ed81__dai,ed.Dark_mist_wings_from_back.03191b8530530fce.M,42,False,False,STATIC,0.6694377660751343,0.6329113924050633,neutral,v3ed81,one
0.026308659464120865,0.5633329749107361,0.2222222222222222,37,30547863309ea0947d32150f939c36ab,05_neutral_v3ed81__dai,ed.Dark_mist_wings_from_back.03191b8530530fce.M,43,False,False,STATIC,0.6650210618972778,0.5822784810126582,neutral,v3ed81,one
0.024388983845710754,0.6060605645179749,0.16666666666666666,51,eb5c5b050a1e791e9299411c5a32556a,05_neutral_v3ed81__dai,ed.Diamond_Footpath.0c71d4091805ed87.M,42,False,False,STATIC,0.64200758934021,0.6582278481012658,neutral,v3ed81,one
0.02348068170249462,0.5937444567680359,0.16666666666666666,51,e7c463735eed59fb055bcd576522dc4e,05_neutral_v3ed81__dai,ed.Diamond_Footpath.0c71d4091805ed87.M,43,False,False,STATIC,0.7148448824882507,0.759493670886076,neutral,v3ed81,one
0.13080671429634094,0.7800825834274292,0.16071428571428573,1,d13301a87188ae826456472759e7204c,06_effect_v3__dai,acid_0,42,False,False,REAL,0.4971356391906738,0.5045045045045045,effect,v3,one
0.14122551679611206,0.8019094467163086,0.08928571428571429,4,72220d0729d8e3e76346a2bcd64da4b0,06_effect_v3__dai,acid_0,43,False,False,REAL,0.2875585258007049,0.036036036036036,effect,v3,one
0.017818449065089226,0.09696456044912338,0.44642857142857145,56,e0e6904fffedcdf5314046ca97dff376,06_effect_v3__dai,color_rain_2,42,False,False,REAL,0.269352912902832,0.2432432432432432,effect,v3,one
0.012306933291256428,0.057821549475193024,0.07142857142857142,111,fb2d29f91a22357e205e7de0c4904a17,06_effect_v3__dai,color_rain_2,43,False,False,REAL,0.4070692956447601,0.2252252252252252,effect,v3,one
0.013741075061261654,0.2679227888584137,0.24107142857142858,80,981363a8238a65e62846d469653b88d9,06_effect_v3__dai,animalization_2,42,False,False,REAL,0.6208603978157043,0.2702702702702703,effect,v3,one
0.013598077930510044,0.29201483726501465,0.9910714285714286,87,d588cc26b2a6592e498b797f6328a473,06_effect_v3__dai,animalization_2,43,False,False,REAL,0.6328464150428772,0.5045045045045045,effect,v3,one
0.017877520993351936,0.06601102650165558,0.7053571428571429,54,8e477ee8c8fda9a01dfb88475bfd1860,06_effect_v3__dai,cotton_cloud_0,42,False,False,REAL,0.2893267571926117,0.1801801801801801,effect,v3,one
0.05959465354681015,0.27105987071990967,0.32142857142857145,1,c071958458add55cd85b2d386d574839,06_effect_v3__dai,cotton_cloud_0,43,False,False,REAL,0.3956518769264221,0.3153153153153153,effect,v3,one
0.01842794381082058,0.04079790040850639,0.5446428571428571,58,6c3e21b8b721aadda55b87991294c98f,06_effect_v3__dai,cotton_cloud_0,42,False,False,REAL,0.1461458355188369,0.1801801801801801,effect,v3,one
0.02589130774140358,0.23382318019866943,0.45535714285714285,40,54a73f99190b9273d0cbcbb8ff9acda0,06_effect_v3__dai,cotton_cloud_0,43,False,False,REAL,0.3047443032264709,0.1891891891891892,effect,v3,one
0.0397304929792881,0.25402429699897766,0.08928571428571429,8,f014c4228e88d58161d402e4d65edd94,06_effect_v3__dai,earth_element_4,42,False,False,REAL,0.3124633729457855,0.3423423423423423,effect,v3,one
0.016825256869196892,1.4657599925994873,0.19642857142857142,69,71fd341782214f6975bc1507c430b97c,06_effect_v3__dai,earth_element_4,43,False,False,REAL,0.8288073539733887,0.7027027027027027,effect,v3,one
0.08289121091365814,0.8139833807945251,0.25,1,48081267f117437482606ac9f1651a0c,06_effect_v3__dai,live_concert_0,42,False,False,REAL,0.5519246459007263,0.2162162162162162,effect,v3,one
0.05985194444656372,0.3428523540496826,0.15178571428571427,9,e502044513c6965998d439e4a647b808,06_effect_v3__dai,live_concert_0,43,False,False,REAL,0.6651288866996765,0.1351351351351351,effect,v3,one
0.022031400352716446,0.2897126078605652,0.42857142857142855,45,95e43ae6cb5638fc2510a3045d40f6bd,06_effect_v3__dai,fire_element_2,42,False,False,REAL,0.206602469086647,0.1441441441441441,effect,v3,one
0.012457734905183315,0.21513484418392181,0.4017857142857143,93,a10d3c58afd845bc4be26c0543dd9344,06_effect_v3__dai,fire_element_2,43,False,False,REAL,0.3609496653079986,0.3243243243243243,effect,v3,one
0.08814871311187744,0.5590164661407471,0.2767857142857143,2,b74c71d057346e1e0a3ea582762da53e,06_effect_v3__dai,illustration_scene_4,42,False,False,REAL,0.4890638291835785,0.1351351351351351,effect,v3,one
0.026336072012782097,0.35813331604003906,0.14285714285714285,26,e4ef1e66715f8c434e5117b9d111c23e,06_effect_v3__dai,illustration_scene_4,43,False,False,REAL,0.5084635615348816,0.2252252252252252,effect,v3,one
0.04913334548473358,0.275308758020401,0.3482142857142857,5,fee407f5d75cb523be8df47e31fd7aaa,06_effect_v3__dai,gas_transformation_6,42,False,False,REAL,0.2648236453533172,0.027027027027027,effect,v3,one
0.034754399210214615,0.14547018706798553,0.26785714285714285,19,5f9ab24573d3a153e8059f0d43cc1fab,06_effect_v3__dai,gas_transformation_6,43,False,False,REAL,0.179799348115921,0.054054054054054,effect,v3,one
0.030117494985461235,0.21451400220394135,0.16071428571428573,17,91f17dea02dc0253ae4515a2c05740ef,06_effect_v3__dai,live_concert_4,42,False,False,REAL,0.4020107388496399,0.4054054054054054,effect,v3,one
0.041326187551021576,0.2907886505126953,0.0,8,850a2a6c175a42f8a53d519d939b71f6,06_effect_v3__dai,live_concert_4,43,False,False,REAL,0.5055897235870361,0.4234234234234234,effect,v3,one
0.012969905510544777,0.03136095777153969,0.6339285714285714,89,36872f7d5960a1ddd5062087829ee379,06_effect_v3__dai,gas_transformation_7,42,False,False,REAL,0.2509669363498688,0.3423423423423423,effect,v3,one
0.03991284221410751,0.2560059428215027,0.9196428571428571,1,4b0a8ae3dc694fbf156b27a86900421c,06_effect_v3__dai,gas_transformation_7,43,False,False,REAL,0.6080228090286255,0.5405405405405406,effect,v3,one
0.02514818124473095,0.06537355482578278,0.45535714285714285,32,4d60a328e705a0bd5575818b51a875e8,06_effect_v3__dai,money_rain_1,42,False,False,REAL,0.1671238243579864,0.1891891891891892,effect,v3,one
0.024180902168154716,0.06218110769987106,0.35714285714285715,28,2f15678b6265075bc28bd9febcbb1a7a,06_effect_v3__dai,money_rain_1,43,False,False,REAL,0.1579089313745498,0.1891891891891892,effect,v3,one
0.02535759098827839,0.10190378874540329,0.6339285714285714,26,f7af34738082a4ae8dbd3413475dd38b,06_effect_v3__dai,super_fast_run_3,42,False,False,CUT,0.0868986025452613,0.1981981981981982,effect,v3,one
0.019428422674536705,0.1574767529964447,0.7946428571428571,58,2370c7862823663730bde2773726b2a0,06_effect_v3__dai,super_fast_run_3,43,False,False,REAL,0.2441072911024093,0.1261261261261261,effect,v3,one
0.03952009230852127,0.22955699265003204,0.39285714285714285,15,116cc79c05dadaec6a48713af7b940fc,06_effect_v3__dai,plasma_explosion_2,42,False,False,REAL,0.2702669501304626,0.2432432432432432,effect,v3,one
0.059804338961839676,0.3258717358112335,0.3392857142857143,13,4cd9f9259463db70f2e014f88b74475b,06_effect_v3__dai,plasma_explosion_2,43,False,False,REAL,0.3163287341594696,0.1711711711711711,effect,v3,one
0.01850707083940506,0.183743417263031,0.16071428571428573,68,38a5f3d1ae04458ad68a0176d2cbf8a2,06_effect_v3__dai,wireframe_7,42,False,False,REAL,0.2672439217567444,0.2702702702702703,effect,v3,one
0.016686897724866867,0.2242865115404129,0.32142857142857145,65,aec2921c20f3750b774185eac548f289,06_effect_v3__dai,wireframe_7,43,False,False,REAL,0.2672834694385528,0.3153153153153153,effect,v3,one
0.03223547711968422,0.08767448365688324,0.5892857142857143,18,d7df811d82d87588a4ecb9910e0413f1,06_effect_v3__dai,shadow_10,42,False,False,REAL,0.2742078304290771,0.1801801801801801,effect,v3,one
0.03272026404738426,0.1259089857339859,0.21428571428571427,22,efc90fd1587bf04e754a4f4d2e66ade0,06_effect_v3__dai,shadow_10,43,False,False,REAL,0.2845695316791534,0.2702702702702703,effect,v3,one
0.019648967310786247,0.739814817905426,0.875,58,8572c69ae63e459afb7f40620f78ce62,06_effect_v3__dai,portal_1,42,False,False,REAL,0.676351010799408,0.5495495495495496,effect,v3,one
0.013450313359498978,0.33597779273986816,0.6964285714285714,93,5fa0e0e14c293b8a1acc9fa5f6797585,06_effect_v3__dai,portal_1,43,False,False,REAL,0.3811593949794769,0.3693693693693693,effect,v3,one
0.12714625895023346,0.1946740299463272,0.375,6,01ba769ab3fca6b5a932d1693167c8e9,06_effect_v3__dai,humanvid_4223661,42,False,True,CUT,0.010859896428883,0.045045045045045,effect,v3,one
0.2542176842689514,0.6749657988548279,0.23214285714285715,2,bc374500f341dd67a59a8d5053d28a59,06_effect_v3__dai,humanvid_4223661,43,False,True,REAL,0.1470047980546951,0.009009009009009,effect,v3,one
0.019716154783964157,0.06507260352373123,0.44642857142857145,48,f7d2d25250c5864b0d8cce26f90041c9,06_effect_v3__dai,humanvid_4325522,42,False,True,REAL,0.1810415238142013,0.1621621621621621,effect,v3,one
0.03674431890249252,0.29741063714027405,0.21428571428571427,13,7fdcda26f896b887783e3e15de747d33,06_effect_v3__dai,humanvid_4325522,43,False,True,REAL,0.1577507853507995,0.2522522522522522,effect,v3,one
0.019625596702098846,0.0689159408211708,0.35714285714285715,55,54d12ef9b2c10b397233ce4f2ce3fdad,06_effect_v3__dai,humanvid_10042758,42,False,True,REAL,0.3808508515357971,0.2342342342342342,effect,v3,one
0.02849120832979679,0.1244935542345047,0.8392857142857143,23,17780a9061b387b63e0e593ac8e70513,06_effect_v3__dai,humanvid_10042758,43,False,True,REAL,0.3261699676513672,0.3963963963963964,effect,v3,one
0.017167821526527405,0.22500324249267578,0.30357142857142855,60,fed58fa71634492bc219954245287368,06_effect_v3__dai,humanvid_12405668,42,False,True,REAL,0.3156344294548034,0.1171171171171171,effect,v3,one
0.014509749598801136,0.2811971604824066,0.24107142857142858,78,b7310805552900d14ca826ce88c27aaa,06_effect_v3__dai,humanvid_12405668,43,False,True,REAL,0.3484590053558349,0.5225225225225225,effect,v3,one
0.05834677815437317,0.30021676421165466,0.6071428571428571,16,796c92e43252b27cdb549fe9010668cb,06_effect_v3__dai,humanvid_4058810,42,False,True,CUT,0.0325301215052604,0.063063063063063,effect,v3,one
0.05893666297197342,0.309283047914505,0.23214285714285715,14,c1a23733f489db5c46becb5be75b1c39,06_effect_v3__dai,humanvid_4058810,43,False,True,REAL,0.140797808766365,0.1261261261261261,effect,v3,one
0.019549008458852768,0.786620557308197,0.5357142857142857,47,e8336d766efffbb6d2fec9d95633c6f9,06_effect_v3__dai,humanvid_4076737,42,False,True,REAL,0.5518876910209656,0.3513513513513513,effect,v3,one
0.013609249144792557,0.6131471395492554,0.5803571428571429,85,01e454b953e37346b5e51a1c4029651a,06_effect_v3__dai,humanvid_4076737,43,False,True,REAL,0.5758374929428101,0.3783783783783784,effect,v3,one
0.0531170628964901,0.22220778465270996,0.5892857142857143,4,121daa4a064ab23a733efba59c0ecd44,06_effect_v3__dai,humanvid_2402374,42,False,True,REAL,0.3155295550823211,0.2252252252252252,effect,v3,one
0.0298602357506752,0.14293035864830017,0.15178571428571427,23,8e600e1bb5102a91650578cfdab5458c,06_effect_v3__dai,humanvid_2402374,43,False,True,REAL,0.2394212782382965,0.1351351351351351,effect,v3,one
0.023936886340379715,0.20667898654937744,0.42857142857142855,32,078fbd3c275e4cbe2fd425fe50b4d8fe,06_effect_v3__dai,humanvid_3795426,42,False,True,REAL,0.566789448261261,0.2432432432432432,effect,v3,one
0.033602524548769,0.34571871161460876,0.3482142857142857,20,2d046b4205a0d0dd00858c1e160aa6c0,06_effect_v3__dai,humanvid_3795426,43,False,True,REAL,0.3335922062397003,0.2072072072072072,effect,v3,one
0.020452814176678658,0.15708020329475403,0.5357142857142857,40,68a52446206ed28df404ac88c5a33a02,06_effect_v3__dai,humanvid_4457812,42,False,True,REAL,0.3139879107475281,0.2792792792792792,effect,v3,one
0.014511005021631718,0.17294266819953918,0.42857142857142855,88,9d7827cabf1cc9bb41a9e75c4c1eb55e,06_effect_v3__dai,humanvid_4457812,43,False,True,REAL,0.382770299911499,0.3603603603603603,effect,v3,one
0.04086141660809517,0.11327000707387924,0.6071428571428571,12,c78f35781c92f269af3672d92cf04580,06_effect_v3__dai,humanvid_4650062,42,False,True,REAL,0.1427885740995407,0.1441441441441441,effect,v3,one
0.032219696789979935,0.38563960790634155,0.6071428571428571,11,c744ca206174ceeada79b845be661c31,06_effect_v3__dai,humanvid_4650062,43,False,True,REAL,0.6182586550712585,0.4234234234234234,effect,v3,one
0.0460529662668705,0.20183749496936798,0.4107142857142857,15,c9a2a3f9bd0253536a3454f0b141bb87,06_effect_v3__dai,humanvid_5712746,42,False,True,REAL,0.1278556436300277,0.1441441441441441,effect,v3,one
0.03967493772506714,0.3474579453468323,0.0625,3,b9dffd2f132164bbf5546ab8c3ab7116,06_effect_v3__dai,humanvid_5712746,43,False,True,REAL,0.563350260257721,0.5855855855855856,effect,v3,one
0.020262904465198517,0.4580817222595215,0.48214285714285715,68,d5d5fc20e84218160d2e27e79bd76947,06_effect_v3__dai,humanvid_5759064,42,False,True,REAL,0.543845534324646,0.2702702702702703,effect,v3,one
0.01676834560930729,0.5111081600189209,0.44642857142857145,75,1e07496057314d82c49f0e7c517ef53b,06_effect_v3__dai,humanvid_5759064,43,False,True,REAL,0.7482907772064209,0.2522522522522522,effect,v3,one
0.017218254506587982,0.07108179479837418,0.5357142857142857,58,7cd63d2110cb7220631528ddf601eaff,06_effect_v3__dai,humanvid_5124224,42,False,True,REAL,0.1848982721567154,0.2072072072072072,effect,v3,one
0.02087719738483429,0.13487376272678375,0.2767857142857143,42,5ea8e1b9d5cc3b4b1e76023541b9fded,06_effect_v3__dai,humanvid_5124224,43,False,True,REAL,0.2133954167366027,0.2162162162162162,effect,v3,one
0.03851085528731346,0.20885927975177765,0.0625,10,f5ba7e4b82c7571bfc7b7f7ef35babe5,06_effect_v3__dai,humanvid_5385990,42,False,True,REAL,0.403611958026886,0.2972972972972973,effect,v3,one
0.028197642415761948,0.2829272150993347,0.14285714285714285,24,fd2f5fd556a5832d63998b526d2a00a2,06_effect_v3__dai,humanvid_5385990,43,False,True,REAL,0.5251275897026062,0.3693693693693693,effect,v3,one
0.036556173115968704,0.2900795042514801,0.05357142857142857,24,a9cbd81a62fd03a4b6bc7016af6f99e5,06_effect_v3__dai,humanvid_4734626,42,False,True,REAL,0.1892388015985489,0.3423423423423423,effect,v3,one
0.04477042332291603,0.44950392842292786,0.24107142857142858,21,cc5d43d0f1a214d723d6f493bb391dbc,06_effect_v3__dai,humanvid_4734626,43,False,True,CUT,0.0972171127796173,0.1891891891891892,effect,v3,one
0.02057909220457077,0.0801725685596466,0.30357142857142855,53,a67204e1a2515a9f5a6c82839b4a29d3,06_effect_v3__dai,humanvid_4873451,42,False,True,REAL,0.2403154373168945,0.2072072072072072,effect,v3,one
0.02039576880633831,0.11112812906503677,0.08928571428571429,44,5a86b4b06b79a2d07f3c57de007a8445,06_effect_v3__dai,humanvid_4873451,43,False,True,REAL,0.4349623322486877,0.5675675675675675,effect,v3,one
0.01836266554892063,0.10730686038732529,0.7589285714285714,45,19c0f40cf175e4957d58b9fae7b5afbc,06_effect_v3__dai,animalization_0,42,False,False,REAL,0.4779913425445556,0.3693693693693693,effect,v3,one
0.04676226153969765,0.19341664016246796,0.05357142857142857,9,a782474a86696d63accad3fce5444d52,06_effect_v3__dai,animalization_0,43,False,False,REAL,0.4111573398113251,0.4234234234234234,effect,v3,one
0.02875206246972084,0.21404418349266052,0.6428571428571429,34,5d0501afb04da66c36df663f0cd195a2,06_effect_v3__dai,humanvid_6011432,42,False,True,REAL,0.357710987329483,0.2702702702702703,effect,v3,one
0.026679139584302902,0.23679569363594055,0.625,29,ca0e20a6134f1f3be9efdf01b1112a34,06_effect_v3__dai,humanvid_6011432,43,False,True,REAL,0.5699673295021057,0.3693693693693693,effect,v3,one
0.0200301855802536,0.24624396860599518,0.5178571428571429,38,5a26d0fe2fabfe39089e269b078e1be8,06_effect_v3__dai,humanvid_6111509,42,False,True,REAL,0.4483254253864288,0.1171171171171171,effect,v3,one
0.028736889362335205,0.3123244345188141,0.13392857142857142,25,ea4deffc5eb0add9b5697ebb0e85facd,06_effect_v3__dai,humanvid_6111509,43,False,True,REAL,0.4684437215328216,0.3783783783783784,effect,v3,one
0.013554251752793789,0.2008316069841385,0.625,90,b3b299a5cca5417a03a3d2e407659a67,06_effect_v3__dai,color_rain_0,42,False,False,REAL,0.279685229063034,0.3243243243243243,effect,v3,one
0.015630798414349556,0.26889798045158386,0.33035714285714285,73,e6e70aa8f6de70367d74801caa9ae320,06_effect_v3__dai,color_rain_0,43,False,False,REAL,0.3422369062900543,0.4684684684684684,effect,v3,one
0.02336358092725277,0.09267100691795349,0.5892857142857143,30,a46c987466d8ee87839fb25173d283d4,06_effect_v3__dai,gas_transformation_6,42,False,False,REAL,0.2780922055244446,0.2522522522522522,effect,v3,one
0.03510614112019539,0.2994438707828522,0.5535714285714286,9,0a2e75691a35341d351de77b8f331e17,06_effect_v3__dai,gas_transformation_6,43,False,False,REAL,0.5253257155418396,0.4954954954954955,effect,v3,one
0.047889579087495804,0.14453309774398804,0.2767857142857143,2,1a9067f21b30d3170d8ed99b556c14f3,06_effect_v3__dai,earth_element_4,42,False,False,REAL,0.2680476605892181,0.3873873873873873,effect,v3,one
0.030973266810178757,0.16981586813926697,0.5714285714285714,14,4db248646ceab032e976ca84c6121af8,06_effect_v3__dai,earth_element_4,43,False,False,REAL,0.4565032422542572,0.5045045045045045,effect,v3,one
0.07702738791704178,0.5031934976577759,0.5892857142857143,8,e1a467b4eb51d661aa0ea6a883703af3,06_effect_v3__dai,illustration_scene_4,42,False,False,REAL,0.4981195330619812,0.4414414414414414,effect,v3,one
0.07058925181627274,0.3555624783039093,0.33035714285714285,6,1793a6443fa305386d8bec5166bbc60e,06_effect_v3__dai,illustration_scene_4,43,False,False,REAL,0.3027416467666626,0.1081081081081081,effect,v3,one
0.018158622086048126,0.0490383543074131,0.44642857142857145,51,2cf9c12f496ebf74dddf76066e0f74d7,06_effect_v3__dai,fire_element_3,42,False,False,REAL,0.2066867798566818,0.2432432432432432,effect,v3,one
0.014772778376936913,0.05049154907464981,0.41964285714285715,90,da6349173af3fb1d287f5152ffe104eb,06_effect_v3__dai,fire_element_3,43,False,False,REAL,0.2816915512084961,0.2432432432432432,effect,v3,one
0.02081792615354061,1.1160491704940796,0.5892857142857143,52,0cc2c86c0a1ad2df9edc7498833329ca,06_effect_v3__dai,money_rain_1,42,False,False,REAL,0.9871436953544616,0.4054054054054054,effect,v3,one
0.016210710629820824,0.5186256766319275,0.9821428571428571,70,65ae691bc08647e8d50816c8df204791,06_effect_v3__dai,money_rain_1,43,False,False,REAL,0.5791428089141846,0.5585585585585585,effect,v3,one
0.01579628512263298,0.029008790850639343,0.2767857142857143,76,456fd218bff62999f8eb4af8b7a5b8b7,06_effect_v3__dai,mystification_1,42,False,False,REAL,0.174518272280693,0.3963963963963964,effect,v3,one
0.0147487111389637,0.031777478754520416,0.9196428571428571,83,9fb1a6bfc0951459d028ccfe00b7e5ed,06_effect_v3__dai,mystification_1,43,False,False,REAL,0.2767594158649444,0.5045045045045045,effect,v3,one
0.04740917682647705,0.2392178326845169,0.16071428571428573,7,1da067661bdd0625c7ad03db7e966d99,06_effect_v3__dai,portal_1,42,False,False,REAL,0.258200466632843,0.3063063063063063,effect,v3,one
0.021510861814022064,0.2644692361354828,0.8035714285714286,46,6382905d19fe2730b5fed2ea5ca7667b,06_effect_v3__dai,portal_1,43,False,False,REAL,0.2794127762317657,0.1531531531531531,effect,v3,one
0.036104120314121246,0.34593477845191956,0.0,1,480bf439999ecc1919991d36f3c7043d,06_effect_v3__dai,plasma_explosion_3,42,False,False,REAL,0.4156012833118438,0.2882882882882883,effect,v3,one
0.04574156925082207,0.37364381551742554,0.008928571428571428,2,de25da465f721734cc3225d6c5e82e09,06_effect_v3__dai,plasma_explosion_3,43,False,False,REAL,0.6275227665901184,0.6306306306306306,effect,v3,one
0.021286655217409134,0.3849775493144989,0.5892857142857143,53,8764e28421aca78a3c68b1f0aba3de6e,06_effect_v3__dai,super_fast_run_0,42,False,False,REAL,0.9529268145561218,0.7117117117117117,effect,v3,one
0.023620620369911194,1.1285232305526733,0.7678571428571429,19,75157f0e61449d905946029bc7b011b9,06_effect_v3__dai,super_fast_run_0,43,False,False,REAL,0.7081258296966553,0.4594594594594595,effect,v3,one
0.016207750886678696,0.22094960510730743,0.6428571428571429,72,a1492ecb1534ecc257febdd39d49f9e4,06_effect_v3__dai,shadow_10,42,False,False,REAL,0.3231329619884491,0.1531531531531531,effect,v3,one
0.022883864119648933,0.30543091893196106,0.23214285714285715,40,95abd4e7bd92683de7f71ed8806b144f,06_effect_v3__dai,shadow_10,43,False,False,REAL,0.3457152247428894,0.3243243243243243,effect,v3,one
0.03063531592488289,0.1181696206331253,0.24107142857142858,9,ba94b61215b8d2f667852740c7b1589e,06_effect_v3__dai,water_element_3,42,False,False,REAL,0.1544616222381591,0.1621621621621621,effect,v3,one
0.022151652723550797,0.09753447771072388,0.5178571428571429,35,c5272d6b1bfa2fa3e6a0afa712220e80,06_effect_v3__dai,water_element_3,43,False,False,REAL,0.2043069899082183,0.2522522522522522,effect,v3,one
0.04617181047797203,0.14434541761875153,0.35714285714285715,14,c28462f7655d8f4a78bda1230f590702,06_effect_v3__dai,wireframe_0,42,False,False,CUT,0.063394658267498,0.063063063063063,effect,v3,one
0.016493678092956543,0.07037805020809174,0.25,64,80075c086a89328207110ddb0f8fcafe,06_effect_v3__dai,wireframe_0,43,False,False,CUT,0.1039101257920265,0.2342342342342342,effect,v3,one
0.033587004989385605,0.14864526689052582,0.17857142857142858,10,b0d66a91c1f54630c4e1b16a547c8b1b,06_effect_v3__dai,animalization_0,42,False,False,REAL,0.331311285495758,0.2702702702702703,effect,v3,one
0.022218389436602592,0.12496393173933029,0.05357142857142857,47,837633e9c10a68bccef3ee83efd0d265,06_effect_v3__dai,animalization_0,43,False,False,REAL,0.2954782545566559,0.2882882882882883,effect,v3,one
0.0652441680431366,0.49622395634651184,0.6071428571428571,1,75631e6bd72567eabebe049ba60854ff,06_effect_v3__dai,animalization_2,42,False,False,REAL,0.4028505384922027,0.2522522522522522,effect,v3,one
0.024062225595116615,0.44234517216682434,0.625,38,c8a6c98dd147a3456fdbea9eb41e7252,06_effect_v3__dai,animalization_2,43,False,False,REAL,0.5209439396858215,0.3873873873873873,effect,v3,one
0.0167474914342165,0.11885344237089157,0.08035714285714286,68,9193acb5e63ccff922775497298d5163,06_effect_v3__dai,color_rain_0,42,False,False,REAL,0.3370064198970794,0.2252252252252252,effect,v3,one
0.014721773564815521,0.15233293175697327,0.30357142857142855,79,6441d446eb788a5a2a791d35fafabc8e,06_effect_v3__dai,color_rain_0,43,False,False,REAL,0.2078541666269302,0.1261261261261261,effect,v3,one
0.014648756012320518,0.07136344909667969,0.4017857142857143,80,a9528d85937aa6c59862d5a71cbab5eb,06_effect_v3__dai,color_rain_2,42,False,False,REAL,0.2876277267932892,0.2972972972972973,effect,v3,one
0.023751502856612206,0.158547505736351,0.6071428571428571,16,0e566f2fa42f995312806319dc7d1717,06_effect_v3__dai,color_rain_2,43,False,False,REAL,0.4137337505817413,0.5225225225225225,effect,v3,one
0.037746362388134,0.10155536234378815,0.35714285714285715,12,9c965b0c9f97a7932b8edc15e24abe5e,06_effect_v3__dai,color_rain_2,42,False,False,CUT,0.0776611119508743,0.081081081081081,effect,v3,one
0.09400539100170135,0.4133511185646057,0.25892857142857145,1,872f85ca3009300802959b7e6adfd4d8,06_effect_v3__dai,color_rain_2,43,False,False,REAL,0.1838129162788391,0.081081081081081,effect,v3,one
0.0177342239767313,0.07826640456914902,0.10714285714285714,53,a074b591cc19ded6e9022738bd7faee3,06_effect_v3__dai,earth_element_4,42,False,False,REAL,0.491268128156662,0.2342342342342342,effect,v3,one
0.018564578145742416,0.14472916722297668,0.26785714285714285,59,bde7cd2dec8e5113e193ae5326b85daa,06_effect_v3__dai,earth_element_4,43,False,False,REAL,0.4473879337310791,0.3963963963963964,effect,v3,one
0.028624022379517555,0.43375617265701294,0.6696428571428571,25,46034c67f56a2822b4ac43f00a4375fe,06_effect_v3__dai,fire_element_2,42,False,False,REAL,0.3971090316772461,0.4054054054054054,effect,v3,one
0.02087312750518322,1.112619161605835,0.7589285714285714,49,7bb620c64465837d355f4f2cbd733d22,06_effect_v3__dai,fire_element_2,43,False,False,REAL,0.5389533042907715,0.1891891891891892,effect,v3,one
0.02285831794142723,0.9482986927032471,0.8660714285714286,27,345e887eee66d3501dd43f148f756dbd,06_effect_v3__dai,fire_element_3,42,False,False,REAL,0.5310794711112976,0.7207207207207207,effect,v3,one
0.017028940841555595,0.7176883220672607,0.7142857142857143,72,0c28eaeea142d2fa21767af69eef4aec,06_effect_v3__dai,fire_element_3,43,False,False,REAL,0.7388494610786438,0.3333333333333333,effect,v3,one
0.0700451210141182,0.5586957931518555,0.2767857142857143,5,760a821c91a0e783f876ac158df882c0,06_effect_v3__dai,gas_transformation_7,42,False,False,REAL,0.4037888646125793,0.2702702702702703,effect,v3,one
0.055677711963653564,0.5059590935707092,0.3125,11,7e80ae26ad359b21b6d8b8742b9a09e5,06_effect_v3__dai,gas_transformation_7,43,False,False,REAL,0.2854179143905639,0.063063063063063,effect,v3,one
0.045101430267095566,0.1402343511581421,0.375,12,9d848009cca8cf57d59fa182676e3908,06_effect_v3__dai,money_rain_3,42,False,False,REAL,0.275250494480133,0.072072072072072,effect,v3,one
0.030513105913996696,0.18099096417427063,0.3392857142857143,29,7033bddf81a9df00f1373b739c08c185,06_effect_v3__dai,money_rain_3,43,False,False,CUT,0.0463919565081596,0.1801801801801801,effect,v3,one
0.035108476877212524,0.10737526416778564,0.08928571428571429,10,56cb574eb3c0e93074949b323f640e88,06_effect_v3__dai,illustration_scene_4,42,False,False,REAL,0.267118752002716,0.1981981981981982,effect,v3,one
0.03414154052734375,0.10025940090417862,0.5446428571428571,10,14106b169fa9d05d29f645aaaa1bc252,06_effect_v3__dai,illustration_scene_4,43,False,False,REAL,0.3094580769538879,0.2072072072072072,effect,v3,one
0.090286485850811,0.8000472784042358,0.8660714285714286,3,8ddb672f99240466af6d026901c48e77,06_effect_v3__dai,money_rain_1,42,False,False,REAL,0.2172265648841858,0.1531531531531531,effect,v3,one
0.016712957993149757,0.04017109051346779,0.41964285714285715,67,376134f77a58c5921f194411eb632a16,06_effect_v3__dai,money_rain_1,43,False,False,REAL,0.1693367511034011,0.1981981981981982,effect,v3,one
0.017264582216739655,0.06456895172595978,0.3482142857142857,75,25ec9ee778c7e3b28e31023f50ecdd70,06_effect_v3__dai,mystification_1,42,False,False,REAL,0.4558903872966766,0.3603603603603603,effect,v3,one
0.024139832705259323,0.19497285783290863,0.125,40,8ed211b7948eda5119b9d506cd7cdcfb,06_effect_v3__dai,mystification_1,43,False,False,REAL,0.4117545783519745,0.3153153153153153,effect,v3,one
0.2416812777519226,0.7988956570625305,0.16071428571428573,1,d58a1dc02e92f1439bcee0281bd8c519,06_effect_v3__dai,polygon_8,42,False,False,REAL,0.4082618355751037,0.072072072072072,effect,v3,one
0.0293503999710083,0.19134239852428436,0.30357142857142855,32,344676ce3a27c2a5c37d5888b1fe3cb0,06_effect_v3__dai,polygon_8,43,False,False,REAL,0.1638032793998718,0.1441441441441441,effect,v3,one
0.0247426088899374,0.616394579410553,0.44642857142857145,30,e0c51bdd59c85ab53b7611f055b3b52c,06_effect_v3__dai,plasma_explosion_2,42,False,False,REAL,0.6075664758682251,0.3603603603603603,effect,v3,one
0.026563800871372223,1.2030938863754272,0.7678571428571429,16,b3569a7493bbe16ea7b609d5df01783f,06_effect_v3__dai,plasma_explosion_2,43,False,False,REAL,0.6107646822929382,0.5045045045045045,effect,v3,one
0.01884007640182972,0.7377307415008545,0.41964285714285715,60,5cb7aea8fb9ab1ccd612701366d639a0,06_effect_v3__dai,plasma_explosion_2,42,False,False,REAL,0.5404564142227173,0.6036036036036037,effect,v3,one
0.012800213880836964,0.6789379119873047,0.4642857142857143,95,fe324addf5ebf50dc5136a665049ab09,06_effect_v3__dai,plasma_explosion_2,43,False,False,REAL,0.6104916334152222,0.3873873873873873,effect,v3,one
0.018371235579252243,0.22386279702186584,0.35714285714285715,45,bf81ac86a9b27daf3092231cb1a33434,06_effect_v3__dai,polygon_4,42,False,False,REAL,0.4668892025947571,0.2072072072072072,effect,v3,one
0.016247307881712914,0.21647295355796814,0.125,57,f7934611bb928c8075835cb3294bbb61,06_effect_v3__dai,polygon_4,43,False,False,REAL,0.4491461217403412,0.2882882882882883,effect,v3,one
0.024569196626544,0.1746481955051422,0.21428571428571427,23,c424511de27525edcbcc9abd223ddfe4,06_effect_v3__dai,portal_1,42,False,False,REAL,0.3909904956817627,0.1441441441441441,effect,v3,one
0.03465176746249199,0.3713471591472626,0.10714285714285714,9,769be84ab4c8e3cb7c45d3f1a856784c,06_effect_v3__dai,portal_1,43,False,False,REAL,0.2880348861217499,0.0990990990990991,effect,v3,one
0.014845903031527996,0.08214180171489716,0.7589285714285714,73,bd0311fd3531c93423cc780d3cde9458,06_effect_v3__dai,water_element_4,42,False,False,REAL,0.4269761741161346,0.2972972972972973,effect,v3,one
0.017762284725904465,0.14354956150054932,0.6071428571428571,52,3b2d34d317730c8245a08c002d65aa50,06_effect_v3__dai,water_element_4,43,False,False,REAL,0.424269825220108,0.3513513513513513,effect,v3,one
0.020457426086068153,0.18361957371234894,0.24107142857142858,44,4fd9e76883fa0fce7c05b3e3ee8202de,06_effect_v3__dai,humanvid_6111510,42,False,True,REAL,0.2883908152580261,0.2702702702702703,effect,v3,one
0.04659680277109146,0.47685250639915466,0.23214285714285715,8,d55647239528d545b57f62d6a800f2e1,06_effect_v3__dai,humanvid_6111510,43,False,True,REAL,0.2444804012775421,0.027027027027027,effect,v3,one
0.06222604960203171,0.6585925221443176,0.4375,7,d8f986cc8483245892825a1f8d935bdb,06_effect_v3__dai,humanvid_6300528,42,False,True,REAL,0.2145606279373169,0.063063063063063,effect,v3,one
0.12103518843650818,1.0038342475891113,0.26785714285714285,1,e6c2d75dce7c2be4945a7d4de365c9ce,06_effect_v3__dai,humanvid_6300528,43,False,True,REAL,0.4851615726947784,0.2432432432432432,effect,v3,one
0.03660883009433746,0.06939272582530975,0.4732142857142857,22,0a236af9232b1741876e160748e5e7d0,06_effect_v3__dai,humanvid_6316946,42,False,True,CUT,0.0913432165980339,0.081081081081081,effect,v3,one
0.03969980776309967,0.08914080262184143,0.2767857142857143,17,344db2c44a95b2891df4db59b12a136a,06_effect_v3__dai,humanvid_6316946,43,False,True,REAL,0.1403312683105468,0.072072072072072,effect,v3,one
0.03696242719888687,0.5884943604469299,0.5982142857142857,21,81cbff0370742ba115c82ef63f1da6f9,06_effect_v3__dai,humanvid_6202949,42,False,True,REAL,0.2396169006824493,0.036036036036036,effect,v3,one
0.04034409672021866,0.8670260310173035,0.25892857142857145,22,9d7fd402fe9d64075bbb5042f485c25e,06_effect_v3__dai,humanvid_6202949,43,False,True,REAL,0.3540160357952118,0.1261261261261261,effect,v3,one
0.038447313010692596,0.22298072278499603,0.3482142857142857,11,a4938f94afe416505b6834fd04191d93,06_effect_v3__dai,humanvid_6263410,42,False,True,REAL,0.3169959783554077,0.1711711711711711,effect,v3,one
0.029661064967513084,0.4858270585536957,0.7857142857142857,25,8be20b773a5074f51eb0d0c8e0684994,06_effect_v3__dai,humanvid_6263410,43,False,True,REAL,0.7327231764793396,0.4594594594594595,effect,v3,one
0.02426113374531269,0.2360231578350067,0.008928571428571428,16,b7c2df36d91ab73fd177284f50515a5b,06_effect_v3__dai,humanvid_6396124,42,False,True,REAL,0.376830518245697,0.1981981981981982,effect,v3,one
0.016953570768237114,0.35969415307044983,0.23214285714285715,58,0444682eb2cf99eeaafc93d64437f5ac,06_effect_v3__dai,humanvid_6396124,43,False,True,REAL,0.6023581624031067,0.4414414414414414,effect,v3,one
0.08726652711629868,0.6201213598251343,0.6071428571428571,4,a61b993b1bb74cb2085a896a190b524c,06_effect_v3__dai,humanvid_6438110,42,False,True,CUT,0.1031085476279258,0.063063063063063,effect,v3,one
0.02705085277557373,2.1083436012268066,0.8482142857142857,30,3bd2f9e0dbc2f8e3805e364709c3fd41,06_effect_v3__dai,humanvid_6438110,43,False,True,REAL,1.0561710596084597,0.2342342342342342,effect,v3,one
0.02996118925511837,0.5552541017532349,0.5357142857142857,16,af646b2fe20bbccf893438f87cd76da7,06_effect_v3__dai,humanvid_6455384,42,False,True,REAL,0.556831955909729,0.2432432432432432,effect,v3,one
0.08130817115306854,0.896357536315918,0.23214285714285715,3,1a6482d3c09f5070ff82d4a65626e9e9,06_effect_v3__dai,humanvid_6455384,43,False,True,REAL,0.917539358139038,0.4774774774774775,effect,v3,one
0.08612331748008728,0.7217457890510559,0.5357142857142857,1,ba827a0a7fac73bea7dd45ae2a031df5,06_effect_v3__dai,humanvid_6517487,42,False,True,REAL,0.2001177817583084,0.027027027027027,effect,v3,one
0.02989039197564125,0.2565491199493408,0.5803571428571429,23,bcef3c50c4ec8dea2143a30717e6bd9d,06_effect_v3__dai,humanvid_6517487,43,False,True,REAL,0.346050351858139,0.1531531531531531,effect,v3,one
0.03203222155570984,1.5414016246795654,0.8660714285714286,21,ce28a4b043a432efd626ec0cf5bd0990,06_effect_v3__dai,humanvid_6548002,42,False,True,REAL,0.7910518050193787,0.5855855855855856,effect,v3,one
0.01926807314157486,1.4207231998443604,0.7678571428571429,54,9315466ff1f1226f8074e165a83d43c9,06_effect_v3__dai,humanvid_6548002,43,False,True,REAL,1.4305919408798218,0.8198198198198198,effect,v3,one
0.021757863461971283,0.886932373046875,0.44642857142857145,54,25101b55390bd240e9f9396a9affa068,06_effect_v3__dai,humanvid_6570439,42,False,True,REAL,0.6328039169311523,0.5225225225225225,effect,v3,one
0.01606985181570053,1.0375772714614868,0.9017857142857143,74,4a016681601afc5e71118e897435e05b,06_effect_v3__dai,humanvid_6570439,43,False,True,REAL,0.7458970546722412,0.6306306306306306,effect,v3,one
0.03898492455482483,0.2716905474662781,0.8660714285714286,5,f0a8d5e2472f4645cb08baa1f340210e,06_effect_v3__dai,humanvid_6625516,42,False,True,REAL,0.410153865814209,0.4594594594594595,effect,v3,one
0.016141213476657867,0.07463136315345764,0.23214285714285715,63,5c2989de16843c1fe29d657030da35d9,06_effect_v3__dai,humanvid_6625516,43,False,True,REAL,0.3381525874137878,0.1261261261261261,effect,v3,one
0.27790847420692444,0.9251528382301331,0.3482142857142857,1,f100d6aec66655607b53aa28b6ee0ff2,06_effect_v3__dai,humanvid_6697837,42,False,True,REAL,0.2145344167947769,0.0,effect,v3,one
0.01929803192615509,0.11828335374593735,0.5892857142857143,40,86ed8171d56f18d5faa8aa19a709f639,06_effect_v3__dai,humanvid_6697837,43,False,True,REAL,0.4536330997943878,0.2342342342342342,effect,v3,one
0.08957300335168839,0.7870823740959167,0.8660714285714286,6,5862d613c2b21d8765c1deb870b409e0,06_effect_v3__dai,humanvid_6878737,42,False,True,REAL,0.2074118703603744,0.1891891891891892,effect,v3,one
0.018037019297480583,0.3001382648944855,0.08035714285714286,49,8afd13272235bbd5400f758741adf9af,06_effect_v3__dai,humanvid_6878737,43,False,True,REAL,0.2602091431617737,0.3873873873873873,effect,v3,one
0.027980046346783638,0.12774024903774261,0.15178571428571427,20,f75f7660fa11748b262083ba81afcbd1,06_effect_v3__dai,humanvid_6898098,42,False,True,REAL,0.3342489898204803,0.1351351351351351,effect,v3,one
0.02136554941534996,0.1251627504825592,0.21428571428571427,44,5efd6889fd67e28fc61cc12f3b412d01,06_effect_v3__dai,humanvid_6898098,43,False,True,REAL,0.3644817769527435,0.3063063063063063,effect,v3,one
0.023552794009447098,0.12799689173698425,0.5446428571428571,18,d1c911a8175a712b58b218bcd86309de,06_effect_v3__dai,acid_1,42,False,False,REAL,0.4724393486976623,0.3423423423423423,effect,v3,one
0.029653282836079597,0.3519391119480133,0.26785714285714285,24,986e7a73af983977a1bd9957dd1a17b6,06_effect_v3__dai,acid_1,43,False,False,REAL,0.592322051525116,0.3603603603603603,effect,v3,one
0.028696373105049133,0.16928163170814514,0.875,11,015cfa8680de4d0f9a31adb3a67f5eb8,06_effect_v3__dai,humanvid_6774466,42,False,True,REAL,0.3707763254642486,0.4054054054054054,effect,v3,one
0.07367461174726486,0.4283188581466675,0.16071428571428573,2,23e247a62c4ac7ccae1297c72a314699,06_effect_v3__dai,humanvid_6774466,43,False,True,REAL,0.2200949937105178,0.1801801801801801,effect,v3,one
0.02610802836716175,0.11260078102350235,0.6696428571428571,20,0842945b24ba3f6b207fdffdbc4ad84c,06_effect_v3__dai,humanvid_6778823,42,False,True,REAL,0.2650533318519592,0.3693693693693693,effect,v3,one
0.037202414125204086,0.18821746110916138,0.625,29,46f647028a6dcc50c769880aab6817a9,06_effect_v3__dai,humanvid_6778823,43,False,True,CUT,0.0620574094355106,0.1531531531531531,effect,v3,one
0.012416351586580276,0.04706462845206261,0.5357142857142857,93,ff8fcb5a415f3c60f79c1189e32773f0,06_effect_v3__dai,humanvid_6815493,42,False,True,REAL,0.2358015477657318,0.2612612612612612,effect,v3,one
0.033602096140384674,3.2916312217712402,0.26785714285714285,10,7ea35c95301db1b0c72bdc7008439dcf,06_effect_v3__dai,humanvid_6815493,43,False,True,REAL,2.81195068359375,0.7657657657657657,effect,v3,one
0.029508136212825775,0.9365954995155334,0.875,25,7c59d51a36e99d32927a8bc7c76bc4f5,06_effect_v3__dai,humanvid_6868356,42,False,True,REAL,0.4733980000019073,0.3333333333333333,effect,v3,one
0.02485106885433197,0.8334048390388489,0.5892857142857143,45,af199d09bb1a32efe19f0995bd7877a2,06_effect_v3__dai,humanvid_6868356,43,False,True,REAL,0.2939149439334869,0.2612612612612612,effect,v3,one
0.03341950476169586,0.2598363161087036,0.0,10,15878f5225b23c75c7977bba0c3acfd1,06_effect_v3__dai,explosion_0,42,False,False,REAL,0.5249012112617493,0.5045045045045045,effect,v3,one
0.04439690709114075,0.2524040639400482,0.008928571428571428,8,eeb2ac9f2a8c734b184e9b777ed6a367,06_effect_v3__dai,explosion_0,43,False,False,REAL,0.5965200662612915,0.7117117117117117,effect,v3,one
0.02163134329020977,0.14266228675842285,0.9910714285714286,25,082eb53e73aa99e8ca9ede419b99c3ce,06_effect_v3__dai,explosion_1,42,False,False,REAL,0.465722918510437,0.1801801801801801,effect,v3,one
0.020257899537682533,0.13717125356197357,0.10714285714285714,42,29bbc6e3a17e19bf1e035e49d84be1f6,06_effect_v3__dai,explosion_1,43,False,False,REAL,0.6560304760932922,0.6396396396396397,effect,v3,one
0.021987738087773323,0.10079880058765411,0.08035714285714286,34,9091fde68e5794224aa6faf0811809f0,06_effect_v3__dai,cotton_cloud_0,42,False,False,REAL,0.278747022151947,0.3513513513513513,effect,v3,one
0.01670149900019169,0.07274423539638519,0.33035714285714285,66,484cfff5e7421a10d414843b43eff648,06_effect_v3__dai,cotton_cloud_0,43,False,False,REAL,0.3271861970424652,0.3333333333333333,effect,v3,one
0.01947496086359024,0.097678042948246,0.16071428571428573,52,6877ef44e24e56d585bca47991f2f8c1,06_effect_v3__dai,acid_0,42,False,False,REAL,0.4628475308418274,0.3963963963963964,effect,v3,one
0.018311738967895508,1.207913875579834,0.2767857142857143,50,2a42b588a49ca75c7d7b6638910f6f44,06_effect_v3__dai,acid_0,43,False,False,REAL,1.0317474603652954,0.5675675675675675,effect,v3,one
0.04155629873275757,0.5272584557533264,0.32142857142857145,19,115fc8ca161be5e55bae222699c467ba,06_effect_v3__dai,live_concert_0,42,False,False,REAL,0.3426750004291534,0.1261261261261261,effect,v3,one
0.04011337459087372,0.9870185256004333,0.19642857142857142,21,4583d1d17f0ceff9047f4885c48053f7,06_effect_v3__dai,live_concert_0,43,False,False,REAL,0.4072248935699463,0.4054054054054054,effect,v3,one
0.023288697004318237,1.1567919254302979,0.8660714285714286,24,1940db6dd3f9b03ac02695a0d6db32a6,06_effect_v3__dai,glitch_0,42,False,False,REAL,0.7101596593856812,0.6936936936936937,effect,v3,one
0.012486442923545837,0.8198761343955994,0.7053571428571429,104,2302d9611141b5ec6d4ece497b3bb831,06_effect_v3__dai,glitch_0,43,False,False,REAL,0.6908391714096069,0.6576576576576577,effect,v3,one
0.08603965491056442,1.0241230726242065,0.8839285714285714,4,571737df18965bb6252685f058edf90c,06_effect_v3__dai,glitch_1,42,False,False,REAL,0.2800876200199127,0.1981981981981982,effect,v3,one
0.023933125659823418,0.9231700301170349,0.7053571428571429,36,f44f714e5c52a94d097380a5b81f8116,06_effect_v3__dai,glitch_1,43,False,False,REAL,0.4178983867168426,0.4414414414414414,effect,v3,one
0.051087427884340286,0.2859288454055786,0.26785714285714285,9,074bf03b2f2b55ebaf0a0b844ed96ea1,06_effect_v3__dai,luminous_gaze_3,42,False,False,REAL,0.1311244517564773,0.2702702702702703,effect,v3,one
0.04292866587638855,0.2931554317474365,0.16071428571428573,10,2b68da788a2e747e24fc6499ba78a03e,06_effect_v3__dai,luminous_gaze_3,43,False,False,REAL,0.2518541812896728,0.1531531531531531,effect,v3,one
0.013414357788860798,0.10654136538505554,0.2767857142857143,94,913958d76b9a925a989a26c9539afecc,06_effect_v3__dai,monstrosity_0,42,False,False,REAL,0.5894530415534973,0.2252252252252252,effect,v3,one
0.013118422590196133,0.10211002826690674,0.4375,91,beac9c411e4658f258ea4ec8ba7296dd,06_effect_v3__dai,monstrosity_0,43,False,False,REAL,0.5082998275756836,0.3873873873873873,effect,v3,one
0.011901586316525936,0.18219254910945892,0.10714285714285714,106,283bbf0066bc41357a23adf7120a126b,06_effect_v3__dai,northern_lights_0,42,False,False,REAL,0.6422184705734253,0.5675675675675675,effect,v3,one
0.01736415922641754,0.21077024936676025,0.15178571428571427,65,7eb1c2729d11b83d3f0a9e63b127c1a6,06_effect_v3__dai,northern_lights_0,43,False,False,REAL,0.587315559387207,0.3513513513513513,effect,v3,one
0.08543197065591812,0.23928284645080566,0.008928571428571428,3,7167f618f4484b908fd637b331dc9042,06_effect_v3__dai,point_cloud_1,42,False,False,REAL,0.4501348435878753,0.6126126126126126,effect,v3,one
0.1578751653432846,0.3416747450828552,0.125,1,bce7cf9a47c38a412fee04fa36d5efdc,06_effect_v3__dai,point_cloud_1,43,False,False,CUT,0.0851807296276092,0.2432432432432432,effect,v3,one
0.01476796343922615,0.10147084295749664,0.6517857142857143,80,bb899ac2f2e2f32c8096359d50692b58,06_effect_v3__dai,northern_lights_1,42,False,False,REAL,0.375315248966217,0.3603603603603603,effect,v3,one
0.012652802281081676,0.09967756271362305,0.5446428571428571,100,2417365ffaf4b3b4edd6771596d23d0a,06_effect_v3__dai,northern_lights_1,43,False,False,REAL,0.4495176970958709,0.3873873873873873,effect,v3,one
0.06091579794883728,0.3882245719432831,0.008928571428571428,3,4cd149578b267560c2b9d90dccbd4e5f,06_effect_v3__dai,point_cloud_0,42,False,False,REAL,0.3515024185180664,0.8288288288288288,effect,v3,one
0.023534689098596573,0.44300374388694763,0.42857142857142855,37,0eea7ccf7131c839850ee2be49836123,06_effect_v3__dai,point_cloud_0,43,False,False,REAL,0.3232183754444122,0.09009009009009,effect,v3,one
0.07224629819393158,0.3069564998149872,0.6944444444444444,8,42c8a08fc77d73d99c12cc2ef8a535a1,07_effect_v3ed81__dai,ed.Acidic_Body_Aura.1666bbc4d89600ca.M,42,False,False,CUT,0.097340889275074,0.1012658227848101,effect,v3ed81,one
0.03198682516813278,0.25656118988990784,0.5277777777777778,36,24daae4b29db314a9571f8521b2a5bab,07_effect_v3ed81__dai,ed.Acidic_Body_Aura.1666bbc4d89600ca.M,43,False,False,REAL,0.3413755297660827,0.0886075949367088,effect,v3ed81,one
0.027829932048916817,0.03868334740400314,0.6111111111111112,39,8f02c6fa6dad9b0f30ba8335dea1d1b7,07_effect_v3ed81__dai,ed.Acidic_Body_Aura.1666bbc4d89600ca.M,42,False,False,CUT,0.0690090283751487,0.2278481012658227,effect,v3ed81,one
0.027553288266062737,0.07729514688253403,0.1111111111111111,40,9be254495518dcf0735777d10256f6cd,07_effect_v3ed81__dai,ed.Acidic_Body_Aura.1666bbc4d89600ca.M,43,False,False,CUT,0.1147907376289367,0.1518987341772152,effect,v3ed81,one
0.03972720727324486,0.29572227597236633,0.375,16,0077d2ba2f1869c25facf2c93579eaf6,07_effect_v3ed81__dai,ed.Acid_mist_ring_barrier.124845165dd76dbe.M,42,False,False,REAL,0.3258807957172394,0.0632911392405063,effect,v3ed81,one
0.058992840349674225,0.3643055856227875,0.4305555555555556,8,6c91d470497db55ab862069d059f03c3,07_effect_v3ed81__dai,ed.Acid_mist_ring_barrier.124845165dd76dbe.M,43,False,False,REAL,0.1659614443778991,0.050632911392405,effect,v3ed81,one
0.14130228757858276,0.5358675122261047,0.25,4,438795c54d89e109b91f035ad715a927,07_effect_v3ed81__dai,ed.Acid_mist_ring_barrier.124845165dd76dbe.M,42,False,False,CUT,0.0584628954529762,0.0253164556962025,effect,v3ed81,one
0.07694882154464722,0.4871160686016083,0.4027777777777778,3,05f1a9fb54f4508020fb4e22c6857eba,07_effect_v3ed81__dai,ed.Acid_mist_ring_barrier.124845165dd76dbe.M,43,False,False,REAL,0.2746061980724334,0.240506329113924,effect,v3ed81,one
0.7180073261260986,1.0156726837158203,0.2361111111111111,1,cba7c58916fe8b0c2d837842b216ee87,07_effect_v3ed81__dai,ed.Ant_glyph_aura.0f6ac03f76f43971.M,42,False,False,CUT,0.0333483256399631,0.0,effect,v3ed81,one
0.24044235050678253,0.4321030378341675,0.6527777777777778,2,e56b44d35390c3c01eb1b3e76ebe4e79,07_effect_v3ed81__dai,ed.Ant_glyph_aura.0f6ac03f76f43971.M,43,False,False,CUT,0.0864589512348175,0.189873417721519,effect,v3ed81,one
0.11717025190591812,0.38513803482055664,0.4027777777777778,5,d3baab43487768e23ca7127c89e125c5,07_effect_v3ed81__dai,ed.Ant_glyph_aura.0f6ac03f76f43971.M,42,False,False,CUT,0.090780884027481,0.050632911392405,effect,v3ed81,one
0.070528045296669,0.3514381945133209,0.3611111111111111,12,ed296b4c58c2b35f95871e75018f095b,07_effect_v3ed81__dai,ed.Ant_glyph_aura.0f6ac03f76f43971.M,43,False,False,CUT,0.0176978837698698,0.0886075949367088,effect,v3ed81,one
0.022691985592246056,0.04706224799156189,0.26785714285714285,33,f24447f4af1a53c3820d910721d23a38,06_effect_v3__dai,saint_glow_3,42,False,False,CUT,0.0668457597494125,0.1531531531531531,effect,v3,one
0.05300431326031685,0.25498166680336,0.25892857142857145,4,26a62bcd3833db0a4ee764dc055c7a6e,06_effect_v3__dai,saint_glow_3,43,False,False,CUT,0.0367219895124435,0.045045045045045,effect,v3,one
0.03439140319824219,0.22727440297603607,0.45535714285714285,4,262294d70fcf9e8bbbedf2aaaa7c3ed6,06_effect_v3__dai,x_ray_0,42,False,False,REAL,0.4719875156879425,0.1981981981981982,effect,v3,one
0.030777079984545708,0.19399294257164001,0.125,15,4c33fe3137586b76752a2d8065f09b55,06_effect_v3__dai,x_ray_0,43,False,False,REAL,0.3692117929458618,0.2252252252252252,effect,v3,one
0.04917200654745102,0.21149060130119324,0.044642857142857144,4,29aeedaf0447208f0b3c9ff5bf35e6b5,06_effect_v3__dai,x_ray_1,42,False,False,REAL,0.1946632713079452,0.09009009009009,effect,v3,one
0.015837840735912323,0.13700097799301147,0.7232142857142857,71,b87a7a74711c4ca1e23f26bf2900aa35,06_effect_v3__dai,x_ray_1,43,False,False,REAL,0.1751027256250381,0.2792792792792792,effect,v3,one
0.025297893211245537,1.996669888496399,0.08035714285714286,17,cf24856196bed2c025eff83b92fc2977,06_effect_v3__dai,train_rush_0,42,False,False,REAL,2.238291025161743,0.6576576576576577,effect,v3,one
0.02048894390463829,2.705927610397339,0.0625,35,e667d04a16d33e59fc1787315781f688,06_effect_v3__dai,train_rush_0,43,False,False,REAL,2.9330551624298096,0.7567567567567568,effect,v3,one
0.1580125242471695,0.659740149974823,0.6607142857142857,6,e97616e37749871b992130b0254033aa,06_effect_v3__dai,train_rush_1,42,False,False,REAL,0.3077034652233124,0.4054054054054054,effect,v3,one
0.07546360790729523,8.14323616027832,0.07142857142857142,8,a08fb7cb0297dce45b2fab6f5a7ef46e,06_effect_v3__dai,train_rush_1,43,False,False,STATIC,7.740445137023926,0.045045045045045,effect,v3,one
0.13151101768016815,0.8985291123390198,0.4583333333333333,1,510496a3fc525522c31384533e61e3cd,07_effect_v3ed81__dai,ed.Apple_blossoms_in_hair.0619b4c4abb83d1a.M,42,False,False,CUT,0.021989258006215,0.0,effect,v3ed81,one
0.03369351476430893,0.2966451942920685,0.19444444444444445,17,6b4f3c7e8fbc2f13266bd2ca2c5b2aa5,07_effect_v3ed81__dai,ed.Apple_blossoms_in_hair.0619b4c4abb83d1a.M,43,False,False,REAL,0.1933669447898864,0.1012658227848101,effect,v3ed81,one
0.18087086081504822,0.5607254505157471,0.3472222222222222,3,01b822f3a963da79a9894e140cc8505a,07_effect_v3ed81__dai,ed.Apple_blossoms_in_hair.0619b4c4abb83d1a.M,42,False,False,CUT,0.0324144922196865,0.1518987341772152,effect,v3ed81,one
0.1015409454703331,0.8766618371009827,0.2638888888888889,1,b0f87331fc28626adc360d57bc20e56c,07_effect_v3ed81__dai,ed.Apple_blossoms_in_hair.0619b4c4abb83d1a.M,43,False,False,REAL,0.4507766366004944,0.0759493670886076,effect,v3ed81,one
0.02037433534860611,0.7581921219825745,0.7083333333333334,55,1db0063cc7753648b280290a12157f07,07_effect_v3ed81__dai,ed.Ants_in_hair.1c25610a8ac6e272.M,42,False,False,REAL,0.9218496084213256,0.6962025316455697,effect,v3ed81,one
0.024171670898795128,0.5584959387779236,0.3333333333333333,51,8c2aab5e2008a2e82ac26e2151cbdb15,07_effect_v3ed81__dai,ed.Ants_in_hair.1c25610a8ac6e272.M,43,False,False,REAL,0.5334023237228394,0.4177215189873418,effect,v3ed81,one
0.0516994409263134,0.3202056288719177,0.9444444444444444,12,71d44516b851887e5f7f79494a707d91,07_effect_v3ed81__dai,ed.Ants_in_hair.1c25610a8ac6e272.M,42,False,False,REAL,0.2384843826293945,0.2658227848101265,effect,v3ed81,one
0.050173938274383545,0.8995152115821838,0.09722222222222222,6,432f1b0c4153617c3718ec1999498686,07_effect_v3ed81__dai,ed.Ants_in_hair.1c25610a8ac6e272.M,43,False,False,REAL,0.2347604185342788,0.0253164556962025,effect,v3ed81,one
0.031147848814725876,0.177887961268425,0.9722222222222222,43,6d30563295728df8ae850da471691dfe,07_effect_v3ed81__dai,ed.Apple_core_in_chest.09795be76e2b7ec4.M,42,False,False,REAL,0.4281118214130401,0.240506329113924,effect,v3ed81,one
0.02610483020544052,0.19509273767471313,0.3611111111111111,43,8eff89c3bbf1e9018c960d19a85dd93c,07_effect_v3ed81__dai,ed.Apple_core_in_chest.09795be76e2b7ec4.M,43,False,False,REAL,0.2134099453687667,0.1139240506329113,effect,v3ed81,one
0.04535994306206703,0.29348140954971313,0.375,8,eef4dffd1471081fc173cb20e58f7279,07_effect_v3ed81__dai,ed.Apple_core_in_chest.09795be76e2b7ec4.M,42,False,False,REAL,0.4749931395053863,0.1392405063291139,effect,v3ed81,one
0.024331077933311462,0.25514498353004456,0.7916666666666666,43,67ea1de9f39447aead92ef75fc74ed2b,07_effect_v3ed81__dai,ed.Apple_core_in_chest.09795be76e2b7ec4.M,43,False,False,REAL,0.517661988735199,0.5063291139240507,effect,v3ed81,one
0.04137158766388893,0.2872925400733948,0.5138888888888888,36,105581a4556c01d39302dea0b2ae7422,07_effect_v3ed81__dai,ed.Arm_circuit_electronic_cloud.0ecbeef919f89a12.M,42,False,False,CUT,0.0054427064023911,0.0379746835443038,effect,v3ed81,one
0.06291376054286957,0.48821374773979187,0.4166666666666667,5,2c1b06aec2320e2f21e7824503485465,07_effect_v3ed81__dai,ed.Arm_circuit_electronic_cloud.0ecbeef919f89a12.M,43,False,False,REAL,0.1960339993238449,0.0379746835443038,effect,v3ed81,one
0.03468674048781395,0.24146504700183868,0.6944444444444444,32,0f36018cf5f37cd3bd656a22079a5a5d,07_effect_v3ed81__dai,ed.Arm_circuit_electronic_cloud.0ecbeef919f89a12.M,42,False,False,REAL,0.1830880045890808,0.1139240506329113,effect,v3ed81,one
0.0334467850625515,0.4898025393486023,0.5,33,285b0723a438de9c3cd4fbea0e4feea2,07_effect_v3ed81__dai,ed.Arm_circuit_electronic_cloud.0ecbeef919f89a12.M,43,False,False,REAL,0.3740996420383453,0.1012658227848101,effect,v3ed81,one
0.13254675269126892,0.4769294857978821,0.6944444444444444,4,2e3fb440d67b1da2a364ba9047805761,07_effect_v3ed81__dai,ed.Array_encircling_feet.0c27bd005ad52648.M,42,False,False,CUT,0.0110677042976021,0.0379746835443038,effect,v3ed81,one
0.027604959905147552,0.14629879593849182,0.3472222222222222,41,c37720c0921b6b37f6a4db2f388b2cec,07_effect_v3ed81__dai,ed.Array_encircling_feet.0c27bd005ad52648.M,43,False,False,REAL,0.1592171788215637,0.1645569620253164,effect,v3ed81,one
0.0893210619688034,0.15425409376621246,0.5555555555555556,5,121a751297d895ca52e4dac9a519cfe4,07_effect_v3ed81__dai,ed.Array_encircling_feet.0c27bd005ad52648.M,42,False,False,CUT,0.0124833220615983,0.0886075949367088,effect,v3ed81,one
0.04076075926423073,0.18959307670593262,0.3611111111111111,23,97852ed23858017e2ba0fde71b3d2f4f,07_effect_v3ed81__dai,ed.Array_encircling_feet.0c27bd005ad52648.M,43,False,False,REAL,0.26108118891716,0.2531645569620253,effect,v3ed81,one
0.05393945053219795,0.22978956997394562,0.3194444444444444,7,734461622cd1a9dc931ac58af66d5cc3,07_effect_v3ed81__dai,ed.Arm_shadow_chains.0e513cd16d065c6a.M,42,False,False,REAL,0.3138959109783172,0.2278481012658227,effect,v3ed81,one
0.0488596186041832,0.2720089256763458,0.3055555555555556,11,3e3ea6f92719c6be1358a56338cb0248,07_effect_v3ed81__dai,ed.Arm_shadow_chains.0e513cd16d065c6a.M,43,False,False,REAL,0.3472229838371277,0.2278481012658227,effect,v3ed81,one
0.08555468916893005,0.13787589967250824,0.3472222222222222,8,546372c8fcd4ce0ef5a1577987c78e85,07_effect_v3ed81__dai,ed.Arm_shadow_chains.0e513cd16d065c6a.M,42,False,False,CUT,0.0712150260806083,0.050632911392405,effect,v3ed81,one
0.07649770379066467,0.1228584349155426,0.2638888888888889,10,1e71087180503e3af89758acf4724979,07_effect_v3ed81__dai,ed.Arm_shadow_chains.0e513cd16d065c6a.M,43,False,False,CUT,0.0206306036561727,0.0632911392405063,effect,v3ed81,one
0.030009187757968903,0.20170295238494873,0.3888888888888889,43,cd0878c222ac770c6a174a18e44cf604,07_effect_v3ed81__dai,ed.Body_vine_slime.142742df912f8b98.M,42,False,False,REAL,0.1845028847455978,0.1265822784810126,effect,v3ed81,one
0.019917532801628113,0.13226236402988434,0.6666666666666666,61,7d45a70e6683efd5953edaccf2b35bc0,07_effect_v3ed81__dai,ed.Body_vine_slime.142742df912f8b98.M,43,False,False,REAL,0.3892474770545959,0.4556962025316455,effect,v3ed81,one
0.04599887132644653,0.1835135966539383,0.6111111111111112,12,87c64d3d23f9ea28bb8520c78d4614be,07_effect_v3ed81__dai,ed.Body_vine_slime.142742df912f8b98.M,42,False,False,REAL,0.1224701404571533,0.2784810126582278,effect,v3ed81,one
0.0462394542992115,0.23280926048755646,0.4027777777777778,9,c783cf6ce4fff156a525117219f5d2a1,07_effect_v3ed81__dai,ed.Body_vine_slime.142742df912f8b98.M,43,False,False,REAL,0.1463294625282287,0.1139240506329113,effect,v3ed81,one
0.044452279806137085,0.2520260214805603,0.2777777777777778,15,ad37e714283c967f3f84c4b8932fe17e,07_effect_v3ed81__dai,ed.Back_page_wings.06c44eb16774b786.M,42,False,False,REAL,0.1894193887710571,0.1012658227848101,effect,v3ed81,one
0.05588705837726593,0.313483864068985,0.25,3,7b9aa3febcbcadb985de9c7704879f9e,07_effect_v3ed81__dai,ed.Back_page_wings.06c44eb16774b786.M,43,False,False,REAL,0.4219003021717071,0.4936708860759494,effect,v3ed81,one
0.02620396763086319,0.24562133848667145,0.5,42,1a10bfdcd39e3c885bf92c2e2922b62d,07_effect_v3ed81__dai,ed.Back_page_wings.06c44eb16774b786.M,42,False,False,REAL,0.2577270865440368,0.1392405063291139,effect,v3ed81,one
0.020806824788451195,0.3480519950389862,0.6805555555555556,49,b2fa316d00174d090cdcd4dbc1079201,07_effect_v3ed81__dai,ed.Back_page_wings.06c44eb16774b786.M,43,False,False,REAL,0.3432835042476654,0.189873417721519,effect,v3ed81,one
0.03944586217403412,0.8099109530448914,0.9166666666666666,26,9fdecec465b0b6c8a60921d493a5c7a3,07_effect_v3ed81__dai,ed.Body_Banknote_Shield.0640ff900e5d6c50.M,42,False,False,REAL,0.3220431208610534,0.1518987341772152,effect,v3ed81,one
0.03205990046262741,0.5291494131088257,0.9444444444444444,28,06afbf9aee04c1f9de59364116da1f2f,07_effect_v3ed81__dai,ed.Body_Banknote_Shield.0640ff900e5d6c50.M,43,False,False,REAL,0.3336030840873718,0.3670886075949367,effect,v3ed81,one
0.04883573576807976,0.2036924511194229,0.4027777777777778,18,0eb09330686b7d8a78808aafd58f95e0,07_effect_v3ed81__dai,ed.Body_Banknote_Shield.0640ff900e5d6c50.M,42,False,False,REAL,0.2189089208841323,0.2151898734177215,effect,v3ed81,one
0.060546427965164185,0.19366079568862915,0.8888888888888888,13,0613f9b1a9799941321495da07236a55,07_effect_v3ed81__dai,ed.Body_Banknote_Shield.0640ff900e5d6c50.M,43,False,False,REAL,0.2751938700675964,0.3164556962025316,effect,v3ed81,one
0.03137141093611717,0.16835954785346985,0.9444444444444444,41,10a1b523d8c2e967d4c004a86d0e8ea1,07_effect_v3ed81__dai,ed.Body_laser_shield.03f28acb3eadecd1.M,42,False,False,REAL,0.319242388010025,0.2911392405063291,effect,v3ed81,one
0.04231991991400719,0.27394339442253113,0.3472222222222222,15,5a7a389bc3f1c18ad3f86e32eb5a5f24,07_effect_v3ed81__dai,ed.Body_laser_shield.03f28acb3eadecd1.M,43,False,False,REAL,0.2210768163204193,0.3670886075949367,effect,v3ed81,one
0.030165545642375946,0.14138484001159668,0.3333333333333333,27,c160747fa0058d2820bc399069dcb509,07_effect_v3ed81__dai,ed.Body_laser_shield.03f28acb3eadecd1.M,42,False,False,REAL,0.3139456212520599,0.1012658227848101,effect,v3ed81,one
0.0476682148873806,0.526714026927948,0.875,17,b88a7d4ac1fad682141443b2fbe54ebd,07_effect_v3ed81__dai,ed.Body_laser_shield.03f28acb3eadecd1.M,43,False,False,REAL,0.7041493058204651,0.4810126582278481,effect,v3ed81,one
0.04950821027159691,0.2500380277633667,0.6388888888888888,19,3ab6a7e95e8f84d92919479a954d1bcc,07_effect_v3ed81__dai,humanvid_6970182,42,False,True,CUT,0.0362134985625743,0.1772151898734177,effect,v3ed81,one
0.05090568959712982,0.26398393511772156,0.7222222222222222,17,d5d57556184d38c2e94b2c65de18a731,07_effect_v3ed81__dai,humanvid_6970182,43,False,True,CUT,0.0857923924922943,0.1772151898734177,effect,v3ed81,one
0.06343880295753479,0.4144974946975708,0.6388888888888888,7,819a0292802ea3d6baa8960af6e7c5be,07_effect_v3ed81__dai,humanvid_6970182,42,False,True,REAL,0.2375063300132751,0.1139240506329113,effect,v3ed81,one
0.027577057480812073,0.2834242880344391,0.3055555555555556,39,10a4c11ec7e96e6a1c25b9f8f00dfd1a,07_effect_v3ed81__dai,humanvid_6970182,43,False,True,REAL,0.2722788155078888,0.3291139240506329,effect,v3ed81,one
0.11082281172275543,0.5033822059631348,0.375,7,a92d31f1052b034f98a99b278f46bc9c,07_effect_v3ed81__dai,ed.Body_Laser_Aura.1858d4165ab7c7d2.M,42,False,False,REAL,0.2732660472393036,0.240506329113924,effect,v3ed81,one
0.029180001467466354,0.14573150873184204,0.6111111111111112,35,dbdaa6e9cdd02f15cb09750fc982cfcd,07_effect_v3ed81__dai,ed.Body_Laser_Aura.1858d4165ab7c7d2.M,43,False,False,REAL,0.3772122263908386,0.4177215189873418,effect,v3ed81,one
0.05194776505231857,0.26520994305610657,0.3611111111111111,9,7cb2996ce914f01ff1fa3073f1be8cd2,07_effect_v3ed81__dai,ed.Body_Laser_Aura.1858d4165ab7c7d2.M,42,False,False,REAL,0.1403202563524246,0.1012658227848101,effect,v3ed81,one
0.030685506761074066,0.21040798723697662,0.4861111111111111,28,968857328fea3b87c41a69c0c00841fb,07_effect_v3ed81__dai,ed.Body_Laser_Aura.1858d4165ab7c7d2.M,43,False,False,REAL,0.3824385404586792,0.3670886075949367,effect,v3ed81,one
0.026967765763401985,0.13225533068180084,0.7916666666666666,47,af358c748a675e4a556effc7bd86c24a,07_effect_v3ed81__dai,ed.Cold_Tears_Gaze.0e28a4f8490df43f.M,42,False,False,REAL,0.2886626720428467,0.3037974683544304,effect,v3ed81,one
0.05367734655737877,0.4470711350440979,0.5277777777777778,18,8cf2cceb694242c8fec41254584b1a62,07_effect_v3ed81__dai,ed.Cold_Tears_Gaze.0e28a4f8490df43f.M,43,False,False,CUT,0.0092802252620458,0.1012658227848101,effect,v3ed81,one
0.031858090311288834,0.19932401180267334,0.9444444444444444,29,ae24234a5bfe7d013b02a477786b5913,07_effect_v3ed81__dai,ed.Cold_Tears_Gaze.0e28a4f8490df43f.M,42,False,False,REAL,0.2124260663986206,0.2784810126582278,effect,v3ed81,one
0.030622342601418495,0.37302497029304504,0.4166666666666667,27,5d271013bf48fbb63145d6bb65ed393d,07_effect_v3ed81__dai,ed.Cold_Tears_Gaze.0e28a4f8490df43f.M,43,False,False,REAL,0.2668768465518951,0.3417721518987341,effect,v3ed81,one
0.08939345180988312,0.3236103355884552,0.7083333333333334,4,4e4af6eaa65c676c85c5777e0130d02e,07_effect_v3ed81__dai,ed.Body_as_mist.1e2592b60cc87490.M,42,False,False,CUT,0.0057476772926747,0.0886075949367088,effect,v3ed81,one
0.028638483956456184,0.13449953496456146,0.16666666666666666,48,50b155c3970d0579b0c419eab6b5d255,07_effect_v3ed81__dai,ed.Body_as_mist.1e2592b60cc87490.M,43,False,False,REAL,0.380459576845169,0.4177215189873418,effect,v3ed81,one
0.035487473011016846,0.15007831156253815,0.6666666666666666,28,047424c911c5fd1b0c830165a5e88edf,07_effect_v3ed81__dai,ed.Body_as_mist.1e2592b60cc87490.M,42,False,False,REAL,0.1713146269321441,0.1518987341772152,effect,v3ed81,one
0.023223351687192917,0.16414740681648254,0.9166666666666666,49,27851543a4b4ab4ef0dacde34a2a1aae,07_effect_v3ed81__dai,ed.Body_as_mist.1e2592b60cc87490.M,43,False,False,REAL,0.4295402765274048,0.3670886075949367,effect,v3ed81,one
0.02740541100502014,0.0791342481970787,0.3333333333333333,38,06fa1d903008782443213bdca3c2915e,07_effect_v3ed81__dai,ed.Code_Mirror_Duplicate.02c8c50a3fbcd46d.M,42,False,False,REAL,0.1288822293281555,0.1772151898734177,effect,v3ed81,one
0.05622535198926926,0.23846781253814697,0.4027777777777778,14,eab7d2b515575872c2ad16c2729c4bbd,07_effect_v3ed81__dai,ed.Code_Mirror_Duplicate.02c8c50a3fbcd46d.M,43,False,False,CUT,0.1146620437502861,0.1139240506329113,effect,v3ed81,one
0.021296745166182518,0.08018302917480469,0.9444444444444444,58,3162e3c4f0bf4ade5b7661acaaefc7d5,07_effect_v3ed81__dai,ed.Code_Mirror_Duplicate.02c8c50a3fbcd46d.M,42,False,False,REAL,0.1696057021617889,0.1772151898734177,effect,v3ed81,one
0.031170226633548737,0.11546669900417328,0.8888888888888888,27,24993ba2adbcb782a145d1642c54541b,07_effect_v3ed81__dai,ed.Code_Mirror_Duplicate.02c8c50a3fbcd46d.M,43,False,False,CUT,0.1089314520359039,0.1139240506329113,effect,v3ed81,one
0.036064207553863525,0.2630085349082947,0.8472222222222222,26,e2bd7fd17104569bbc7ed4eedea711f5,07_effect_v3ed81__dai,humanvid_7150191,42,False,True,REAL,0.2661642134189605,0.379746835443038,effect,v3ed81,one
0.02122884802520275,0.40991872549057007,0.625,65,6c6dc5c0264ba43ed2c67cf2f7f4fbb1,07_effect_v3ed81__dai,humanvid_7150191,43,False,True,REAL,0.6008813381195068,0.1392405063291139,effect,v3ed81,one
0.05039884150028229,0.10934589058160782,0.6388888888888888,9,c4ed36df6dafdcadc2bccb0bf646cd5d,07_effect_v3ed81__dai,humanvid_7150191,42,False,True,REAL,0.1694529801607132,0.2151898734177215,effect,v3ed81,one
0.06349912285804749,0.17818871140480042,0.2361111111111111,9,e6a8fdefa73a1c16ee1864b3ebadc088,07_effect_v3ed81__dai,humanvid_7150191,43,False,True,CUT,0.1072075217962265,0.050632911392405,effect,v3ed81,one
0.031219549477100372,0.12103357911109924,0.125,39,58157c652e23b7e03af4f47efdfa17a5,07_effect_v3ed81__dai,humanvid_7171022,42,False,True,REAL,0.2539177238941192,0.2658227848101265,effect,v3ed81,one
0.04520339146256447,0.17993833124637604,0.05555555555555555,8,879c3e973084cf2684ee5e4cb254dae1,07_effect_v3ed81__dai,humanvid_7171022,43,False,True,CUT,0.0648389235138893,0.1392405063291139,effect,v3ed81,one
0.13247784972190857,0.5383374691009521,0.5,5,b7a0a2ec16b42d310b2d38d7a359dd9b,07_effect_v3ed81__dai,humanvid_7171022,42,False,True,CUT,0.0294473636895418,0.0253164556962025,effect,v3ed81,one
0.028039390221238136,0.2352510392665863,0.06944444444444445,39,e58563881652077cf80b1dedb148c384,07_effect_v3ed81__dai,humanvid_7171022,43,False,True,REAL,0.2422155737876892,0.240506329113924,effect,v3ed81,one
0.02808128111064434,0.08684740960597992,0.013888888888888888,29,e973cf465f8ba45f427665d9b57200c3,07_effect_v3ed81__dai,humanvid_6944277,42,False,True,REAL,0.1494121700525283,0.240506329113924,effect,v3ed81,one
0.025152185931801796,0.07821919023990631,0.1111111111111111,35,78ad3ec6fdbe39d11e1c00ad324a176a,07_effect_v3ed81__dai,humanvid_6944277,43,False,True,REAL,0.2023277133703231,0.2151898734177215,effect,v3ed81,one
0.32386115193367004,0.9570702910423279,0.25,1,6ca9c251b873507e3f46d4463d99051e,07_effect_v3ed81__dai,humanvid_6944277,42,False,True,CUT,0.114723689854145,0.0,effect,v3ed81,one
0.03483887389302254,0.24124875664710999,0.09722222222222222,15,4032562b99ed029501288b5085a011f7,07_effect_v3ed81__dai,humanvid_6944277,43,False,True,REAL,0.3165374100208282,0.2278481012658227,effect,v3ed81,one
0.03838218376040459,0.2720142602920532,0.8611111111111112,21,4a4789f4c3aaada3f10065d17f6f386d,07_effect_v3ed81__dai,humanvid_7218892,42,False,True,REAL,0.2487585693597793,0.2025316455696202,effect,v3ed81,one
0.03692084923386574,0.22258712351322174,0.3333333333333333,28,b855e2bb0da919cb464a1422e0718e61,07_effect_v3ed81__dai,humanvid_7218892,43,False,True,REAL,0.2047512084245681,0.2151898734177215,effect,v3ed81,one
0.06643930822610855,0.6849690675735474,0.3472222222222222,8,0629f2502f8bbc433be9457ba6437ddb,07_effect_v3ed81__dai,humanvid_7218892,42,False,True,REAL,0.350302517414093,0.0632911392405063,effect,v3ed81,one
0.06507683545351028,0.7569518089294434,0.8194444444444444,4,37e0313e355412ad7df9a7b1efafb04e,07_effect_v3ed81__dai,humanvid_7218892,43,False,True,REAL,0.7535589337348938,0.430379746835443,effect,v3ed81,one
0.03901681676506996,0.4996095299720764,0.4027777777777778,26,773a6bc2080e877168b30fbc5fcba421,07_effect_v3ed81__dai,humanvid_7301433,42,False,True,REAL,0.4001765847206116,0.1518987341772152,effect,v3ed81,one
0.037351202219724655,0.2642885148525238,0.2222222222222222,23,4ec488a5f1e325b5bdff0324f109b292,07_effect_v3ed81__dai,humanvid_7301433,43,False,True,REAL,0.2194874435663223,0.3037974683544304,effect,v3ed81,one
0.04674080014228821,0.12132472544908524,0.3194444444444444,13,994e773a355cfcfabe11022b897ef942,07_effect_v3ed81__dai,humanvid_7301433,42,False,True,REAL,0.210114985704422,0.2025316455696202,effect,v3ed81,one
0.047485414892435074,0.1296021193265915,0.6111111111111112,21,f9336632adcddeabaec00ed31e4142e6,07_effect_v3ed81__dai,humanvid_7301433,43,False,True,CUT,0.033799223601818,0.1392405063291139,effect,v3ed81,one
0.03486108034849167,1.1186906099319458,0.8333333333333334,29,29c68dfc44efe84e4a5fe726ef5ecd26,07_effect_v3ed81__dai,humanvid_7169950,42,False,True,REAL,0.4394482374191284,0.4936708860759494,effect,v3ed81,one
0.029301844537258148,0.790788471698761,0.8888888888888888,41,90d7b6feec0266b5103e8d5958940d64,07_effect_v3ed81__dai,humanvid_7169950,43,False,True,REAL,0.4287716448307037,0.4177215189873418,effect,v3ed81,one
0.08072824776172638,0.38399404287338257,0.2222222222222222,1,a06f2c89f547de86cd22df620708f1ab,07_effect_v3ed81__dai,humanvid_7169950,42,False,True,REAL,0.2995169460773468,0.1265822784810126,effect,v3ed81,one
0.027229035273194313,0.1908743977546692,0.25,32,a782015ba972ab40ad88ee363cde6a55,07_effect_v3ed81__dai,humanvid_7169950,43,False,True,REAL,0.567429780960083,0.2784810126582278,effect,v3ed81,one
0.03745987266302109,0.17268188297748566,0.3055555555555556,15,d0b18c4a225cde0f970460496c56cf45,07_effect_v3ed81__dai,humanvid_7235992,42,False,True,REAL,0.3707819581031799,0.0886075949367088,effect,v3ed81,one
0.14188624918460846,0.5630940794944763,0.08333333333333333,3,7dc8558075364b29880b1faaf0aa679d,07_effect_v3ed81__dai,humanvid_7235992,43,False,True,REAL,0.1781349331140518,0.3037974683544304,effect,v3ed81,one
0.09461770951747894,0.2709992825984955,0.25,4,3f2fff6a3eb12a85c3333c07ae4d816d,07_effect_v3ed81__dai,humanvid_7235992,42,False,True,REAL,0.2433550059795379,0.050632911392405,effect,v3ed81,one
0.13462141156196594,0.49287641048431396,0.4166666666666667,1,84e84f30e3d9efa18a9acd113ee4ca0d,07_effect_v3ed81__dai,humanvid_7235992,43,False,True,REAL,0.2879057824611664,0.3037974683544304,effect,v3ed81,one
0.03915780037641525,0.22555488348007202,0.9583333333333334,18,f4b3c20446094b0e8306a3e14b013375,07_effect_v3ed81__dai,humanvid_7319993,42,False,True,REAL,0.1292151063680648,0.1265822784810126,effect,v3ed81,one
0.06321749091148376,0.4437578320503235,0.4166666666666667,1,fd14a71ddc631b81476ae165a37987ed,07_effect_v3ed81__dai,humanvid_7319993,43,False,True,REAL,0.1738491058349609,0.1392405063291139,effect,v3ed81,one
0.05028768628835678,0.33147841691970825,0.6944444444444444,20,2e8f76297117cbd7bd2b79ad4fcdff7c,07_effect_v3ed81__dai,humanvid_7319993,42,False,True,REAL,0.2755033075809479,0.0632911392405063,effect,v3ed81,one
0.027111927047371864,0.25765296816825867,0.8472222222222222,37,2d78f530e1cfd7d310a7bdf0500dc363,07_effect_v3ed81__dai,humanvid_7319993,43,False,True,REAL,0.2154259383678436,0.1392405063291139,effect,v3ed81,one
0.02815316990017891,0.11495306342840195,0.25,35,2d297e503a5fb6e7563f64a64ce636a9,07_effect_v3ed81__dai,humanvid_7236896,42,False,True,REAL,0.2901281118392944,0.3291139240506329,effect,v3ed81,one
0.026558205485343933,0.19447694718837738,0.4166666666666667,37,8e29f611aa7d71eb3d6a742df340b274,07_effect_v3ed81__dai,humanvid_7236896,43,False,True,REAL,0.3299196064472198,0.2911392405063291,effect,v3ed81,one
0.05114684998989105,0.15264202654361725,0.7083333333333334,5,eac4fa9ff810fe9807fde80606bea20f,07_effect_v3ed81__dai,humanvid_7236896,42,False,True,REAL,0.2532825171947479,0.4050632911392405,effect,v3ed81,one
0.02967091277241707,0.17506423592567444,0.2777777777777778,25,c342161b0e0cebf0ea1aaddf718bff80,07_effect_v3ed81__dai,humanvid_7236896,43,False,True,REAL,0.3228490352630615,0.2151898734177215,effect,v3ed81,one
0.4381040930747986,1.0041080713272095,0.4305555555555556,1,21eb61a2dfa42bc2bfbc81260b96c8db,07_effect_v3ed81__dai,humanvid_7467659,42,False,True,CUT,0.0208241064101457,0.0,effect,v3ed81,one
0.07864841818809509,0.2997310757637024,0.09722222222222222,3,ea65f4696148dec0edd2c5215fa5a730,07_effect_v3ed81__dai,humanvid_7467659,43,False,True,REAL,0.1505521535873413,0.2658227848101265,effect,v3ed81,one
0.03773884475231171,0.1885225474834442,0.5833333333333334,26,b3a73893c1630264887d3ce71c200016,07_effect_v3ed81__dai,humanvid_7467659,42,False,True,REAL,0.1971537321805954,0.1012658227848101,effect,v3ed81,one
0.0692562609910965,0.27345892786979675,0.375,5,e2d428a48dca115c74206135c24a03fb,07_effect_v3ed81__dai,humanvid_7467659,43,False,True,REAL,0.1385401934385299,0.1392405063291139,effect,v3ed81,one
0.029186220839619637,0.1715380698442459,0.7777777777777778,39,390d2328061175929c526ef8b8152f05,07_effect_v3ed81__dai,humanvid_7534403,42,False,True,REAL,0.1847867667675018,0.1518987341772152,effect,v3ed81,one
0.021112022921442986,0.08733264356851578,0.125,71,c9fcd19d28b98f179a4cf9a3e19f74f3,07_effect_v3ed81__dai,humanvid_7534403,43,False,True,REAL,0.1441181451082229,0.1772151898734177,effect,v3ed81,one
0.04160642251372337,0.1620907187461853,0.3888888888888889,13,9a22669fbd4e44ac9ff48a62bd30102c,07_effect_v3ed81__dai,humanvid_7534403,42,False,True,REAL,0.1601793318986892,0.240506329113924,effect,v3ed81,one
0.032633956521749496,0.2928292155265808,0.8611111111111112,32,eb84e7cd06db2a1ec1f1657a56893ae5,07_effect_v3ed81__dai,humanvid_7534403,43,False,True,REAL,0.3823456466197967,0.2784810126582278,effect,v3ed81,one
0.06687954068183899,0.32021552324295044,0.19444444444444445,13,1635db2c427900168056c19ae66b9ff8,07_effect_v3ed81__dai,ed.Acid_mist_limb_transformation.0f4fc4edacb19f56.M,42,False,False,REAL,0.1857510805130005,0.1265822784810126,effect,v3ed81,one
0.046719375997781754,0.19880430400371552,0.125,12,a60421f719a0e642ed9b46346a1cd757,07_effect_v3ed81__dai,ed.Acid_mist_limb_transformation.0f4fc4edacb19f56.M,43,False,False,REAL,0.1793583631515503,0.2151898734177215,effect,v3ed81,one
0.0365697480738163,0.15775837004184723,0.4305555555555556,16,7b8ab1693193de9c4f01bebe972195fa,07_effect_v3ed81__dai,ed.Amber_crystal_wings_on_back.0b899d5068edcb66.M,42,False,False,REAL,0.1904983222484588,0.0886075949367088,effect,v3ed81,one
0.10985764116048813,0.5742260813713074,0.4305555555555556,6,7ea5f4dc8b803a28ea3064155d28cc0f,07_effect_v3ed81__dai,ed.Amber_crystal_wings_on_back.0b899d5068edcb66.M,43,False,False,CUT,0.0158174913376569,0.1012658227848101,effect,v3ed81,one
0.05262447148561478,0.5510808825492859,0.6388888888888888,23,2278891355a0da767c7671f1ff40076e,07_effect_v3ed81__dai,humanvid_7537430,42,False,True,CUT,0.0141688305884599,0.0632911392405063,effect,v3ed81,one
0.044755250215530396,0.5354761481285095,0.4166666666666667,14,0bfac4d7bed5b9f8e11a47f1e9a15157,07_effect_v3ed81__dai,humanvid_7537430,43,False,True,REAL,0.2152973860502243,0.050632911392405,effect,v3ed81,one
0.05092702433466911,0.0995883196592331,0.5833333333333334,18,63f8d41a36e4caf0752d71ab89d5b8ec,07_effect_v3ed81__dai,humanvid_7537430,42,False,True,CUT,0.0251000151038169,0.0886075949367088,effect,v3ed81,one
0.058031029999256134,0.17187289893627167,0.2361111111111111,10,ab667d2c1cd8d6970db9528d4b71d276,07_effect_v3ed81__dai,humanvid_7537430,43,False,True,CUT,0.1101878434419632,0.2025316455696202,effect,v3ed81,one
0.042246218770742416,0.19100481271743774,0.25,24,39650edd86200e1f7125a5b9b18b8412,07_effect_v3ed81__dai,humanvid_7480485,42,False,True,REAL,0.295149564743042,0.240506329113924,effect,v3ed81,one
0.03371691331267357,0.510016679763794,0.8333333333333334,28,027ff7df5e5e5a8b610ebad24185f38a,07_effect_v3ed81__dai,humanvid_7480485,43,False,True,REAL,0.4646634459495544,0.1645569620253164,effect,v3ed81,one
0.02897770330309868,0.44215860962867737,0.6388888888888888,45,c534e873623f18e81e1010ff7ea60b59,07_effect_v3ed81__dai,humanvid_7480485,42,False,True,REAL,0.3953444063663482,0.1645569620253164,effect,v3ed81,one
0.027570756152272224,0.5179021954536438,0.625,40,c18b1add89e17d9a5e80cee7f3c9d7eb,07_effect_v3ed81__dai,humanvid_7480485,43,False,True,REAL,0.4104518592357635,0.2784810126582278,effect,v3ed81,one
0.02161039598286152,0.42785704135894775,0.6944444444444444,50,622a5442c4a96383074a7d7c85765cac,07_effect_v3ed81__dai,humanvid_7663067,42,False,True,REAL,0.8880532383918762,0.430379746835443,effect,v3ed81,one
0.022969458252191544,0.39950457215309143,0.08333333333333333,66,f3ea3604365e470187297e6ccdb2db90,07_effect_v3ed81__dai,humanvid_7663067,43,False,True,REAL,0.7724540829658508,0.6455696202531646,effect,v3ed81,one
0.0597236230969429,0.6008771061897278,0.9444444444444444,15,86a658fe0c22e1878f64c2bde1013d26,07_effect_v3ed81__dai,humanvid_7663067,42,False,True,REAL,0.2595777511596679,0.2151898734177215,effect,v3ed81,one
0.10913878679275513,0.6022114157676697,0.4166666666666667,2,96948ffb41305991c2f8f26a8b01eb19,07_effect_v3ed81__dai,humanvid_7663067,43,False,True,REAL,0.1545358002185821,0.3924050632911392,effect,v3ed81,one
0.02221786230802536,0.1454506814479828,0.6111111111111112,50,fb9ea05d355768a391e52cacf642755e,07_effect_v3ed81__dai,ed.Amber_roots_from_feet.140f18915e0e58bd.M,42,False,False,REAL,0.2652456760406494,0.2151898734177215,effect,v3ed81,one
0.021260296925902367,0.10427124053239822,0.4444444444444444,55,0e8ae5820276f383fb7439350963279d,07_effect_v3ed81__dai,ed.Amber_roots_from_feet.140f18915e0e58bd.M,43,False,False,REAL,0.2787986099720001,0.2784810126582278,effect,v3ed81,one
0.060129355639219284,0.35901668667793274,0.6944444444444444,11,c47d385c04c63f82dac6f4a075c226c3,07_effect_v3ed81__dai,ed.Amber_streams_from_eyes.163ded7ec9e49fc8.M,42,False,False,CUT,0.0603804998099803,0.0886075949367088,effect,v3ed81,one
0.045664869248867035,0.33019477128982544,0.5277777777777778,22,62d157ab12bbdd8e7ce65a9b184db798,07_effect_v3ed81__dai,ed.Amber_streams_from_eyes.163ded7ec9e49fc8.M,43,False,False,REAL,0.1709198653697967,0.1518987341772152,effect,v3ed81,one
0.1499096155166626,0.7840972542762756,0.5555555555555556,3,56f2ddde9da998f3503c00865f1aaa3b,07_effect_v3ed81__dai,humanvid_7539020,42,False,True,REAL,0.491922378540039,0.2784810126582278,effect,v3ed81,one
0.0338650606572628,0.37766146659851074,0.2222222222222222,9,8eb53c14c52543507887402277622b3b,07_effect_v3ed81__dai,humanvid_7539020,43,False,True,REAL,0.6847007274627686,0.4936708860759494,effect,v3ed81,one
0.04936111718416214,0.25074613094329834,0.5694444444444444,10,8bc0f9174bd2a112127c85d14568abf5,07_effect_v3ed81__dai,humanvid_7539020,42,False,True,REAL,0.5023972988128662,0.2911392405063291,effect,v3ed81,one
0.02391650713980198,0.2701444923877716,0.5972222222222222,51,41b9906fa65c08653f07970f022bc83d,07_effect_v3ed81__dai,humanvid_7539020,43,False,True,REAL,0.6946412324905396,0.6708860759493671,effect,v3ed81,one
0.05144575983285904,0.183601975440979,0.9861111111111112,19,0657e12c320fc45d7749040466fff931,07_effect_v3ed81__dai,humanvid_7670221,42,False,True,CUT,0.0098406448960304,0.1265822784810126,effect,v3ed81,one
0.0259151179343462,0.6436050534248352,0.8194444444444444,47,f848c8898915bf28fe5c1a44717b3555,07_effect_v3ed81__dai,humanvid_7670221,43,False,True,REAL,0.6041772365570068,0.0379746835443038,effect,v3ed81,one
0.0604567714035511,0.23458479344844818,0.6111111111111112,15,56e2545c497197aa11b58dc43e645137,07_effect_v3ed81__dai,humanvid_7670221,42,False,True,CUT,0.008148955181241,0.1012658227848101,effect,v3ed81,one
0.030070500448346138,0.44648516178131104,0.9305555555555556,38,fb19ec843cbf00b2df5492b98b5fba6f,07_effect_v3ed81__dai,humanvid_7670221,43,False,True,REAL,0.29268878698349,0.1772151898734177,effect,v3ed81,one
0.039804715663194656,0.06354070454835892,0.5138888888888888,23,6d7f2277224176d45b109f32e21f9a77,07_effect_v3ed81__dai,ed.Avocado_Pulp_Aura.163ded7ec9e49fc8.M,42,False,False,CUT,0.0306124929338693,0.1518987341772152,effect,v3ed81,one
0.04564009979367256,0.09252245724201202,0.5277777777777778,21,62aa14bb6b8d06190deab5828372ab96,07_effect_v3ed81__dai,ed.Avocado_Pulp_Aura.163ded7ec9e49fc8.M,43,False,False,CUT,0.0728587880730629,0.1518987341772152,effect,v3ed81,one
0.039691340178251266,0.1572817713022232,0.8611111111111112,14,6e46b4a56a71d1d654cc335d9c3a44c6,07_effect_v3ed81__dai,ed.Avocado_Seed_Pendant.07ecaee96f206e14.M,42,False,False,REAL,0.1756154745817184,0.2151898734177215,effect,v3ed81,one
0.02847188338637352,0.1878427416086197,0.2361111111111111,27,7c216d566e0f416a996e28cad876ffd9,07_effect_v3ed81__dai,ed.Avocado_Seed_Pendant.07ecaee96f206e14.M,43,False,False,REAL,0.1650958508253097,0.1265822784810126,effect,v3ed81,one
0.05910426378250122,0.27994945645332336,0.6111111111111112,6,d45cd16ab9bab32863a732c287ec7906,07_effect_v3ed81__dai,ed.Arm_chip_serpent.140f18915e0e58bd.M,42,False,False,REAL,0.1825046837329864,0.2784810126582278,effect,v3ed81,one
0.035543568432331085,0.20247995853424072,0.5277777777777778,26,7b4bc07c25cacfc8b65de352bd6e427c,07_effect_v3ed81__dai,ed.Arm_chip_serpent.140f18915e0e58bd.M,43,False,False,REAL,0.2644896209239959,0.189873417721519,effect,v3ed81,one
0.028802622109651566,0.05057772248983383,0.2361111111111111,34,b7de8ac52731ea02812e6abd3d44de92,07_effect_v3ed81__dai,ed.Arm_data_corruption.04b7a1c4ba96f12f.M,42,False,False,CUT,0.1008080244064331,0.2278481012658227,effect,v3ed81,one
0.0357583612203598,0.14774587750434875,0.5277777777777778,19,ef37397fcf6e5f2ecb6ab184699e9f50,07_effect_v3ed81__dai,ed.Arm_data_corruption.04b7a1c4ba96f12f.M,43,False,False,REAL,0.2289294749498367,0.2025316455696202,effect,v3ed81,one
0.03953014314174652,0.3515746295452118,0.3888888888888889,8,6f4f42c190f932a839e455968b1c0475,07_effect_v3ed81__dai,ed.Amethyst_sword_from_palm.04b7a1c4ba96f12f.M,42,False,False,REAL,0.2111465036869049,0.0253164556962025,effect,v3ed81,one
0.026419315487146378,0.328456848859787,0.25,33,4285f50e3eb99bcda5e4f499a7f0433d,07_effect_v3ed81__dai,ed.Amethyst_sword_from_palm.04b7a1c4ba96f12f.M,43,False,False,REAL,0.2876997590065002,0.2658227848101265,effect,v3ed81,one
0.04233585670590401,1.002216100692749,0.8611111111111112,26,6ce6360fa7eaf2ae2d4e19ea754ea7be,07_effect_v3ed81__dai,ed.Ants_flow_from_eyes.0620ac943c6d8ba8.M,42,False,False,REAL,0.1826451569795608,0.1772151898734177,effect,v3ed81,one
0.036601342260837555,0.8251892924308777,0.9166666666666666,27,887c972c0aa18e83c7ae42d39d4c1f61,07_effect_v3ed81__dai,ed.Ants_flow_from_eyes.0620ac943c6d8ba8.M,43,False,False,REAL,0.2893358170986175,0.4050632911392405,effect,v3ed81,one
0.04515742510557175,0.09971009939908981,0.3333333333333333,20,0ce4c851f287b33529deecaa15d5689b,07_effect_v3ed81__dai,ed.Back_Born_Letter_Wings.0b899d5068edcb66.M,42,False,False,CUT,0.0251203011721372,0.1139240506329113,effect,v3ed81,one
0.08949556201696396,0.23178963363170624,0.5277777777777778,10,5cebbb8b7caf682dccfea1d0df7e6f47,07_effect_v3ed81__dai,ed.Back_Born_Letter_Wings.0b899d5068edcb66.M,43,False,False,CUT,0.0129012856632471,0.1518987341772152,effect,v3ed81,one
0.02203180640935898,0.31908196210861206,0.9305555555555556,56,eb5fff7b3c67d80e95160f1c33959bb3,07_effect_v3ed81__dai,ed.Back_bubble_cloak.1c1353a8962ef9be.M,42,False,False,REAL,0.5508441925048828,0.4177215189873418,effect,v3ed81,one
0.027218962088227272,0.5753802061080933,0.3333333333333333,29,d57fb9c10a5a1eaec95c561d428427ff,07_effect_v3ed81__dai,ed.Back_bubble_cloak.1c1353a8962ef9be.M,43,False,False,REAL,0.7584905028343201,0.3544303797468354,effect,v3ed81,one
0.04599742591381073,0.20369693636894226,0.0,17,74a70d2e56f589b37e4747514a7ef7ea,07_effect_v3ed81__dai,ed.Bile_aura_hands.0620ac943c6d8ba8.M,42,False,False,REAL,0.3230014741420746,0.379746835443038,effect,v3ed81,one
0.02622959576547146,0.03681707754731178,0.4027777777777778,34,a8feb6a813fab84431f31f934ba66109,07_effect_v3ed81__dai,ed.Bile_aura_hands.0620ac943c6d8ba8.M,43,False,False,CUT,0.1158900558948516,0.2278481012658227,effect,v3ed81,one
0.056768402457237244,0.14527909457683563,0.2916666666666667,14,d95ba220c226c8272dc8cec9ae88e9a9,07_effect_v3ed81__dai,ed.Body_Meteorite_Crystal.0e4ad9078efa26f4.M,42,False,False,REAL,0.1504301875829696,0.1139240506329113,effect,v3ed81,one
0.03608231246471405,0.052654825150966644,0.4444444444444444,23,a4a630d010aa08e307b0811bfb2021b0,07_effect_v3ed81__dai,ed.Body_Meteorite_Crystal.0e4ad9078efa26f4.M,43,False,False,CUT,0.0616758652031421,0.1518987341772152,effect,v3ed81,one
0.08048421889543533,0.45514151453971863,0.5416666666666666,7,422768044e37b194c9471944682f91a8,07_effect_v3ed81__dai,ed.Chaotic_wings_from_shoulders.1728ea54ae676560.M,42,False,False,CUT,0.1008382141590118,0.0253164556962025,effect,v3ed81,one
0.06164206936955452,0.5780085921287537,0.2638888888888889,4,9c8bdab0ed324cd367a182bd56884e4f,07_effect_v3ed81__dai,ed.Chaotic_wings_from_shoulders.1728ea54ae676560.M,43,False,False,REAL,0.1450757086277008,0.0379746835443038,effect,v3ed81,one
0.08431412279605865,0.7063595056533813,0.6111111111111112,3,89d5fc18c91e51d7f4809647781863c1,07_effect_v3ed81__dai,ed.Chest_Burst_Ribbons.1db1c2ae4733d3dc.M,42,False,False,CUT,0.0077487593516707,0.1772151898734177,effect,v3ed81,one
0.031906288117170334,0.09257617592811584,0.25,29,6f81425d40b0b055b27dd20972a3c380,07_effect_v3ed81__dai,ed.Chest_Burst_Ribbons.1db1c2ae4733d3dc.M,43,False,False,REAL,0.2357877492904663,0.1645569620253164,effect,v3ed81,one
0.05012756213545799,0.3079567551612854,0.5555555555555556,17,2659489ee721d50b0ef4a44ed3a86cc6,07_effect_v3ed81__dai,ed.Chest_Erupting_Shield.0e8ec528ffd657e9.M,42,False,False,CUT,0.1036174818873405,0.1012658227848101,effect,v3ed81,one
0.03410542011260986,0.38019517064094543,0.8472222222222222,37,cfb70f1d366f456442d9bc4808e9d4d3,07_effect_v3ed81__dai,ed.Chest_Erupting_Shield.0e8ec528ffd657e9.M,43,False,False,REAL,0.2695850431919098,0.0759493670886076,effect,v3ed81,one
0.07418178021907806,0.32694169878959656,0.6111111111111112,7,5e1eaafec8dd481b990ddc62d3187242,07_effect_v3ed81__dai,ed.Chest_Laser_Burst.1db1c2ae4733d3dc.M,42,False,False,CUT,0.0102116353809833,0.0886075949367088,effect,v3ed81,one
0.023734958842396736,0.13099122047424316,0.9305555555555556,56,371ea9cbd370432c29bf395e61d3a11c,07_effect_v3ed81__dai,ed.Chest_Laser_Burst.1db1c2ae4733d3dc.M,43,False,False,REAL,0.2302885502576828,0.1392405063291139,effect,v3ed81,one
0.04445454850792885,0.4330295920372009,0.05555555555555555,5,1ef2d08bcf1bf224db215b125e5bf85e,07_effect_v3ed81__dai,ed.Back_laser_wings.0e4ad9078efa26f4.M,42,False,False,REAL,0.236083522439003,0.0759493670886076,effect,v3ed81,one
0.06208852678537369,0.19418291747570038,0.0,14,8e691c09ab124f5b86a0f93710bf1a39,07_effect_v3ed81__dai,ed.Back_laser_wings.0e4ad9078efa26f4.M,43,False,False,REAL,0.2225403487682342,0.3164556962025316,effect,v3ed81,one
0.03142916411161423,0.12067867815494537,0.375,46,70081d618aa28ec96c60d7464e8c3e3b,07_effect_v3ed81__dai,ed.Bamboo_shield_in_front.0f4fc4edacb19f56.M,42,False,False,REAL,0.2186634689569473,0.2784810126582278,effect,v3ed81,one
0.036051180213689804,0.1860818713903427,0.19444444444444445,32,e77daf9c81af3db83220157cb8bb0827,07_effect_v3ed81__dai,ed.Bamboo_shield_in_front.0f4fc4edacb19f56.M,43,False,False,REAL,0.1858449876308441,0.1139240506329113,effect,v3ed81,one
0.028428703546524048,0.16929003596305847,0.3194444444444444,29,b57d7d7e7dbb1df7f144acbc12ac21ba,07_effect_v3ed81__dai,ed.Body_gear_field.06ad4482b7de1301.M,42,False,False,REAL,0.3742470443248749,0.2658227848101265,effect,v3ed81,one
0.10890744626522064,0.5721508264541626,0.3055555555555556,5,7b413280d920311278cdb5e6f3f539bc,07_effect_v3ed81__dai,ed.Body_gear_field.06ad4482b7de1301.M,43,False,False,REAL,0.1632376909255981,0.1772151898734177,effect,v3ed81,one
0.029852917417883873,0.2783772349357605,0.6527777777777778,27,32ae768b1d8b75ce14449ac7567ebcb8,07_effect_v3ed81__dai,ed.Brass_serpent_coil.1728ea54ae676560.M,42,False,False,REAL,0.4665810167789459,0.5189873417721519,effect,v3ed81,one
0.08380001038312912,0.5897663235664368,0.375,6,eae0bce6463af47da80e27b7b1205008,07_effect_v3ed81__dai,ed.Brass_serpent_coil.1728ea54ae676560.M,43,False,False,REAL,0.1570911854505539,0.1139240506329113,effect,v3ed81,one
0.06760617345571518,0.3803447186946869,0.6944444444444444,6,91e519b1024d685c1650db7a3d76ea6d,07_effect_v3ed81__dai,ed.Chest_sigil.0e8ec528ffd657e9.M,42,False,False,CUT,0.0985267460346221,0.0379746835443038,effect,v3ed81,one
0.038690611720085144,0.3968442976474762,0.4444444444444444,18,933c2edaeeed84f20a6674497388b06f,07_effect_v3ed81__dai,ed.Chest_sigil.0e8ec528ffd657e9.M,43,False,False,REAL,0.2315988689661026,0.1645569620253164,effect,v3ed81,one
0.0613480880856514,0.39961323142051697,0.6388888888888888,11,6183c327788370c1c80b66c6a6606f72,07_effect_v3ed81__dai,ed.Confetti_Burst_from_Hands.116c93366b05a44e.M,42,False,False,CUT,0.107247456908226,0.1518987341772152,effect,v3ed81,one
0.044715844094753265,0.26426345109939575,0.9861111111111112,10,78fb442ec5b8492af77ccef660949abb,07_effect_v3ed81__dai,ed.Confetti_Burst_from_Hands.116c93366b05a44e.M,43,False,False,REAL,0.3320646584033966,0.2278481012658227,effect,v3ed81,one
0.024050110951066017,0.10786771774291992,0.06944444444444445,60,231d41b1f4d24bd4f0cea022aefaebfd,07_effect_v3ed81__dai,ed.Cucumber_seeds_from_chest.01f95ede20c32e61.M,42,False,False,REAL,0.5168198943138123,0.1265822784810126,effect,v3ed81,one
0.018193326890468597,0.07620017230510712,0.06944444444444445,72,1e359fd4ab6712a569e9c51c913d5675,07_effect_v3ed81__dai,ed.Cucumber_seeds_from_chest.01f95ede20c32e61.M,43,False,False,REAL,0.3898852467536926,0.1645569620253164,effect,v3ed81,one
0.03894040361046791,0.2714084982872009,0.4027777777777778,14,727ca6d0d9977796a99314c264ef1e84,07_effect_v3ed81__dai,ed.Dark_mist_from_mouth.03191b8530530fce.M,42,False,False,REAL,0.3809256851673126,0.2658227848101265,effect,v3ed81,one
0.043269168585538864,0.36543774604797363,0.375,22,835a31bf10ec003193b1d5e2cf9290ab,07_effect_v3ed81__dai,ed.Dark_mist_from_mouth.03191b8530530fce.M,43,False,False,REAL,0.2727100253105163,0.1139240506329113,effect,v3ed81,one
0.02809278294444084,0.3152657151222229,0.9861111111111112,38,d7712b96b358f66e73022ff6f23830cc,07_effect_v3ed81__dai,ed.Chest_fish_burst.07ecaee96f206e14.M,42,False,False,REAL,0.3845409154891968,0.4050632911392405,effect,v3ed81,one
0.02522437460720539,0.24961084127426147,0.8888888888888888,42,21b9674452645ee44f1b0f3f3198dd5a,07_effect_v3ed81__dai,ed.Chest_fish_burst.07ecaee96f206e14.M,43,False,False,REAL,0.4120112359523773,0.5569620253164557,effect,v3ed81,one
0.06981942802667618,0.6693944931030273,0.4305555555555556,3,609408a5c2db2f866d396691b4e7c17a,07_effect_v3ed81__dai,ed.Chest_light_field.1c1353a8962ef9be.M,42,False,False,REAL,0.2456719428300857,0.2025316455696202,effect,v3ed81,one
0.060517504811286926,0.5135863423347473,0.4166666666666667,8,0604b8e79cea7177cbe09c708359ce59,07_effect_v3ed81__dai,ed.Chest_light_field.1c1353a8962ef9be.M,43,False,False,REAL,0.2606034874916076,0.1265822784810126,effect,v3ed81,one
0.03512263298034668,0.15120863914489746,0.9444444444444444,30,72903701dba7b4c64e41c8b0774fb421,07_effect_v3ed81__dai,ed.Electric_Clothes_Glow.0c71d4091805ed87.M,42,False,False,REAL,0.1784536391496658,0.2025316455696202,effect,v3ed81,one
0.027950681746006012,0.17735812067985535,0.2222222222222222,32,6fd6436d4a800a2762f14236ff1d7b00,07_effect_v3ed81__dai,ed.Electric_Clothes_Glow.0c71d4091805ed87.M,43,False,False,REAL,0.2707195580005646,0.2658227848101265,effect,v3ed81,one
0.057534001767635345,0.7191340923309326,0.375,3,b7a36f39eeb4b7fd76577a553bef843d,07_effect_v3ed81__dai,ed.Eye_Meteor_Burst.116c93366b05a44e.M,42,False,False,REAL,0.4663543105125427,0.3544303797468354,effect,v3ed81,one
0.03379350155591965,0.29339179396629333,0.4166666666666667,28,b8c051325bb35277913a43d587faa43a,07_effect_v3ed81__dai,ed.Eye_Meteor_Burst.116c93366b05a44e.M,43,False,False,REAL,0.3163506984710693,0.1645569620253164,effect,v3ed81,one
0.029446199536323547,0.14202743768692017,0.4861111111111111,32,05af1c3046610e822274249b84270257,07_effect_v3ed81__dai,ed.Dark_mist_wings_from_back.03191b8530530fce.M,42,False,False,REAL,0.3245160281658172,0.1518987341772152,effect,v3ed81,one
0.041185371577739716,0.3874495327472687,0.5138888888888888,19,ed26bc038fdc2578070944b13b4c94df,07_effect_v3ed81__dai,ed.Dark_mist_wings_from_back.03191b8530530fce.M,43,False,False,REAL,0.336982786655426,0.3417721518987341,effect,v3ed81,one
0.020046759396791458,0.06009355187416077,0.013888888888888888,62,88de6f3a4f4017b47dbf1b6f07579fb7,07_effect_v3ed81__dai,ed.Diamond_Footpath.0c71d4091805ed87.M,42,False,False,REAL,0.3465776145458221,0.379746835443038,effect,v3ed81,one
0.03775527700781822,0.19010624289512634,0.3611111111111111,32,723ce0531d43a4c1f0fd6bad22edb317,07_effect_v3ed81__dai,ed.Diamond_Footpath.0c71d4091805ed87.M,43,False,False,CUT,0.1193749904632568,0.240506329113924,effect,v3ed81,one
0.0295503418892622,0.24647730588912964,0.4583333333333333,44,c24e5e000547dea82f6125ab339fdfc1,07_effect_v3ed81__dai,ed.Eye_Shard_Stream.06ad4482b7de1301.M,42,False,False,REAL,0.3063909709453583,0.2911392405063291,effect,v3ed81,one
0.02078056149184704,0.48873111605644226,0.5555555555555556,51,e368d99db29f182c9f138d7bd044af6b,07_effect_v3ed81__dai,ed.Eye_Shard_Stream.06ad4482b7de1301.M,43,False,False,REAL,0.4081377685070038,0.1392405063291139,effect,v3ed81,one
0.03492659330368042,0.1006673276424408,0.8472222222222222,24,79eb297655f4ca290946c9cd39d853de,07_effect_v3ed81__dai,ed.Fist_heat_blast.01f95ede20c32e61.M,42,False,False,DISSOLVE,0.1196756511926651,0.2784810126582278,effect,v3ed81,one
0.048632800579071045,0.22159171104431152,0.8888888888888888,14,9f2bff29968006dee03f2d5387a2bbfb,07_effect_v3ed81__dai,ed.Fist_heat_blast.01f95ede20c32e61.M,43,False,False,REAL,0.1273229867219925,0.2784810126582278,effect,v3ed81,one
